player_id,player_name,primary_team,competitions_played,n_matches_played,total_minutes_played,shots_p90,np_goals_p90,avg_shot_distance,dribbles_p90,dribble_success_rate,touches_p90,touches_in_box_p90,passes_p90,pass_completion_pct,key_passes_p90,assists_p90,crosses_p90,through_balls_p90,long_balls_p90,avg_pass_length,pressures_p90,tackles_p90,tackle_success_rate,interceptions_p90,interception_success_rate,ball_recoveries_p90,clearances_p90,aerial_won_p90,fouls_committed_p90,fouls_won_p90,avg_location_x,avg_location_y,std_location_x,std_location_y
3339,Asmir Begović,Chelsea,Premier League,17,1472.0,-0.5658964110424543,-0.3973651641479937,0.0,-0.6911632058351953,0.0,-1.382195162217526,-0.4798210963967663,-0.9047000056998722,-1.9306270528961662,-0.7789597780634512,-0.4317229519419891,-0.4659467390352356,-0.5415846807314204,1.7327614053654605,5.813636373035893,-1.6878683762985691,-1.2834346909296313,0.0,-1.050517656745049,0.0,-0.625469762046102,-0.5439669083520798,-0.8851952301820702,-1.5393035465059481,-0.8295050183379654,-2.0655268701381115,-0.01664992452404276,-3.5833283307111916,-1.3424827620633777
5594,Branislav Ivanović,Chelsea,Premier League,33,3057.0,0.005617133759908364,-0.0028607480537840434,-0.10781694581049225,-0.3990858370599718,-0.43263553408480965,-0.16848425745915144,0.151963143812104,0.21699448018763753,0.49832164813865576,-0.3651942587973336,0.05451060361984277,0.1847889978843437,-0.5415846807314204,-0.06710883409180876,0.110922930417487,-0.3612304941960811,0.41171490637147207,0.368260869565217,0.18640081174787124,-0.9258259747669246,-0.5253796884827231,0.9425508374501198,0.6296842042305956,-0.2293437888570667,-0.4077144840988657,-0.09277519758682937,1.3085820119681641,1.0900997314333898,0.26054247985534656
3456,Kurt Happy Zouma,Chelsea,Premier League,23,2013.0,-0.0699438437411066,-0.09781225803771076,-0.39793733538964615,-0.49402670059793563,-0.43263553408480965,-0.778505751386654,0.07485851445911652,-0.4884972352485008,0.6424387846945042,-0.7789597780634512,-0.4317229519419891,-0.36192293859268304,-0.5415846807314204,-0.18137328015434678,0.5869960986427958,-0.9110819574195872,-0.32236150046375794,-0.6020962732919259,-0.025924848674907634,-1.867868349736129,-1.1236393040706214,2.3683402044491695,1.27004723254158,-1.0292156589121502,-0.6854243695286942,-0.8255863931230357,0.8488021462671138,-0.11480719572687025,-0.6903380977815177
3645,Gary Cahill,Chelsea,Premier League,23,2061.0,-0.14204466275016353,0.18778767427995405,-1.078920768664749,-0.5948905748204928,2.163177670424047,-0.7922312983856631,0.09122460707259118,-0.5129599073056844,0.9817585973046832,-0.6766727659013518,-0.4317229519419891,-0.4659467390352356,-0.34969512250644813,-0.4000652684687748,0.11906274150443644,-0.7258462091160395,-0.2441706321398294,0.5669705469845715,-0.3416669676586769,-0.1996075494810676,-0.5161152440814211,1.9807198861618063,1.2908090173827589,-0.3436040789934994,-0.2554464454069798,-0.8129169456888673,0.30293667637410543,-0.03521824382801912,-0.0761555305643009
3957,César Azpilicueta Tanco,Chelsea,Premier League,37,3351.0,-0.36107177478175334,-0.03747259476572003,-0.3803017123416517,-0.30628815319763586,-1.4310252281266775,0.44291081834483387,-0.1511188367418785,0.8988327212099739,0.4749642584504044,-0.24421939532345163,0.45542475283421013,0.33078523834717055,-0.069505445277325,0.07666481009564513,-0.18599572595503086,0.3016274791586436,1.4176554265771062,-0.8022734815798214,0.3856245155931947,-1.4783019540721727,-0.6013178545108484,0.7293160449348068,0.1621936813194936,-0.0684968604163289,-0.5133485524520148,-0.04212209943639238,-0.816408529520748,0.9571615776255473,1.3366946935932882
3478,Francesc Fàbregas i Soler,Chelsea,Premier League,37,3030.0,0.42257142853934054,0.1996645388223036,0.08443335916573558,-0.003576449573258362,-0.061805076297830275,2.570022256792414,0.8547644677053438,2.412248099753374,0.5276746474750014,1.3778783387843019,1.2852592024256106,0.3115281754110203,6.115083093059041,1.7544769379501002,0.14139605964324498,1.033853481419486,1.4073663371717449,-0.26750184229918955,-0.11456227105622294,0.5120281765018607,0.5334594743673461,-0.28064957475396823,-0.38646123900268825,-0.08211881177883384,0.3301990795548286,0.14219535491028576,-0.14168953288361633,0.1741379243452767,0.2912644936197019
3381,Nemanja Matić,Chelsea,Premier League,33,2510.0,0.2793223541776363,0.08311292350140849,0.5891320736310455,-0.03899284197035866,1.2192455960571904,0.9507807784574062,0.13936010224244913,0.9114593388645836,0.9732150166991644,-0.19103359301858736,0.16047464939367653,-0.1530982674851485,0.876486799553447,0.06896549159805146,-0.18568320469141153,0.3591171030130465,1.138994865870122,0.6032608695652166,0.5586747430611291,-0.5682085446274397,1.1949430090028226,0.25761611964951636,0.08586504052447612,0.015224854832696831,-0.33260674321600264,-0.1020088201217439,-0.4427324111720506,-0.18856147672407056,-0.0811164952174929
3958,Pedro Eliezer Rodríguez Ledesma,Chelsea,Premier League,29,2105.0,1.1829990331582332,1.6078604890586579,-0.0347266769788239,1.6417787608641958,0.06555083849769795,0.8022568326437711,1.5630784744196569,0.1457356012755957,0.3383243397403416,1.1739446757554057,0.27441290523260564,0.7029126176952085,0.02205101452036337,-0.3683385441586841,-0.4985031213446351,0.22787621181716433,0.0623449770160748,0.20996818663838787,-0.4789603622669665,0.1578769077164457,1.4193549016127935,-0.44509033859449093,-0.7694060957652802,-0.2710384699793829,1.2111550851638593,0.4317865917663786,-0.43482289657918577,0.445401382920266,0.7969897573601702
40122,Oscar dos Santos Emboaba Júnior,Chelsea,Premier League,27,1839.0,1.1645269989921518,0.25842602671660647,0.018633756295996645,1.304884108816291,-0.29232130681406093,1.148899730100219,1.5221709808434032,0.6123464641494619,0.41941685115495475,0.7686110119812323,0.780688124201993,0.6157819981932331,1.3939016789831078,-0.007253867059369858,-0.2840796068973975,0.5994288333007428,1.0835803976606662,0.21635610766045488,-0.34955744649314746,0.7500178291256591,0.21620955532198943,-0.16670539060742734,-0.38155342148174193,-0.31093202992199304,0.8237505248705151,0.3957070448490112,-0.523244961833608,0.019176425437823087,0.3452261128740983
3621,Eden Hazard,Chelsea,Premier League,31,2302.0,0.4099042689964809,0.6504193710388008,0.058078214165410334,1.7007119103533905,0.47940694317505883,1.7016207138611787,1.3685877841073522,0.8283813262372515,0.7974624893135249,2.0599713661801173,0.5368365480705138,0.6938485938094399,1.5200193827003878,-0.3774220510170602,-0.6461623323840389,-0.6482121073247282,-0.6531218111269151,0.47826086956521674,-0.56520471882173,0.48151668257573227,0.5705317586229766,-0.4836902853171176,-0.5463787187000988,-0.7810186811129263,1.8026580915554347,0.6385084742437628,-0.7026566295237608,-0.2433209941744807,0.596270754275087
5198,Diego da Silva Costa,Chelsea,Premier League,28,2468.0,1.2038735509316363,2.5345635230481176,-0.8563034174734858,1.3991387413097993,-0.6822329575952766,0.24468296102503367,3.1639858693328087,-0.651846451330907,0.23492231098029118,0.07522795316056367,1.0739658439985718,-0.08413977132499975,-0.06085002169373625,-1.140391877828728,-1.2204638409035398,-0.27040438031121666,-0.47154869822550005,0.09895052473763102,-0.8764136823186246,-1.4315539865924973,-0.9952263066329298,-0.23474392445999823,0.3196592110487182,0.5409373727126812,0.9114617131601255,0.813319756439393,-0.3233141305929266,-0.3256092631970362,0.28987756091866734
3461,Petr Čech,Arsenal,Premier League,34,3187.0,-0.5658964110424543,-0.3973651641479937,0.0,-0.6600339475168235,2.163177670424047,-1.1910568896183285,-0.4798210963967663,-0.6822972722946374,-1.188562721372737,-0.712811823226273,-0.4317229519419891,-0.4659467390352356,-0.4174916843393061,2.3237102248920554,6.078993657379304,-1.7217213645661926,-1.2834346909296313,0.0,-1.050517656745049,0.0,0.12414183034121648,-0.5221977231894688,-0.8851952301820702,-1.5393035465059481,-0.9238732488136965,-2.0669587117849266,-0.10832379989162459,-3.326220886394432,-1.2176955942815844
3511,Héctor Bellerín Moruno,Arsenal,Premier League,36,3374.0,-0.3254810521637316,-0.21864554351965979,0.3251121435387049,0.8231405085760439,0.3486286342625164,0.5900267704173032,0.10602086447063326,0.7301583855093895,0.640153268691086,-0.1853828501950975,0.6696522550471347,0.7908250995509766,0.39613761802772207,-0.5202562571521551,-0.6202586214253876,-0.5604245943145065,-0.013770657043572132,-0.4975455820476865,-0.03169463627222007,-1.1043182142347738,-0.278486068332031,0.3402271947508805,-0.32172700315501745,-0.8089133264279527,-0.7118455293958204,0.15685980801156227,1.982641135824121,0.7817317419060549,-1.1423135128380237
6746,Gabriel Armando de Abreu,Arsenal,Premier League,21,1838.0,-0.15851643907117594,-0.06929117067682942,-1.325510954127006,-0.5022451906489721,0.679855839276129,0.43030086088165326,-0.003678820083883996,0.5566942543590033,1.4007762202907903,-0.7216111567179434,-0.4317229519419891,-0.4374647055353909,-0.326413636388837,0.09942341847294292,0.13902762682188882,-0.9504418578758981,0.40821024452721505,-0.621739130434783,1.053507087520316,-0.7043633813531122,-0.42100482464114025,2.022807156773289,0.8387273287490835,-0.9806490754905426,-0.42692957827825184,-0.7724091207673089,0.46545631267825943,-0.7996287298251653,-0.17678856059347947
3394,Laurent Koscielny,Arsenal,Premier League,33,2962.0,-0.14457951452928208,0.4169494881139917,-1.185440898046417,-0.5571875863069699,0.21631776704240452,0.3040405522962416,-0.0162561423143659,0.460231400803321,1.0477657939688865,-0.45868263616696536,-0.4317229519419891,-0.43059901616372004,0.12601217865694617,0.41567410225602386,0.5074883941070375,-0.7511341481778542,-0.04710863689261997,-0.19626743232157554,0.7193003811988639,0.3494669383708501,0.1568042136364224,2.009120481703063,1.3201147728526346,-0.36065954911584946,-0.3315457794421721,-0.7214587909674759,-0.7961200253833725,-0.7272895289675024,-0.8783786665398444
3498,Ignacio Monreal Eraso,Arsenal,Premier League,37,3387.0,-0.3264038155724777,-0.3973651641479937,-0.41038384133758726,-0.3103789420653512,-0.6323134728931834,0.5812210045431065,0.1438664846220932,0.9515842454263643,0.6249214794755462,-0.0009352280705117393,0.22656579002104046,0.8169136502577402,0.04224227454119324,-0.3179732865426274,-0.5121834866239936,-0.367238137935998,0.40975299718298036,-0.05185961236249334,0.6240880820427532,0.5120281765018607,-0.49954685739429716,0.7157824794437151,0.2662007093388892,-0.6298200055614703,0.0873929064248655,0.08622408191394797,-2.005526331209857,1.2144850037671013,-1.1741379028971117
3437,Francis Joseph Coquelin,Arsenal,Premier League,26,1702.0,-0.23594735618792598,-0.3973651641479937,1.1851822286730083,0.3580500918685156,1.2979066022544283,0.9734214068429536,-0.33797588324176364,0.8640660685669388,1.2553660606848962,-0.40737305879302776,-0.4317229519419891,-0.342915064363756,1.0849668213318462,-0.09023123671196874,-0.327235333696708,0.5840441517943138,1.8830489822239824,1.0071070234113706,1.5750766631127195,0.9849563323568458,1.507204545928729,0.047094607595043005,-0.14052550907385394,0.45156768057797725,0.6851449381632667,-0.07959680480891822,-0.08274601386478855,-0.6492354256718174,-0.06879992823573154
11386,Santiago Cazorla González,Arsenal,Premier League,15,1332.0,0.5583744425359385,-0.3973651641479937,0.34218325720833065,0.9846635891082322,1.0094829128645553,2.825054762687835,0.3697726282295518,2.4283470217256586,1.002909776555155,2.0698717363431287,1.2421689166982384,0.4379943151482743,5.396619215690029,1.1067011713571642,-0.07848415895544024,-0.2319954909643643,0.013380203702368861,2.568260869565217,-0.34082175618520333,0.1153787554621955,1.720867990869853,-0.10123692226908163,-0.8120011977654507,-0.15172663065957598,-0.1274959415531976,0.13190380734022586,-0.22244486471741456,0.06462267327326121,0.1155653356439047
3517,Aaron Ramsey,Arsenal,Premier League,31,2732.0,0.964338277475574,0.7062219515181852,-0.1324912225168348,0.5435015719327881,0.10179659625524892,2.2356875011480706,1.3979925005225453,1.6073080654958753,0.786382929263862,0.5328374566083927,0.6564293023424337,0.2047154919475645,1.195535580622907,0.16417434336119982,-0.2943653998667002,1.0193048627848311,0.9421502971989854,0.3220108695652169,-0.0439264792705761,0.2455293467408356,1.5378641230081282,-0.1503486458135569,-0.3677466422997167,0.7533473312870693,0.6615018631217213,0.2158120444500853,0.03938849629603388,0.07618198231554102,0.296305283819522
3496,Mesut Özil,Arsenal,Premier League,35,3125.0,0.4124890565756063,0.7603948358520068,-0.23983115223506396,0.769192483121586,0.0188102406123831,2.0857831183638873,1.2487500615783056,1.604188523624315,0.5275293405533297,3.3698505329971393,4.0869816252896785,1.0249806222356754,3.5081753653656653,0.5045473355667299,-0.46068852206996047,-0.11805173817060913,-0.5316887331940278,0.8017902813299234,-0.5280163083415996,1.8063578662102406,-0.08754687132654944,-0.4773636509633679,-0.7292041082957706,-0.7507158336921379,0.3407422620939024,0.581320719743464,-0.1808425761991284,-0.13909523949111996,0.7343429774175441
3385,Alexis Alejandro Sánchez Sánchez,Arsenal,Premier League,30,2510.0,2.1934942636466648,2.7257424055731234,-0.1664960573059033,2.5696886134889874,0.21238471673254275,1.673408304829606,2.4838326019443335,0.5973052507352447,0.0677009677914507,1.4467607796063906,0.7526722507293429,0.6811643233150838,3.712629760123182,-0.07318556231620414,-0.347208227260025,-0.01089595621745533,-0.20985795552974068,0.26672240802675595,-0.5711837504198045,1.092836257309941,1.266884685598138,-0.4610445261450182,-0.3608226840005352,-0.02568378730779379,1.5332969837725918,0.6731713077850734,-0.6448827195312221,0.016550301556196606,0.5140983414277016
3668,Theo Walcott,Arsenal,Premier League,28,1430.0,1.4412808541223268,1.7110264442436156,-0.631339879906598,0.973882046091813,-0.2163177670424051,-0.642146531485598,2.0420107268884466,-1.1229330345115758,-0.10891338517005938,0.17928354950967107,0.6077287818709635,0.26622077946426886,-0.26502217758340063,-1.144830999596687,-0.8168812339057169,-0.5839979851833528,-0.7036224034947252,-0.20923913043478262,-0.5096508763310993,1.0408940712214136,-0.4496537797390419,-0.3256432936600609,-0.6124834786325953,-1.3238895078221058,0.5560496508668981,0.6439085541602417,-0.1733304192285728,0.802466856943497,0.7661350546363783
3525,Alex Oxlade-Chamberlain,Arsenal,Premier League,22,982.0,0.895541210742493,0.21668778900882918,0.22399923324305707,1.83452279876386,0.7095222758990871,0.7845151996012083,0.9491574810887703,0.17314779073584377,0.038365750798121045,1.0458009373762012,-0.4317229519419891,1.1866492943192977,0.6666160713103365,0.023998804759964822,-0.041972995811105536,0.33558053603788596,0.40522431320868985,1.165760869565217,-0.08787515211601209,0.1153787554621955,0.6758933362148272,-0.36734167130207585,-0.19022460059697788,-0.4936753207154031,0.2859609767611359,0.4345339231479255,0.8220631270025696,0.31949844414895123,0.4784555719987474
3604,Olivier Giroud,Arsenal,Premier League,38,2541.0,1.963381170414013,3.1622570318378407,-1.0310126554583627,-0.1250358068665065,-0.5221463342402873,-0.18871316425998147,3.3324574084010723,-0.6841862700354064,-0.6245421952194826,0.2995824953954745,1.323195559690268,-0.09510864524977225,0.5479039680335065,-1.2134683134074002,-1.3546046077559886,0.07860776558646858,-0.16857195931778093,0.8136267232237533,-0.9152359223461776,0.8590964199115673,-1.2995518133214683,-0.2163239656685304,2.1267348829806902,0.2791266501758385,0.11130821376717843,0.752846044510032,-0.2697554629435007,0.025933704502803388,0.16757417312802872
5475,John Michael Nchekwube Obinna,Chelsea,Premier League,25,1879.0,-0.333443389959322,-0.3973651641479937,0.3175300279662954,-0.2159740007549089,1.2979066022544283,0.8662934750891877,-0.3192166839501095,0.8823506753598453,1.3900898016990297,-0.5545707072107776,-0.03618916286468188,-0.38236508245293455,0.30031926711672935,-0.08138698143627539,-0.2968329872976853,0.5325580054257205,0.7390168083942714,-0.07173913043478311,0.5502382039206823,-0.3096027670803027,0.642889230711866,0.24987846255515495,-0.34038855781440597,0.701201170193303,-0.39685753866649365,-0.2748056311065239,0.10210201165286738,-0.7928636606560185,-0.03746902769377763
12608,Bradley Guzan,Aston Villa,Premier League,28,2646.0,-0.5658964110424543,-0.3973651641479937,0.0,-0.6911632058351953,0.0,-1.2116290301618733,-0.4798210963967663,-0.7186664292555142,-1.6770891337207983,-0.7391235097214092,-0.4317229519419891,-0.4659467390352356,-0.5415846807314204,2.656504408771755,6.3996424833856445,-1.7237242548877891,-1.2834346909296313,0.0,-1.050517656745049,0.0,0.07632606670396737,-0.5439669083520798,-0.8851952301820702,-1.5393035465059481,-0.959622249516383,-2.094566784495451,-0.10293770530512111,-3.4430868446400424,-1.2347381379345161
9642,Alan Hutton,Aston Villa,Premier League,28,2451.0,-0.28586077003486193,-0.3973651641479937,-0.6098741093523814,-0.20544009072796934,-0.6489533011272145,-0.18520406369314177,-0.11045060559227654,0.16635527320390392,-0.4491845848019933,0.2101694013571931,-0.12849651796554692,1.392253199286334,-0.21887200875943483,0.006573722134962263,0.09222219952998577,-0.277891801809475,0.40798018265648767,-0.34673913043478305,-0.17395990708283843,0.4009663386107546,-0.4703776555140986,0.4325955406103172,0.029685380636190275,-0.2825019336218413,0.22109948992545156,0.16333846595304377,1.982002820111392,1.0009463514126522,-1.155956716081648
24380,Tetchi Jores Charlemagne Ulrich Okore,Aston Villa,Premier League,12,1127.0,-0.5658964110424543,-0.3973651641479937,0.0,-0.5151047386468175,0.8652710681696187,-1.0292601675223707,-0.3459365839800546,-0.7770899536980317,0.42394065731850933,-0.6854311480430046,-0.4317229519419891,-0.4659467390352356,-0.19066686395975393,0.04861806519078797,1.0115256101220518,-0.4670272815807416,0.9849672706335809,-0.5622796709753232,0.24579225470749153,-0.1996075494810676,-0.8701884594569851,1.9800030274446416,0.3691699358291011,-0.6282060152492353,-0.3237185827455951,-0.9407203455601951,0.909488168846947,-0.9693522272762864,-0.6489383327764477
20285,Joleon Lescott,Aston Villa,Premier League,32,2933.0,-0.33188094697507997,0.013817924839391302,-1.376181247368479,-0.5220378286434958,1.6440150295222757,-0.8942781900552089,-0.1351403719483011,-0.5363577306010356,0.3185587351151636,-0.6352069433780868,-0.4317229519419891,-0.39455229297629996,-0.27190559481142834,-0.0025902902912480646,0.5963487749503905,-0.7119812066477395,-0.24690243938387932,0.4157608695652168,0.004292429844719999,0.49550111729187424,-0.6807099341093623,2.199944991114686,1.1258563539726192,-0.7341020767580704,-0.8286676415820555,-0.7770241129996991,-0.7387794390402448,-0.1330733732198515,-0.27154982723309057
9533,Leandro Bacuna,Aston Villa,Premier League,31,2518.0,0.22707620053626926,-0.15788938972384808,0.5503204332936411,0.33323417413975476,-0.13311862587224915,0.29254685862048085,-0.12627133928300888,0.40041055406797377,-0.13975572387952379,-0.06731759277284809,-0.4317229519419891,0.6359392066970408,0.5578556117672607,0.7339520017351706,0.5048149995936744,0.05225716765881832,0.33553415639903655,-0.5471628592483423,-0.06076629394536234,-1.5669618923956936,0.0005340375702699771,0.36528129368802065,-0.2850506736794779,0.0918432648146483,-0.5633128699048228,-0.03859534871763124,0.654138541456509,0.6063408308761927,0.8954352390516432
5685,Carlos Alberto Sánchez Moreno,Aston Villa,Premier League,20,1431.0,0.0009529396611169808,-0.3973651641479937,0.8388448293166003,0.3487628555972041,0.7787439613526566,0.3069925527231108,-0.36383463235553815,0.41917882500803677,0.4920347640624868,-0.5579812329208025,-0.4317229519419891,-0.39278115193151153,-0.5415846807314204,0.5776289398098113,0.2976178626934014,0.4339940408112718,1.2756133678108486,0.27071369975389603,-0.029594337243292853,-0.1996075494810676,1.3787562550207269,0.6438532392890236,0.4774106563160044,0.46982249796203457,-0.5360176316927467,-0.3477632733386518,-0.05285897543595326,-0.7192095158603894,-0.023318399557620374
7153,Jordan Veretout,Aston Villa,Premier League,25,1900.0,0.09091445604808052,-0.3973651641479937,0.8183307462145214,-0.32565656171700774,1.0506862970631083,0.5228261752444515,-0.13039661209571893,0.5058147619116127,0.22236368014681016,1.1627438067557703,1.5240875472060664,0.6361580519692819,0.7073133598001642,0.2789273592694905,0.08892073406542131,0.678043903882226,-0.0833758381202798,-0.27173913043478254,-0.41729233838906804,0.1578769077164457,0.49142913998126253,-0.06927263968253211,-0.4490358433289299,-0.13419934330151648,0.15807597280094263,0.23795200905863811,0.05771774133737729,-0.038804102020540236,0.7785782619673192
3436,Idrissa Gana Gueye,Aston Villa,Premier League,35,3193.0,0.02035819942044081,-0.3973651641479937,0.9192134102660076,0.9866579961927249,0.5287767638814338,0.7761785955848368,-0.2529931420060855,0.616908985802181,0.7800652703166343,0.07934774365879418,-0.19896128903053878,-0.2528087157200808,-0.2938650568656713,-0.21796529571448178,-0.31611626658366543,1.6536494235669261,2.0273788169491422,0.37041773231031516,1.102635410010557,1.1045232491798598,1.8585672360680512,-0.0007599469267620393,-0.21345143878319164,1.0011833467098024,0.4139966986014455,-0.08946870817674571,-0.38468754456035814,-0.27170336122717875,0.11566199058732024
11117,Scott Sinclair,Aston Villa,Premier League,27,1668.0,0.07004456638633078,-0.03585437278108707,-0.2905702950163163,1.1526481455318174,-0.2651637144390771,-0.7155208608172714,1.0037284636125856,-1.2215558306002925,0.422570514110535,-0.5261857587995581,-0.4317229519419891,0.004826440575506904,-0.3044837337879741,-1.2970962197232525,-1.2549106506102297,-0.40464486517077786,-0.5792362143337798,-1.1393861892583128,-0.6898677452113668,-0.3096027670803027,-0.5800927825320774,-0.5023731474928224,-0.6513955870671128,-1.2315077078589713,0.08019374264244822,0.5186646449954674,-0.1791923286550411,0.4515235516103942,0.7883508251001118
3450,Jordan Ayew,Aston Villa,Premier League,30,2450.0,0.9876623541778107,1.0793695297295578,0.10340085357934728,2.5078191429776298,-0.23548516412211176,0.2943141458752861,1.183024547818793,-0.628505738631964,0.23819535316952103,-0.1766354007317743,-0.4317229519419891,0.4314814479255856,0.1041041021284466,-1.0519707318746025,-0.863234845746085,1.3491961854219925,-0.07075926391016286,0.7340748230535893,-0.4191384763434587,0.31370346598202775,0.1937057364686294,-0.3882194952407212,0.4080985099466892,0.6819522346979182,0.5905245743467761,0.5582594223058858,-0.49926982831256395,-0.10220647873961569,0.672774714752479
19362,Rudy Gestede,Aston Villa,Premier League,32,1799.0,1.6192136720797532,1.2785659086702392,-0.8135460337936955,-0.1396960226186811,0.34610842726784746,-0.42708495251722695,2.204120568859649,-0.6578632846697058,-1.6095410076637184,-0.13444925757235726,-0.018600111655017973,-0.32044930275754085,0.33775801966139457,-1.2640571119417574,-1.2457581532886617,-0.591335796666561,-0.8993641095733612,-1.7217391304347827,-0.9072085042544157,0.31370346598202775,-1.3335629854530195,-0.08118718775235824,5.997403602349909,-0.11239009774786671,-0.4133619458175979,0.6048456344815749,0.008870132051556439,-0.23267559665310422,0.21140567539625613
3475,Per Mertesacker,Arsenal,Premier League,24,2127.0,-0.331210816783495,-0.3973651641479937,-1.5192807257293575,-0.6445205418668591,2.163177670424047,0.2616610621581526,-0.21734576573083028,0.5457487296430888,1.3158625674438569,-0.7294032354997261,-0.4317229519419891,-0.4659467390352356,-0.3556493824231609,0.3142105386885276,0.23880164663823317,-1.290169958519784,-0.6337468904031341,0.7532608695652167,-0.404065588841838,0.45005170446441284,-1.0175510424249277,1.6740541220665512,0.9941054272398512,-1.1531044237127879,-0.7051133937825032,-0.8187128115855412,1.0969602717508478,-0.96272797011205,-0.7950976017388018
6631,Mathieu Flamini,Arsenal,Premier League,16,1139.0,-0.18242035606861265,-0.3973651641479937,-0.3677070580078441,-0.4734087144817034,-0.9517981749865808,0.11543689454499381,-0.1486361853045053,0.39493676047470744,1.061408343670961,-0.40878676302203437,-0.4317229519419891,-0.3740240391709432,-0.19436397879843678,-0.43718597633201584,-0.37835177570595996,0.0790443314714417,0.7790816549209044,-1.1393861892583128,-0.06966569616604931,-0.021922967205380513,-0.5683070605792483,0.24788481287016836,-0.24322123207668875,0.17354381405594752,-0.47567574423180947,-0.1723467304641669,0.12591541365399614,-0.4824166823859599,0.1425573661687974
5581,Joel Nathaniel Campbell Samuels,Arsenal,Premier League,19,910.0,0.8054669378278927,1.590546923764095,-0.16689007257669022,0.5080658148979476,0.275313521690333,0.15188187417572693,1.6757195535122917,-0.3977357165145128,0.004658567102310481,0.4951879432150958,1.2017012011926504,0.05180029190369966,1.631406415431593,-0.7851479087688717,-0.7534653600983332,0.9501167503911804,0.8425436963316906,-0.3074534161490689,-0.2005841446659852,-0.41348713925735747,0.06897671349866609,-0.39148692348781267,-0.5637849515701893,-0.5237802212821198,1.5656724099204562,0.6711026532155998,0.8138431366796964,0.017853398335787248,0.6777620933115424
6800,Carles Gil de Pareja Vicent,Aston Villa,Premier League,23,1479.0,0.19349952048209904,0.4180506573530205,0.673541177898321,1.4218062378500673,0.020601692099276567,0.8604643391012381,0.18331007041095618,0.37825024655852973,0.4648095395825697,0.7889569580602512,0.07078414046927572,0.7021054988955153,-0.006784978903606587,-0.014928007950644103,-0.2753029667177524,0.38560686603137256,-0.20894595226983556,0.3586956521739128,-0.6437806368409369,0.6253565825131934,0.4043263585896303,-0.35633095672735615,-0.7863164764508966,-0.9838975058155816,0.6694120880026685,0.4403805194861586,0.608933062129158,-0.1529216477296212,0.5945951879397553
3291,Joe Hart,Manchester City,Premier League,35,3230.0,-0.5658964110424543,-0.3973651641479937,0.0,-0.6758057838134227,2.163177670424047,-1.5259601736581276,-0.4798210963967663,-0.9811340982266069,-1.5527882154085875,-0.7136924306745698,-0.4317229519419891,-0.4659467390352356,-0.5415846807314204,1.459889348861224,5.613257287588938,-1.718513284358915,-1.2834346909296313,0.0,-1.050517656745049,0.0,-0.2996286175411911,-0.5332272190156648,-0.8851952301820702,-1.5393035465059481,-0.9510274993989588,-2.067875450973569,-0.009762992205908544,-3.359223707585798,-1.1385309551735265
7110,Bacary Sagna,Manchester City,Premier League,28,2544.0,-0.4677878695745285,-0.3973651641479937,-0.5407535690354899,-0.359686773753618,-0.27994063970193567,1.1088673336554986,0.08956699980562653,1.4911864922324385,0.5473714078175154,0.3397441067212079,0.44470156418567713,0.7069890792213407,-0.07521159169643402,-0.20012791642273817,-0.5253078292662064,-0.5220688351867555,0.12887013394129387,-0.26212374581939873,-0.23978443243483086,-0.7770824418770504,-0.5909440708657578,1.0650445671515576,1.126777524100243,-0.7320654036393481,-0.5360176316927467,0.14002352708644988,1.8888581409268488,0.715505536132987,-0.4266574004583506
3090,Nicolás Hernán Otamendi,Manchester City,Premier League,30,2776.0,0.06346846880654504,-0.180146143975083,-0.4437315821470757,-0.4946036941516291,0.7472795588737617,0.3930578166459544,-0.028679483429488634,0.45150521635755125,0.9407508927890977,-0.6270768298890371,-0.4317229519419891,-0.4659467390352356,-0.5415846807314204,0.3078189244408121,0.5220778325081021,-0.3391923430472802,0.9317643310996819,-0.1088177821201761,1.5189459266415861,0.12971548152386986,-0.08431528023934834,2.2676574523250377,1.2395937814626359,-0.24469828280202027,-0.16482729135042729,-0.6372260546149062,0.28518502017700387,-0.6706324570932382,-0.025457958415723025
3389,Eliaquim Mangala,Manchester City,Premier League,23,2083.0,-0.3861642006528217,-0.3973651641479937,-1.6119153623745117,-0.5006515471493558,0.8652710681696187,-0.10016517102984927,-0.190070072885227,0.08370657401505176,1.1566040704395442,-0.7789597780634512,-0.4317229519419891,-0.4659467390352356,-0.5415846807314204,-0.07648916447259309,0.22332959146355336,-0.49798680030266934,-0.05612359602721172,0.3296122209165687,0.31095369161651765,-0.08294595505763676,-0.2533451719519614,1.6043318702384546,0.4721447046183044,0.48177584028132675,-0.7372151214411364,-0.710564627029147,-0.9035904331512415,-1.0604420610073757,-0.7126834125898228
5596,Aleksandar Kolarov,Manchester City,Premier League,29,2383.0,0.5076572302993975,0.3617619865024471,1.0023888678236423,0.20392380406996388,-0.4930032830268762,1.1117076788899019,0.10904040720826808,1.32184711078651,-0.04362212837179042,0.769188275296398,0.5039144668699214,1.5331501804431638,-0.043702541199315804,0.7358737254838403,0.16284495941557153,-0.6805152723394471,-0.3266105951101735,-0.5217391304347833,-0.1489469289137111,0.13917772072457554,0.5862086483444947,0.7224871833080165,0.11716064639533737,-0.505171526974619,0.05057175477502896,0.19880607022555988,-2.072610119043508,1.186825640014248,-1.0803585824735082
3089,Kevin De Bruyne,Manchester City,Premier League,25,2077.0,0.8761149293200102,1.6348929003681363,0.34220693725214746,1.0522775926788914,0.0296325708277266,1.2346237167551437,0.9949132625443854,0.7875769980061571,-0.3666848051812135,2.722757533578338,2.788725727444794,1.777263662491773,2.3145856093624784,0.18519312597653656,-0.15915121588137235,0.6078570573651436,-0.28544291067937183,-0.07173913043478311,-0.30575165193816595,0.31370346598202775,0.4263845706040217,-0.2934431007693587,-0.4862049388864676,-0.5505631346366027,-0.14290991954121254,0.6661586565361177,0.15057035004521668,-0.04512927196040488,0.9988805704066464
3087,Gnégnéri Yaya Touré,Manchester City,Premier League,32,2397.0,1.360419982635668,0.8604571136993161,0.33221046510073926,0.5918894992462306,0.6559312936124531,1.92172713951757,0.6028951916676919,1.4904717619383592,0.8753643571772314,0.9800183785163311,0.4984497510320542,-0.2257090447090528,2.9232346640892053,0.540352015454383,-0.07815871264442241,-0.23162004880205678,-0.07277115375328384,0.6746894409937884,-0.5127346669022259,0.31370346598202775,0.49394685381744935,0.06385380728332837,-0.010714337254597955,0.0885088387089034,0.21551929142096485,0.20349031482323504,0.04452715452940966,-0.47653581169628656,-0.10863595427605745
3054,Fernando Luiz Rosa,Manchester City,Premier League,33,2836.0,0.09415682281086864,0.02788166236822633,-0.14271113111094672,0.008476753689846208,0.34610842726784746,1.0536647729392123,0.2331186531147628,0.9557902845998413,1.0449540875642416,0.15022539500639578,0.09240115925424551,-0.2998149343263389,0.43457563538694294,-0.08990867963462064,-0.2826344244012847,0.9526860400852859,1.4452540712816562,0.5028144409937881,0.37369705535421294,0.9635333685363726,0.7440391650388817,-0.018002362535897144,0.18050575238036076,1.0313343645860265,0.13508117410097376,0.05338591142973438,-0.05271013490784071,-0.5588023518176325,0.03545577050344933
3064,David Josué Jiménez Silva,Manchester City,Premier League,24,1831.0,0.422368984279459,0.2612913077252997,-0.03772690662588355,0.6634100636985416,0.19035963499731595,2.1782565216562504,1.5803624848926119,1.647919127072579,0.5972072976903532,2.0994336144281776,3.6273048453068415,0.7348719709888015,1.4023582004892334,0.2293997640796507,-0.5266979329008941,0.19085757321449107,0.15052670080588612,-0.028318077803204028,-0.20569024441086212,1.4044893738411066,0.7696679013848279,-0.4492394464279379,-0.5390925908248381,-0.3055650325802825,0.6973259165745339,0.5200532412542415,-0.26798938387783583,-0.2425735783370047,0.4624949924955203
3237,Sergio Leonel Agüero del Castillo,Manchester City,Premier League,30,2412.0,2.4866947249794755,4.602634835852008,-0.5110672334503548,1.591629711853911,-0.03507855681768747,0.3319256095085695,3.480046490563033,-0.7696147242225391,0.6134376347975878,0.26986376455389643,0.18453574596535763,-0.053571293810701304,0.11427664514199308,-1.1329159900627055,-1.153506594615656,-0.4872008998892552,-0.6532213630308563,2.4782608695652177,-0.7298545157865299,0.31370346598202775,0.02730752620219318,-0.5295849860649237,-0.6830923048525983,-0.6027466563741515,0.5142185524488042,0.894795870007357,-0.060486050321577736,-0.5476010813073018,0.31999440419567216
3233,Raheem Sterling,Manchester City,Premier League,31,1981.0,1.0404885718215742,1.4289851639691196,-0.34139858342635854,1.3871665618664764,-0.026062381571374388,0.7919915317142897,2.3383769264525323,-0.05499037517858803,0.4144021972275979,0.9769328413663486,0.3186132314767496,0.6967988506666527,0.45660910902544105,-1.1021677965780503,-1.1507048608399417,-0.03650232115134889,-0.09756587824726856,-0.16879795396419453,0.16414978886460638,1.092836257309941,0.44515712288165404,-0.42139024207426784,-0.6145140179235367,-0.1398191053847712,1.352865314537769,0.7613513804626921,-1.0878526851646313,-0.024389773623835858,0.21586048434636765
3598,Wilfried Guemiand Bony,Manchester City,Premier League,26,1291.0,2.3823754516915883,1.470953968307468,-0.7018708025162594,0.2694191553252511,0.08652710681696159,-0.1047046950375737,2.3836585431028734,-0.7624997656707276,0.34283139247258815,-0.1257807476495491,1.295328921821592,-0.34429690734031404,1.2964527143189368,-1.2739520611486321,-1.2268888682795396,-0.9121166745817343,-0.7482348645470366,0.7532608695652167,-0.9173840831170349,2.495275281700185,-0.6337603562729519,-0.3290067437874274,1.644676276010337,-0.10765950939722008,0.4110466806920449,0.6581954272958512,0.05467261659424551,-0.5412647774006947,0.19009517232426884
6821,Jesús Navas González,Manchester City,Premier League,34,2377.0,0.24786379239954187,-0.3973651641479937,0.036100751703939504,0.7278961853562775,0.40718638502099685,1.068192667242497,0.9611356106732771,0.6834474142818124,0.0013389202231779502,1.3495739912197144,1.7569417210634068,2.0667614733594535,0.6230727262991554,-0.26155052351611896,-0.5251775124400069,0.03996631381403349,-0.46953467729572174,0.576475155279503,-0.5805174955757261,-1.5322419165487204,0.7074753486480467,-0.2666868349083293,-0.7006243297591768,-0.6321539767856023,-0.05034351307659496,0.7347513223676004,1.8375995493156485,0.14533352459134447,-0.7445473450115564
3262,Łukasz Fabiański,Swansea City,Premier League,37,3481.0,-0.547971380196835,-0.3973651641479937,-1.6302305192072784,-0.6911632058351953,0.0,-1.0377543799847966,-0.47115187229486255,-0.5718786166974509,-1.1664157654580707,-0.6881179802757091,-0.21821878943803644,-0.4659467390352356,-0.5415846807314204,2.241553403993943,5.128223656841985,-1.7163752684279554,-1.2834346909296313,0.0,-1.050517656745049,0.0,-0.17240868609681095,-0.5240363156737572,-0.8711914308170978,-1.509806076878648,-0.8403448605525625,-2.051054182025262,0.017236285393609375,-3.1788613508868044,-1.2873136647342294
3340,Kyle Naughton,Swansea City,Premier League,27,1871.0,-0.2657503440395642,-0.3973651641479937,0.9466607366167521,-0.107893078167018,-0.43263553408480965,1.037417099392592,-0.27014263659802307,1.3094672247362864,0.18577396768109555,0.12243426604595298,0.7599520715902304,0.6252607036883713,0.3039190702074751,0.24524011977319704,-0.03921420463209787,-0.05226504708763289,0.4891608644566124,-1.2404891304347831,-0.17782032175799414,1.1174404507202964,-0.0683139965788716,0.6797033069001771,0.3393475825945334,-0.22218083002109662,-0.08664694505941471,-0.017878156623331674,1.7751714519828303,0.5434750698409834,-0.23115555522303452
3290,Federico Fernández,Swansea City,Premier League,32,3009.0,-0.21337080441194128,-0.19696636055876152,-1.1465543691249829,-0.6087363644753989,1.1248523886205046,0.3948701103794448,-0.07364244950463077,0.53564819633179,0.7844631549532354,-0.49871580057446907,-0.18472794041780824,-0.43115114078152045,-0.14728320565498162,0.5642050926597606,0.5404702801385769,-0.6121274985874062,0.27801836186117007,0.8017902813299234,0.348933445636896,0.4917909611426938,-0.6018954015738471,2.0153556691054866,1.0750620966127795,-0.2084471227330569,-0.4247307965538804,-0.7972129651369729,1.041159110496382,-0.8412671745376626,-0.7462016978443677
3644,Ashley Williams,Swansea City,Premier League,36,3387.0,-0.27113629354094476,-0.04129784793895931,-1.1221880242631725,-0.6032899141960005,1.2979066022544283,0.3017701458170122,-0.1813420397663121,0.42247108467493477,0.8320232182854602,-0.4677499580662754,-0.21229337128764594,-0.4350344404980555,-0.19128850756785254,1.1281085489256601,1.0575507929992825,-0.8741987870948927,0.16495477721489202,0.20713410900183715,0.7002065247149261,-0.16055127656539755,-0.7128017829971812,2.7743973326709903,0.683581737415237,-0.5085555334355399,-0.6888951057979468,-0.7785739598235244,-0.9629708055488505,-0.7201157015278219,-0.7759767596900772
9627,Neil Taylor,Swansea City,Premier League,34,3081.0,-0.38362659885082584,-0.3973651641479937,1.2394422547729662,-0.22425969373541013,-0.8801895348621991,-0.06085745595716647,-0.2594396278082063,0.3064652996587234,0.2668506872596543,-0.26578175453354147,-0.1904999757406714,0.46857087423944843,-0.28485999426490444,-0.16746428865528176,-0.2006101605364948,-0.5156166373526969,-0.25184180259607836,-0.8967391304347829,-0.13005520343860857,-1.2728942181766318,-0.685820466643214,0.49186758798323765,-0.42636058490631884,-0.23954795444732097,-0.2793975102558743,0.02879978940246895,-2.077861227939668,0.6327121748931698,-1.215743558018836
3057,Jonjo Shelvey,Swansea City,Premier League,31,2359.0,0.9417894072259837,-0.3973651641479937,0.9146416831283698,0.40228003400241524,0.6655931293612453,0.9757709152572931,-0.2111780480401478,0.9913653010392824,0.12289820457386572,0.9636700970059401,0.8284855935031334,0.44390874230486504,4.487890259942618,2.1744899858226012,1.2040750971624639,-0.21203084867257463,-0.1411381221065175,0.9013377926421402,0.33381190133954547,-0.08816502638710619,0.6922433008307011,-0.19104587513508153,-0.5545654678117871,-0.23348720348816682,-0.6348136801901711,-0.07704975861427217,-0.031683905294028716,-0.25745897201627277,-0.011303203145766973
3605,Sung-Yeung Ki,Swansea City,Premier League,28,1936.0,0.20762051920879537,0.22556872014952695,-0.12971199672005596,-0.17872030159629607,0.34610842726784746,0.8308158138819137,0.14368239737858104,0.6992125726740698,1.3327896427667514,0.3643987377908424,-0.04783452752243298,-0.3037050730040954,1.0926482924159702,0.5146159876316425,0.20460753809986393,0.12004514416850645,-0.1770693886745786,-1.029803646563815,-0.25150991295171427,0.31370346598202775,0.5792025228538661,-0.1318535195079279,-0.2305320766044958,-0.3194399562319165,0.050678613491419444,-0.04151355976175465,-0.29427004241331806,-0.09245416048975486,0.20196789699075882
3347,André Ayew Pelé,Swansea City,Premier League,34,3005.0,0.866847427153371,2.0106215247039207,-0.5384708317487951,0.6789437059175543,-0.46391039197045864,0.004376253653906232,1.2976929570057787,-0.4896080191126974,0.40582931076064344,-0.18264862246886265,0.06292462854137863,-0.2046323751115356,0.5112855475592112,-0.9280808394376577,-0.8470919662331367,0.4207692422014744,0.16513128175507985,0.6092132505175981,-0.592945760428866,1.6771858508058761,-0.5996187715259998,-0.3592656954050141,0.03946096236359095,-0.2408455473844843,1.1619899309985238,0.43906456928800874,0.6475353728310752,-0.09542416520021454,0.3300859148980892
3944,Gylfi Þór Sigurðsson,Swansea City,Premier League,36,3034.0,1.2644713810638315,1.1926150599785723,0.38961371474119033,0.1917113983301226,-0.2403530744915607,-0.010398722301516674,0.6839150883596731,-0.11566594930982474,-0.36694685552928674,1.201325542926488,0.3031564050220126,0.5175564651983604,1.9350808468004521,-0.22224099863577548,-0.4614624598584968,0.9127469661223941,-0.34972796679459117,0.6124072110286322,-0.285745577649517,0.07130659756889961,-0.5118341437100371,-0.315297188137045,-0.6602574720236785,-0.2532566488922374,-0.1590910107718286,0.5302273303296171,-0.10310349569978243,-0.10744820960224337,0.2543347559550909
7063,Jefferson Antonio Montero Vite,Swansea City,Premier League,23,1409.0,0.36408065059389566,-0.3973651641479937,0.230164398551083,2.2660942412530503,-0.6180507629782993,0.024788073537611165,1.030128244597017,-0.5670614027115748,-1.0865772497815656,1.0164712970203267,0.6232209652705888,2.8407587286522,-0.5415846807314204,-0.7257239266212882,-0.4314047148285926,-0.2526469415714001,-0.20460250718808023,-0.5217391304347833,-0.7455576788285014,-1.4315539865924973,-0.2616972366810734,-0.4208682690454057,-0.4354337449705073,-0.5919302370352526,1.454746556059165,0.7138491119036711,-1.9498680653371863,0.2924690001625468,-1.110854258899098
20521,Bafétimbi Gomis,Swansea City,Premier League,33,1806.0,1.4725448459024222,1.2720700517988506,-0.12530051593301197,0.5997616209229971,0.5062756249928618,-0.18837789683697465,2.0099119023354017,-0.9153637096437094,0.35314626386921555,0.03814693537099413,-0.4317229519419891,-0.29202654776375864,-0.3226010818932875,-1.1301236562291554,-0.9752354498566123,-0.4941027655849564,-0.8625945616683228,-1.2717391304347834,-0.8601794025326833,2.495275281700185,-0.9374146588527938,-0.2174351578191045,0.5723630100345996,-0.23163139214796058,0.13010808982167718,0.5903054323692487,0.5136299761892643,-0.19182467923544913,0.070834714435331
4631,Leon Britton,Swansea City,Premier League,25,1569.0,-0.3670530956390101,-0.3973651641479937,0.8093476015648738,-0.02724100332605927,0.9270761444674485,0.8881906086795659,-0.3644193025201819,0.8161555568014512,1.137717809859081,-0.5102363464941881,-0.4317229519419891,-0.3992163660935982,0.21459960129853825,-0.4804109799623935,-0.4114770508174785,0.5188105866224224,0.5661258563053619,-0.3074534161490689,1.2499184902460863,0.9370096990443583,1.0828923575179255,-0.03545733486433094,-0.5123675010083141,-0.5576525735362395,0.09931367716705358,-0.2257821918032177,0.16206298814124326,-0.810420059060097,0.12044079619101367
6871,Costel Fane Pantilimon,Sunderland,Premier League,17,1599.0,-0.5658964110424543,-0.3973651641479937,0.0,-0.6911632058351953,0.0,-1.0528405088018125,-0.4798210963967663,-0.5621148620647817,-2.3888524322975084,-0.7130393490246498,-0.4317229519419891,-0.4659467390352356,-0.5415846807314204,3.081530937643707,6.616960711024816,-1.6913645340482062,-1.2834346909296313,0.0,-1.050517656745049,0.0,0.20045843486667025,-0.5439669083520798,-0.8851952301820702,-1.4108724123312997,-0.8986239496254983,-2.082011989217386,0.08434743332773924,-3.3736601028110362,-1.1831540175774815
6300,Sebastián Coates Nión,Sunderland,Premier League,16,1287.0,-0.22651861258464107,-0.3973651641479937,-1.3648585276175655,-0.38282149251537895,0.8652710681696187,-1.0857131387670913,-0.04603319559921688,-0.6873690539634164,-0.5492870680712829,-0.6970586389546374,0.14575023350965088,-0.4252707657852631,0.07299865959751246,0.4026343901710308,1.5350178205154037,-0.22989774070084223,1.4545677775129804,-0.6540920716112535,0.6188242581128206,-0.90797675082014,-0.3830085086273366,1.5853621732120564,0.9328831134810951,0.05635599930029198,-0.7335678570840789,-0.8619217777855296,0.8423598250224849,-0.260518591333079,-0.6695313180927124
16890,John O''Shea,Sunderland,Premier League,28,2110.0,-0.3293199849814085,-0.3973651641479937,-1.0332347227843706,-0.6676539768634772,2.163177670424047,-1.289564207210546,-0.1651734565048279,-0.8519363299681519,-0.2435388460686404,-0.7290039647776486,-0.4317229519419891,-0.44113632312399653,-0.1667179703032987,-0.08653710464852098,1.0152775741834341,-0.7850360308171479,-0.23555908772973788,-0.12330163043478293,0.21207446414754663,0.38407675036003275,-1.0713050427029303,2.333099156770498,1.0092467121574689,-0.420035342349301,-0.5854896795252575,-0.8665413025654031,-0.1430402993787202,-0.4912197335985248,0.05966701914907095
4746,Younes Kaboul,Sunderland,Premier League,23,2098.0,-0.23874323844492867,-0.3973651641479937,-0.7899672308711339,-0.3601514690265412,1.4215167548500878,-0.957365183863333,-0.17056574099989955,-0.6595143848965954,-0.8113767630362894,-0.5277520420457119,-0.0774770083403395,-0.2912804649604015,-0.16457383277940096,0.25373475948373997,1.2978110459200016,-0.2597341886815363,0.13270200887861333,-0.2252275025278059,0.5469900407279928,-0.021922967205380513,-0.6123430086121003,2.614105800091472,1.1827280669879523,-0.7072865016371512,-0.7394713058316483,-0.8555895830993778,-0.9249743303495228,0.3240965326731679,-0.43870759632585765
3658,DeAndre Yedlin,Sunderland,Premier League,23,1897.0,-0.4343264956526793,-0.3973651641479937,0.11511281080335946,0.38094190662834876,-0.11607294816909512,-0.749600817470811,-0.23324633570606224,-0.22797941062722263,-0.9690434281657463,-0.16774500401839168,-0.039942251005636475,0.2791504641610182,-0.3331058301770354,0.03374960655421464,0.3329003779278566,0.3744445371151156,0.24632835525471486,-0.7003105590062113,0.1273319827905131,-0.525362616986494,-0.5274192312038202,0.82750897027025,0.014200075896686712,0.08453448890730779,-0.4897078680807861,-0.01896454133649821,1.8864912667111302,1.3351993900307817,-0.9649047091815992
3321,Patrick van Aanholt,Sunderland,Premier League,33,3106.0,0.3582064508975449,0.3791963297348141,0.7587175011547671,0.3628919218536261,0.19665251549309504,-0.3485109792503487,0.17114385196598209,-0.055570561075439714,-0.21069156274819809,0.10338919710046682,0.5254025981884178,0.3599221924081043,-0.28692635523131216,-0.18833016271066133,0.11307752126472694,-0.1951018316291578,0.5406903580244652,0.5117974549310711,0.3882336415157115,0.8590964199115673,0.36208955241040114,0.2601612796957942,-0.5869990659193839,-0.9442448047456882,-0.6295206946892276,-0.014762190286392904,-1.797179570996998,1.5468059481188596,-0.696909969720743
4429,Yann Gérard M''Vila,Sunderland,Premier League,37,3327.0,-0.0032540992877130664,-0.2161207998558388,0.8029564772801587,-0.12459573395290875,0.7969601943667538,0.2143346722132342,-0.207705955740979,0.3483157241113106,0.19406708293385394,0.5833759416302271,0.2384375437083815,0.10050928519612125,0.5282558409142112,0.565488165516303,0.38558226292012215,0.3130507215537077,0.9802498407425159,0.4278021539688871,0.6284579715980237,0.38082875261951,0.8493169875780024,0.5195431754397211,-0.1818989187019098,-0.9220466076864019,0.30552703790271374,-0.15453563260149947,0.12965914291313266,0.10286595191721781,0.3595225229229782
7171,Fabio Borini,Sunderland,Premier League,26,1953.0,0.9996205302306842,0.837657877326661,0.0762912392197232,0.3248014256102824,-0.8220075147611382,-0.3573790824127216,1.1889845680489561,-0.767606010084054,-0.8913907328113146,0.030615997919985403,0.3293707394827532,0.23098076577304855,0.47092013110080827,-0.6485754180509189,-0.13310729266424473,0.369343472825428,-0.15132126402140036,-0.12330163043478293,0.09355851642390207,-0.021922967205380513,0.06862109963389351,-0.011106746192006198,-0.011589036822417565,0.14312458289712887,1.1349270995698097,0.4959077530686671,0.1292167619898617,0.5392230862563492,0.715000789878659
22281,Duncan Watmore,Sunderland,Premier League,23,1000.0,0.49485313930875935,1.4116348358520072,-0.5320211966616321,1.293015719377823,-0.17305421363392373,-0.7051643763265373,1.6175199559647473,-1.404256123124446,-1.0203110244754625,0.16970111623393974,0.3114850377342719,0.16225299183733927,0.2493840782719166,-1.2191168992113508,-1.1763861866962741,-0.04720886575123999,-0.7997746078276805,-0.3074534161490689,-0.7067667696375165,-0.7770824418770504,0.7123942132397426,-0.3011425324557343,-0.49521742546632125,-0.7178580123248959,0.4261941057593591,0.7461282656328858,0.33382774715318,0.6416840004166123,0.7718235095956243
9554,Steven Fletcher,Sunderland,Premier League,16,1038.0,0.8166967918408005,1.9263342578173253,-0.744721855086489,0.5513380479109142,-0.23295759527643617,-0.34392307288874063,1.5988842894981925,-0.8822179821804871,-1.1757807639591291,0.23651966348802708,-0.4317229519419891,-0.06247870379273411,0.22042761117930865,-1.040529833566656,-0.9784232830642858,-0.24413334075503199,-0.6177863519508936,-0.07173913043478311,-0.9677260172682831,-4.0494401654542855,-1.1379633823250415,-0.41028985033041976,3.1535922464020354,0.24128648423332713,0.2137360240210998,0.634936358210428,0.1573435352075951,-0.4322831138108874,0.2421798606029091
18751,Jack Rodwell,Sunderland,Premier League,22,1256.0,0.7754410683263527,0.0827303772532803,-0.0952222947547609,-0.21723511860278652,0.43263553408480904,-0.626350330733175,0.3130608942544955,-0.4779312284330873,-0.07800428815170025,0.39595640383352976,-0.4317229519419891,-0.3825869021360086,0.08816751592728728,-0.4035612384298946,-0.07988409250881782,-0.06385479468308676,-0.01817287207784926,0.3586956521739128,-0.5031436326884686,0.041006989017258404,-0.47916157116404606,-0.019209954071988264,0.5508297274694736,0.34099574550880146,-0.46401648999604084,0.0332209588520759,-0.5742943932738125,0.07456756929400433,-0.13120689516771245
42902,Adam Johnson,Sunderland,Premier League,19,1209.0,0.2598707667719483,0.10139414106292433,0.6632539752983294,0.29354097541196,0.0,0.3332354589277244,-0.0679684163893284,0.13589394367360416,-0.1961800690852267,1.4006673111227244,2.6419246480425476,0.4866583119157325,3.056701650549269,1.1534404674277752,1.0238195748290082,-0.5081541627525324,-0.6547851678147242,0.9782608695652172,-0.33970109945073046,0.5318606475538434,0.4509060042644623,-0.3431196164609752,-0.6432735150978587,-0.8598614173239364,0.034600987479501945,0.12834766019310684,0.27633829485179184,0.20979546148320388,0.44580315784491126
16457,Jeremain Lens,Sunderland,Premier League,20,1349.0,0.7292236085726846,0.9436281642434078,0.3876500873952779,1.662199492712491,-0.2703972088030061,-0.029965016794728967,0.5603990393265821,-0.5566071249418223,-1.623170846359282,0.31495773451075804,1.2210746529718601,1.4355720905148124,1.8037637521917438,0.07647107490837021,0.6311151411383773,0.8298253568409719,0.5604457487262227,0.47826086956521674,-0.795698615153105,-2.413261303665668,0.03029045915408407,-0.3125341663138388,-0.270886234614267,0.744181074086303,1.0181005155935008,0.4676477354243694,-0.08050091327848821,0.41054754541206384,0.8280415143040045
3539,Simon Mignolet,Liverpool,Premier League,34,3201.0,-0.5658964110424543,-0.3973651641479937,0.0,-0.6291769851162632,2.163177670424047,-1.3198279148084726,-0.4798210963967663,-0.8413731402120209,-0.9266557610069851,-0.7789597780634512,-0.4317229519419891,-0.4659467390352356,-0.5415846807314204,1.3242334595665939,4.652543789272189,-1.721765825018373,-1.2834346909296313,0.0,-1.050517656745049,0.0,-0.04164586115338106,-0.5331299209866877,-0.8851952301820702,-1.5393035465059481,-0.9757742687029213,-2.058087834251009,0.052522602900362175,-3.3905622122160417,-1.2101681908329591
4590,Nathaniel Edwin Clyne,Liverpool,Premier League,33,3106.0,0.05686856113450158,-0.20322479067729224,0.7666282721728481,-0.18010617422849395,-0.10815888352120255,0.4821727670366201,0.08370079920083681,0.7537429404438895,0.21132541186205783,0.171262195189999,-0.4317229519419891,0.4441945323513023,-0.15959719248125775,-0.19877326829295902,-0.27767393089589504,-0.1916249422677246,0.3849723660405786,-0.4017391304347825,-0.08212735983876762,-0.8705783768364,-0.11754092669375127,0.5058671149326448,-0.618388135841772,-0.8450683477856448,-0.3649835591653761,0.10600997786315326,1.7685445848345258,0.7306705341335107,-0.23696924841826764
18872,Martin Škrtel,Liverpool,Premier League,22,1973.0,-0.24964181208857283,-0.091739213818546,-0.9736438901416221,-0.640879908186614,2.163177670424047,0.3548110325839173,-0.14332514091172321,0.5400184139301633,1.0888474835170265,-0.5118367014465139,-0.4317229519419891,-0.4394135522269667,-0.5415846807314204,0.37890037597788906,0.5255423152294404,-0.9874907324747673,-0.19781724279694915,-1.5620617110799444,-0.005152566706937006,0.041006989017258404,-0.39024425044248984,2.849350342244886,1.1902061633888188,-0.44640211354838977,-0.8029111780442427,-0.8540912044240041,0.753080362195008,-0.9174042596747265,-0.5901663999398957
3471,Dejan Lovren,Liverpool,Premier League,24,1986.0,0.1253093856439593,-0.3973651641479937,-0.44219414136459195,-0.6162319775416524,0.43263553408480904,0.045211515408485385,-0.12273505721243597,0.35821873686420885,0.844930503519297,-0.354360519118664,-0.4317229519419891,-0.3868682230643677,0.05582374751883392,0.45667621193252905,0.6992828370409896,-0.5845379499037521,0.03861128503599433,-0.462528604118993,0.07454818726248429,-1.028802266767607,-0.811979819583266,2.4079335035658023,1.888438451393939,-0.2984492652656883,-0.5149412163520589,-0.7812184594525514,-0.029873945826209416,-0.6977524972741839,0.18835795965302796
7780,Lucas Pezzini Leiva,Liverpool,Premier League,27,2044.0,-0.2606271724240551,-0.3973651641479937,0.5510161822945625,-0.20579654115490714,1.1248523886205046,0.9941283025463972,-0.3247993373279642,1.2198270153368642,0.7304120899384221,0.2524175803812008,-0.0681182603195524,-0.3635005989712149,1.586755913455641,0.7116673034067849,0.3293152658405935,1.0577350335776414,2.0293056042892093,0.7027506654835843,0.2948869894683853,0.2455293467408356,0.6031136098099497,0.5591631191334152,0.8557771122989518,1.4748067795008482,-0.20861674549614073,-0.3199990747268535,0.016286797142975463,-0.5767004606927634,-0.05790508395585419
3473,James Philip Milner,Liverpool,Premier League,28,2495.0,0.40944798277334987,0.5693683027858744,0.07990316909234692,0.12398044079540349,-0.36932301690166675,0.9469627811610913,0.7176054930917927,0.8480180317251346,-0.29242524447753404,1.333400262678902,2.8449455396166767,1.3385013857156474,0.7265015060474764,0.9882081103288691,0.22760306707653377,1.0209398741463571,0.37815162376358624,-0.621739130434783,-0.15497426347893237,-0.525362616986494,0.5646603944626001,-0.08515188375549217,-0.2404423466339882,0.6418895051772068,0.16570232088431594,0.40011459205527317,0.5791793431473498,0.8291462542990466,0.8583512693403242
3493,Emre Can,Liverpool,Premier League,30,2599.0,0.17835445605320746,-0.16535285172013686,0.22292725055700457,0.3967378978310421,0.6147978642257814,1.1997203039555628,0.2981308580529053,1.0408856804926567,0.5335700544773093,0.2755134488927356,-0.4317229519419891,-0.2242384932204704,0.5235906392038158,0.4158953093701428,0.052813760641870044,0.6365449533678476,1.0826262883521591,1.2816316560820709,0.43743828013826774,0.02282722388627383,0.7274535936126196,0.13673683323609276,0.25892972593858615,0.43608490621878315,0.08533009800454461,-0.0993777176107702,-0.2037124739419764,-0.13464870283650113,0.07730208113130232
3535,Roberto Firmino Barbosa de Oliveira,Liverpool,Premier League,31,2036.0,1.4261503002954885,2.5643244232783338,0.02308793025664845,1.5015689069984448,0.14421184469493656,0.960292461458895,2.15108190705314,0.21705667358761224,-0.13904047917982804,1.1365855771539397,2.1235108043123465,0.331130522631833,1.7893645108304763,-0.7215799592000575,-0.8857041786543635,1.5248518088095875,1.2278511741801328,0.5525851938895412,-0.5017993939260507,-0.525362616986494,0.415015378035188,-0.3565498346178811,-0.09508793919362975,0.0745383674057458,-0.12458738620553782,0.5191654235892897,0.20326992360341453,0.24516093603782377,0.47242706714407234
3501,Philippe Coutinho Correia,Liverpool,Premier League,26,2051.0,2.811027330288452,1.9546582390699496,0.4724517361525008,1.5580888668709314,-0.18142780461621083,1.1579562143067694,1.1533871775957625,0.43678371176342246,0.006921385885725601,1.4309334152182982,1.380095647951382,0.2232045990746099,3.8933937339630584,0.1507270780134735,-0.10645467937095747,0.2847394141484161,-0.20541542093851728,-0.12330163043478293,-0.044908040633301116,0.31370346598202775,0.7472367317510133,-0.4086604371414673,-0.6712873655768934,-0.8384114524948115,0.4695401728026511,0.5433064997729842,-0.9153219187640794,-0.37149726490467205,-0.12249102972606138
3380,Christian Benteke Liolo,Liverpool,Premier League,29,1634.0,1.8780510013874423,2.5548992177369523,-0.8098751034943198,-0.05365161725696124,-0.30902538148914965,-0.2595294653159836,3.315460696619366,-0.793919271244956,-0.5721923636107767,0.7047339910675154,0.9327960009520023,-0.30575708917992794,-0.2995501767524315,-1.1447754727486097,-1.0563394526368841,-0.6612177899878396,-0.7760102288537956,1.165760869565217,-0.8927372618058511,0.31370346598202775,-0.9860917549754185,-0.24675224997221992,3.0527691381226165,0.47157903410862306,0.3049073584420858,0.7766283071988372,-0.19169514081469824,-0.27886272536274215,0.1057714378102831
3635,Jordon Ibe,Liverpool,Premier League,27,1251.0,0.9304353005546872,0.08464922434121466,0.48530570379266763,2.3620297846005034,-0.061805076297830275,0.5361053215222978,0.6298257289760821,-0.10035531506817469,0.28920990853438344,0.7376843375199076,0.16236816690394237,0.8312949114476993,-0.22545008480682563,-0.6715763170301087,-0.6084473692091554,0.020504218812515487,-0.5654284010671944,-1.84866220735786,-0.7070415505224946,-0.1226108971616035,0.9355130421438153,-0.48850856053973646,-0.7682954086245914,-0.47227797252976117,0.06377383171245066,0.5939883495497331,0.6213016808047136,0.09854217384953563,1.023610785364843
3515,Alberto Moreno Pérez,Liverpool,Premier League,32,2671.0,0.22837506057957005,-0.17160702113039736,0.6630113992485185,0.1259827386553775,-0.31464402478895265,0.5960005754375426,0.26021288936385006,0.8827801211667338,0.21376687307063907,1.352064319946412,0.6812804021220483,1.6311882666856399,-0.09738657571269911,0.5534939460694441,0.1449593187179229,0.01474816236433813,0.9153729821551315,-0.4599744245524297,0.3329799233395538,-1.1575891539209149,-0.2164511432586082,0.3911218793965899,-0.520184181215626,-0.19380590066465123,-0.34525469454674973,0.13615313186045042,-1.9966333177482618,1.2004809762370507,-0.9610417744568284
20201,Maarten Stekelenburg,Southampton,Premier League,17,1598.0,-0.5658964110424543,-0.3973651641479937,0.0,-0.6911632058351953,0.0,-1.3355258516571749,-0.4798210963967663,-0.8391916316157627,-1.3037864565329143,-0.7129980971917095,-0.4317229519419891,-0.4659467390352356,-0.5415846807314204,1.6432128014357112,5.871298190287711,-1.7116130526179805,-1.2834346909296313,0.0,-1.050517656745049,0.0,-0.10871850539570752,-0.5439669083520798,-0.8851952301820702,-1.5393035465059481,-0.949945024801848,-2.1006511406262964,0.06068074874099636,-3.4115878704761675,-1.37025279575671
3590,Rhu-endly Martina,Southampton,Premier League,15,1138.0,-0.4014051130452641,0.13251181300490616,0.6056382155001069,-0.47321736607102377,0.08652710681696159,-0.20566811224494952,-0.14834516165679693,0.20407474559922137,-0.30740845716578524,0.23991054387282104,0.22135964004066536,1.0521106070979636,0.8485185864097695,0.2477842043307392,0.3070804660981978,-0.07119869352409855,0.7808940594427418,-0.6540920716112535,1.290492338934544,-1.0937622215780736,-0.44776741835154954,0.675337012794521,-0.6281799810284572,-0.18586736321115632,-0.18636287820181927,0.11284110904816537,1.8397840417877156,1.2083698724659955,-0.5032307949633134
3960,José Miguel da Rocha Fonte,Southampton,Premier League,37,3301.0,-0.1122372844243327,-0.03202132894653943,-1.1144283447645782,-0.631054786410384,2.163177670424047,-0.10227460328886169,-0.03643663675173434,0.14137591116794637,0.7220550035319593,-0.6193009382678689,-0.4317229519419891,-0.3549349719922178,-0.3019697885765168,0.7435928384724138,0.8531448377849786,-0.8354961903000435,-0.2159372123214394,0.3164961636828644,0.4594453432728913,-0.8899223633797135,-0.5617273681161319,1.8625238554971058,0.7835222771217631,-0.7927611040511899,-0.7540879541434156,-0.7702165191275511,0.7706016752457759,-0.42461164663045214,-0.3531576543363205
3669,Virgil van Dijk,Southampton,Premier League,34,3203.0,-0.0009529396611169808,0.16741785177457913,-0.4362519854110385,-0.4898337800798937,0.9651100375738058,-0.34396238101948406,0.11845415735570097,-0.12905678308743493,0.7456914256613365,-0.5156896786989967,-0.4317229519419891,-0.40057055723977564,-0.4181115681801658,0.5832337347693289,1.0256925463577302,-0.8148131257615275,0.1403004450914539,0.1032608695652171,0.8007788785671379,-0.25540222507488236,-0.5363571343198967,2.61845750455247,2.2195297215043484,-0.5455160207639633,-0.6936439016891397,-0.6943809090498815,-0.37806584387537,-0.27444734785686664,0.04179377356376805
20045,Ryan Bertrand,Southampton,Premier League,32,3015.0,-0.296854480410013,-0.3973651641479937,0.6721084350262178,0.03274950319774661,-0.6686185526765243,-0.14471657528587326,-0.07945533720967758,0.24482243778755228,-0.1102473913751001,-0.11470486773913101,0.30778748554682744,0.7842019791191424,-0.4104124155567378,0.07066924688015351,-0.05395781668301235,-0.39228239692069933,-0.09175857999376584,-1.055392976588629,0.28914168770387516,0.2672870443710031,-0.5603802121045228,0.5950813367906925,0.18190821555754133,-0.3132654357879596,-0.2624677418698312,0.1539141134406516,-1.8088834529651883,1.397956343698646,-0.5171623259774403
3098,Victor Wanyama,Southampton,Premier League,30,2589.0,0.18122912143403275,-0.1644567052835673,-0.00298746807663295,0.13270405743401845,0.5936161979303198,0.2796770026615457,-0.054374486855040205,0.3281160452925453,0.5743075448384172,-0.2904000281999821,-0.14465922475919243,-0.3850661247861594,-0.23607337945550827,-0.03414006847006266,0.047564534584250105,0.8459102681398986,1.091765187461011,0.35466536394723985,0.3767986956713181,-0.3965757298331859,1.38434913225227,0.5547252962222365,0.7528923041106181,1.1972618193926912,0.05798976111833808,-0.19132353915561995,-0.03395553930730083,-0.496674608709653,-0.10035774292517421
16181,Jordy Clasie,Southampton,Premier League,22,1568.0,-0.008780050563875662,-0.3973651641479937,0.7910619384955461,-0.34317264178316725,-0.1966525154930956,-0.07807070764389086,-0.2969850591276944,0.2877847896942697,0.40454463647905575,-0.10672274979149039,-0.4317229519419891,-0.16546855143674635,0.9717484040963927,0.15115069044040735,0.2764022427251013,1.2502951805744562,0.5673054229808944,0.6746894409937884,0.5388917383631211,0.464156694652246,-0.008978925857560648,0.14185266642805067,-0.44995214456181465,0.032339694911881656,-0.5811684350966665,-0.11801068194869561,-0.29000326707881185,-0.5155462764728828,-0.13148100726906461
3328,James Ward-Prowse,Southampton,Premier League,33,1653.0,0.5287883674417705,-0.03257387558175034,0.6789000698766978,-0.2710406263890027,0.679855839276129,-0.11229942499487461,0.12263491101883263,0.09730560002701058,0.02395561650437293,0.9427478340915233,1.3667234840562228,0.7691706991594821,0.415425312013089,0.5096900468908634,0.39937957274374036,0.26070931911494133,-0.6146453616036255,-0.8967391304347829,-0.5306282328074621,1.186332192269291,0.5553345004342156,0.14855788678917026,-0.3838626016152423,0.2621120986279388,-0.6054194892385972,0.17923004358491187,0.24129263578436222,0.4532279609038697,0.314448943517361
3629,Sadio Mané,Southampton,Premier League,37,2679.0,1.43714382192868,2.0785586880356584,-0.32671648896683597,2.030694782278967,-0.2030738221214411,0.5112957683506953,1.8857218340745407,-0.375231687711092,0.20302356568800953,0.6768260910006053,1.2327966218010362,0.804209491732382,0.6394063741447827,-0.8025243242083842,-0.6872847481030675,0.3037999948759622,0.13507459135092625,0.07826086956521694,-0.376873701047197,0.9370096990443583,1.5634796212368505,-0.38858416901671244,-0.5030781202982176,0.4920800533258816,1.6155197703511543,0.6567332218543349,0.33188820474727426,0.07188921746066425,0.6471591311086833
3828,Steven Davis,Southampton,Premier League,34,2686.0,-0.10128708584810726,0.7251218053233391,-0.20968866349482368,-0.026322910715420055,0.2884236893898725,0.7172691281660408,0.3515787968667425,0.6714308431535332,0.3345928975985102,1.0262193870594076,0.12167093463750493,0.45008041878962846,0.783567745000157,0.48185594363445206,0.07742069244333726,0.49952267148085744,0.3628925784313333,0.005604619565217073,-0.37862928842243326,0.9370096990443583,0.7466467275381558,-0.0144594404364236,-0.5585198539309775,-0.6982852222327188,-0.28802551087857875,0.2988048041895084,-0.007600126784009315,0.28657879201206066,0.6053329907868316
3842,Shane Long,Southampton,Premier League,28,2210.0,1.2128425208746727,2.331141623182324,-0.6452273200894407,-0.04024478014314186,-0.8801895348621991,-0.3557573184351494,2.00539047643956,-0.832382306401069,-1.0699721537759828,0.6519012993081794,0.9134498800512432,0.5763152578875884,0.5321285667844216,-1.0440930486149698,-1.0121200825571341,0.022375238048825,-0.5330893777785763,1.165760869565217,-0.467229952377064,1.186332192269291,-0.821051575407989,-0.26143046580946705,1.827885651041749,0.41209421568885984,0.620267645584317,0.7935529884451329,-0.10075611349041426,-0.14385668376318678,0.4790475916423377
3272,Oriol Romeu Vidal,Southampton,Premier League,29,1708.0,0.49353797937582633,-0.044320667660874405,0.25529640468505965,0.09298244669336869,0.624917993678058,-0.030952461899601196,-0.1264537767395436,0.08653007581076912,0.7886551710151039,-0.10011058230029074,-0.4317229519419891,-0.4352968692619835,0.6161564770603492,-0.028583664145854094,0.18709933067000603,0.9742403871452754,1.95283217492484,-0.17486413043478274,0.25766780355879243,-0.525362616986494,0.3044120386184784,0.08563794718377772,0.17080438738838588,0.4445739877427878,0.005554288040281395,-0.17980431966773477,-0.176213468734393,-0.4216188214532862,-0.11541490043935992
3831,Dušan Tadić,Southampton,Premier League,34,2339.0,0.9280043212883045,1.1494497140050635,-0.026541459008062023,0.5812901450923493,0.25958132045088533,0.38811471788912333,1.3845049979880246,0.019854651835823467,-1.0620028184020651,2.1953226324456843,3.0634834980105,2.5331541565371256,2.50190348986714,0.007575175784446279,-0.1436812215309426,0.041050158663030765,-0.21999103419780283,-0.20923913043478262,-0.5361405276829011,1.5603159321066888,0.31262709612023526,-0.35116675647688944,-0.5308973101218023,-0.17842221048560694,0.3523542928113577,0.8358480732525682,-0.46371856903738806,0.03149031478551996,1.060362026583978
4090,Adam David Lallana,Liverpool,Premier League,30,2180.0,0.6362482493663685,0.7090568542006307,-0.058194851474158815,0.9699040136665285,0.0296325708277266,0.588511656576932,1.8250253508225067,0.057225726082977,0.1999733284601555,1.3485162336126548,1.9547247213304086,0.5666445617109692,1.6353935550575807,-0.7407560767679927,-0.9188087607648697,1.2750513928481426,0.649937856201365,0.38809693513898713,-0.38036111077852924,0.5703589737135761,0.4626559431083026,-0.0029427418726729535,-0.41561186441195963,0.015037200510951504,0.304076968552196,0.5136092658223392,0.17681728802721372,0.6056885337161922,0.4952245444699776
3449,Wayne Routledge,Swansea City,Premier League,28,1718.0,0.0878559653980663,0.30461388125363625,-0.34699527963451376,0.5215189079445888,-0.061805076297830275,0.2354829010219419,0.6004585890349562,-0.22741046111673793,-0.6079998423715386,0.8776075577294319,0.000877740535461511,0.8138548081440496,1.0698184953522114,-0.622217492954447,-0.625724824279067,0.34875409275845204,-0.1573343810298625,0.576475155279503,-0.5002761319803725,-0.479595376097302,-0.23635297820782183,-0.3016675144757996,-0.5447023855524873,0.25372366721870054,0.2863505987309519,0.5217484372625395,0.3792182129386717,0.35501822575073766,1.1032743415242308
3532,Jordan Brian Henderson,Liverpool,Premier League,17,1338.0,0.646601975888503,0.5039801273318267,0.3030711071548744,0.12445593382635922,-0.1966525154930956,1.465079969502817,0.26446872442385017,1.360920106451577,0.13978855774777804,0.48150977091165725,0.6792007994425558,0.7860706618069664,1.8230453910274347,1.3982101645874012,0.46059303885366726,0.7217471366934978,0.8854446054916726,-0.7003105590062113,0.10559519227131582,-0.04989183663766448,0.8930353004208363,0.2078916119334232,0.025627370518016106,-0.6951424033826694,-0.315872180642114,0.14713521528537915,0.5766974067307917,-0.2213879951175337,0.16664933579671573
3462,Jack Frank Porteous Cork,Swansea City,Premier League,35,2667.0,-0.1213731207918299,-0.17126842624023234,0.3318630513121582,0.4433972969581502,0.4610050773034851,1.045037275832746,-0.08379000586229363,0.8928330437119719,0.7056560168036677,0.28815033925644856,-0.15305478933371758,-0.1911437071574688,1.2378725948666385,0.03962869656366274,-0.26605764086015377,0.7583715218044701,0.8668565350311546,0.44512833944473534,1.0117298849574332,0.7568352410497786,0.9884849635429811,0.4055311601268547,0.7049842322415405,0.19321656214362792,0.5800498163190814,-0.09375186940134138,0.6457430191752228,-0.27434374314972115,0.17803824833774035
3529,Daniel Andre Sturridge,Liverpool,Premier League,14,1020.0,2.3704345241858187,4.3320466005578915,0.18339499102682813,1.1082147410491596,-0.22216419317868596,0.11627715857362798,2.552728739504703,-0.7037182661112674,0.04661215659526094,-0.2622599445681402,0.29691233205434475,0.14993535005552405,1.3970642383944056,-0.8422835772774238,-0.808767590037385,-0.6837275006526745,-0.9447371537433912,-3.371739130434783,-0.7135069831102133,-0.7770824418770504,-0.9844666055023258,-0.40793084342415514,-0.5506554467249326,-1.4386362016308194,0.07497800622939034,0.7788582498197547,0.17952930424464802,-0.5575584145609124,0.36241855763173203
3815,Kasper Schmeichel,Leicester City,Premier League,38,3581.0,-0.5658964110424543,-0.3973651641479937,0.0,-0.6773110770638116,2.163177670424047,-1.1430939627626138,-0.4798210963967663,-0.6076674693310795,-3.4159298570450662,-0.6023497260672879,-0.4317229519419891,-0.4659467390352356,-0.4311450327276037,3.641729114978542,8.662174099561295,-1.7137927349844624,-1.2834346909296313,0.0,-1.050517656745049,0.0,0.3729425552208952,-0.46647079764195243,-0.8851952301820702,-1.5393035465059481,-1.029835337918424,-2.0198499227755797,0.07085423105844642,-2.921664863711784,-1.2215635104199367
3270,Danny Simpson,Leicester City,Premier League,30,2711.0,-0.4047827162378782,-0.3973651641479937,0.022309242844159898,-0.38010601542002276,0.02544914906381223,-0.7537895716757747,-0.3740715919932603,-0.1151453598048679,-0.4906380963979715,-0.5456729480382722,-0.4317229519419891,-0.09905276121097263,-0.5415846807314204,-0.2659196251373079,-0.08480019785359144,-0.36555277360330113,-0.00910238576561481,-0.7317391304347828,0.8831603323327344,-0.29427556462795035,-0.28067737247200863,1.3625953516761382,0.5173439051844194,-0.32728505269399333,-0.6587749304804672,-0.210943035204595,1.914689261250626,1.0940897192511556,-1.0118615210188404
3813,Wes Morgan,Leicester City,Premier League,38,3581.0,-0.19998250994063438,-0.06058772767773382,-1.4976166904431996,-0.5387897893499733,1.2192455960571904,-1.4997488193078543,-0.05846436505458789,-1.1027779064138679,0.03479255111305236,-0.6906547520653696,-0.4317229519419891,-0.45132792373986713,-0.5415846807314204,-0.6517083424088419,0.46139498062819645,-0.9086010842681311,-0.2608159330246808,0.11505332239540553,0.05340169587618075,-0.35025317358436786,-1.1020024437840141,1.819664468306807,0.8708483612844066,-0.6217436088560712,-0.6856637337839294,-0.7123187744561983,0.394597452842749,0.0468236223375126,-0.084119848851384
40123,Robert Huth,Leicester City,Premier League,35,3301.0,0.0011774972301976264,0.15065058865418735,-1.3244384440108163,-0.631054786410384,2.163177670424047,-1.513736476553414,0.009273101356000894,-1.0862974173946292,0.10459145176218175,-0.7470280101043347,-0.4317229519419891,-0.45008791517194735,-0.5415846807314204,-0.6124227506003149,0.48249432526983693,-0.9074691693504663,-0.508975735860943,0.3296122209165687,0.14703920533814496,-1.4884645556981884,-1.1771327279647303,2.734745398726287,1.388986151453243,-0.41948988282381083,-0.6047418754514285,-0.7727088692999203,-0.3323340122082113,0.14834099608594414,-0.35288458383192584
3812,Christian Fuchs,Leicester City,Premier League,32,2835.0,-0.1477152416955706,-0.3973651641479937,0.42829882969892386,-0.3937113387397693,0.33083893782956014,-0.17357223237866787,-0.27757283788678055,0.5708915255765097,-0.7602819349674761,0.8198024580638392,0.6168950229098776,1.159026109782712,-0.12308269184076606,1.4322777437163883,0.7665296194828988,0.16130937510974602,1.1781258227159732,0.7777658200602662,1.162340787597973,-1.0012165325330256,-0.27399310274870736,1.315912413202192,0.3012451809901818,-0.16298386842481974,-0.7049907600196301,-0.1975019161276845,-1.9015790369146144,1.3719988536128163,-0.5489037105420311
3961,N''Golo Kanté,Leicester City,Premier League,37,3169.0,-0.15241023879707188,-0.20708431845534617,1.0009690427263642,0.2949781028459354,0.9270761444674485,-0.08423783862102709,-0.2941276292383021,-0.009939758628918494,0.508576395985611,0.01932434462289874,0.2718504052775698,-0.1355587455185769,-0.16719113749853778,-0.5565476724768942,-0.46705036561967533,1.3555513259313083,2.2922878726875497,0.1093584305408268,1.932489410297281,0.5913580607097936,1.9613806640844242,0.29890722697761446,-0.16221649786745196,0.21038321768531207,-0.27494576983876634,-0.07189231298588901,-0.20762819213819628,0.08265894274451906,0.43569232110358236
3814,Riyad Mahrez,Leicester City,Premier League,37,3091.0,1.190344875435472,2.138707304308818,-0.15181815600583043,2.807308208726742,-0.0992283335056907,0.23850995127550903,0.8870050678936751,-0.4206891386857302,-0.5973046470087287,1.1307066398758672,1.9727027668424206,0.8550814882930519,2.5291448915882317,-0.4182575488003624,-0.28688123761417417,0.318951367392169,-0.1210589308288113,0.5311454849498328,-0.1330330826146242,0.7103528870216931,0.7401871262539638,-0.2634007763832931,-0.22282594038663756,-0.5759453901143873,1.3927719929763829,0.5355613858987728,1.2117265537994082,0.4251225933422945,0.1586454948788976
3662,Danny Drinkwater,Leicester City,Premier League,35,3152.0,0.26553612693065276,-0.01475095095002446,0.6462659818632548,0.03275994264036649,0.13167168428668113,0.758862124974656,-0.005903053761303999,0.8465687122852447,0.05444837164658907,0.3580421398056723,1.2188024058415856,0.14856759160893915,1.215008375430813,0.7655474745581851,0.22961944137757734,0.937082328168211,1.1059302953880186,0.6548663741523729,-0.04173094806970793,0.7264332689557332,1.612054093958213,0.24842590639306525,-0.05005875117467637,0.21981998005563275,-0.32288589825840786,-0.0008236434581181738,0.16789953534222046,-0.02701420610270233,0.30432897379650337
3307,Marc Albrighton,Leicester City,Premier League,38,2821.0,0.3630916639987487,0.030142811747079,0.4738336584317195,1.0672371178204394,0.13844337090713876,-0.039251841969166576,0.2529557498502336,-0.17920166519937883,-1.9167341997294622,1.276117191740657,1.4124656080487326,2.1691815187901704,1.701502902404594,0.7107616270744486,0.6843361171668843,0.6032861289417045,0.4555568470375792,0.09093692590324484,-0.34985562169779205,0.503405363000998,0.5202507078951238,-0.15047017321848707,-0.6259933925918436,-0.5565390382248238,-0.12073916952148271,0.40982834000749446,-1.0868835722325798,1.165095469489077,0.9127786978216894
3671,José Leonardo Ulloa,Leicester City,Premier League,29,1078.0,1.3442168248841007,2.399480846983733,-1.0184758468875879,0.6892952300736762,-0.08652710681696216,0.14648435743142782,2.165615155764351,-0.48026075693362735,-0.4859682178033735,0.10105960440166105,0.2577093204849686,-0.12601181973189426,0.9258898257682773,-1.0712278960682151,-1.285577941421036,0.8126413290397158,0.3830325977863399,1.6417224080267556,-0.8910784697749505,2.495275281700185,0.4516680339746891,0.16397587851773232,2.37064915056166,0.460969669844017,0.39540119791644796,0.641725602529184,0.18625080425707402,0.6069639349974855,0.6937909458526189
10960,Jamie Vardy,Leicester City,Premier League,36,3253.0,1.697506546253855,3.1246145468879747,-0.6532236993662173,0.46774855497167045,-0.36432466028194477,-0.709960383077282,2.1779943191535662,-1.2382812627580189,-1.2245366839904144,0.3875460864276538,0.7106194853101795,0.33869478529176367,-0.2984341246283353,-1.1482965116063635,-0.8527687949690301,-0.09523932722786155,-0.39134723362508,-0.8967391304347829,-0.8127557458960027,-0.41348713925735747,-0.9660993689888793,-0.44799310908691325,0.7931599084654815,-0.15044697165326237,-0.19399807464264313,0.8617423395950614,-0.15872444532543528,-0.3077131579056619,0.37818300893374857
20074,Artur Boruc,AFC Bournemouth,Premier League,32,3010.0,-0.5658964110424543,-0.3973651641479937,0.0,-0.6746833144297715,2.163177670424047,-1.342245133397298,-0.4798210963967663,-0.7862315040435668,-1.1921495094224253,-0.7089220597690702,-0.4317229519419891,-0.4659467390352356,-0.5415846807314204,1.8081799869367687,5.047165492657918,-1.7175358086428996,-1.2834346909296313,0.0,-1.021966918613194,-4.0494401654542855,0.057439938118252216,-0.5209176083144581,-0.8851952301820702,-1.5051903598705223,-0.9981852714651255,-2.0892852635120476,0.029924782091775022,-3.3857218791926837,-1.2423907025813001
6409,Adam Smith,AFC Bournemouth,Premier League,31,2223.0,-0.14486380393313714,0.14514495730949614,0.959484892185926,0.5584321586714287,0.21631776704240452,0.36943992416961985,0.036034785632751934,0.5030200542695618,0.5631553807874442,-0.11512949265517038,-0.4317229519419891,0.5466709108193422,-0.3636789769519927,-0.4118210781277681,-0.5408703515054173,0.881689083148596,0.7990295188146458,0.39617131732641114,-0.006739659454970501,-0.8982808760836152,-0.11901200533166091,0.22066225551405555,-0.16155220523719194,0.21592195388091565,0.9800979299273811,0.07629103484918834,1.7611019840539839,0.7991549279012631,-0.1265023231912651
3608,Simon Francis,AFC Bournemouth,Premier League,38,3540.0,-0.4601387290533004,-0.3973651641479937,0.5470057241747395,-0.0045476173080915986,0.5739042799084205,0.7725351512235662,-0.08768319285398848,1.0770719511172564,0.21603584904804227,0.17386974539908848,0.4080600872402268,0.8058323771380561,-0.2064284269164474,1.236053388148053,0.5754668219992385,-0.5024843876553783,0.8440450934978357,-0.17770243318707624,0.40605389879534326,-0.013532306375695325,-0.3738529584478517,1.543264409885273,1.0013499409357831,-0.437081431432502,-0.7510433754205517,-0.36148655293353116,1.6551116565810973,0.8552120208560197,-0.7030368915297729
3341,Steve Cook,AFC Bournemouth,Premier League,36,3335.0,-0.07944278534121861,0.3258732166616015,-1.0680818112570878,-0.676289300848591,-3.0284487385936663,-0.1526321349505381,-0.11334686896095338,0.11570793280645214,0.3709186478335686,-0.6525348712771922,-0.4317229519419891,-0.41885530493684175,-0.42299865989134033,0.9448015918734882,1.2405547560907508,-1.1198772534007198,-0.45471747850392846,-0.8967391304347829,0.49558828226933993,-0.1226108971616035,-0.5254283959663414,2.08762731318467,1.2780999384060425,-0.9235272840014113,-0.8064075949045766,-0.8895438233068308,-0.5854036243376988,-0.6938096200134627,-0.1332030769175692
3345,Charlie Daniels,AFC Bournemouth,Premier League,37,3431.0,-0.14761260323341358,-0.22161465409261658,0.24123851556790563,0.27750473346291166,0.6134384438515954,0.6305789819223001,0.08309479468994785,0.8828510424842865,0.26696940618931325,0.17341846356416374,0.6513548528908016,0.9530412861068382,-0.31104875563572343,0.1542256153873004,-0.10134285212327089,-0.38788627701505984,0.32762441920719115,-1.412364130434783,-0.44937941056457836,0.041006989017258404,0.17455485265910686,0.32553787272323037,-0.3737116623531951,-1.2101028442328654,-0.5738221733536314,-0.029271980761196567,-2.058440025172858,1.1528458904775607,-1.1483275316795385
3344,Andrew Surman,AFC Bournemouth,Premier League,38,3578.0,-0.2868711125579342,-0.3973651641479937,0.5097161720644595,-0.3307058829205889,0.36607622114868477,0.6043007928687751,-0.18462408173621894,0.848218780486544,0.8684179227096739,0.45834714574533164,0.19142516684749705,-0.36352923120711883,0.45320554160368737,0.745055234072703,0.3499265600802709,-0.10506225240845705,-0.31789112488724774,-0.07173913043478311,0.29451096804686133,-0.5433426044786765,0.4382786310058367,0.25103424247042044,0.1774888380064577,-0.6209742740844252,-0.5475718514766403,-0.1941217897286054,-0.05747809202659213,-0.4410586568440012,0.09724482191023466
3049,Matt Ritchie,AFC Bournemouth,Premier League,37,3094.0,1.0273051266157434,0.38220820366066843,0.507396714288197,0.09442799758624851,-0.2737081950332468,0.5242274140912688,0.4126312541311921,0.3513886477178253,-0.5321409105608185,0.4134244530795741,1.0095336537650457,1.0399188084668962,0.22535335320846667,0.5242548429225313,0.2767205727779798,0.4356355655933504,-0.0998542862568364,-0.040607054963085004,0.11605775199092108,-0.6212558836114677,0.7518180892500019,-0.08428460104068601,-0.3967776499385255,0.0868612553230582,0.5937113319793693,0.385112080373379,1.259775483062571,0.7221052529821579,0.2716913213249069
3343,Dan Gosling,AFC Bournemouth,Premier League,34,2562.0,0.408296131870907,0.3087238288262449,0.0027031685781730578,0.45117243611999647,-0.036664028312272084,0.22293952659247673,0.36237101545294764,0.058550274476419265,0.7145647407933402,0.37302673595888153,-0.1416339629973127,-0.3433472599422273,0.23024275779642556,-0.5824819896003709,-0.5346780843644605,0.9911009934787818,0.739232100229413,-0.1817391304347829,-0.17839401654248824,0.7332365074662887,0.1370184712477422,-0.15131011672756656,-0.10508740458948114,0.304299818654493,0.48661537875285865,0.09449429222389076,0.06344178583539674,-0.0032117099413262063,0.2359269623829258
3304,Harry Arter,AFC Bournemouth,Premier League,21,1693.0,0.760915854432814,-0.04119268925136038,1.071338588777541,0.42222721291989485,-0.15939203887335077,0.9874757974247219,-0.18571011581260063,0.7055331868902324,0.8593718181682423,0.7152885295520496,-0.4317229519419891,-0.28041817114611134,1.3272133322711477,0.2906648034926227,0.034862553798749425,1.2533665797101683,1.0836469747452606,0.38343328335832033,-0.18758719590215867,0.9553422353108973,0.9942138330919409,-0.25710999648398114,-0.6548480330670383,0.03760016648189591,0.11199580285477113,0.12560864969644353,-0.4859434417327201,-0.5142473971998952,0.13902968562211096
3463,Junior Stanislas,AFC Bournemouth,Premier League,21,1487.0,1.364341308651989,0.8191782117766873,0.40728723028881103,1.377079789511259,-0.18142780461621083,0.6957831733593136,0.5450391857052539,0.258130743066318,-0.5061182023294338,1.4184912959273677,0.567884297118214,1.0478723837803168,1.5861053233125257,-0.29538077359900244,-0.4297155263047021,0.1926543379354805,-0.1217955250588687,-1.061739130434783,-0.18362738999774106,1.6226465554129224,0.20755922136687954,-0.17071395280000676,-0.3606790167109889,-0.4344675893021119,-0.16868882121176634,0.5368817386386008,-0.7116303475087155,0.27085290786317723,0.8111223795412004
3346,Joshua King,AFC Bournemouth,Premier League,31,1965.0,1.2123396260677974,1.4438562098978087,-0.56957829544838,1.9089694824210492,-0.15541276467124254,-0.18367586633816807,2.3997179397412887,-1.1243531392489208,-0.18438194014574588,0.34752474442708964,0.3247228390771061,0.14680109006015118,0.4647368956087028,-1.2395443311955938,-1.2248837932037449,1.5271138265820094,-0.1230724413938715,0.9782608695652172,-0.6131755611883919,0.5318606475538434,0.07705539183121052,-0.20854974062902892,0.10711470548141312,0.3418694325346298,0.2434653149891273,0.7387011006769149,0.18283196915464203,0.14532248019161842,0.4814933522107661
3810,Shinji Okazaki,Leicester City,Premier League,36,2104.0,0.7389844941088932,1.0356196267265314,-1.0014524467275985,0.3697689666289898,-0.37495079620683525,-0.5522053169648652,1.7003074696709501,-1.0524127384671014,-0.11917166244429457,0.07271086003623432,-0.4317229519419891,-0.2171350585565542,-0.3536168197515402,-1.3390571580528128,-1.6230398807356892,0.9114578679818433,-0.06837337406568662,-0.5622796709753232,-0.601223483957162,-0.479595376097302,-0.46699862166034994,-0.2636834760980145,0.8292984454931568,0.022379978553086363,1.1731791825512086,0.5584146836524692,0.05686914411110171,0.3831107912587832,0.5351297361086585
5108,Glyn Oliver Myhill,West Bromwich Albion,Premier League,23,2171.0,-0.5658964110424543,-0.3973651641479937,0.0,-0.6911632058351953,0.0,-1.3412060894553166,-0.4798210963967663,-0.7807561273002352,-2.692885018865423,-0.7789597780634512,-0.4317229519419891,-0.4659467390352356,-0.5415846807314204,2.825595324919193,7.825514181075532,-1.731886929382582,-1.2834346909296313,0.0,-1.050517656745049,0.0,0.016695087104070652,-0.5439669083520798,-0.8851952301820702,-1.5393035465059481,-0.9392399443780926,-2.0931067953872775,0.046558063736033876,-3.2290714990552827,-1.2611243665091532
3523,Craig Dawson,West Bromwich Albion,Premier League,38,3538.0,0.10428087278932369,0.28437593251678867,-0.7163757239937745,-0.27054867957466294,-0.43263553408480965,-0.602259406875241,0.07886482106129085,0.003748456690520863,-1.1754384726990788,-0.09372642058464983,-0.4317229519419891,0.6733829028808247,-0.3180208709509411,0.31161359308404285,0.5246341544778875,-0.3796953714462488,0.20078425099672972,-0.7881864988558352,0.018238634431564083,-0.6283389089871763,-0.7555446883443112,1.3091303638925014,1.2917583150796712,-0.4654805969334871,-0.3096236679438217,0.05509735903378088,1.80462979585938,1.7689831269962097,-0.5564137915227481
3596,Gareth McAuley,West Bromwich Albion,Premier League,34,3195.0,-0.4096597102634852,-0.2086327697817967,-1.232687691352183,-0.5669579523007341,2.163177670424047,-1.3053283741759727,-0.16340527016598433,-0.9688855452635177,-0.6051350288491675,-0.581012799597642,-0.4317229519419891,-0.4495617695289087,-0.2940201239228646,0.29901803304087604,1.8671596711365777,-0.542113889780976,-0.1372695040571345,-0.8189089417555376,-0.0015126021915460185,0.14589024938832398,-0.39061664187507755,2.300655782675979,1.189804043735843,-0.4787518004975473,-0.5898773831121321,-0.8285129501581814,0.8663890872946078,-0.2977346329398331,-0.45791526018213985
11012,Jonathan Grant Evans,West Bromwich Albion,Premier League,30,2703.0,-0.358137146757435,-0.17427970354866007,-1.2655287371037152,-0.2874272055143814,0.9832625774654757,-0.7419604292467089,-0.28444282809202365,-0.2892066703211171,-0.3385056672722019,-0.5839787088199376,-0.15676624099997682,-0.09796687448415276,-0.5415846807314204,0.39762735302503627,0.9378145172551703,-0.3055750709622391,0.8382178061615329,-1.2446306966998433,0.6345357114291298,0.27254173360998707,0.35998173564329816,1.4452397014430454,0.8821847578933739,-0.2857101952307573,-0.44482425289839794,-0.5429396845264736,-1.2200560469132198,0.623002629959069,-0.15019652044897372
3541,Chris Brunt,West Bromwich Albion,Premier League,22,1878.0,-0.0010670445082617633,-0.3973651641479937,0.8824636376779362,-0.24213442883011937,0.33083893782956014,-0.6142283185981534,-0.2709241857027042,-0.07025216348722249,-0.9076931006406928,0.11907443734053977,0.7555102584034756,0.7884456948157523,-0.12040855772644883,0.7224832519013079,1.1207733515590501,-0.5530585145235357,-0.17969191799044668,-1.1717391304347828,-0.364114128175695,-0.5589252603052348,-0.5814762657129773,0.9522124958472198,-0.0026575997018077253,-0.2817657878421966,-0.7465199198043028,-0.07545179846055065,-1.5962697597003597,1.4922931016318581,-0.05227432401938022
2966,Stéphane Sessègnon,West Bromwich Albion,Premier League,25,1809.0,0.39989513481759137,0.2693015025186729,0.605970943586689,1.6121954138150745,0.0618050762978297,-0.025186602660880356,0.29588756202821836,-0.550348358475566,-0.31323504464955654,0.7360075612727178,0.38995531193447375,1.0099232754525715,0.11427664514199344,-0.6286204997235186,-0.3782989072922111,-0.41854915245916746,-0.4813450008766448,0.08540372670807439,-0.19541594752233135,0.31370346598202775,1.30624581020301,-0.25632846260895553,-0.40014820939133766,-0.2905610263302192,1.6270147051275512,0.5515703292289657,1.1924573793590145,0.7545522778914053,0.21966506257522442
4022,Darren Fletcher,West Bromwich Albion,Premier League,38,3523.0,-0.15853571147026624,-0.22620422176933938,-0.4531477623665709,0.2522088349629328,-0.00645724677738533,-0.2383701299757309,-0.09863976659451158,-0.1793391905613441,-0.0024341714194336716,-0.09080887861411847,-0.009805274010532373,-0.005302599167466209,0.917767273149275,0.16264770565743056,0.4401856390742849,-0.055141984430464926,-0.4008790873617392,-0.2550724637681167,-0.34311092057428244,1.5925559096788782,1.2884947563494842,-0.1599536623378275,-0.20718953790731506,-0.8980957068812268,-0.21316942899162555,0.011660713550636696,0.4963896575311321,0.11814974543216168,-0.14467364579403857
3967,Claudio Ariel Yacob,West Bromwich Albion,Premier League,34,2943.0,-0.3750797982791491,-0.3973651641479937,1.1325520266284372,-0.38777193286684386,-0.14421184469493656,-0.7802173955652995,-0.4798210963967663,-0.4203445134587913,0.17313418650498313,-0.4924310222821575,-0.17918880662215933,-0.37700691984951595,-0.2728219355722848,-0.31064188758875094,0.2362691623080538,1.0935966365673326,1.4164783985672058,0.430434782608695,0.7015256006837607,-0.013532306375695325,0.8016532878601502,0.5404388283822433,0.17488714757056056,0.8680928966852091,0.3152445165363904,-0.3250406644600299,-0.17030492055245858,-0.631911455102195,-0.23656532458929416
3514,James McClean,West Bromwich Albion,Premier League,35,2524.0,0.20046967595501983,0.08044783109764798,-0.07800701448345747,0.6452489070261876,-0.35628808689337294,-0.5816277578118022,0.24951001098133815,-0.6794158771670781,-1.4807128623543055,0.4738940178918988,0.1571898766445881,1.7533272705845977,-0.22820561615006688,-0.2800838510597234,0.10494621738817386,0.6256286468823756,0.7149344547825266,-0.9532459797498516,-0.4036013676163726,0.08406432748537969,-0.23747733857942205,0.32188863169035686,0.601942792951481,0.16932920089917267,0.41213095947771,0.4787017018311326,-1.2016358424252482,1.3880797874858712,0.6096083600446934
4041,José Salomón Rondón Giménez,West Bromwich Albion,Premier League,34,2634.0,1.1397172301493672,1.6629993005444899,-0.5226451579721674,0.1374612504041061,-0.5506270433806667,-0.24679009736673804,2.012062456744115,-1.0347057565217304,-1.1031977816189005,0.1814663361328445,0.13259594682510356,0.05079563639778596,0.05899903908888106,-1.1298986411911243,-1.0552635169762246,0.3877774177578786,-0.9686542919046063,0.47826086956521674,-0.6263755219312752,-0.021922967205380513,-0.5297863086899229,0.04867312393643036,1.7242803993225144,-0.09693999465045554,0.1949835072077395,0.7832995744667449,0.11937726117748683,-0.07063246740164073,0.4520806185522067
4630,Saido Berahino,West Bromwich Albion,Premier League,31,1834.0,0.6589090226814436,0.9177929601704363,-0.507218384099628,0.49891139489235103,0.5112965402820471,-0.45884927027843914,1.4947199569550427,-1.0032725068486619,-0.06353968828223636,0.2555668242237799,-0.4317229519419891,-0.12341689668377716,-0.5415846807314204,-0.9141203065115462,-0.4662700979402297,-0.17147642529209164,-0.5676268097225067,-0.6796338672768885,-0.6756530034107715,0.8590964199115673,-0.44149477363898687,-0.41156539477719134,-0.4864992738887064,-0.4195577256484612,0.20165094639182043,0.6337033411101636,-0.18404379156798364,0.3291479294418202,0.33479915439693886
10503,Billy Jones,Sunderland,Premier League,24,2119.0,-0.18309253144981127,-0.11279697160434111,-0.4379510025738671,-0.2932037706225796,0.636228726595308,-0.8902972467802431,0.07559428578838986,-0.3255665791039316,-0.6051350288491675,-0.28152341169703565,-0.4317229519419891,-0.02125603761529112,-0.5415846807314204,-0.5286403687837227,-0.16890453805895617,0.9284207545018117,1.3577347779072872,-0.4384057971014494,-0.2799576219358091,0.4285230352303522,-0.3309318033995906,0.42189557245991965,0.7251425665441231,0.350525136425921,-0.47114796692822797,-0.013011985264548795,1.0949762858549388,1.2820959953001052,0.8255876800985011
10783,Lee Cattermole,Sunderland,Premier League,31,2293.0,-0.29377677574545996,-0.3973651641479937,0.36470179515917367,-0.2801361716109548,0.7969601943667538,-0.48633933547517694,-0.3942763082843702,-0.21417042322210386,-0.0737019475719704,0.14041890517286318,-0.4317229519419891,-0.28330399128917516,2.218009768473419,0.15730338536877658,0.4658321624831058,0.3403573257019859,0.43412961888353874,1.4914187643020593,0.2987008273228936,-0.04989183663766448,0.18809681230006567,0.030908568818260394,0.028948119293355327,0.5653595644027662,-0.33611866980293925,-0.11700963754532734,0.07411291612458082,-0.47739563137170704,-0.06089256030313521
3337,Jermain Defoe,Sunderland,Premier League,33,2667.0,1.4929483016972798,2.7679891665606693,-0.4167913756349554,0.10860895187158925,-0.6137387809110093,-0.8853439307897504,1.7888712936649984,-1.4491571095517468,-0.30446471663193164,-0.06755303318351794,-0.15305478933371758,-0.3481740110876213,0.05156774446793222,-1.2069852174626554,-0.7531042283749434,-0.32276507407673793,-0.7134779804340011,-0.14673913043478268,-0.8894045675495426,-0.1226108971616035,-0.9242276098287245,-0.5309600854962041,-0.5196367330731941,-0.8077950561872383,0.1487362504728436,0.7777218562766153,-0.27410881038901486,-0.48057292972986665,0.09563582267772097
9485,Craig Gardner,West Bromwich Albion,Premier League,34,2133.0,0.8967625756804899,0.45073610167479117,0.4072044910639835,-0.17953713510516253,-0.904601571268238,-0.675196989566372,0.4610173213553823,-0.5666336596984998,-1.8143982389246094,0.3576345110879782,0.6135766115970556,0.6139402807488437,0.20006441350518214,0.2027648757419961,0.5034877983375207,0.8552675854923864,0.5629670729717278,-0.24542334096109852,-0.24472561007947832,-0.1226108971616035,-0.28044316800905555,-0.02354764449278994,0.3260579138600473,0.771373061598278,-0.012713854645006866,0.3765072383921722,-0.031207754798592523,0.8844483014881155,0.7115621669126253
3096,Rob Elliot,Newcastle United,Premier League,21,1976.0,-0.5658964110424543,-0.3973651641479937,0.0,-0.6911632058351953,0.0,-1.1350280088465825,-0.4798210963967663,-0.5718675003653719,-1.893428221768452,-0.7256162729860002,-0.4317229519419891,-0.4659467390352356,-0.5415846807314204,3.322619737173474,6.858227945051984,-1.7209565464305465,-1.2834346909296313,0.0,-1.050517656745049,0.0,-0.1875495590718845,-0.5439669083520798,-0.8851952301820702,-1.5393035465059481,-0.8448721300149703,-2.0838935828597522,-0.05896232305504538,-3.2076521778941136,-1.3190255986298043
3650,Daryl Janmaat,Newcastle United,Premier League,32,2865.0,-0.10853596432496154,0.02357724422896945,0.5567253076820203,0.46887159337311357,0.5359514825229726,0.30031439839198487,-0.1690921999177293,0.6515931505909442,-0.27144435469023415,0.030446453254857918,0.6059147299794923,1.653633504746576,0.14861493445473742,0.366043828530549,0.029125919666135935,-0.1789103280130181,0.9111834871944033,-0.6700907787864312,-0.12065051011908871,-0.24928280904201222,-0.13776713347558292,0.8000124346793017,-0.20460569315633031,-0.3207543247714028,-0.8233483927316949,0.11603864544393534,2.0399427255386544,1.2899779594590144,-1.191509764579628
3044,Chancel Mbemba Mangulu,Newcastle United,Premier League,33,3057.0,-0.32096203469858453,-0.3973651641479937,-0.3909450575868656,-0.2692736731598725,0.9651100375738058,-0.5875687496342653,-0.31200340759128514,-0.41926089358995955,0.21110781526331093,-0.6410379383080788,-0.4317229519419891,-0.397448240412122,-0.5415846807314204,0.34139525770954404,1.0471011488623376,-0.619111730713129,0.5473268741555607,-0.336553945249598,0.720524695869814,-0.5173715114344128,-0.5253796884827231,2.6900602485458363,0.39049271458649054,-0.8003518883450407,-0.7302472978131279,-0.8719322133977763,0.8770478875191303,-0.5812020042128988,-0.2860332739062667
26207,Fabricio Coloccini,Newcastle United,Premier League,26,2393.0,-0.3051482607139929,-0.14538020802597137,-0.6864463793555635,-0.5253312856335223,1.514224369296833,-0.8598169057879707,-0.2591326470746939,-0.5263152660608846,0.7782699349619951,-0.646815900880363,-0.4317229519419891,-0.40031784947479115,-0.376317493309077,0.08961878741141126,0.8903603503450861,-0.4006000864238297,0.015873036345623096,0.844927536231884,0.02684617664671604,0.09554628441021214,-1.0294091532168412,1.2535510076617014,0.27593801620309993,-0.9814895084598931,-0.7780948318158705,-0.9504411612819962,-0.7601518236315885,-0.8681550740065312,-0.6624497073253867
3065,Paul Dummett,Newcastle United,Premier League,23,1965.0,-0.40712533630046754,-0.09049493514036029,-0.11993316529417072,-0.5396991657425985,2.163177670424047,-0.6976016063678648,-0.39535461800338334,-0.09560205592850107,-0.3724405504945675,-0.6180334177076597,-0.4317229519419891,-0.013046169703862761,-0.5415846807314204,0.18005902286090425,0.37688012461551434,0.02676440604519076,0.8263148536808412,-1.7217391304347827,0.13030600125792546,-1.3830746129098719,-1.3702903231837067,1.627417914276092,0.8513471572290259,-0.6509718619590087,-0.592822056957013,-0.37650922244869534,-1.9993390210317343,1.1304784791249824,-1.0134028358064746
16072,Vurnon Anita,Newcastle United,Premier League,28,2180.0,-0.336916475726488,-0.1207596595608381,0.4841798858487332,-0.14505891449216277,-0.2163177670424051,-0.13813995641702623,-0.3690777235574018,0.2501374719434398,0.02231471094297257,-0.34379423022061134,0.5910403366033242,-0.08172672015292681,-0.360169827749004,-0.004244079537939151,0.034137287637214145,0.9134261909983188,1.2521358626847894,-0.2779891304347833,0.48690030164873166,-0.021922967205380513,0.6490277864899742,0.3948691452445381,-0.3708896391005205,0.06213843526903921,-0.48742299482756235,-0.3021690155900156,0.7235886909317275,0.1347240737680434,0.5149261744577939
9649,Jack Colback,Newcastle United,Premier League,29,2459.0,-0.15989701373557635,-0.15214352933709538,-0.010498919092211978,-0.28771080135918514,0.6056897477187329,-0.2370985881902615,-0.17301376517750225,0.04776342955370189,0.5726604710827737,-0.05024281077522901,-0.1294830212074387,0.044992448335707695,-0.5415846807314204,0.17327563961154907,0.1511898128628152,0.8636145137883001,1.3016305298557904,0.1793478260869564,0.45225665655546904,0.06003232461945167,0.3864768416112801,0.2883480964631404,-0.012939058593367766,1.13315040772277,0.5510959543929016,-0.22560889868530776,-0.3021006224025871,0.47183707546743164,0.4423411056984568
3091,Moussa Sissoko,Newcastle United,Premier League,37,3347.0,0.16116790403685,-0.21720382563589327,-0.14490253630084357,1.5022822746811377,-0.29232130681406093,0.4295943382894059,0.4082848361471808,0.014468084934653175,-0.3233020641106054,0.7956856661110848,1.1226409344439765,1.3171119533129754,0.049219591006954985,-0.5223472941107593,-0.5936578655555769,0.2137147046289309,-0.06545932266743087,-0.12767133382461365,-0.33158840375648396,0.39161674511481953,0.7225234916830456,-0.046482165382913984,0.26539658982630177,0.24004516063854806,-0.11992116227106658,0.35283482077723133,0.7337550337866108,0.6735523429926216,0.7961965441224294
3567,Georginio Wijnaldum,Newcastle United,Premier League,38,3293.0,0.457316388281701,1.4337918355483328,-0.5227190977712955,1.0712793560378924,0.5657541599570582,-0.08737419466289428,0.8031608877580327,-0.40141964634798066,0.6966425146676448,0.43739525055958306,0.47105019069543674,-0.147999714603322,0.2991048596608296,-0.7925841716507857,-0.6825981957927962,-0.3774753954377258,-0.40218340073476205,1.0675465838509317,-0.45028455596511835,1.357063899586364,0.7585794915732182,-0.24900866250167533,-0.2782604445251576,-0.9468549756951375,0.5191633322939344,0.20970782725289477,-0.40158524983177607,0.4831982852509469,0.16972927653041467
30289,Papiss Demba Cissé,Newcastle United,Premier League,21,1104.0,0.7905608144706067,1.2412217923737459,-0.7365757437946974,0.2973317297328843,0.7472795588737617,0.2481800295183079,1.7752961596222214,-0.47398847331152216,-0.2759309620411921,0.17581165339527574,-0.4317229519419891,-0.181435991357439,-0.5415846807314204,-0.8160137804814427,-0.7938945692425233,0.1462380022019689,-0.5324097171688381,-0.8967391304347829,-0.816991238873084,0.31370346598202775,-0.5130201645145883,-0.26117454511875815,0.9251636911659492,-0.4232090707164749,-0.30852980089597437,0.5562013360782257,0.08907909264474043,-0.14186208263622452,0.6552888140577646
3583,Ashley Westwood,Aston Villa,Premier League,32,2837.0,0.2698763172609754,0.027731769232337253,0.3937287254848275,-0.21907269666396262,0.0480706148983118,0.40739752001185403,-0.08624687833088966,0.5032170727850394,0.3822785290967026,0.7072124606823147,0.09221641335674902,0.05072558103385422,0.8524385110263112,0.8242719318300258,0.5901326035751462,0.7576050710487556,0.08042877922038835,0.42915372670807406,0.03998568621152214,0.1319058146721813,0.1064669636174937,0.018494509203280246,-0.6446378955847629,-0.09156732130141462,-0.5893878842805333,-0.0007094883234867522,-0.10027989782419108,-0.11795809579261984,0.24845041984346125
4269,Aleksandar Mitrović,Newcastle United,Premier League,34,2216.0,1.6867040356579357,1.507418229353812,-0.8876155030011569,0.09230094559142496,-0.358469442527414,-0.0004040613258794072,2.373157570653445,-0.6960053715442488,-0.3022467567162656,0.2674972854414928,0.9098077153436807,-0.3242049225026149,0.17228604039072495,-1.2208733767892541,-1.4018080516135256,0.17357082216749314,-0.5039412614847646,-0.4017391304347825,-0.7014926134273829,-0.41348713925735747,-0.8250890180513402,-0.07434782139421711,2.0625160644879643,0.9165072224243188,1.1348321733682725,0.6066514203183127,0.028649713752913433,-0.016625475001081417,0.3270291116035145
3076,Ayoze Pérez Gutiérrez,Newcastle United,Premier League,34,2147.0,0.9162874040733542,1.2877768945385464,-0.007825442586183366,1.8040781067289169,-0.2403530744915607,-0.16039556584480946,1.1928061615205559,-0.7711687750973287,-0.5177003267368666,0.49750781246245956,0.2605993486413931,0.3630701391540031,0.3794315733479195,-0.7145566478676411,-0.46504586181116314,1.1854612992315203,0.5831089793021301,-0.04329085457271409,0.31039642821723623,-0.00711591868240665,0.6945429098620239,-0.2692969775357997,-0.5673278998362106,0.42152941235660124,0.937248851338391,0.4148877121701632,-0.5281188484425526,0.6335886633036224,0.30716469387830536
13042,Tim Howard,Everton,Premier League,25,2348.0,-0.5658964110424543,-0.3973651641479937,0.0,-0.670036939595704,2.163177670424047,-1.1234229093756853,-0.4798210963967663,-0.5973544210283808,-0.6609012898478822,-0.7789597780634512,-0.4317229519419891,-0.4659467390352356,-0.5415846807314204,1.714930277323044,4.399641932800186,-1.704290971060748,-1.2834346909296313,0.0,-1.050517656745049,0.0,0.4179238784844222,-0.5144190407570025,-0.8851952301820702,-1.4518412877558362,-0.9827926887899895,-2.1068856119444153,0.04247006066311023,-3.7230272085999583,-1.3611207877950076
3244,John Stones,Everton,Premier League,33,2903.0,-0.39394454780139104,-0.3973651641479937,-1.2291175296337882,-0.38359155018729374,0.14421184469493656,0.2567080871634395,-0.24592674409867696,0.3915590653626911,1.172287237407179,-0.633721381875999,-0.4317229519419891,-0.3577483699562527,0.003347292402121955,0.3923899661733588,0.4962800125208121,-0.6307609791390735,-0.23619077298829802,1.165760869565217,0.01519298189352921,-0.23168948794751096,0.2536358583389168,0.866065883133023,0.17270184599310143,-1.0794864631286798,-0.175369755652448,-0.7794026440728926,1.000392780002001,-0.3254746016612948,-0.6444785026992936
3518,Leighton Baines,Everton,Premier League,18,1553.0,-0.2444693286285416,-0.009084417206590128,0.5711577923291918,-0.18010617422849395,-0.43263553408480965,0.5803502781096765,-0.17862835909459912,0.9122206793345567,0.1452863872525727,0.5785001837271918,0.04683982312321397,1.388044739715119,-0.28692635523131216,0.7515493396961272,0.2886143862756621,0.26384756408000976,0.05129095464653668,-0.07173913043478311,0.2775604647264222,-0.504385964912281,-0.7134454613383042,0.7739098442819361,-0.38297011142386167,-1.1425977186657748,0.005368430568015909,-0.0191058240785937,-2.0265416988917355,1.0406150434772734,-0.752626658706814
3607,James McCarthy,Everton,Premier League,29,2520.0,-0.1449640497919727,0.08120626442343488,0.5103739971665571,-0.3762141700870972,-0.10815888352120255,0.2924732127355634,-0.14451477307757946,0.39831832867987116,0.9346759234437331,-0.19336663343543206,0.15812465891218605,-0.27898253341839785,-0.0707699432294343,0.05001714584721527,0.09889959875758257,0.7236496255135284,0.9648718178209332,0.20996818663838787,0.10895954183194541,-0.7770824418770504,0.1778390078521851,0.2131385720503582,-0.49831248740850975,0.4165191539251287,0.12100894981129957,-0.09942975657496485,0.37489369042434745,-0.23309023505070497,0.051864296467199596
3953,Aaron Lennon,Everton,Premier League,25,1614.0,0.12998127342149512,1.470664575628959,-0.16412462894523094,0.5074578921094716,-0.49919484702093453,-0.5204041768548929,0.7635545820823745,-0.7079506623008639,0.18142530950708374,0.5925037205077459,-0.4317229519419891,0.37736144986846876,-0.05151729597098869,-1.0403555835831018,-0.7165858603254436,0.4560587971427288,0.0008459333453309367,-0.8967391304347829,-0.30508512584271713,0.1578769077164457,-0.5501106704932153,-0.2860546662954197,-0.8851952301820702,-0.5214032563187706,0.2708234148892242,0.5501226971287597,0.8996622891245568,0.3375544206548266,0.48649439715087717
4275,Ross Barkley,Everton,Premier League,38,3170.0,1.3040461995228694,0.7439597569876533,0.2996761251423846,1.5778111171607636,0.3371573472522994,1.276641564976684,0.5959092847250413,0.6602201551068116,0.6466216189997166,1.0166128925309796,1.4438808074933693,0.12856404727950402,2.5773773027202243,0.11849618574941939,-0.12126020801553841,-0.2976689709809097,-0.5205638973934312,0.39968944099378845,-0.7523110512101234,0.1153787554621955,1.1483057391594864,-0.30322169565628887,-0.3162213037434776,-0.4379964423199946,1.1763082636331499,0.31618370396516177,-0.4258742853911824,-0.04601505380481845,0.0993343162632056
3683,Tom Cleverley,Everton,Premier League,22,1681.0,0.3249594943510134,0.3200649369822861,0.055893968426856434,-0.012458338495822683,0.13167168428668113,0.5466578637160711,0.26519325077584693,0.5332115419433526,0.2688481362335388,0.34972659230822156,1.3367672079063415,0.873166310118082,0.8700192913149869,0.2935312539373663,0.029462494173815808,1.069100104217935,0.9772353669107096,0.07826086956521694,-0.23255004911261,0.45005170446441284,0.3195848485855492,-0.110609901993343,-0.33421528598224637,-0.6841401409040198,0.022553115398000985,0.2722946082308589,-0.2556580262236849,0.40498659597882025,0.7808436429461623
9626,Tommy Elphick,AFC Bournemouth,Premier League,12,1064.0,-0.2726772739484656,0.16936415916027703,-1.5991238293385468,-0.6911632058351953,0.0,-0.53721101237275,-0.13947257272691505,-0.16072301071751008,0.5239097064163408,-0.6798932686338991,-0.4317229519419891,-0.4659467390352356,-0.5415846807314204,-0.04482579549376861,0.3580565064741776,-1.0924595266885,-0.3742991963770923,-0.3074534161490689,0.24177891132838134,-0.7770824418770504,-1.1242294601882719,1.1839723938104219,1.084852420520139,-0.5742594508985089,-0.5894423241568547,-0.834405744900517,1.1132397756738734,-0.7642371322995387,-0.688498504273135
3646,Marc Pugh,AFC Bournemouth,Premier League,26,1406.0,0.4104440670650975,0.8892635698491617,-0.44325490744043006,1.425670640409134,-0.6056897477187334,0.1222943590608191,0.5718865037722337,-0.34936577655594064,-0.24252744666696596,0.12067122648599508,0.6254719124623646,0.7255178998885671,-0.5415846807314204,-0.7933618088861961,-0.6724563823096081,-0.0037047599391161136,0.19083908402043223,-0.621739130434783,-0.3170520370276965,-1.867868349736129,-0.06467592669076296,-0.14921075977033538,-0.3304615108140062,-0.6629391786029761,0.5835118943217079,0.39039639049221875,-1.8070823251398056,0.9276702001411742,-0.899854012276383
3289,Romelu Lukaku Menama,Everton,Premier League,37,3290.0,1.6341205358686983,2.7184403069766274,-0.6479975429101255,0.6356433702950903,-0.31464402478895265,0.15280781555772796,2.8452150125055042,-0.6205373633559057,-0.33811196637990537,0.5986970424292141,0.9236715581059034,-0.02041501501213289,0.900911536295942,-1.1222516988019564,-1.1294250463289164,-0.730743586292489,-0.926412484558239,0.8017902813299234,-0.9721549925108091,-1.867868349736129,-0.9812380410779696,-0.49124776464900877,0.9817197923933236,-0.44695576169071893,-0.17868187436028063,0.7829662162826035,0.1989428941546395,-0.6170030994550421,0.07281266131816819
3278,Benik Afobe,AFC Bournemouth,Premier League,15,953.0,0.35074414848578417,2.133589715180444,-1.21607249032744,0.34985406867320873,-0.9517981749865808,-0.4848759177201799,1.8951187592218186,-1.1125145102695786,0.7809771415964425,0.4376975423599256,-0.4317229519419891,-0.35608319743457545,-0.12659582501088681,-1.2581731826474079,-1.3068722616396824,0.5004803489515212,-0.8484233734942085,0.47826086956521674,-0.7799896763351336,0.31370346598202775,-1.080599397996174,-0.21636694087087613,0.03552886279844942,0.1846115304742247,-0.10438811023589872,0.6873916392655162,0.10055218149875143,-0.019148920518853148,0.5949514865290789
3488,Wayne Hennessey,Crystal Palace,Premier League,29,2726.0,-0.5658964110424543,-0.3973651641479937,0.0,-0.6911632058351953,0.0,-1.2784405324593457,-0.4798210963967663,-0.7123497045619994,-2.4427389731403246,-0.7789597780634512,-0.4317229519419891,-0.4659467390352356,-0.5415846807314204,2.7319582758977106,7.588240780138243,-1.7200022430033328,-1.2834346909296313,0.0,-1.050517656745049,0.0,-0.10969264121340162,-0.5439669083520798,-0.8494305745771775,-1.5393035465059481,-1.05278011152739,-2.0751122469107695,0.06571816360720793,-3.1593627122954637,-1.1770282293820655
3443,Joel Ward,Crystal Palace,Premier League,30,2808.0,-0.18813659966381696,0.03212201533918595,0.07161170148181317,-0.14353547540781317,-0.18142780461621083,-0.4045801750768004,-0.24876064923771127,0.02433679660547111,-0.18575656248049793,-0.2909654908734354,-0.1670477419433211,0.354352054839209,-0.4007426652393735,0.010412401111419611,0.0013404026694761749,-0.07816047163941924,0.34057657711721157,-0.27173913043478254,0.38789862655748186,-0.011211485295144272,0.4208269982024443,0.938477388939407,0.33001338494001103,0.10622036010673654,-0.11642416516034418,-0.1070312639913967,1.7193252233814442,1.1140753887491683,-0.4843440648421562
3407,Scott Dann,Crystal Palace,Premier League,35,3293.0,0.040451914482971044,0.5182133357001696,-1.0932101648445292,-0.5254634777958452,0.7472795588737617,-0.9779196185469041,0.34953511478901456,-0.623460144492456,-0.05674857943263092,-0.5228850351954442,-0.4317229519419891,-0.4341520365920442,-0.42148617496109925,0.340174067930416,1.4116727514514789,-1.0333647581228862,-0.6120051364954451,-0.12330163043478293,-0.058828185891250204,-0.6048530880045645,-0.5711836423974374,1.6682199355259542,1.4241176128052075,-0.6038584346994053,-0.6785078629985033,-0.7431475242619497,0.825202226940639,0.44508522660232264,-0.4771751985502707
3693,Damien Delaney,Crystal Palace,Premier League,32,3006.0,-0.12998899925083193,0.003832440642425089,-1.0840595662914567,-0.6251559228939771,2.163177670424047,-0.8950469639160831,-0.028061079948760063,-0.5315238165782357,-0.2523272653098704,-0.6036324892526671,0.3100015886530816,-0.4311164146355586,-0.4100196842238795,0.6039944416931567,1.7152324458706267,-0.87685899562561,-0.34103076510604124,-0.997348886532344,0.03585407563071909,-0.9493117957495371,-0.9455970956828148,1.983289926611312,1.2554015022896057,-0.7536562042669178,-0.6427739523771491,-0.9761696243908827,-1.0281844196851126,-0.23212403572042753,-0.6695038236083592
4884,Pape N''Diaye Souaré,Crystal Palace,Premier League,34,3144.0,-0.3475861832722224,-0.3973651641479937,0.7968102373085613,0.018824482098852152,0.3172660583288603,-0.015012492343128405,-0.2686549004133089,0.32544411735719087,-0.4662417914729871,0.09272467386375281,-0.19533364224852257,1.0825735899286497,-0.038423892561358836,0.3740164578628092,0.3200337082567946,-0.7838639438785483,-0.5801848427261405,-2.1858016304347827,0.589515201592415,-0.7770824418770504,-0.043556751086699166,0.9234832004362681,-0.35803057686084466,-0.4942074470389605,-0.13809079846129924,-0.08097183319801775,-2.0372483150212854,1.345838696693405,-1.115945312728531
5489,Mile Jedinak,Crystal Palace,Premier League,27,1640.0,-0.03323881760927668,-0.3973651641479937,-0.6963750592953616,-0.5096834260901022,1.2979066022544283,-0.31701145407901504,0.23781621753637133,0.1769935505639736,-0.27835150663352703,-0.20050801324796894,-0.4317229519419891,-0.2105809947780914,0.18186235494236339,0.05064502594668531,0.1467033861883928,0.8625594319008326,1.033752118356718,-0.3717391304347832,1.0979253876770292,0.10086719127781764,0.30280041890695014,1.1693409703590694,2.7113988529433586,1.1529341036301235,-0.10086581178320869,-0.17764951226279466,-0.1288781120754459,0.1967106097273864,0.2043885461822545
3507,Wilfried Zaha,Crystal Palace,Premier League,34,2581.0,0.23189594398614957,0.06989558749865482,-0.32443537672269157,3.1142167553443625,0.09177117389677748,-0.02848693293781151,1.0752415499149988,-0.9415330329770822,-0.5687493317916539,0.6504229461351234,-0.14376944954901716,1.278376419141228,-0.08189729657605242,-0.8528734032926635,-0.4012315238392094,0.4354881611732434,0.028312919188018745,0.7027506654835843,0.18144503436098577,0.5495490676812884,1.378316238333094,-0.35580388944751146,-0.6207778887436507,0.1713782614069369,2.1943542929508144,0.5196229434252078,0.7321614626851852,1.0508665480943469,0.8156198302935485
3277,Yohan Cabaye,Crystal Palace,Premier League,33,2758.0,0.9951605990295018,0.03990822236397128,0.6804592563244409,0.010277857283982464,-0.49919484702093453,0.1021108798196666,0.001619454851957293,0.2472505996176219,0.14644984645914602,1.055530711271605,-0.16224942414058943,0.3502421788859849,0.7489734829796079,0.7251197251332414,0.48289119161336247,0.9346350796283701,1.2719019130483533,-0.4923273657289002,1.722672059767858,0.2156552944890774,0.9777876581485787,-0.2798359701036982,-0.5670480000840155,0.28497270326161733,0.16867551067784542,-0.05083139530466263,0.039743513436414774,0.4457611149585811,0.3522967090183502
20641,Connor Wickham,Crystal Palace,Premier League,21,1366.0,1.032856248603247,1.3683742209178928,-0.8194833094907619,0.1803648725892636,0.6489533011272142,-0.2365703965417243,1.7625092575715882,-0.8049072140222929,-1.0115841765481477,-0.007314345903543025,1.2005054294846453,0.22387726997564456,-0.5415846807314204,-0.8687527710822976,-0.5805143643304905,0.307789744120845,-0.42354958187993835,-0.16879795396419453,-0.9876057081528945,2.495275281700185,-0.758963434398501,-0.010677649428919776,2.2551824066211794,0.8661006531457425,0.33067551713680504,0.6311605271509785,-0.13016164826144597,-0.11091881369849853,0.4966942340878108
3522,Heurelho da Silva Gomes,Watford,Premier League,38,3542.0,-0.5658964110424543,-0.3973651641479937,0.0,-0.6911632058351953,0.0,-1.3035100451674833,-0.4798210963967663,-0.7084722952252215,-2.1843133366345326,-0.7789597780634512,-0.4317229519419891,-0.4659467390352356,-0.5415846807314204,2.9103739533380644,7.426012435122065,-1.710544600614576,-1.2834346909296313,0.0,-1.050517656745049,0.0,0.5172146369547724,-0.5243795585177373,-0.8851952301820702,-1.481324612698703,-0.9367930501302862,-2.0827555995593046,0.011401984583069253,-3.480880212085693,-1.2471879762063425
3991,Allan Romeo Nyom,Watford,Premier League,32,2567.0,-0.3957447840010809,-0.3973651641479937,0.7754856924755954,0.0044975003166225335,0.14421184469493656,-0.37839427668402886,-0.2858476292643189,0.05035798048230325,-0.9787512621076226,-0.49152410909917227,-0.14219899803616157,0.716873167165561,0.07467457832844474,0.3003152369023175,0.34651748910862074,-0.29311299951853087,1.2736195633241014,-0.07173913043478311,-0.01270333065101825,-0.03816295590799722,0.061903641004043955,0.6992765989362386,-0.5433759623166884,-0.019293306007312026,-0.15654849476703467,-0.11681311971308532,1.9504749015195493,1.5239814136176975,-1.0511169099528834
3309,Sebastian Prödl,Watford,Premier League,21,1860.0,-0.163334911857933,0.25102193262620015,-1.362806848951911,-0.6644941342597515,-3.0284487385936663,-1.3194078682017083,-0.0174228602065974,-0.8534949744381415,-0.20002799262670903,-0.66561916942577,-0.4317229519419891,-0.43780158980259337,-0.5415846807314204,0.04607264102877123,1.2284520592249615,-1.0061330075673156,-0.16901053631684146,0.47826086956521674,0.012153096409957249,-0.9193588646412779,-1.5112823980846737,1.451594398937396,0.5824631746621463,-0.2695960675970636,-0.7877309686444601,-0.7992261709393897,0.7666707389596329,-0.2904009863901527,-0.6912386582267224
3263,Craig Cathcart,Watford,Premier League,35,3176.0,-0.4480178864071883,-0.2075037031908154,-0.49021512882684837,-0.6130705214360683,1.1248523886205046,-1.0721160737027375,-0.3325439172310655,-0.6558508747065399,-0.427916956993922,-0.6793941930196444,-0.4317229519419891,-0.43298075819599474,-0.2925391017001434,0.5291335500872548,1.5567934620151491,-1.1436423526528177,-0.19567811684284037,-1.2267391304347828,-0.42817269425502635,-0.35025317358436786,-0.976105477545673,1.8261702619208142,0.5115294324884727,-1.1513412350224537,-0.7164614573025136,-0.8167352131440121,0.16978968896621022,-0.9005159018870056,0.2355982515554374
3306,Nathan Aké,Watford,Premier League,24,1969.0,-0.027171398167282354,-0.09111833834809516,0.07088817006557074,-0.3888505204294536,0.0,-0.597224901517683,-0.11965203909860472,-0.0392724540079194,-0.7409964799585987,-0.4042277505208895,-0.4317229519419891,0.11896921149788797,-0.34072923151777473,-0.49045360932823534,-0.17534900650910976,-0.0755314475661411,1.4887590669644486,-0.9489543203082005,-0.003028920002949226,0.041006989017258404,-0.5009751455260334,1.429212377753318,0.3031576536648032,0.07730460227596024,-0.552027033048721,-0.19699110443264026,-1.9635073465304715,1.4282488803072695,-0.9665248142980961
3626,Ben Watson,Watford,Premier League,35,2951.0,-0.22758650999954924,-0.19302765144043732,0.6950702072243771,-0.4054037875988236,0.636228726595308,-0.16627831509064636,-0.36733269921411804,0.35368171198728626,-0.16484703896273742,0.47120518674729783,-0.4317229519419891,0.08398525173201332,-0.005516392691205913,0.8018857455933149,0.5102332755117176,0.49309604615777397,0.33212157251784913,0.47826086956521674,0.17258783787680526,0.9370096990443583,-0.18583863629129144,0.5139889337678359,0.20505108933840754,0.09607175451529329,-0.5794459932647533,-0.17313216047905525,-0.291494958245746,0.120976311962522,0.10258513397944669
3721,Etienne Capoue,Watford,Premier League,33,2922.0,0.18150130732716513,-0.3973651641479937,0.7096344969041989,0.8876239266494955,-0.013955984970477711,0.5033452028116884,-0.13384280590828307,0.3728394734483643,0.19527850248551343,0.014657214656246123,-0.1773738794997372,-0.10763067077572451,0.40584538652103636,0.11946268323494298,-0.015300957145734484,0.5927908072048319,0.9629575988271556,0.5361556064073222,0.7435278697401907,0.5640477727037837,1.241168367595466,0.12085000033059103,-0.15115076545359002,0.7096917558377953,0.774988618483232,0.0006227823962521368,-0.042735765624884334,0.13273896475279173,0.5911312952701548
5540,Valon Behrami,Watford,Premier League,21,1330.0,-0.5189813491074161,-0.3973651641479937,0.8696435775309445,-0.3554938387878802,-1.2979066022544286,-0.6533386818027245,-0.37771653929581084,-0.3709249497946186,0.30042449109213754,-0.46194694788888446,0.1270800478145979,-0.4265858536422172,0.0531286719026673,-0.9014607906771552,-0.8135068793446286,1.7920685343536937,2.0414036891482255,0.005604619565217073,0.5002382249430675,0.041006989017258404,0.5050061030078971,-0.07448906021736232,-0.22545834250505126,1.5488375594378574,0.12100894981129957,-0.17830575345205657,-0.42520589193238084,-0.591559626637106,0.3312757313140252
3454,Troy Deeney,Watford,Premier League,38,3439.0,1.1396345698003711,0.8300265194809687,-0.26951120477383445,0.03004169573976035,-0.01730542136339278,0.03766948178087683,1.6788535178186441,-0.42649044325231583,-1.4015678568523946,0.7229103980398138,1.081058649608993,-0.009273483094137318,2.2184109889516397,-0.7691447819049982,-0.6698363642722328,0.18050736523102684,-0.3994134365581016,0.040760869565217156,-0.8506043754961207,0.041006989017258404,-0.18565625648237552,-0.029529855607776195,3.42395178325162,0.19244409025259462,0.022368345354515255,0.5480774936396102,-0.2611865950770319,0.07356502627656736,0.17486139821007812
3302,Nordin Amrabat,Málaga,"La Liga, Premier League",25,1555.0,0.8385384012250877,-0.3973651641479937,0.18742453259248001,1.1271358092313968,0.43263553408480904,0.21949063044434905,1.5870027679211793,-0.6807138630039798,-0.9948327059647615,0.5089685528869188,0.046224308299978985,2.0589717934108047,0.4757384819738362,-0.5758667592550252,-0.2774367889821088,0.2265565282150702,-0.4836293169438606,0.47826086956521674,-0.3320672496071195,0.9849563323568458,0.3586499340471482,-0.432426083411177,-0.6344056451558651,2.1585220092930015,2.170422005460523,0.8033586304295574,0.03802418918589987,0.0438682331130593,0.9220707752322015
5458,Odion Jude Ighalo,Watford,Premier League,37,3271.0,1.5515204625343384,2.3678442519327163,-0.6461202947009642,0.7040099913491341,-0.0376204812247662,-0.3592949641812507,2.5923679925289536,-1.2028623135675225,-0.06509194173357435,0.2200037642857835,0.022699542510019512,-0.3059040072323785,-0.17886589794175217,-1.2541463030872793,-1.4040826401692772,-0.08773812424887353,-0.7131057288930033,0.7838164251207728,-0.5776105971351756,1.4044893738411066,-0.5870760735528792,-0.2576299144576251,-0.5275268064134224,-0.09530726966673961,0.45437796172925826,0.7304044217298387,-0.029345630118959864,-0.09474891310103015,-0.06532895962598576
43081,Almen Abdi,Watford,Premier League,32,2028.0,0.6340465192190995,0.19730939206502401,0.459508267962982,-0.17750741898271277,0.679855839276129,0.2241628765320737,0.22700066503790997,0.16782050453955988,0.35726214556730734,0.7803119088158896,-0.4317229519419891,0.17939322118067377,0.6284874479717408,-0.32679915142268495,-0.5187424245635052,0.9519424846864654,1.612529458384669,0.21943734015345207,-0.20300560766336143,0.20462487519612033,0.8487148218379895,-0.11633874567184324,-0.01985986468854443,0.5872196558858294,0.041135729661033835,0.23117848453496317,0.1618981814259948,0.40290443954880173,0.6912338629134159
23488,Mario Suárez Mata,Watford,"Premier League, Serie A",24,1276.0,0.2165115184070855,0.0752053687673666,0.4847986396373245,-0.030288563816752784,0.33083893782956014,1.2130932054212253,-0.19601950612660818,1.1049773021859008,0.9511426814845544,-0.20070949418311892,-0.4317229519419891,-0.30184022626810536,0.6981782644148755,0.27890060107287296,-0.04385862113572221,0.18929063092363632,-0.25460110618522214,0.6229977116704803,0.4985165132144429,-0.35025317358436786,0.6596089813597801,0.13568035960679145,0.03168048623426745,0.4724654929264878,-0.15128067570300446,-0.029122772019781026,-0.08151341724965332,-0.6147012090227321,-0.02832669252494052
18672,Mark Bunn,Aston Villa,Premier League,10,938.0,-0.5658964110424543,-0.3973651641479937,0.0,-0.6911632058351953,0.0,-1.5017195258836642,-0.4798210963967663,-0.8601894708305827,-2.5427306303532835,-0.7789597780634512,-0.4317229519419891,-0.4659467390352356,-0.5415846807314204,2.6007917641247595,7.1162171911898255,-1.708860877449509,-1.2834346909296313,0.0,-0.9588996164711866,2.495275281700185,0.046023696211961555,-0.5439669083520798,-0.8851952301820702,-1.4298358580489852,-1.05278011152739,-2.0785640655470083,0.03294373561444685,-3.166840878317404,-1.1856781680567567
27146,Aly Cissokho,Aston Villa,Premier League,18,1662.0,-0.4157230479290949,-0.3973651641479937,0.7601252083173043,-0.3628544185707067,-0.1966525154930956,0.049635214911881234,-0.13483083594200737,0.4498499846897499,-0.5197515895184822,-0.20816501615166366,-0.4317229519419891,1.5814350553248406,-0.06567086664999033,0.16723182019275457,-0.03705811099046897,-0.3868579282884112,-0.0778181867215712,-1.0389805097451275,0.3972899303504549,-0.3096027670803027,-0.7368122089619467,1.2092776829572744,0.17070135298331515,-0.5508010986346458,-0.7561547169652663,-0.010066035296184453,-2.0791516418261398,1.4389674348630423,-1.19630833063853
42700,Micah Richards,Aston Villa,Premier League,24,2139.0,-0.15750068723207034,-0.11545773076791004,-1.383776751846676,0.004551704828555802,0.7787439613526566,-0.7384691824718683,-0.00014024115753694154,-0.48641620110616085,0.7021777208995204,-0.48328862509558745,-0.08426713629156395,-0.41699865341324915,-0.1718003146709547,-0.3554003230782282,0.07185818512959474,-0.7322397883779017,0.10555773366022261,0.9259352881698678,0.07442680784248132,0.39161674511481953,-0.6238209409679276,1.5805233903469966,1.0747212731813245,-0.7232344674340754,0.1380203854828747,-0.6484037016625748,1.0272176711673706,0.20284061938250947,-0.7093743342292649
4053,Ben Foster,West Bromwich Albion,Premier League,15,1406.0,-0.5658964110424543,-0.3973651641479937,0.0,-0.6911632058351953,0.0,-1.43673771026155,-0.4798210963967663,-0.8490141833712439,-2.450843672620423,-0.7789597780634512,-0.4317229519419891,-0.4659467390352356,-0.5415846807314204,2.6901937933407534,8.024953762348318,-1.701163690814698,-1.2834346909296313,0.0,-1.050517656745049,0.0,-0.0004605610242475169,-0.46995013049300277,-0.8851952301820702,-1.5393035465059481,-1.05278011152739,-2.097119751354614,-0.013926028353770529,-3.148361685235656,-1.1179537620832896
20527,Jonas Olsson,West Bromwich Albion,Premier League,28,2101.0,-0.3877040292044701,-0.11035897661824608,-1.8132130221081624,-0.6203334012702374,0.43263553408480904,-1.353905750499526,-0.19973418662752646,-0.9278942016958531,-0.6079328583258949,-0.6284503548844268,-0.07798283310512076,-0.4659467390352356,0.023124095329981473,0.1046185825077473,1.4037432178547984,-0.9146209994914942,-0.6914797377892822,0.019927536231884146,-0.3142592122024997,0.31370346598202775,-1.302342284282332,2.1803155437385584,0.9941599686503706,-0.4152407617508195,-0.7399186768059878,-0.8791670927309456,-0.9090549112771885,-0.26768624906777727,-0.5219667688668171
9628,James Grant Chester,West Bromwich Albion,Premier League,13,1009.0,-0.5658964110424543,-0.3973651641479937,0.0,-0.3470291008676253,-0.061805076297830275,-0.8413338294067774,-0.4050501125049754,-0.3223188785136946,-0.17981317337154284,-0.3610935103407815,-0.4317229519419891,0.1566496245649377,-0.14962791214701202,-0.20865747625241812,0.22781991535255033,-0.030127049599454604,1.2502511472088615,-1.6771445358401886,0.22705006045341156,-1.867868349736129,-0.835769455348349,1.6907186973767125,0.4675523580291502,-0.3181258445519556,-0.48275370909333853,-0.19010006347432043,-0.5833100876712408,1.0636477993338447,1.3066425612724126
3099,Hugo Lloris,Tottenham Hotspur,Premier League,37,3470.0,-0.5658964110424543,-0.3973651641479937,0.0,-0.6911632058351953,0.0,-1.0094360752856977,-0.4798210963967663,-0.5597178635734723,-0.8173314063769497,-0.6878300091588028,-0.4317229519419891,-0.4659467390352356,-0.4276122370709973,2.047647085917756,4.523150760689344,-1.7287747627092072,-1.2834346909296313,0.0,-1.050517656745049,0.0,0.0034996949563385637,-0.5239731351205982,-0.8851952301820702,-1.5393035465059481,-0.9343864021704616,-2.0637145262646848,-0.1031329988123749,-3.471743904107786,-1.1607898727453423
3205,Kyle Walker,Tottenham Hotspur,Premier League,33,3060.0,-0.15807267003852743,-0.20030634061858218,0.7289703359180424,0.08694617660128229,-0.865271068169619,0.10462936065946007,-0.05575721690485356,0.4691547734305926,-0.002405929249640793,0.3233332000598788,0.05403390405556706,0.6289547526816702,-0.024611635631200206,0.6788298319354744,0.5473403802032535,-0.013187798771588728,0.7261706963753924,-0.3869076697606253,0.7749568254436446,-0.525362616986494,0.35803325978656514,0.7257030309752174,0.05470225667369734,-0.4319627528795296,-0.16668444757563408,-0.05060093856651132,1.9590293268745795,1.1924696865542994,-0.9929442819031888
20005,Toby Alderweireld,Tottenham Hotspur,Premier League,38,3558.0,0.1531250412671671,0.28054377345740283,-0.5590558798695218,-0.5238631278239796,0.0,0.4880344051545687,-0.05574058629661431,0.6143842053347572,0.4033945355906384,-0.5715827791226689,-0.01395567275353439,-0.2599603180071288,0.6811045195266892,1.983624470806933,1.6966397144964167,-1.012546077635295,-0.5066578771466863,0.13451086956521707,0.06053776813876878,-0.6348060191128229,-0.4470984626963282,1.9714385755175563,0.3341704464516304,-1.2795716111620237,-0.8911284420344283,-0.7478056151406595,0.9641156270089447,-0.3790681248166203,-0.6761549232423717
3594,Danny Rose,Tottenham Hotspur,Premier League,24,2205.0,0.16985090946258907,-0.12389577639289183,0.8149770035941596,0.478647498372026,-0.33279656468062263,0.6608843447214375,0.15657661929066988,0.8699822781257863,-0.07348188247025181,0.17711066214555954,0.5794443809508828,0.8635765009067217,-0.003510695014864751,0.40582334364326367,0.11916549159464301,-0.2675031250167142,0.9100350737050656,0.046118012422360244,0.1966510946654994,-0.1635153687063188,0.267409250041789,0.6831339222222609,-0.1556449152376419,0.4165191539251287,0.8103771286927525,0.024116478034233974,-2.0436347026398964,0.9523096265324439,-1.0817498818932083
10956,Eric Dier,Tottenham Hotspur,Premier League,37,3383.0,-0.012567717218031007,0.1373673218112139,0.08362163521922317,-0.5005459576252541,0.5657541599570582,0.5582593864607328,-0.26127233999156174,0.7462827085275301,0.7144255128448332,-0.18696197888289387,0.007655108759317971,-0.24930479814903878,0.39364293854535987,0.5223319699332155,0.29796227838669803,0.18981849499812248,0.37090704849260686,-0.2347020933977457,0.041803370865348265,0.21223500943699777,-0.6041571290579054,0.44041466700576715,0.6422082319768637,0.2514622869511199,-0.37272496514139186,-0.25546414303492987,0.22895943495200022,-0.7126901693614052,0.09091759355508566
3037,Mousa Sidi Yaya Dembélé,Tottenham Hotspur,Premier League,29,2339.0,0.020993162373201,0.3760422749285348,0.5541905740131334,1.4507999348928384,1.1351328369551932,0.8994425887000496,-0.18307715057773388,0.5898961520265159,1.2574787865641615,0.34766234712940325,-0.11397691103721808,-0.35403998920044605,-0.03433665229832717,-0.6025986511925208,-0.5082353838934439,0.9367527500194084,1.8773561776899697,1.1464851686306374,0.382390059928077,0.8171431157631412,1.2776421038919434,-0.010058795466937227,-0.11407622769795771,0.9629621358540339,0.6333811736791076,0.014658285295357657,-0.14032149061558288,-0.5743873616270718,0.28196645265577663
3585,Erik Lamela,Tottenham Hotspur,Premier League,34,2430.0,0.949093263872133,0.8433755765927471,-0.3349059114983322,0.8602524147017324,-0.5692572816905394,0.40265480729048286,1.190501143841405,-0.03904972059785272,-0.17724555404213402,1.9971855001730838,2.0150523227123682,0.3096084842642394,1.736926147673254,-0.46794324028310247,-0.4939494083908454,1.143460509599897,0.8491053580207687,0.25826086956521715,-0.41394193987924816,0.31370346598202775,0.2886407148571028,-0.37266223399839693,-0.3636199769614184,1.4608318921182653,0.5026111549378695,0.6059788067337836,0.3467582453837731,0.12466673851778279,0.6988286775444861
3094,Bamidele Alli,Tottenham Hotspur,Premier League,33,2529.0,1.2352041675549592,1.9869764728626833,0.06596984788748902,1.3879487561317871,-0.9713892180394782,0.5101997887435851,1.1370474733452203,-0.16850542612642358,-0.17700281778845567,1.1799639085925562,1.9192710842027674,-0.11404890639935274,2.1168710138230935,-0.7826250442465558,-0.616884023034798,1.2102488743758582,0.4650963669998069,0.5212296195652171,0.03687146815026937,0.8590964199115673,1.1864445606505682,-0.06388708253882243,-0.037082171290563924,0.6937680420645287,1.383911296945572,0.42756248990222584,-0.4463212631109884,0.4410446259614172,0.240467471655672
3043,Christian Dannemann Eriksen,Tottenham Hotspur,Premier League,35,3032.0,1.4714737093356722,0.7959066036620329,0.7929615122527153,0.5522206852943344,-0.36432466028194477,1.2616541977921436,0.5353873627292677,0.9811713040432645,0.04026497966878107,2.5236928515998494,2.509733471578832,0.8117242175547638,2.458461733694165,0.46859697601164985,-0.0714419708666301,0.27693864882609154,-0.09844014130178366,0.21383779264213987,-0.2002103832270762,0.7500178291256591,1.1420307600557398,-0.22361812748618864,-0.41894538120628194,-0.9635872667781329,-0.40239567120779945,0.4859886777249692,-0.4573887208979549,-0.20159698313004662,0.569407455643594
10955,Harry Kane,Tottenham Hotspur,Premier League,38,3473.0,2.2727822860577267,3.075136995368276,-0.1451225258083272,0.6799941280292573,0.0,-0.08389582150318223,2.187761314576206,-0.8528838990213176,-0.3993245449534468,0.4047038773608775,-0.21772698601159482,0.12191652768974791,1.0526512285756222,-0.8459781966595007,-0.5354696376113436,-0.2051330528792465,-0.6468042495959787,-0.8967391304347829,-0.753583403556855,-0.23168948794751096,-0.06349257414176908,-0.23433111991118014,0.46226623154813085,-0.23842521710894624,0.3903754576969708,0.7435433183634339,-0.27816495675156777,-0.36518426170032225,0.43019271754479377
4416,Max-Alain Gradel,AFC Bournemouth,Premier League,14,902.0,0.6792771839961426,0.27114924826885783,-0.0824705550487369,1.7835610634160743,-0.7210592234746828,0.12950468369936244,1.0758961575841615,-0.4397135313699118,-0.9151796522780481,0.1559117610322778,1.2161883333712278,1.1010703279972403,-0.10313193183821821,-0.47347788708583743,-0.31443186631735015,0.8302336119863641,0.6315957299681783,-0.4017391304347825,0.09277797665029201,-0.7770824418770504,1.1911545060779025,-0.1978441045720498,-0.3988038440343789,-0.1732633011937767,1.315619103147128,0.5946506009548347,-1.4869705614171993,0.5410599156340178,-0.24385887654867022
4831,Nacer Chadli,Tottenham Hotspur,Premier League,29,1041.0,0.9925309104884014,1.340386997235292,-0.5046125460253151,0.9289636783445024,-1.0434151116163057,0.027609555719811135,1.534915745449068,-0.45459014353978516,0.4853334315067399,1.144890898812462,0.9961502270710005,0.08722305279940443,0.21823161033806765,-0.9482692378074852,-0.7864237906869804,0.05242196335240454,-0.48695863806515904,-1.5842391304347827,-0.4726463287544804,-0.3096027670803027,-0.44750067148076905,-0.14409144372244534,0.23866011482008817,0.13751850933913923,-0.4213469949571054,0.5879676508493771,-0.4630719996860912,0.2983601348029802,0.6784013631032325
3665,Andrew Philip King,Leicester City,Premier League,25,1165.0,0.45173759333386787,0.6378279688992168,-0.6246944781876635,-0.26537373690536303,-0.43263553408480965,-0.530258943244335,0.45270464399307525,-0.23396714040070002,0.08291725383868968,-0.05513649199963349,0.2062238203123116,-0.15139751756828107,0.137358460043976,-0.3486968226825968,-0.1996330196777686,0.020089267526869056,-0.15657490197352272,-0.24542334096109852,-0.3866210936618317,-1.1406777444967433,0.051518056850022524,0.49819779506571227,0.03535323588514846,-0.8342000836895942,-0.4180272285717037,0.15500097265534854,-0.05820790388211083,0.6054343847510608,0.407772274668501
19688,Jason Puncheon,Crystal Palace,Premier League,31,2693.0,0.6621179654153411,0.050462537300205494,0.18213329644553092,0.8376787064622472,0.22413648151381685,0.4787941436743806,0.573536309945722,0.2628184089561253,-0.15387053121704744,1.3346552853544273,0.39621019660193285,0.5837743114388035,0.4864103643898862,0.30817688011706335,0.11170540668173798,0.5779347465951504,0.17901423680954417,0.47826086956521674,-0.4441987879144588,1.1174404507202964,1.5768576744412852,-0.2476982411399453,-0.4869631607545508,0.10023219290109109,0.167646688230624,0.3312608620266324,0.019650667727617588,0.45761404012194673,0.7383814143948648
3589,Yannick Bolasie Yala,Crystal Palace,Premier League,26,2166.0,1.10493825085452,0.9946015948547771,0.3795462173400524,2.400528332758496,-0.2211248285322361,-0.07724514222838516,1.0457762333865146,-0.7950481005250991,-1.3336663206178658,0.34031797759675153,0.5976509949780395,2.168470414901001,0.006177617747344547,-0.5788521691533876,-0.28104933554022554,-0.3308803004778092,-0.4540479239694203,1.0071070234113706,-0.6537599384768905,-0.1226108971616035,0.48059138879333463,-0.09553777465615085,-0.09749767910570764,-0.02232195060372758,0.46458340266851533,0.6870415333939683,-0.5507339888042411,0.6223688169963053,0.8618972626643093
16309,Joel Robles Blázquez,Everton,Premier League,13,1228.0,-0.5658964110424543,-0.3973651641479937,0.0,-0.6507686837420964,2.163177670424047,-0.833846743595416,-0.4798210963967663,-0.3872581888036168,-2.1614715009284495,-0.7789597780634512,-0.4317229519419891,-0.4659467390352356,-0.5415846807314204,3.120424971191991,6.346124601261811,-1.714298625870186,-1.2834346909296313,0.0,-1.050517656745049,0.0,0.2611072395163969,-0.5157183769541802,-0.8851952301820702,-1.5393035465059481,-0.9189605117005035,-2.1591081369726473,0.05610212019132121,-3.7672393895974747,-1.405989749227026
4589,Séamus Coleman,Everton,Premier League,28,2477.0,0.08905830906801038,-0.1539255194164641,0.062459898266254005,0.7507108617398685,-0.07210592234746856,0.48154322933631055,0.42782076789679363,0.4614097119850102,0.41919906015099995,-0.22575511176164867,0.1683642419831302,1.0557320600101618,-0.22225938440387252,-0.05467780499389986,-0.07283943032537751,-0.2800743687239147,0.5296978658283592,0.18210702341137075,0.1984762810699663,0.1319058146721813,0.5126660972871554,0.39433594562191826,-0.4719163697142296,-0.5858695897960065,0.008700509142236612,0.04303878546423651,1.8563084445163505,1.3347137518360914,-0.9797290653776252
4629,José Ramiro Funes Mori,Everton,Premier League,28,2306.0,0.08350895624567202,0.6486018783498382,-0.35083305844666224,-0.45454169480588913,-0.6686185526765243,0.38694618790055946,-0.015248805414631864,0.4562517247349817,0.7022597422202209,-0.550410849110625,-0.4317229519419891,-0.3978418245867778,-0.1985800150751599,0.6826819040543227,0.7229589647039836,-0.7297044799832801,-0.024995619545544308,-0.8967391304347829,0.9246337977973645,-0.46836944908674527,0.29146037491767957,2.479679452394139,0.9962024616924777,-1.049499726254887,-0.6252073398341986,-0.8212918310533166,-1.028644239849028,-0.3354639468633363,-0.6971957797246269
3633,Gareth Barry,Everton,Premier League,33,2965.0,-0.20813939574693538,-0.3973651641479937,-0.4775210955896524,-0.2729130108071561,0.9171873322597959,1.0161792161418373,-0.13377140015504232,1.145736832334188,0.5150540921969257,0.3942015302301183,-0.4317229519419891,-0.11282716012990966,0.6588738067947232,0.9990491809332451,0.447059815234588,0.6683440645488714,1.1168056636596688,0.34476572393414945,0.07986047118022635,-0.021922967205380513,0.6719706946971615,0.48559440597595716,0.4465164975572074,0.43465916210787897,-0.24914038319095155,-0.22833327703956985,-0.2163071673995821,-0.20641133440837864,0.13410646184280658
26696,Arouna Koné,Everton,Premier League,25,1515.0,0.9579915083128127,1.5927338457529971,-0.488129664815513,1.1751437040186337,-0.02277029126762162,0.32718687229006965,1.3627037495651018,-0.36837532259642525,0.7105166013539338,-0.1527809699463614,1.0399760375159535,-0.15495677325673318,-0.019493090630207884,-1.0663023837744694,-1.0115855327540513,-0.4488114810723445,0.03916242457782479,1.2368815592203892,-0.48327196844879083,-1.4315539865924973,0.1609891603115664,-0.3149953139189393,0.015743592593587423,-0.2515588972122194,-0.07655950605758861,0.4914649239414538,-0.2351122197335224,0.038598078700314536,0.5120517141904567
5836,Bryan Oviedo,Everton,Premier League,14,1038.0,-0.265332671285225,-0.3973651641479937,0.6439146567104769,-0.0699125789621405,-0.6323134728931834,0.11390944628086307,-0.2327022742973656,0.39308950222241773,0.054009189816316555,0.33806760764317495,0.28427703811221205,0.5931568534763305,-0.1605785347760559,-0.009318430893877244,-0.1447017062503135,-0.06726752951958893,1.2460289971895713,0.4058924485125859,1.5160231670346973,0.8063164566280635,-0.2681483136629889,0.42519176230495587,-0.7443072949523921,0.14236481585892305,0.05542150707753836,-0.1513037596554538,-0.6634182668230935,1.4040736239954086,1.353651933935321
3469,Bakary Sako,Crystal Palace,Premier League,20,1118.0,1.3874990568251913,0.6813468215407363,0.388976294651974,1.1279632685327325,-0.36932301690166675,-0.018096200011016566,0.8023207034149721,-0.4276575863493502,-0.6194422903577053,-0.0247074272008863,0.23304269177559658,0.8919686005074501,-0.18784194414674388,-0.14230763927239615,0.13660723600754482,0.006806544848196123,-0.04740074484746741,0.34076086956521723,-0.35871130970395054,-0.41348713925735747,0.2720239601939549,-0.1406041576936985,-0.10035617775770962,-0.06981242990299229,-0.24435651829770208,0.49112019102667903,-0.5645675243637309,0.9938205582345012,0.950311938026003
4317,Kevin Mirallas,Everton,Premier League,23,1083.0,1.7963181109498199,1.829781650256439,0.1654940395913761,1.0035417856902356,-0.08184996590793724,-0.013252161998192118,1.2756607625319407,-0.5501434571559081,0.14248741771188084,0.5836392288272304,0.9407756439513824,0.6941635672853089,-0.17640981507891046,-0.3092985463948017,0.06026026021162753,-0.2261787374635736,-0.32644995982169556,-1.7217391304347827,0.29845858536668984,-0.1996075494810676,0.14712212147248135,-0.3517829939109674,-0.7051500756503302,-0.11713330034761672,0.5404515783783107,0.549709703014854,-0.6359733248753363,0.7463234098374887,0.616409374462969
23635,John Ruddy,Norwich City,Premier League,27,2542.0,-0.5658964110424543,-0.3973651641479937,0.0,-0.6716492510238949,2.163177670424047,-1.0761894454303762,-0.4798210963967663,-0.5343969709529326,-1.8779155764388322,-0.7789597780634512,-0.4317229519419891,-0.4659467390352356,-0.3860046730596391,3.1567830686719884,6.48457601642877,-1.7063970355432165,-1.2834346909296313,0.0,-1.050517656745049,0.0,0.5469867990697979,-0.5303204895650536,-0.8851952301820702,-1.5393035465059481,-0.9881339791169194,-2.0615530379601705,-0.025512347815845996,-3.404745906650719,-1.241471275688861
9930,Ryan Bennett,Norwich City,Premier League,22,1917.0,-0.2729525970818871,-0.3973651641479937,-1.1528482638095088,-0.6652871113488492,2.163177670424047,-1.211744971216133,-0.14136635689617869,-0.7250768250541821,-0.20275741969913655,-0.5590186908792187,-0.4317229519419891,-0.4659467390352356,-0.33528088339095713,0.23810482001061006,1.3735286111701914,-1.0558795205180334,-0.4544472916193348,-1.434782608695653,-0.06427358836141377,-1.6695436392162968,-1.6528421768812562,2.242749977260649,1.12368887079238,-0.6822920345799677,-0.7527505653323155,-0.8265087744115687,0.844938458990043,-0.3870083160270754,-0.6449797574874848
21212,Russell Martin,Norwich City,Premier League,30,2813.0,-0.14444471708638776,0.24572050951002283,-0.6258675952348137,-0.5148230951692676,-2.509286097691895,-0.3996344384457101,-0.06143318496756413,0.027115022383607922,-0.2689718963382276,-0.44171808083721914,-0.4317229519419891,-0.05652636697703422,-0.26040133234772456,0.6246951208027353,0.8941099739570316,-0.9295276558199324,-0.30093490300225173,-1.7217391304347827,0.018739457435864276,-1.0575702467550996,-0.45063013476889346,1.8607232191065248,0.46648752700902546,-0.37123311041486773,-0.8191072091634845,-0.4771899131117411,1.2232964098918846,0.8125567848812542,-0.10254570165851681
10967,Robert Brady,Norwich City,Premier League,36,3106.0,0.518919992104501,0.18505595626411203,0.6727533724983957,0.5705088409438487,0.12595718080950138,0.0677871683516392,0.04969516756994698,0.23830563434317614,-1.183310036385851,0.9518016732196187,0.04683982312321397,1.455462611669678,0.7317069467691221,0.7411062341138289,0.514344905896785,0.11086443217695403,0.8298809145659678,-0.3322654462242567,0.19455558213445506,-0.1226108971616035,0.18767846909980038,0.39418264437043987,0.056476867489570835,0.1466962218147885,-0.5766132675844574,0.2750778170930372,-1.519505538570988,1.325062310131538,0.2120106317340677
9463,Alexander Banor Tettey,Norwich City,Premier League,23,2031.0,0.04854999342431871,0.1964309953793327,0.9265183043024059,-0.10499513339412646,1.0815888352120233,0.07642173188504582,-0.38324098849832994,0.3454513826342882,0.7337108438119658,-0.4675660822494381,-0.4317229519419891,-0.4401712700186357,-0.346860712488354,-0.16078525054701373,-0.15244895561014069,0.1557164761304482,0.4515772130022452,-0.007033248081842164,-0.3735095088227793,1.6771858508058761,0.7106827203993222,0.6003837412262526,0.07486829693695732,0.8368621419793707,-0.6077689952148391,-0.21910002075978452,0.24083439460822229,-0.5425951971584857,-0.014309110306958838
9578,Jonathan Howson,Norwich City,Premier League,36,3080.0,0.14316077502119118,0.18997249818966847,0.22371603394563955,0.16242026036845691,0.20407336513434374,-0.1853428205305872,0.2501233509588011,-0.15974304829756983,-0.11921155414753931,0.14506057352491666,0.5334822294557519,-0.007034597975724762,-0.027968603456526624,-0.3671378302392486,-0.1941212654839187,0.550675132355688,0.5560888162299216,0.5117974549310711,0.009752936606106486,0.08406432748537969,0.16481060898824257,0.266949374789705,-0.17297927189437937,-0.4058153905743014,-0.41253153261537745,0.1974174027910026,-0.06112331935178231,0.5497010009203693,0.506984074176623
3286,Nathan Redmond,Norwich City,Premier League,35,2458.0,0.7795237337097193,1.074563232922796,0.3868801957782765,1.2461962003939515,0.2703972088030055,0.31736831792526393,0.5698868604547969,-0.1282336816403731,-0.5326973751922457,0.8077165210507095,0.47536572544970446,1.0887922206100709,1.8718675945025207,-0.3341130275785944,-0.33473166231579726,0.15731725830773607,-0.1590360320851568,1.3720108695652171,-0.456155870655947,-0.1996075494810676,0.11208614169802683,-0.31816253695015445,-0.5480500572687397,-0.3696292708209674,0.3511823947117262,0.5921283787760552,0.839036175965328,0.22938603425833126,0.5006261312764232
9528,Steven Naismith,Norwich City,Premier League,23,1364.0,0.6234898365481767,1.3709632815998072,-0.3637126000901685,0.43621118349038307,-1.1862587224906067,0.01828991629666876,1.4560566866960463,-0.46295711942639384,-0.24374872143855295,0.612038600671726,0.1131509407825423,-0.12052899845280814,1.4880272375322738,-1.177025824349656,-1.155859107247217,0.6116384617881699,-0.017043606142370122,0.25826086956521715,-0.16845892882982627,0.1578769077164457,-0.5912042621851266,-0.31507924778786645,0.258434695670566,0.7943485392356777,1.5374728757376068,0.6163927788436696,-0.5477748684247367,-0.10168611514792036,0.3301623853494636
4807,Cameron Jerome,Norwich City,Premier League,34,1859.0,1.0787806122531023,0.5757386551096717,-0.8840846691156528,0.34949007661918463,-1.0316693505099306,-0.6060377313891221,2.0931453921175964,-1.1201052534063054,-1.294776664267742,-0.43875504638068596,0.36785530483720497,-0.09986297978548336,0.3093768674163331,-1.261734235631507,-1.2494058111154027,-0.42482714980350034,-0.7630903304111257,-0.3074534161490689,-0.8656059369454082,2.495275281700185,-1.243730835940456,-0.3200452522577014,2.0517005557353514,0.50436810254589,-0.5665952932214238,0.8166830146408359,0.08500733256898269,-0.2586858990925002,0.4042483447863673
3520,Jeffrey Schlupp,Leicester City,Premier League,24,1467.0,0.4974476989371095,0.013677780637282281,0.1058195547817871,0.9657005865205968,0.2560496018052954,-0.27469423951123756,0.5384404376093531,-0.42129092108602173,-0.5498457851503108,0.29881901573044906,0.581512207807514,0.7473451747154769,-0.0024103392158536232,-0.21313876731482445,0.07229579883719173,-0.2964080067246557,0.9302203782875936,-2.2132284921369108,-0.2889700200037535,-0.525362616986494,0.1188215599309364,0.1417772635238595,0.045222163481952585,-0.2794177578847022,0.3474454217668888,0.27675652788181365,-1.5129965443107067,1.324154267584094,-0.30188642575986485
22594,Matt Jarvis,Norwich City,Premier League,22,1150.0,-0.023313520837229883,0.1269826619389631,-0.14196279865329506,-0.04414833891790675,0.08652710681696159,-0.5475291564681445,0.8716091719375215,-0.7106850219647379,-1.0541327507322993,0.5042530258170779,0.21454486516780316,1.8556609620155848,-0.19768522029518693,-0.6021223297267977,-0.32812819457893366,-0.16365261150948188,-0.5023687182184063,0.6897993311036784,-0.37796157327378976,1.768084676460799,-0.9382840969974047,-0.30265075839297867,-0.46130631201277783,-1.1821533142533167,-0.4811958729624628,0.7165828903859868,-0.6211156388911853,0.8630008848277281,1.1264517217285555
23663,Dieumerci Mbokani Bezua,Norwich City,Premier League,29,1697.0,0.7945574474273334,2.0899654192344466,-1.0010208469943034,0.4488335249147709,0.2995169082125605,-0.1030416558347743,2.1520470394969102,-0.906586344750465,-0.5790041709185748,0.5254256589983711,0.006231078509549108,-0.1883098514957948,0.39061185315583596,-1.2712500576660215,-1.1802470839011854,-0.7264205178654551,-0.5912702484064253,0.8017902813299234,-0.7973128194531129,-1.4315539865924973,-0.3968778684623257,-0.07381280063123234,2.9927514136471958,-0.45017422894120573,1.4165345313595412,0.7545549177428527,0.060583492288533575,-0.2784830368794577,0.5415562894646353
9539,Vito Mannone,Sunderland,Premier League,19,1791.0,-0.5658964110424543,-0.3973651641479937,0.0,-0.6911632058351953,0.0,-1.1153555299166866,-0.4713963144038219,-0.5467507811239023,-2.9838320543451915,-0.7789597780634512,-0.4317229519419891,-0.4659467390352356,-0.5415846807314204,3.4093925963874057,7.458060855004419,-1.7198275007319834,-1.2834346909296313,0.0,-1.050517656745049,0.0,0.48561856367756895,-0.5439669083520798,-0.8851952301820702,-1.5393035465059481,-0.8233964311987796,-2.049165388476955,0.014468141486490435,-3.071591928170072,-1.224697961832766
13286,Lamine Koné,Sunderland,Premier League,15,1375.0,-0.11209981196172117,0.4797257449429157,-1.2884817667376138,-0.5107833035431028,1.1248523886205046,-1.1474524409418805,0.013993670673308905,-0.8281754149385758,-1.089368419765411,-0.6256408456517517,0.10879194964074577,-0.3898013171112872,-0.25395967745747994,-0.02339744938326065,1.3928318801291206,-0.6716000361880309,-0.027174734820668203,-0.4017391304347825,1.5744891175306537,0.1578769077164457,-0.440814512202121,2.3573113491107507,1.4901241258138556,-1.091242346043556,-0.694240907336663,-0.8042639178331645,0.8616254061665538,0.3380383386917281,-0.3569333214390593
13846,Jan Kirchhoff,Sunderland,Premier League,15,1099.0,-0.054910704616242034,-0.3973651641479937,-0.7773480978359876,0.031012927090379973,1.514224369296833,0.18263639791872122,0.44005930834149415,0.23847643643284877,-0.7030145724937364,0.467890047623141,-0.4317229519419891,-0.3230441614937036,0.8978489116313404,0.41177306462222607,0.3409150595959449,0.8033253872740891,1.7972027810573163,1.544587400177462,1.7645487526887933,0.49550111729187424,1.7543893726085689,0.907992183189828,1.820519747941302,0.9833340129672563,0.36772894359586505,-0.17294024806327554,0.042178751718830405,0.12562093767769314,0.2785291504157779
3196,Wahbi Khazri,Sunderland,Premier League,14,1101.0,0.850929937131951,0.6980026832634507,1.2446522785900664,0.8857274023041241,-0.5068016256422055,-0.15184964817989438,0.45209293571650505,-0.40842015738456244,-1.0733307946088306,2.093159187414572,0.24330701143336095,0.8178401769168927,0.5360294323521451,0.5409419678983642,0.7907699115530886,1.0929767279326008,0.8502675051864095,-0.411445012787724,0.3544587210786532,-0.7770824418770504,0.31192590447062796,-0.26040399372030226,-0.4867165468894112,0.41918376250882244,0.14126507348562767,0.49228708827750417,-0.8760251658603034,0.8248682909554382,0.7099890988640662
3448,Martin Kelly,Crystal Palace,Premier League,13,1094.0,-0.5088607324559818,-0.3973651641479937,1.5746869241477808,-0.41910942267070467,0.43263553408480904,-0.5369116160469334,-0.4108595582369701,0.12310330790228653,-0.29402453286889824,-0.4899101454317051,-0.4317229519419891,0.15612794875753347,-0.18008159160740905,0.00524912257582315,-0.02316129673420407,-0.3202889175037915,0.927077571876359,-0.7788819875776405,-0.10787354219057235,-1.3224753958065896,-0.5378386896137823,1.0414625503600223,0.005978912221378124,-0.5068651465983185,-0.8274641125501279,-0.2378091911392886,0.7356131830601341,0.976903184159859,1.460908005114072
4817,Joe Ledley,Crystal Palace,Premier League,19,1029.0,-0.14142680305877534,0.18864066675579627,0.11318770360584919,-0.40192429545428887,0.43263553408480904,-0.7171856055849118,0.06272995153952726,-0.39666396274283605,0.4971579733244284,-0.47165142228198353,-0.4317229519419891,-0.4150721252619464,0.22709244172080215,-0.6270522338643494,-0.37985547741510345,0.4615403170039431,0.05950598129569357,0.34076086956521723,0.5362818707192651,0.08406432748537969,-0.6012393027847398,0.7707839815489997,0.014899314229886778,0.05728641302962482,-0.6535321314802167,-0.20430959630338832,-0.4961710130757537,0.2366793546377458,0.17671913107093432
31296,Sébastien Aymar Bassong Nguena,Norwich City,Premier League,32,2917.0,-0.1380799395059386,-0.1906459320602324,-1.1380269820273536,-0.47009424776381,1.7638217928073008,-1.0665905941909573,-0.050486465749812984,-0.6793990007573318,0.151018706834118,-0.7066891122883101,-0.4317229519419891,-0.4121072009076581,-0.40600553109080745,-0.20029838415790877,0.6008761910107484,-0.8063454178458005,-0.6202052317565757,0.281832298136646,-0.3434537819952393,-0.23168948794751096,-0.640809054856132,2.226887667476733,1.5379613383722501,-0.5888823336636267,-0.43309030883229843,-0.8259387056749972,-0.9541285836817803,-0.3396764506555332,-0.5278193462737821
3576,Martin Olsson,Norwich City,Premier League,24,1867.0,-0.33194931590843946,-0.07438712451221426,0.9434205935111533,-0.26605791923358457,-1.0815888352120238,-0.8189457685949215,-0.2777752400849906,-0.38513414244067784,-1.32204312920706,-0.440212806345047,0.36442915269246295,0.9360344493074149,-0.32975587542790225,0.07516387835269994,0.4564729854985076,-0.5634658752661084,0.011852087597285592,-1.0145962732919258,0.23831802068008656,0.39161674511481953,-0.13604544129066656,0.9052871523958698,0.15920167585903583,0.0006318416213597959,-0.17259549134840463,-0.06376421150586395,-2.007667577789531,1.780738958140905,-1.0010987609643975
9452,Gary O''Neil,Norwich City,Premier League,27,1858.0,-0.19648448633329993,-0.3973651641479937,0.373851282062438,0.18986349669480462,0.43263553408480904,0.08998289213050324,-0.33364342046106055,0.2771420959236126,-0.07617657250801085,-0.32510933228070227,-0.4317229519419891,-0.01513961246718766,0.0969799793896803,0.7634594262025257,0.5438743910181388,0.5058413092047697,0.8362504341519612,0.3335240274599541,0.3833194665506327,1.2285561628960935,0.9921472441115599,0.4455526920251548,0.0068422671494330935,0.8370526140016707,-0.21255435717838167,-0.05769322854172027,0.23495322930213636,-0.04445337046300969,0.19355515452529326
12325,Abdul Rahman Baba,Chelsea,Premier League,15,1070.0,-0.21600650988207598,-0.3973651641479937,0.2110558439586833,-0.08849203696208234,0.5657541599570582,0.44773139548006463,-0.12727940131818202,0.6717733820760136,0.42100182992567625,-0.5819377854783233,0.2628639542975066,0.6593331527147036,-0.17197311110369318,-0.5226461801088144,-0.5880130689247899,0.6399040180974409,1.816122583956034,-0.20923913043478262,0.9573730389765192,-0.1226108971616035,0.34576228433101314,0.5907264369579462,-0.15626475407786658,0.18803519359439547,-0.5920404799738856,-0.0651725560479436,-2.001488462756889,1.0672031856858584,-1.028023099959562
3472,Willian Borges da Silva,Chelsea,Premier League,35,2840.0,0.7303799657330553,0.6642545541618659,0.6413530279098263,1.1253386271063,0.4659151905528718,1.0406092155838595,0.78997450476445,0.7005684905870628,-0.11858030509211372,2.041784665074331,1.4001277268375272,1.3589292397319275,1.1294760777263335,0.6905123292874797,0.0644682935271311,0.10854324125115213,-0.11564374581425707,0.47826086956521674,-0.3848029105860953,-0.1821083103175529,0.5648833783278266,-0.38517833256473116,-0.7822081338662914,-0.49080352488400625,1.0592135868672243,0.5065123471574302,0.7030705806824282,0.40088432258525225,0.650514667703344
3483,Mamadou Sakho,Liverpool,Premier League,22,1934.0,-0.37231719995579204,-0.08557612588532565,-1.343904949874104,-0.6142172806071827,2.163177670424047,0.6809624817544361,-0.19895437262371424,0.8381537648923268,1.0967279655556386,-0.5609519889568464,-0.4317229519419891,-0.4659467390352356,-0.5415846807314204,0.17284253795280446,0.16350618661328842,-1.0339022889604539,-0.06874693605695255,-0.8967391304347829,0.37140948744329655,0.65457406218799,0.8389544645265191,2.146508522616441,1.963013917496293,-1.0083795973196426,-0.3730263634925749,-0.7889623370515659,-1.063854170462729,-1.0195055683434044,-0.8211431754542413
3537,Jack Butland,Stoke City,Premier League,31,2910.0,-0.5658964110424543,-0.3973651641479937,0.0,-0.674116995137489,2.163177670424047,-1.0849470314715086,-0.4798210963967663,-0.5721932910262612,-1.9982069817804307,-0.7427375216947079,-0.4317229519419891,-0.4659467390352356,-0.5415846807314204,2.711971466218743,6.5995406489594854,-1.709620499781322,-1.2834346909296313,0.0,-1.050517656745049,0.0,0.6508068227956416,-0.5439669083520798,-0.8851952301820702,-1.504018085415697,-0.9963091601227795,-2.08936449561725,0.00854724651730418,-3.4478218180374363,-1.2943427905617826
4724,Glen Johnson,Stoke City,Premier League,25,2271.0,-0.07133604876820751,-0.3973651641479937,0.35932938369307704,0.8815017282834451,-0.2884236893898731,0.05981021399589491,-0.09446244211976161,0.2999330431873734,0.22927988251920414,-0.03633174788789196,0.5500577477624506,0.3869591042894844,0.5032881845305834,-0.21978363791229757,-0.004836321949741064,-0.7095038617157389,0.1160975367038678,0.5380434782608692,0.08472305364970807,0.5318606475538434,0.2520746352626972,0.08230216202284422,-0.5417537465046163,-0.9063094096425217,-0.618617711032234,0.006418849574755885,1.881216804576041,0.8457707696962229,-0.9703249601363887
4035,Ryan Shawcross,Stoke City,Premier League,20,1767.0,-0.28339711336910595,-0.3973651641479937,-1.471923492388896,-0.4946542573845568,-0.061805076297830275,-0.9841760703386838,-0.18948794717302217,-0.6401055231886476,-0.0016258230782642301,-0.7193068261488823,-0.4317229519419891,-0.4066937932823046,-0.5415846807314204,0.00614682217393776,0.9504166756678146,-0.625685162236786,0.4370797933848513,-0.5217391304347833,0.21398758728379158,0.22979685768517588,-1.2136476306593877,2.0474161960474366,1.1011093778777719,-0.3770999044840857,-0.9597804122702216,-0.910008033779874,0.8757459213358514,-0.5503109165516304,-0.495039323210682
40121,Philipp Wollscheid,Stoke City,Premier League,31,2800.0,-0.4990424477850248,-0.3973651641479937,0.14456052518855378,-0.5317202564877207,1.586330291644301,-0.4685393617002172,-0.3450998057774502,-0.1893787451472526,0.7604416584102048,-0.6283786837305321,-0.4317229519419891,-0.4659467390352356,-0.5415846807314204,0.28106132544966234,0.8568682686059107,-0.3704140437098172,0.690688097241596,-0.17486413043478274,0.9751572137100528,0.01621640020227937,-0.5387229296646486,1.9090548481518193,0.6120409843516088,-0.7691983582112117,-0.49523030739151247,-0.9495711908389757,-0.7138815134558844,-1.051563463869705,-0.3344566560688347
3467,Erik Pieters,Stoke City,Premier League,35,3222.0,-0.4690667518655443,-0.3973651641479937,1.3969311444320895,-0.3062743702491816,-0.536468062265164,0.22679386559846512,-0.38147706302102713,0.6653941295618999,-0.09751417938667739,-0.19009516335371127,-0.20105628847946283,0.6551421661532512,0.07214030297694149,0.2792240746167019,0.19468724241464241,0.27578898483532255,1.2684651888758194,-0.8620752648885646,0.9232226944310373,-0.7770824418770504,0.055643180239328,0.7910611403819295,0.26464621761421,0.5640253352425562,0.19678428338002946,-0.2634248953490778,-1.9803472811817249,0.7400111668222874,-1.0322305065998834
3480,Geoff Cameron,Stoke City,Premier League,30,2449.0,-0.15823919667838207,-0.3973651641479937,-0.47829800618404744,-0.06325848266651866,0.4884594739667199,-0.0933443620345316,-0.24569540718655417,0.08050453590724299,0.027148954201789883,-0.3915931409473259,-0.4317229519419891,-0.2735621746602127,0.2658558654132682,0.21306631404199688,0.41423974695819593,0.02756105930171989,0.12722879592200137,0.4232608695652173,0.8093023735427445,0.27254173360998707,0.3237627940049343,1.2407773816169771,0.8067256253119408,-0.32340315393497443,-0.5830727697095395,-0.5312662356663373,0.8058330136066428,-0.004488643455121304,-0.013852547804183473
9625,Glenn Whelan,Stoke City,Premier League,37,3276.0,-0.35638256607615115,-0.3973651641479937,1.338364059411501,-0.3429022528445099,1.034563233681066,0.6337366252501119,-0.42915667941172436,0.7357332098480246,0.9460768758023806,-0.10327538041573686,-0.20485848622884534,-0.33810796596389364,-0.4208629531668089,0.4188363311993108,0.23330496213872762,0.1405050201153249,0.4038497434047514,0.03138586956521744,0.5234332915495138,-0.6680038510911422,1.0914554781861479,0.5678663146165354,-0.0965496391436585,-0.5990041712986997,-0.42575604029945746,-0.3227443964598674,0.04680866463963586,-0.5401611712920675,-0.11769775253009239
3533,Xherdan Shaqiri,Stoke City,Premier League,27,2049.0,0.6217484218372097,0.4855045283849493,0.7283891507596056,1.3908205370676792,-0.4930032830268762,0.17607657787967412,0.23448446792156,-0.2882954814496321,-0.6347687260014447,1.4330904607949522,1.381864138532049,1.6035252879974051,2.160602392486422,0.13647131730332823,0.3752384994168372,-0.39845489218266716,-0.6427359822259384,-2.416475972540046,-0.589163367069249,0.7103528870216931,0.41974423295166385,-0.459317819634118,-0.7662415318183108,-0.03592592172364164,0.2705252724122748,0.5691617466746671,1.2036459704617415,0.4224445329441706,0.20369577492282678
4891,Ibrahim Afellay,Stoke City,Premier League,31,2173.0,0.5539766964450887,0.1576279329527884,0.4624225278078843,0.655667863971156,0.4912979793844443,1.0777332826270625,-0.0423643883388304,0.6913959531794488,0.9409382729008111,0.14268244679979109,0.25231569479179866,0.25678649942838017,0.3684115905563578,0.5975315542835753,0.26715481256493406,-0.012361134910670308,-0.39312620845940427,1.165760869565217,-0.6154900729688344,-1.6695436392162968,0.970187345410347,-0.3364383509493784,-0.5711311904892212,-0.35797943499385027,0.5353192167449284,0.09045182213888645,-0.2756290541755228,-0.2668418303766754,0.2948161470401966
3325,Marko Arnautović,Stoke City,Premier League,34,2888.0,0.98970827417197,1.2729949466553312,-0.13838343521703977,1.6104293840067747,-0.04520072744169674,0.21278018602916754,1.3226825980389596,-0.3146157933751766,0.1055768879693528,0.8269604800577093,1.1123379684380543,0.38600926716891426,2.1972268116624063,-0.68742237832004,-0.4726310944019551,0.10039042336654291,0.10419316917687592,0.9523988005996998,-0.09829913290146867,1.8817082085294532,0.11064892035926306,-0.3397714992583979,-0.6151274983844601,0.20285500503800807,-0.11391143711867362,0.489700635546198,-1.5063229748637723,0.6300609882196974,-0.2787644705092506
4913,Bojan Krkíc Pérez,Stoke City,Premier League,27,1741.0,0.7601749260185622,1.3343981902460333,0.3649087767674417,1.8161277967315128,-0.43263553408480965,0.5051314099618627,0.7595219194326233,-0.15512476666141958,0.40723262250886805,0.7951791747562671,-0.004837259996980063,0.10536260839818015,1.9571678606346643,-0.47495472166787595,-0.2829487392645777,0.035934570694490145,-0.8468825522473094,-1.2717391304347834,-0.45818413502040944,1.4044893738411066,0.17702613603909173,-0.4642674332076323,-0.7171978990293926,-0.9495235822748652,0.599019544003793,0.4249889668061124,-0.44707386205899907,-0.19581690175160066,0.4332209569758587
3333,David de Gea Quintana,Manchester United,Premier League,34,3190.0,-0.5658964110424543,-0.3973651641479937,0.0,-0.6911632058351953,0.0,-1.3160672780324056,-0.4798210963967663,-0.803606518037738,-1.2612647837495459,-0.7789597780634512,-0.4317229519419891,-0.4659467390352356,-0.2936320917021614,2.0456105326824714,5.716793571770154,-1.7285015944745536,-1.2834346909296313,0.0,-1.050517656745049,0.0,-0.4300593443123697,-0.5330925520647379,-0.8851952301820702,-1.5393035465059481,-1.05278011152739,-2.1457407548431977,0.02012305152125736,-3.739188263399739,-1.3964279229071805
3612,Ashley Young,Manchester United,Premier League,18,1114.0,-0.1738145200054654,0.14392747499024708,-0.03801628388160761,1.0009103838886528,-1.1157442721134563,1.0351740968944756,0.08905587943201565,1.093169987587368,-0.21943339254547983,-0.02199916023190048,0.9025822359866662,2.3536211733192296,0.5234540432407568,0.7068239745855864,0.023910529337811803,-0.3844081577767003,0.08108465098405396,-1.6467391304347827,0.10663299554691377,0.31370346598202775,0.8081111931985665,0.2656552734002906,-0.2725730055388379,0.11980996508055772,0.4223587447330816,0.38217579241031396,0.7279269186180244,0.8995962728179907,1.4863248004372271
10958,Chris Smalling,Manchester United,Premier League,35,3280.0,-0.1664032159675711,-0.3973651641479937,-1.2635126978421543,-0.5701766860051333,1.514224369296833,-0.30554121405988066,0.012404497134296085,-0.018244043673686705,0.7554739032753471,-0.6182787322813728,-0.20513515021142176,-0.4499863800191641,-0.5415846807314204,0.4412649328294148,0.7914970788322205,-0.37210730094343203,0.23326940242143376,0.24909420289855,0.207107539989826,-0.504385964912281,-0.4954670566072299,2.0154189351546985,2.072334615032642,-0.06796436561763068,-0.677024466891529,-0.6912853424278221,0.3354608266278448,-0.595878046926623,-0.24055716222393211
3311,Daley Blind,Manchester United,Premier League,35,3237.0,-0.48879164443930223,-0.21108156822584412,0.9432107375139526,-0.43065160768396493,0.9416185153610553,0.7414278224355627,-0.38659412976492563,1.0343253171183902,0.43402569485729386,0.10024401646610483,-0.2021251794130245,-0.06163736636984657,0.06929635031842246,1.7692149770101686,0.9883828986900258,0.07298706843225941,0.6589752813673596,-0.9420688007644531,0.7282365474721795,0.24858191924417264,-0.05295171256999985,1.0635028116025447,-0.1623448043882816,-0.49251243482944507,-0.6212666784124562,-0.5978574140801202,-1.2778277165174452,0.3194106523896339,-0.4202745343574572
4751,Michael Carrick,Manchester United,Premier League,28,2051.0,-0.3529372561837485,-0.3973651641479937,0.6185337607184088,-0.4009371319376305,0.0,1.353941346446181,-0.36946918599186573,1.4037580063423445,0.9890507557398136,-0.3678168583831257,-0.4317229519419891,-0.31280199723304775,1.1938416554533753,0.9651925708651309,0.38621289861357583,-0.3155096802707322,0.1651537031209281,-0.2252275025278059,0.4997971680938957,-0.15798773741649216,0.020892378704940085,0.23404530110894237,-0.29100671738991246,-0.7382840104932205,-0.2916199693623695,-0.14904319389156293,0.11183113037057874,-0.6900518000371856,-0.024578721891329442
3606,Ander Herrera Agüera,Manchester United,Premier League,27,1592.0,0.3747623684590654,0.36017252429421753,0.24555192091774827,0.39938739690437197,0.08652710681696159,1.520666005574829,0.32579868167854126,1.1322856958333427,0.5522350708666022,0.5452458253667429,0.5019554270482884,0.25748259928117184,0.9489343374909486,0.12682597082948197,-0.3714815582189239,0.7372810868275091,1.190418928669363,1.201945080091533,0.2990068686457035,0.662754956496933,0.43835788312526514,0.044354892545383454,-0.6708544141479744,0.4601320344937866,0.4439484026167934,0.28876638091053997,0.347312328350976,0.049267073894439524,0.31196141806546196
3294,Juan Manuel Mata García,Manchester United,Premier League,38,2982.0,0.6477279610798953,0.6137012342423486,-0.18508566202683593,0.3235493565222334,0.37589644764745694,1.1845036580251844,1.1343044137464013,0.8315809547223378,0.8732965653322734,0.8470332593342679,0.8144339723978178,0.44693013346012245,2.243516583364837,0.14746015776319116,-0.295878596964566,-0.2977854977199322,-0.5651505778626352,-1.029803646563815,-0.3876847926040994,1.641616745114819,0.09482883973843918,-0.3462082425363342,-0.7217236487284531,-0.6095990938362461,0.07692297567651322,0.49117235459174124,0.6794189681081586,0.14336907767609317,0.3805732926204684
3296,Marouane Fellaini-Bakkioui,Manchester United,Premier League,18,1106.0,0.6752742148338727,0.14784279245236823,-1.0784507801181222,0.2506938789178196,-0.061805076297830275,0.772664622766875,2.030428774383403,0.3610863035878302,0.5790267338723504,0.17408512277780955,-0.4317229519419891,-0.37128131846974816,-0.5415846807314204,-0.582562119557037,-0.624063612389898,0.45529653524752806,0.09095459197438797,1.3532608695652169,-0.27350389746039155,1.186332192269291,1.3613000052890063,0.11468872246983398,1.847470218775484,1.9886044890817542,0.06157659227516345,0.26816371848006954,-0.1223423848487085,0.41668885891447605,0.4522832769631275
2988,Memphis Depay,Manchester United,Premier League,29,1576.0,1.651257023552498,0.3678632622479454,0.5468291616029851,1.3861814810946778,-0.43263553408480965,0.8078626961491053,1.4828697872450474,0.04148543625143421,-0.28860739597149043,0.02362981102063588,-0.4317229519419891,1.6267236842395218,0.713124645098746,-0.4641911579496419,-0.542038685539792,-0.4505075939217392,-0.7573359783459285,1.165760869565217,-0.6142855665070637,1.6771858508058761,0.1798395614848463,-0.3238577931450951,-0.5758854231422947,-0.10594363597428967,0.9804966254362031,0.7759827957716067,-1.5351580706284755,-0.15532365971878667,-0.2608209235500745
20039,Anthony Martial,Manchester United,Premier League,31,2741.0,0.7316704788864934,2.022554573174152,-0.39033054412956253,1.7700583723203174,-0.24176691610621734,0.3496531061652119,1.9423114106152362,-0.6003847652223776,0.005844427509519129,0.4516190300567203,0.38171154971024773,0.43169972062094264,0.3241235560471314,-1.1014599225806705,-1.0488092818232426,-0.26625058182353284,-0.40116529453789324,1.3425465838509316,-0.6115800044734825,0.6253565825131934,-0.13821552276051596,-0.2655421275254992,0.3063640965214677,-0.07832325495810767,0.8657076647576628,0.7690186787057627,-0.7683026777851594,-0.15648311141933063,0.8324477556418073
3538,Wayne Mark Rooney,Manchester United,Premier League,28,2496.0,1.2090191733027607,1.2937406050827758,0.18312161940738558,0.3025161437306189,0.08652710681696159,0.615452498029841,1.617858486387329,0.05220549580845397,0.36768070447894596,0.6990998417909239,1.0570751043005209,0.43591585536649774,1.0428879935541102,0.17501962141956953,0.16447691093048972,-0.4901498827690384,-0.5637024244088712,-0.5794314381270909,-0.740646063799557,1.768084676460799,-0.21420305219308225,-0.33549817904546453,-0.1821102457185806,-0.1406082258851661,-0.32856730925912797,0.5325620194969879,-0.34744646742543195,-0.37504310930764684,0.10691260918294082
3603,Mame Biram Diouf,Stoke City,Premier League,26,1360.0,0.9022690565716819,1.819546600557889,-0.9027123090785238,0.07478821750071236,-0.061805076297830275,-0.914067631917138,1.7502125024429722,-1.280003421358866,-0.25843095858226856,-0.23642495289337462,0.11475351105526166,-0.27348358619437324,-0.5415846807314204,-1.0927107848917423,-0.7776817789262819,-0.04847936202848827,-0.3689513405267832,0.47826086956521674,-0.5450016462927953,0.041006989017258404,-0.5529487916594681,-0.11035195139431993,0.7636079882852509,0.19720815259002636,0.6388570651077805,0.6048554361173027,0.1323909319034045,0.48496575410566534,0.6760863549900455
3636,Charlie Adam,Stoke City,Premier League,22,1104.0,1.0166370187227833,0.14883048802591906,1.5750106322003357,0.16253696579178262,-0.2960137864790805,0.3181301202528482,-0.16547141828502865,0.3181744455534825,-0.2530014303012568,0.08033451024940301,0.24147269088071044,0.29274858810555515,1.2495583423739625,1.5197513754243648,1.3344067395196217,0.27340271111133935,0.0934444276318227,-0.5217391304347833,-0.505622681710464,2.495275281700185,1.3679549214671003,-0.04122492927061914,0.04206177831325678,1.7159720078800156,1.1055457893037153,-0.13504444458411655,-0.5271589887995477,0.014909437579703321,0.041116169586198126
3265,José Luis Sanmartín Mato,Stoke City,Premier League,22,1164.0,0.988668828506019,1.674799784305615,-0.4020361049105038,0.37422496277145084,-0.9517981749865808,-0.2697612846675816,1.6331272554470786,-0.6920776054445447,-0.4331762338826306,-0.054514650688582134,0.20677188454964343,0.0737437514051208,0.47770495715947764,-0.9468638806372242,-0.8993186045642279,0.7266980057565584,-0.6304817068695602,0.228260869565217,-0.7551990252093682,-0.7770824418770504,-0.4894131262324335,-0.27575147105862013,1.5019111775496408,0.4013968134578782,0.42958236284363566,0.5596597670744686,0.09422279251121703,-0.11075901290081594,0.54640099572078
3288,Miguel Ángel Britos Cabrera,Watford,Premier League,24,2162.0,-0.3638708668171048,-0.3973651641479937,-1.5302235691590016,-0.507612888979227,1.514224369296833,-0.9157849009204411,-0.22857399011689458,-0.5293413292861611,-0.688390819948982,-0.7789597780634512,-0.4317229519419891,-0.44173305838180615,-0.35865943581853066,0.6680238162321626,1.576291813372237,-0.8777396865608847,-0.324679405277555,-1.1717391304347828,0.022710136028236867,-0.6558840076704864,-0.7879452927154271,2.312035398344729,1.1215129462576652,-0.5419425255876955,-0.368703230266174,-0.9356119866491429,-0.9572008671607224,-0.7131091933224014,-0.5057659504061411
40118,Ikechi Anya,Watford,Premier League,28,1781.0,-0.2155481102361612,-0.3973651641479937,0.25409144554119084,0.08869375522550794,0.1236101525956594,-0.04762368635990042,0.2572503554811766,0.08794084850017087,-0.4037977674286754,0.10880074439339983,-0.0144248106302205,0.9155518268926613,-0.31952719645198874,-0.4060697936444294,-0.3807367038387124,-0.5131093383220292,-0.6627110742109971,-0.3811141304347829,-0.23022497274335726,0.5703589737135761,0.22250845710137426,0.2546052751523853,-0.2830397203739234,-1.3663433694605274,-0.1300935950343156,0.27040595387662997,-0.3984361157010448,1.3955166562158303,1.3613758668227312
3670,Jonathan Walters,Stoke City,Premier League,27,1821.0,0.5648570586603611,1.2583185261320728,-0.9001302384318485,0.23500488116703724,-0.5853304284676839,-0.37057968620283066,1.8982575228603988,-0.8265149140912575,-1.1194163781948432,0.3208362431489736,0.384540628152751,0.3102473271170399,0.10995465946902204,-0.9725494702682981,-0.7663474315493448,-0.41534301111367533,-0.941947223453554,-0.4384057971014494,-0.578591672248162,-0.1226108971616035,-0.6016729549003735,-0.1820258130331369,1.9791392772716048,-0.7498858173368973,0.12036436493412304,0.6494306273638152,0.4462082235448606,0.5520491979791669,0.49018288283175654
19288,Martín Gastón Demichelis,Manchester City,Premier League,20,1082.0,-0.2775552263215634,-0.3973651641479937,-0.9581429812864465,-0.4160921903250727,1.2979066022544283,0.0588383720018206,-0.04751765736694594,0.26851773742871615,0.9378184656439943,-0.3892859664810356,-0.4317229519419891,-0.4659467390352356,-0.5415846807314204,-0.05341913699036879,0.15426641803771468,-0.5441725260214646,0.18529806736781604,-0.7173913043478265,1.014529262107965,-0.525362616986494,-0.476437670678088,1.86055226146914,1.0971318732713673,-0.30561686162220514,-0.44527375815431586,-0.5068820582670178,0.04589911991195459,-0.5447184815995729,-0.04409815815218224
16003,Fernando Francisco Reges,Manchester City,Premier League,24,1792.0,-0.008780050563875662,0.2756259072805776,-1.1559022996215365,-0.08217971874414617,1.691211633240619,0.13345419389050317,0.06748414674420555,0.191017146418731,1.2005227710794935,-0.4848560781944684,-0.4317229519419891,-0.4659467390352356,-0.10019586432330853,-0.08674298831857828,-0.18258254477606062,0.7750744748307247,1.0685475371649957,1.0643264433357091,1.155472969224049,0.218852517472543,0.23214096717963278,0.15291427247289152,0.12130440531477087,0.3515797283248782,-0.3191619481907089,-0.016061287925676595,0.05169164033912553,-0.5586742894164084,-0.09854078476975198
20287,John Terry,Chelsea,Premier League,24,2076.0,-0.265332671285225,-0.10690273640232925,-1.4877351744557825,-0.6194804411959967,-1.2979066022544286,-0.600500047173373,-0.1382156658475948,-0.08802830326532046,1.434522357362526,-0.6266378618307297,-0.4317229519419891,-0.4659467390352356,-0.5415846807314204,-0.5327363398262723,-0.062416054695042966,-1.1284623969322471,-0.35152701635939876,-0.012810559006211891,0.06716947619129207,0.5561003343951567,-1.398907902923657,1.4611889619728218,0.6410907348061091,-1.0446952046339273,-0.8153083361120482,-0.7893784040801906,-0.9219288811380575,-0.8949593553611999,-0.8024501163456864
4587,Matteo Darmian,Manchester United,Premier League,28,1984.0,-0.34574559117591913,-0.0934337125350907,0.814283258574627,-0.21612036839760274,-0.2960137864790805,0.24666126203957991,-0.1908221987779107,0.5511245230074828,0.23443260150927353,-0.19454726477540787,-0.4317229519419891,0.5631102797832462,-0.34224779590195065,-0.05638068149239643,-0.14320120378067003,0.15688765214164954,1.7812317342555406,-0.14673913043478268,0.5521515497794851,-1.042408743788718,-0.8104674870173025,0.7498841728928489,-0.1726601787231034,0.06508226244141968,-0.10025975429186047,0.05987884282815704,0.8944729373904576,1.057450264836408,1.3334151771602334
3600,Morgan Schneiderlin,Manchester United,Premier League,29,2306.0,-0.2682522843687297,-0.1358734035235361,-0.27297603716848196,-0.13187599794774438,0.7654320987654317,0.8119948411864336,-0.04796516393450054,0.8396453771906536,1.2111894907800393,-0.367571705948364,-0.4317229519419891,-0.3524385482878059,-0.37008234790329037,0.20443657798625653,-0.08637748954793333,0.6564918051671559,0.7540380913112714,-0.047474424552430255,1.2973038835600847,-0.41348713925735747,0.5263783388217241,0.22322694437457263,-0.08190183365136439,1.1323536548634763,-0.4114209539876029,-0.16746170963715987,0.061557331483638116,-0.5223333712402093,0.08549324645632796
18414,Bastian Schweinsteiger,Manchester United,Premier League,18,1250.0,0.03311509974411334,0.08503483585200648,-0.23720547713779885,0.22155909976279295,0.8088403463324694,2.227401704523506,0.0875172026592978,1.9161583840572778,0.8465932493606455,-0.0200310626255385,-0.4317229519419891,-0.172786864628034,1.0403528372752537,0.6784058281977144,-0.022445616455589058,0.3674811191426288,1.0381337079597321,-0.5038819875776396,-0.36301588252998407,-0.1226108971616035,0.8658817802558484,0.09431430828974274,0.12874706207887715,0.5143102889466825,0.5247923869118087,0.023008878986729195,-0.7037093493921437,-0.31572624115092024,0.07791837577876944
3293,Jesse Lingard,Manchester United,Premier League,25,1695.0,0.5752882518375602,1.0256436854095285,-0.012044774980547426,0.33311795024822105,-1.248462541216165,0.3592144894058516,0.7753521316033753,-0.062005527945422426,0.5942501096726062,0.09165657855165694,0.006747838427485908,0.21352199642182668,0.8583600254691761,-0.9361366170182585,-0.9414763710382912,0.7847450770253304,0.3063456075091453,-0.5794314381270909,-0.03650324049864061,-0.1226108971616035,-0.04838530295235495,-0.27791407340454577,-0.7126386794228892,0.0963180923501295,0.062146371514079174,0.5540530867076178,0.4749790771289444,0.3367855769443973,0.8784908579067381
3623,Adrián San Miguel del Castillo,West Ham United,Premier League,32,3012.0,-0.5658964110424543,-0.3973651641479937,0.0,-0.6746942572527499,2.163177670424047,-1.1479420337611246,-0.4798210963967663,-0.6523298998236816,-1.8759861248316694,-0.7789597780634512,-0.4317229519419891,-0.4659467390352356,-0.5415846807314204,2.726759439025194,6.223647230027063,-1.7247161336610606,-1.2834346909296313,0.0,-1.050517656745049,0.0,0.2357206543986145,-0.4978989182370457,-0.8851952301820702,-1.5052130113888726,-0.9982215230189516,-2.0609916321211523,-0.0021229850661661715,-3.3335125842478104,-1.2428597032967443
3316,James Tomkins,West Ham United,Premier League,25,2042.0,-0.32144182779622194,-0.3973651641479937,0.34686848720416796,-0.47253428410506354,-0.14421184469493656,-0.48388485060256337,-0.2285876611967879,0.01794256672202256,0.15019799577020157,-0.2627660168830229,-0.4317229519419891,-0.13267068201011836,-0.1542346518365443,0.2134327811873413,0.38663467156992226,-0.2986899780399638,0.9836162092963865,-0.9583062946138876,-0.16673109586623133,0.002050349450862884,-0.5878330389474501,1.6474661748036903,0.4993978570800161,-0.6341848139362285,-0.408978079843094,-0.5412239226072765,1.481582115320103,0.6022021027847139,-0.40118491136908124
4280,Winston Reid,West Ham United,Premier League,24,2235.0,-0.06336997581882368,-0.12756650642987294,-1.2320081512103924,-0.6467744155619735,2.163177670424047,-0.7752484207023953,-0.06125078674999617,-0.46961323087263757,0.7143457724943654,-0.5903123220759015,-0.09919141293695082,-0.4659467390352356,-0.5415846807314204,0.2791565100002472,1.1502630129771572,-0.5335844003268465,0.2313843612912434,1.2078527062999105,0.5259685145534779,-0.2183872207784983,-1.0195167531763631,2.20323120821252,0.5543201563525735,-0.4366920912293679,0.013345971030793356,-0.8418299092667356,0.1279231394723612,-0.4040770651715689,-0.028473028846076373
3843,Angelo Obinze Ogbonna,West Ham United,Premier League,28,2441.0,-0.4125239431024277,-0.3973651641479937,-0.6020553078040142,-0.5082708427983542,0.43263553408480904,-0.668630612011804,-0.32528622800918533,-0.3680677631732696,0.33462857604903284,-0.692596184427201,-0.4317229519419891,-0.4659467390352356,0.10648476539994958,-0.020628689658434403,0.6044057803267515,-0.6789520793729722,0.07524055861058278,0.30638586956521735,0.5689560023031379,0.3611289402367705,-0.5183136839842479,1.900335347993179,0.8721811941822226,-0.5718082942443645,-0.4805519333245876,-0.8561976989469043,-1.1216971051063442,-0.7447012336952762,-0.7664762594869086
3062,Aaron Cresswell,West Ham United,Premier League,37,3472.0,-0.08066603256111164,-0.0500149337332472,0.7376702082125296,-0.20540511642532627,-0.5853304284676839,0.05318268335154832,0.019951433320051573,0.34362834710397794,-0.10534844222723913,0.4657629775110823,0.4245074509108457,0.9362848030910474,-0.31377109806916914,0.5088253378872979,0.46084244270401364,-0.6836909080179612,-0.40781571230529645,-0.5217391304347833,-0.10995503361095955,-0.43262373413207794,-0.11485342872223135,0.5250837919815678,-0.07086945708610828,-0.7703813154896982,-0.224501540018234,0.010305148573897653,-2.0170804828714664,1.2592441437442987,-1.0986907698461832
3963,Victor Moses,West Ham United,Premier League,21,1020.0,0.7187483731199152,0.19381130644024144,0.14117119000394007,1.5945331050719578,-0.4878656022658495,-0.2040372840659884,0.9402998023668486,-0.8021084145681746,-0.042597582588874854,0.6677997557234197,1.0255476160506796,0.7658174391462834,-0.5415846807314204,-0.98538483877132,-0.6507020384503999,-0.3131660864552323,-0.1318630644964152,-0.16879795396419453,-0.5450016462927953,-1.867868349736129,0.21050580206251124,-0.4759488758881175,-0.4550726514514647,0.3733760061215022,0.9610736701811464,0.6874608190667686,0.24810564842061378,0.24059448205773126,1.1515216530543657
3874,Mark Noble,West Ham United,Premier League,37,3316.0,0.07388015732377827,0.33001722427178937,0.20276329513360095,-0.09279802935358551,0.6056897477187329,0.5204187467567637,-0.1476494220591521,0.5644176573224572,0.8887652077042572,0.587895149385544,0.46478849519463444,-0.21335336112105197,0.17400828579753336,0.3374531193085656,0.10857748236438036,0.23190338094206608,0.6543728107281929,-0.7636746143057508,0.1416220301477807,-0.4925295963485954,1.0095565112624807,-0.2719768267862956,-0.620584234823073,-0.08393789110375209,0.4339249721947139,-0.01070449171707921,0.15027806147577755,-0.1484101874689489,0.4649943376615172
3684,Cheikhou Kouyaté,West Ham United,Premier League,34,3141.0,0.3479092206626194,0.5625202226714907,-0.6706547441437399,0.019502598324195156,0.6633744855967078,-0.3483906203935311,0.45692293006801066,-0.3263434714817396,0.33112137014818693,-0.309142928505155,0.04150722295534313,-0.21594684613784035,-0.16385365923985587,-0.7291906032410185,-0.5318320746923241,0.13158850814790302,0.7403397050943584,-0.7173913043478265,0.23540177130764334,-0.5682085446274397,0.5766190717897411,0.5052128665218379,0.8685253975192843,-0.23168569521487456,0.2028490658358696,-0.07211247470487257,0.07061887558688672,0.3057231890496054,0.3451556366302698
27853,Mauro Matías Zárate,West Ham United,"Premier League, Serie A",30,1570.0,2.216136879500257,2.2911698676991414,0.2909861467579435,1.9312388768508,-0.15116181311396973,0.2716429555922259,0.9425611413776188,-0.4063991732765191,0.008360187940785326,1.0337680454347482,-0.4317229519419891,0.5343713037554887,0.4660188339225119,-0.6153267994941103,-0.5455384546855961,0.30414404740525613,-0.05117970213485221,1.460403726708074,-0.7220932423111007,1.4044893738411066,0.24687085055882266,-0.38930170077478965,-0.6989001005407888,0.8805598901739037,1.0406016539174068,0.5608500207474372,-0.3747082800380807,0.1667265704860897,0.7034382938648712
4271,Andy Carroll,West Ham United,Premier League,27,1531.0,1.6756690889889265,2.753516612468598,-0.8047863746809857,0.021637845025131195,-0.6686185526765243,-0.5122385747924714,2.309288000578965,-0.884202723376765,-1.3457306143554773,0.18491659323805645,0.05371662328744262,-0.19240015472320654,0.4916860691096468,-1.038662251607062,-0.8853397901025365,-0.5750797376881133,-0.8772631179224876,0.47826086956521674,-0.7698588658342617,1.186332192269291,-0.6904716521933197,0.15842701278132612,4.304744528853451,1.3446087632413781,0.5035829155905331,0.5690799492802926,-0.13290072704514846,0.23866392761882813,0.16462226841057423
3349,Michail Antonio,West Ham United,Premier League,26,2133.0,1.0722816540872433,1.864238211379433,-0.4135349605728147,1.4948754600113083,0.23012528408766422,-0.252807318370458,0.9491214628959709,-0.6495315277306403,-1.0176022356045253,0.15996593906164275,0.6135766115970556,0.908454922508138,0.014652139946031576,-0.2154244647699371,0.19729222484504996,-0.005429611237055292,0.3362159791592802,0.25826086956521715,1.0042520622521565,-0.3279353033468418,0.33332085442097475,0.4318192113840887,0.4631809112987776,-0.23954795444732124,0.3724958701262462,0.3727643304992478,1.168847555178129,1.4594484521012665,0.3659824431090174
3897,Pedro Mba Obiang Avomo,West Ham United,Premier League,24,1173.0,-0.08714680203784453,-0.3973651641479937,0.50913132931701,-0.056834904935892834,0.08652710681696159,-0.49151844128088495,-0.36405037095408027,-0.2883610969526061,0.15436641435378656,-0.5992380968476909,0.20187294718525783,-0.28743019147269655,0.46988432055161916,-0.31481371003180597,0.018233700429390674,0.9011705727408569,1.2494338480283376,-0.03336703741152741,0.19495657190543084,0.5703589737135761,0.3817659377682612,0.37279787703176054,0.5693255674576586,0.47404335099663103,0.06797329742344758,-0.21689501507920425,0.0046235208808676955,-0.30875712955608786,0.2727650397048755
21254,Carl Jenkinson,West Ham United,Premier League,20,1302.0,-0.23042849505535318,0.5289021169579976,0.37021424533503533,-0.15778177432631946,-1.5451269074457483,-0.07399704560182234,-0.13215324963724076,0.3555573699309357,-0.25215579706166114,-0.2932143124733892,-0.4317229519419891,0.45882245003729527,-0.5415846807314204,0.09465233195066251,0.18369863882082849,-0.5623863239431238,0.2555319987737453,-1.0389805097451275,-0.5224824998978409,0.041006989017258404,0.14952325386966542,0.9480415456961264,0.05081140556041492,-0.35634626801940933,-0.7372454176191402,-0.06954100906681765,1.7302966266363362,1.0341313194478399,-0.18316940066100695
3490,James Morrison,West Bromwich Albion,Premier League,18,1392.0,0.5099144919506631,0.9022038013692484,-0.020520289695272923,0.5917110992594286,-0.14421184469493656,0.0119825082846995,0.46322793793844663,-0.12440385752447845,0.43572685940726724,0.4326122453048641,0.6361046194319491,-0.2026925414712974,1.7313140520367896,-0.43710414339240694,-0.1603871240889496,0.2231439800039228,0.20566655014780297,-0.07173913043478311,-0.06272775126363396,0.041006989017258404,1.0281385828452212,-0.14524051114954203,-0.32488229237208616,-0.8016548987140549,-0.28543237746258565,0.22125918331995176,-0.12169474938896571,0.48267259681038027,0.18809299291159642
3464,James McArthur,Crystal Palace,Premier League,28,2254.0,-0.12297160271165883,0.1376836379815535,0.28263329481187816,0.035077971316863375,0.11799150929585701,-0.09454247155312329,-0.1718867178383294,0.026469086114177868,0.7785338051494203,0.10956220713079261,0.2277340042924921,-0.32659453609100875,-0.19066686395975393,-0.14565427738743875,-0.02493228393744357,0.7403387458664699,0.2799234177152851,1.125319693094629,0.39829930311367273,0.600752389102838,1.3529338249508311,-0.09765515141241564,0.0015111802741024816,0.5106658988216559,0.004359105206212613,-0.12603576611871228,-0.12919208460470477,-0.1318221956330496,0.17879797292825708
3329,Cédric Ricardo Alves Soares,Southampton,Premier League,24,2039.0,-0.2598785965569182,-0.3973651641479937,0.7360395976881791,0.20896700790783643,0.9003496249873062,0.19926748069102798,-0.15421711396812968,0.4712626358947127,-0.8524669611625812,0.4100326784152144,0.2972696813844068,1.9731154823516621,0.2342552005862225,0.8044921461719543,0.33742627432400923,0.12712515652743284,1.0547244721078946,0.0,-0.16543077233379547,0.9370096990443583,0.21174303576877979,0.6979709771963842,-0.14406526781153214,-0.38106131464203186,-0.4080308478200175,0.14288881125691594,2.0803922951790117,1.4854748022759892,-1.2071452744047477
11062,Graziano Pellè,Southampton,Premier League,30,2286.0,1.6723173486405138,2.5042096390016138,-0.6867837051618096,-0.06188511275582608,-0.5221463342402873,0.1876262898912538,2.853440582268379,-0.37731285297644895,-1.0551271376013964,0.41989232904902885,1.5189541863159133,-0.19114370715746887,1.5344488074663143,-0.6961775648860179,-0.789269310006994,-0.5083534410351224,-0.9509599431405136,0.9782608695652172,-0.8249593318713401,-0.7770824418770504,-0.8508787500829069,-0.11907736172680326,2.3774143565146484,0.4370527255831979,0.16927499170361682,0.704090626228765,-0.14659429831734455,-0.30863970118576334,0.1181425947364179
3726,Gerard Deulofeu Lázaro,Everton,Premier League,26,1445.0,-0.047720363649229686,0.4372369119765741,-0.4113515238917842,1.5745082312592542,-0.1966525154930956,0.5786490581272127,0.7941108863176526,0.04950379476471815,-1.2987021292339511,1.2635242696356601,4.197254146387664,2.722148780963991,1.1005649919398672,0.34461512099548064,0.16972708299042744,-0.20729139668453495,-0.614008970373298,2.638975155279503,-0.21790305129427834,1.092836257309941,0.4682449487921821,-0.4719478151549433,-0.8514601259679051,-1.2550663374467605,-0.0861302963072926,0.7083503109446757,1.6640679789011308,0.14003619110981536,-0.11405592333913511
16334,Graham Dorrans,Norwich City,Premier League,21,1341.0,0.17858719669625775,-0.3973651641479937,1.0315318157048234,-0.025331351736867083,0.7210592234746822,0.5622592672998816,-0.23227951542286995,0.4761983634767249,0.8407384612443813,0.4000868218587351,0.12249627973307471,-0.2707566660571798,0.63808535506774,0.3033446426912361,0.09298957250912727,0.17669976004086824,-0.14989662464190173,0.6032608695652166,-0.08924560107521533,2.058960918556553,0.9531926882290406,-0.1559445755039725,-0.23087005448450482,0.22181197233858985,-0.6238788139465116,-0.0431072826347128,0.3156046948238016,-0.2480921560168131,0.16882776758305926
10966,Wes Hoolahan,Norwich City,Premier League,30,2032.0,0.232490814210312,0.4928907413638171,0.17633438196496615,0.7003008534308236,-0.02277029126762162,1.0719048411845344,0.656293094574002,0.5393842619741992,0.3283046614019133,1.1922297442080303,2.128540792021508,0.7964296886532555,1.988581133009569,-0.2811463471674997,-0.6145301042810632,0.7606491972171411,-0.19533551634706495,-1.154551630434783,-0.4161348680377426,1.186332192269291,1.2646011038361307,-0.44153817836205783,-0.6932770191999102,-0.42760314345580364,0.8881309347806798,0.451579791972301,-0.07878933451276994,0.057250147247388854,0.6553742704000459
3267,Luis Antonio Valencia Mosquera,Manchester United,Premier League,14,905.0,-0.22116142555294716,-0.3973651641479937,0.6028487190693331,0.7339376796769171,1.3644659151905527,1.461125899512481,0.3204680288733371,1.5081575022376537,0.8696352951158132,-0.19660195467647096,2.0319499420124676,1.153721075369193,-0.10458536636493633,0.13254435323072056,-0.4866558623399284,-0.001625424732174036,0.8542894332778858,-0.8967391304347829,0.08898804637384329,-0.23168948794751096,0.3814257351273407,0.22264517024727457,0.030498510172588787,0.6164236840796863,-0.3264575984338362,0.30009296197679985,2.0233026312629394,0.8357737073237509,-1.2073183504074854
3602,Faustino Marcos Alberto Rojo,Manchester United,Premier League,16,1286.0,-0.1777344678163217,-0.3973651641479937,0.21088821270096778,-0.614017835492543,-0.43263553408480965,0.6139472882712735,-0.19822636141642275,1.1161606562355184,-0.3706421489254319,-0.04127634548383143,0.14619927953255238,1.284480193800477,-0.5415846807314204,0.6310881980104326,0.1395633865954884,0.1575564067274588,1.0806003742209835,0.228260869565217,0.21916874586830973,0.08406432748537969,-0.4868195513756184,0.9396301450026198,0.8584846898144747,0.2172868259651979,-0.22218287527683972,0.030590506409139427,-2.0715143512350878,0.9820034313629322,-1.089184386386047
3101,Vincent Kompany,Manchester City,Premier League,14,1226.0,-0.006053543090081684,0.5863216221489072,-1.148927965744469,-0.24609860189263416,0.7472795588737617,0.285353907578388,0.024779365694505943,0.41094971033609246,0.768605326888504,-0.521031313056004,-0.4317229519419891,-0.4232469204604276,-0.5415846807314204,1.0907117662624772,1.120616295619265,-0.8862711363689834,-0.09992714663448266,0.47826086956521674,0.4214987847839441,0.31370346598202775,-0.13973352783278367,2.0025483364243244,0.6654913913426248,-0.2830144954541757,-0.7176853550277641,-0.6697506203441344,0.7585274553919747,-0.5954361013913877,-0.7236631211389456
6560,Marc Muniesa Martínez,Stoke City,Premier League,15,1162.0,-0.4048025236751544,-0.3973651641479937,0.854719315630885,-0.17889670190756582,-0.43263553408480965,-0.20922299329226182,-0.401909988568728,0.05908964414069603,0.5681363619311971,-0.41611376762268204,-0.4317229519419891,-0.01543058092237357,-0.5415846807314204,0.24037639708861777,0.36128652470344963,-0.021855795461364128,0.4409496722319832,0.09895052473763102,0.8723573571955374,0.48151668257573227,-0.4085762886036092,0.799418500467142,-0.1720258368765912,-0.5672832285206237,-0.5578088206014366,-0.6500172736312702,-1.302350072312727,0.014350892614408558,-0.4682985591830342
3077,Jan Vertonghen,Tottenham Hotspur,Premier League,29,2697.0,-0.35767494594701216,-0.3973651641479937,-0.4912159685404366,-0.5072385742804105,2.163177670424047,0.2676661404736215,-0.3063867912316697,0.4682027844242118,1.069129661129045,-0.5835449355846907,-0.4317229519419891,-0.44653629128858585,0.04496983095069788,0.5581137510905425,0.6722754509360046,-0.9791049304790227,-0.05372527894310459,1.165760869565217,-0.15832032276183527,-1.2445621166737988,-0.5881609209599563,1.5268379287320684,0.6149974742769196,-0.7397875927702188,-0.32161006219516947,-0.8481810814019378,-1.0681482016885167,-1.1354505627312346,-0.7758570421611811
3041,Ciaran Clark,Aston Villa,Premier League,18,1520.0,-0.15538961911087007,-0.0006546378322045309,-1.0826457265147718,-0.4300870314650614,0.8652710681696187,-0.6378922129522634,0.006593668681396153,-0.3996705141128558,0.02307053901834372,-0.5709201082613918,-0.4317229519419891,-0.3970651895974533,-0.021210497176593637,0.12741576047726835,0.8638737837628215,-0.49566061750735635,-0.2379288721942117,-1.7934782608695654,0.7586975385577535,-0.368037726429896,-0.6193361476352923,2.2631193919534187,1.1352489883288,-0.39090107273309543,-0.5122193595950988,-0.7870278996095845,-1.00491189966933,-0.2865166784572377,-0.3345067180852494
42699,Gabriel Imuetinyan Agbonlahor,Aston Villa,Premier League,15,1062.0,0.08040053444681954,0.17043144602149807,-0.5289600508617877,-0.08395214115136213,-0.6323134728931834,-0.9021812844694173,1.2251263103109633,-1.1873043899098243,-0.6748377497183815,0.31282405090404203,0.9679154466950373,0.02699090289239685,-0.5415846807314204,-1.2027765856735355,-0.9687721105336095,0.11882657429277813,-0.762950339999364,1.165760869565217,-0.8077557308216504,2.495275281700185,-1.0369763785905486,-0.28265469323629233,0.7672530948846626,0.7811640641749905,0.2624825843229308,0.5993986122974633,-0.23711808548648816,-0.026002161731759905,0.17533213643581966
3086,Ben Davies,Tottenham Hotspur,Premier League,17,1359.0,-0.15267103108483304,-0.3973651641479937,0.4178503698069884,-0.3261560451999822,0.08652710681696159,0.4000968819207298,-0.15783820314324248,0.8939089642040879,-0.061998335487157705,0.30690830469049163,0.6620342072578063,0.6126399953547627,-0.2505733639531508,0.053213720856934085,-0.05677579928637493,-0.1902766562533937,0.190983727020182,-1.8924287856071969,-0.3549216747393725,0.7103528870216931,-0.15303702587868387,1.217294726973038,0.5854716198313319,-0.10373831936834728,-0.4481794176811186,0.02478247766903082,-2.0345341068685947,0.6567311954020417,-0.9305760392042384
3300,Maya Yoshida,Southampton,Premier League,20,1094.0,-0.4518250538695095,0.1538231356691911,-1.8016904202783333,-0.32842482828254116,0.8652710681696187,-0.144144463347068,-0.19018263612562228,0.24104814504441355,0.16944924294849442,-0.5862600229756204,-0.4317229519419891,-0.27453914279130665,-0.5415846807314204,0.6723573799970947,0.8005614200539836,-0.7447554525442669,-0.2729147993611784,-0.3811141304347829,0.4420021912995391,0.772981742975324,-0.7854259038563445,1.421965620450927,0.005978912221378124,-0.7884392556640356,-0.5270427805804448,-0.6107100706455212,0.21473742507864993,0.06649905157518908,0.8649231122882969
3595,Manuel Lanzini,West Ham United,Premier League,26,1967.0,0.9567561328989986,1.1354258882160126,0.5806658296057204,1.4776139620387185,0.05030645745172212,1.0096214125784775,0.48672026263718854,0.48288736118981557,0.9867756513008812,0.9358427196779772,0.32395370253311095,0.17279218406855162,0.6647733655370142,-0.3740337453530646,-0.5573452224384745,-0.20561204217469994,-0.018872050819948166,0.24909420289855,0.04172588388640893,0.662754956496933,1.1532940083811059,-0.4557889811618898,-0.7365000834932998,-0.860681791018297,0.5763221444231046,0.2281421127485386,-0.5206996231928716,0.14318207850604758,0.47609563113234543
3491,Dimitri Payet,West Ham United,Premier League,30,2677.0,1.042394673671201,1.6299041671930603,0.5781186901086255,1.3471229519293915,0.5112965402820471,0.8828483120356174,0.4163749227846986,0.5705231533114018,-0.5361787702764587,3.1585361514488177,2.899803337230641,1.9784862817302935,3.4472379739361365,0.9851753042507185,0.33203592803215787,-0.5095622517385089,-0.5091242958680738,-1.4467391304347832,-0.47267716665020554,0.6772987686017208,0.605159661980056,-0.4921339661681116,-0.8123566413296702,-0.9639541342573591,0.32840612052971596,0.5542704003407615,-0.6622711230203785,0.1401576613164848,0.7339679216450582
3962,Diafra Sakho,West Ham United,Premier League,21,1567.0,1.26579694517046,1.5266935467645788,-0.7842427742838244,0.8916215143411113,-0.7441331186258724,-0.3682536427890909,2.1970660157430086,-1.137885314680843,-1.1952235414027164,0.028239451289785115,0.042564214411719266,0.3024320000665098,-0.2892015412919383,-1.0690964892942332,-0.8959124008428738,0.02548427734099663,-0.6220342673240827,2.128260869565217,-0.7214644782758093,-0.7770824418770504,-0.09393551257837819,-0.07908297236673419,1.5101693967414036,-0.22876504270720485,0.572696763459819,0.7193149648747325,0.313568458639557,0.32029769437571715,0.4144304282392485
3651,Matt Targett,Southampton,Premier League,14,1104.0,-0.39633925785332164,-0.3973651641479937,0.9318356572636679,-0.46650526593335906,0.08652710681696159,-0.23429623734301167,-0.3841494552323244,0.16666787637165092,-0.1590186582313996,-0.39705120547996053,0.24147269088071044,0.8143516255148491,-0.5415846807314204,0.09478772685289735,0.07476324517742157,-0.5287131450862291,-0.21948264476850768,-1.1393861892583128,0.27279871119608606,-0.5845908110783895,0.05945051382766488,0.6814666656589808,0.08621687395589142,-1.167272054576124,-0.08525470770654983,0.05944500270235725,-2.1488605332789597,1.1244851206309008,-1.2931194126440897
6870,José Manuel Jurado Marín,Watford,Premier League,27,2036.0,0.5373909983139452,-0.3973651641479937,0.7800496984601943,1.4041141464280609,0.11067420639378808,0.6218426949548819,0.29092231869841756,0.19358442374524099,0.4023056327311454,1.2401285693278525,-0.4317229519419891,0.4082670318254203,1.400872978903494,-0.4905749758454703,-0.5979380396578017,0.08743129081271779,-0.12960064479811803,-0.411445012787724,-0.33296300536635887,0.18537571211625428,1.1467109910496762,-0.39062566620591727,-0.5978834880044556,-0.7828151493598415,0.7228929282187614,0.34432121536763316,-1.0663813131650541,0.28224455001769866,0.36675996467843197
3509,Thibaut Courtois,Chelsea,Premier League,23,2114.0,-0.5658964110424543,-0.3973651641479937,0.0,-0.6911632058351953,0.0,-1.3026696315097905,-0.4798210963967663,-0.7935180596684366,-1.6644281841798845,-0.7789597780634512,-0.4317229519419891,-0.4659467390352356,-0.5415846807314204,1.8825070464185598,5.685746710882121,-1.7114532144221068,-1.2834346909296313,0.0,-1.050517656745049,0.0,0.07948969556717567,-0.5111483685634131,-0.8851952301820702,-1.4421600348951331,-0.936178549142752,-2.132804582667642,-0.08972519240222096,-3.7840554354817715,-1.3547076585069358
30702,Brendan Joel Zibusiso Galloway,Everton,Premier League,15,1268.0,-0.12301526643487758,-0.3973651641479937,-0.5067325572845498,-0.1434797485603086,-1.9159573652327282,-0.504534547919986,0.031864814977544856,-0.24958942406726453,0.41765151800145167,-0.44644632054596406,0.15440322288156016,-0.21823391140409412,-0.22968848238625622,-0.9635660344425977,-0.8104816015755215,0.3376793645105678,1.4411038574139399,-0.07173913043478311,-0.30500114290773483,0.7103528870216931,0.0019196615201738504,0.249397997122686,-0.462309203775008,-0.5675619839889304,0.8911923086707555,-0.03222737916497482,-2.0545839955768184,1.0847494142616896,-1.2104933128535178
3973,Àngel Rangel Zaragoza,Swansea City,Premier League,23,1896.0,-0.10515883022472684,-0.3973651641479937,0.4101830847531061,-0.11558387626390841,0.275313521690333,1.3600481871108634,-0.08191011144519954,1.7567471281212244,0.38011914104730893,-0.056234061592161676,-0.4317229519419891,0.5280401769023829,0.08418174253071312,0.7616179035170343,0.05818793111784946,-0.5015962305281448,0.21069305222738952,1.2160657476139975,0.581211237752732,-0.04989183663766448,-0.07409147081275201,1.120968158447758,0.42604343282578827,-0.5644868524619777,-0.3160665129023684,-0.14263090525509026,1.9855842383175952,0.39546137104080276,-1.0847250462967268
3297,Andros Townsend,Newcastle United,Premier League,16,1205.0,0.9357749074923369,1.6042945868893514,0.530916420137316,2.313921058491575,0.24298708078735837,0.33696506967629514,0.3967058068857553,-0.328179341443796,-0.6035423628268742,1.6703260716670192,0.8018172798858296,1.575919606124586,-0.5415846807314204,-0.5875514561949279,-0.5955499332441921,0.7505889915977446,0.43675529046438444,-1.7217391304347827,0.5897874062162055,-0.35025317358436786,0.4600781859384316,-0.1985143285351093,-0.7638328428223974,-0.68718162308162,0.03821055129363276,0.5479716654973619,1.098800685979804,0.35910354616904866,0.6475931124904428
3482,James Collins,West Ham United,Premier League,19,1508.0,-0.027990959545895637,-0.3973651641479937,-0.9981421329648843,-0.5595863540306185,0.8652710681696187,-0.8086929084131361,0.05048764439650992,-0.4769623423087255,0.22512176857220498,-0.7090613920998946,-0.4317229519419891,-0.431231899796035,-0.5415846807314204,0.150821463806212,1.1792170540788334,-0.9799519642339265,-0.45870169587135995,-0.8967391304347829,0.3171914431522951,-0.7770824418770504,-1.1746478905259072,3.412625802350027,1.6362129899628584,-0.6541251691556763,-0.6713765040632269,-0.8430035823018934,0.3592256792957124,-0.3344256981686999,-0.24788243324337642
3052,Pablo Javier Zabaleta Girod,Manchester City,Premier League,13,1106.0,-0.3966458711502278,-0.3973651641479937,0.08233346987668674,-0.28751016951247466,-0.7210592234746828,0.5828876621761834,-0.015970576796082853,0.8839189963696898,0.7143768587140956,-0.7789597780634512,0.24025533890453987,0.007380363792201707,-0.5415846807314204,-0.3772691705784514,-0.7760070096363239,-0.0622066952229892,1.1529826742184026,0.6897993311036784,0.19270435811040307,-0.368037726429896,-0.5979073175418301,0.7106152455944228,0.08446025170609409,-0.05386858415323144,-0.38416608924585793,0.12623541733402172,1.9852872670879318,0.5632963443496415,-1.1275936071829158
3081,Jamaal Lascelles,Newcastle United,Premier League,18,1221.0,-0.36148352857365557,0.5903498235669943,-1.6447338569858863,-0.48803268523599197,0.08652710681696159,-0.668680439680546,-0.18323565070903347,-0.4314560219139692,0.6609615624463314,-0.6063033226448706,-0.4317229519419891,-0.3801973900217801,-0.21768265001752327,-0.20053516817007064,0.3025011218268621,-0.8562746301978928,-0.6043752551950566,-2.271739130434783,1.1313573433232367,-0.24928280904201222,-0.5005620451543847,2.3823125718542606,1.6699419014526486,-0.5301566986176776,-0.8508999289875663,-0.8631106804733727,-0.5878285309461742,-0.3994455280419331,0.03705964526181568
42900,Cheik Ismaël Tioté,Newcastle United,Premier League,20,1258.0,-0.4666960416090667,-0.3973651641479937,1.528358578103754,0.13689238696038056,0.43263553408480904,0.829363741688292,-0.419849774658438,0.9932268812130713,0.9316061187370948,-0.10864648055602072,-0.4317229519419891,-0.4659467390352356,0.08716632006614454,0.3940597540076804,0.03570340360532567,0.817690059419896,1.5726094064246083,0.6897993311036784,1.613688344287099,0.14589024938832398,1.096866716982976,0.7244774808407315,0.8585449538609249,1.643961142788671,-0.1383816376705412,-0.3768552426801064,0.10265595419521913,-0.9505926408469593,0.10957329225631435
20046,Phil Jagielka,Everton,Premier League,21,1929.0,-0.21008129641849946,-0.3973651641479937,-0.47238310890486657,-0.5368724651498906,0.43263553408480904,0.17870971768899274,-0.2529808932181562,0.39523039715780334,0.7717033019202472,-0.6150301263790913,-0.4317229519419891,-0.41166993491629883,-0.5415846807314204,1.471842110364411,1.2820356157415302,-0.6514052586589141,0.04185769407904665,-1.2311985898942421,0.2414439459141584,-0.6642425203743869,-0.22939216791311642,2.5850741496323777,1.1111919245965824,-1.007003433635904,-0.4564538906295591,-0.83869203865401,-0.16826102611195357,-0.7063248933400521,0.007781448969859941
3083,Heung-Min Son,Tottenham Hotspur,Premier League,28,1166.0,1.467626084838189,1.6712454705003772,0.028496833989132466,1.3934158536724779,-0.4856113137686639,0.22862280003335014,1.538918517411717,-0.37093727636593854,0.2735752194447092,0.7578455586104239,0.205676696150859,-0.1516672853396936,-0.20240425234233944,-1.086840278595466,-1.1478716282467618,1.0281191343139258,0.4942916620547504,1.0282608695652167,-0.46089349361034493,1.6771858508058761,0.08820731095095832,-0.36546332401269327,-0.46712296955197913,-0.3064307464915043,0.004234051770744018,0.6211107302766959,0.028293971331667965,0.23127774985501018,0.5435517770066695
9014,Declan Rudd,Norwich City,Premier League,11,1034.0,-0.5658964110424543,-0.3973651641479937,0.0,-0.6911632058351953,0.0,-1.179057850663179,-0.4798210963967663,-0.692109370451942,-2.904957639885439,-0.7789597780634512,-0.4317229519419891,-0.4659467390352356,-0.5415846807314204,2.960740856969457,7.153336608894955,-1.6901104560494635,-1.2834346909296313,0.0,-1.050517656745049,0.0,0.04537206940311097,-0.5439669083520798,-0.8851952301820702,-1.340694858357725,-1.05278011152739,-2.0996992647465884,0.022606296229654765,-3.5394299165442056,-1.2233408022243317
28559,Enner Remberto Valencia Lastra,West Ham United,Premier League,19,1070.0,1.3584980453396265,1.8568404433286427,0.01855984473685239,0.977772338736502,-0.7210592234746828,-0.36652587926737107,1.2546840433898685,-1.079019539998295,-0.20435200052499264,-0.08938280401550348,0.957450860537003,-0.12347025024177583,-0.5415846807314204,-1.1289318985876273,-0.9635483882859014,0.34721492245096974,0.13719572672629898,-0.8967391304347829,-0.4079926341141472,1.6771858508058761,0.09262171201198181,-0.025249950496068,0.299316793487261,-0.19581785976123653,0.5598085989098751,0.5133191139285589,-0.10675068630764264,0.690358862647762,0.610431872795435
19847,Alessandro Diamanti,Atalanta,"Premier League, Serie A",19,967.0,1.0472636813463978,0.2262129123773424,0.9737753370238341,0.8990525822103982,-0.013955984970477711,1.7938872886619235,0.3471753680461092,1.01606710764791,-1.0389322326713197,1.6191259021092024,0.3368478750241543,3.269470481768596,0.27637680737957926,1.8416173315889683,0.7341123451913191,0.21130230955262272,-0.06874693605695255,-0.6540920716112535,-0.7839063172097344,-4.0494401654542855,1.1424002901864405,-0.3287288738745982,-0.6835521046827172,0.9029466197510587,3.3656192506989084,0.4677543273259054,0.16384780139147737,0.24326431329866505,0.9696984847266695
3725,José Holebas,Watford,Premier League,11,982.0,0.2601335490968638,-0.3973651641479937,0.27663824819840893,1.0768169973841433,-0.5068016256422055,0.21185157099018592,-0.21860995857682952,0.34834351623955895,-0.3018800205946161,-0.027587718764770872,-0.4317229519419891,0.4403156018366052,-0.1388510967175015,0.12309132799402729,-0.09133403606243255,-0.42322401244090296,0.5459458968868829,-0.26212374581939873,0.5247155326479207,1.4044893738411066,0.8138059698102261,0.9396850828679542,0.30618299196380255,-0.3891124981363485,-0.6344235214372257,-0.18124718071710322,-2.0021666042776514,0.9512183921050803,-1.0154444728632854
20302,Gaël Clichy,Manchester City,Premier League,14,1130.0,-0.4554591856024528,-0.3973651641479937,1.316315545419987,-0.07659451218514549,1.4215167548500878,1.054886950668851,-0.22611586946056741,1.312471261496832,0.2737937561109325,0.15384346116702177,0.22598323361222386,0.7385660192750114,-0.1915985041812715,0.34600565902144986,-0.02619962594024586,-0.22190772553783478,0.5509271918843412,-0.07173913043478311,2.1436277544311384,-0.6212558836114677,-0.2747681451590009,0.8067628690738626,-0.41066471559432255,-0.6306248582525718,-0.4710793377666235,-0.006384341689445975,-1.9792249857149162,0.6175684712215347,-0.942178944151617
5689,Juan Guillermo Cuadrado Bello,Juventus,"Premier League, Serie A",29,1831.0,0.6949939209199867,0.9199477795985931,0.34731753646000774,1.9908918678416039,0.3277541924884921,1.2049560951856422,0.8963815359045385,0.5908602644279587,0.6116679887268618,1.4661870680800193,1.191888166957543,1.106553952662908,-0.3255910272624592,-0.29319468441253177,-0.3628298613260006,0.11418371268147862,0.26373417910079533,0.008748674443265742,-0.11182053192928598,-0.4498466695193266,0.2519117881490167,-0.3166209997341391,-0.618962430676507,0.479541294463323,3.300047701956882,0.4782816406911477,1.679637489009932,0.42743583939235713,-0.35104922442937525
3970,Fraser Forster,Southampton,Premier League,18,1697.0,-0.5658964110424543,-0.3973651641479937,0.0,-0.66193252043135,2.163177670424047,-1.3982328558368227,-0.4798210963967663,-0.8643445940029083,-2.1674821842849914,-0.7789597780634512,-0.4317229519419891,-0.4659467390352356,-0.5415846807314204,2.4941879682075494,7.5253052492822725,-1.725523217917284,-1.2834346909296313,0.0,-1.050517656745049,0.0,-0.8757118326014471,-0.5439669083520798,-0.8851952301820702,-1.5393035465059481,-1.05278011152739,-2.115286236442227,0.034395771411076366,-3.545681698479762,-1.2752928731823487
4346,Gilbert Gianelli Imbula Wanga,Stoke City,Premier League,14,1316.0,0.429800914068197,0.5190482097121887,0.8920516444795233,1.6081322812087653,0.37589644764745694,1.0047433326020387,0.10492663309983978,0.5930835429468982,1.0751104508643796,0.10209981643767176,-0.4317229519419891,-0.30682826616984177,1.86257568098085,-0.19303590861514652,-0.2977367646711193,0.25398757084530726,-0.4958857062868544,2.128260869565217,-0.2668910144026498,1.4044893738411066,0.9809219878245085,-0.359449905391331,-0.36660772391112745,0.3332926560344446,0.32080283259235315,0.04311890181957084,-0.286502353480372,-0.6238286172094485,-0.24443615812404376
6950,Alberto Paloschi,Chievo,"Premier League, Serie A",31,2404.0,0.8876118306054848,1.860122356650676,-0.8135170109297193,0.03103170246821181,-1.248462541216165,-0.48801938312863313,2.0621746367530593,-1.0748504899911482,-0.8816556672005385,-0.16511005906902185,0.18658652366222098,-0.24818476909881895,-0.21256273439059828,-1.1857900995988786,-1.0729984210654815,0.4153786173978416,-0.7086069239912538,-0.07173913043478311,-0.8002830259471364,-0.3096027670803027,-0.8474943568999597,-0.3852393034756952,-0.3377014319642446,0.6390305967570337,0.006754939680994692,0.6032971602511094,0.02251148625983155,0.18406552935442244,0.24087555705371344
5597,Keylor Navas Gamboa,Real Madrid,La Liga,34,3152.0,-0.5658964110424543,-0.3973651641479937,0.0,-0.6911632058351953,0.0,-1.3330853367037798,-0.4798210963967663,-0.8636646876509858,-0.618086307366141,-0.7455185451849476,-0.4317229519419891,-0.4659467390352356,-0.5415846807314204,1.4087162154095592,4.382277501321625,-1.7181823375594716,-1.2834346909296313,0.0,-1.050517656745049,0.0,-0.23550265293243033,-0.5219559968313815,-0.8851952301820702,-1.4741508232999638,-0.8963742086840366,-2.094266600053066,0.009088147063192227,-3.5352843693249447,-1.3620866226284383
5721,Daniel Carvajal Ramos,Real Madrid,La Liga,22,1675.0,-0.26788073403421164,-0.3973651641479937,0.578810395783545,0.5822650596000253,-0.4930032830268762,1.2134591576178926,0.23182904055828396,1.2678189133521036,0.9989381395887427,0.9830637735336929,1.3431020980311712,1.3467689022886122,0.16674555121186624,-0.19398502644985183,-0.4157719977713788,0.07980283671159005,0.07782609733172255,-0.771739130434783,1.1043386504961992,0.7811831407787762,-0.18306222470759925,0.16017200682708851,0.016992228488692376,0.6062631472505314,0.36978215385621593,0.09176989183713255,1.749546142279567,1.0362709962017012,-0.4005795601185184
20016,Kléper Laveran Lima Ferreira,Real Madrid,La Liga,21,1936.0,-0.14690807382302742,-0.08589822199923339,-0.9475335633344556,-0.3068310276560209,1.1248523886205046,0.48204368315654655,-0.01998726973744758,0.669590981344068,0.977126567746857,-0.45228591639079596,-0.04783452752243298,-0.3307453506759521,0.4798109274856986,0.2884332086175294,0.2051085252419698,-0.7389835887437455,-0.248447795271679,0.9523988005996998,0.8138337454393988,0.002050349450862884,-0.2835587769145942,0.8894709658884488,0.9025387661259215,-0.4785525984415729,0.008237893298388374,-0.7042915112899473,0.9914954198567923,-0.5072683394859172,-0.5318658220780452
5485,Raphaël Varane,Real Madrid,La Liga,26,2253.0,-0.23355535978492667,-0.3973651641479937,-1.3370597586106723,-0.49300951823069944,1.0094829128645553,0.19843471762955264,-0.20523602470395683,0.43261277252841424,1.1535430047087936,-0.7321747065885096,-0.4317229519419891,-0.4659467390352356,-0.5415846807314204,0.833921478756496,0.7651175860165046,-0.9553785522094755,-0.27140103787247744,-1.2717391304347834,0.7422355272378657,-0.15046075012821833,-0.8495113945084177,1.4114383125493142,0.9106413095098497,-0.4455012373434284,-0.6151490367273459,-0.8577174018566528,0.15380373293388497,-0.8558876858831329,-0.02776920653251188
5552,Marcelo Vieira da Silva Júnior,Real Madrid,La Liga,30,2548.0,-0.0761237864459016,0.075947237735837,-0.015956975030628956,1.2556371524978291,0.08652710681696159,1.8278390825305362,0.33738936977754697,1.6785192776663957,0.5459923840321026,1.082619684843517,0.443325701522996,1.52696841973765,0.7001245170760162,0.7399176545930812,-0.011744984455681258,-0.5324447021765535,0.6961115114948141,0.6289458010720661,1.2766812453761973,-0.35025317358436786,0.48710241550024724,-0.23083836800581678,-0.617353331338836,-0.6930341088194245,0.3015918823249443,0.08213436257811597,-1.956317924667655,0.8296118679042812,-1.2016217048387943
5574,Toni Kroos,Real Madrid,La Liga,32,2808.0,-0.12147310353817509,-0.1826215744044042,0.9180246214337264,-0.19653170738465667,0.49444061038263937,2.1495562521560068,-0.3401101283471051,2.1074688774879715,1.4229754948544688,0.9477892381473743,1.9503539380460264,0.13063420196436057,0.8668354741890514,2.0319045803343134,0.42169566788330226,0.8525413952765006,0.31597034578316857,1.9590301003344477,0.5715262371918473,0.6429973249583533,0.21182976642670145,-0.4327835860552184,-0.6421535071576541,-0.1131828274416212,0.6443650412628805,-0.1417783563235147,-0.3554363361595524,-0.5561838148892954,-0.1841687904359259
5463,Luka Modrić,Real Madrid,La Liga,32,2675.0,0.2505133583317619,0.05347595734733344,0.5036460878292651,0.5141791319110308,0.7254965110037571,2.1654441282540873,-0.11317773351503856,1.8196146600686092,1.2329661597531614,1.5458997344410588,0.6796160980412046,0.003735302738652133,2.7109971319925825,0.9506281157947011,-0.04082365325779613,-0.036308720120267785,-0.01778213701798444,0.5343833185448087,0.973436164542292,1.0408940712214136,0.8098533335825698,-0.47912728862007836,-0.7029626111560192,-0.27258847043236284,1.0973381690556305,0.021724421325752936,0.5878614990332619,-0.45197231880379635,-0.02296959585795755
4926,Francisco Román Alarcón Suárez,Real Madrid,La Liga,31,1870.0,0.8355342625892215,0.5700145149963918,-0.13956157958447493,2.942961296226081,0.2684235065489692,1.9003315390936721,1.3921564519734535,1.0430263175327834,0.8710619216778627,1.1938941316459177,2.35033904149856,1.129747764518096,1.7847940222195708,-0.2568693257114844,-0.593711084978752,0.24893226650919897,-0.21191884601316263,1.5213643178410794,0.05242636605986803,0.31370346598202775,0.3674213707326412,-0.48831579088156524,-0.6245148794362487,0.3825275829283319,1.627476194310153,0.393202910220756,-0.3359896588648104,0.07652103434107214,0.5850039561334327
6399,Gareth Frank Bale,Real Madrid,La Liga,23,1771.0,2.2879486608161934,6.071861261600174,-0.26806020697492716,1.2414786044372248,-0.39501505286004346,0.45411700993258464,2.0165164942093763,-0.10132166547984849,-0.12612189656702172,1.5422507669894534,3.764821315004714,1.9283774751882992,1.4682173607790348,-0.45505097112313286,-0.3708569467728099,-0.5245209019353707,-0.932306131768741,-0.4384057971014494,0.1140816219930622,-0.23168948794751096,-0.6553412608000464,-0.4460301591803667,-0.004387088531592472,-0.7275984732045131,0.38545944979669616,0.6690417470960618,0.4772057208754592,0.03299314220737943,0.5546091667637731
5207,Cristiano Ronaldo dos Santos Aveiro,Real Madrid,La Liga,36,3274.0,3.779407004101401,4.943807713066425,-0.11003816572030872,0.7481846705792574,-0.0774189903099135,0.058229097068781294,3.220940660823397,-0.5630149444633632,0.06160194200203899,0.31567371158941304,1.8383075602029744,0.46145054233844945,0.18318815891733067,-1.1304966861017218,-1.1556191680878587,-1.1678471190647723,-1.051291357561909,0.9782608695652172,-0.8405293323055056,0.041006989017258404,-1.250502680762807,-0.39563192002199704,0.052824077129024184,-0.7866045231268533,0.1518415274762744,0.849647150664172,-0.631124010280165,-0.5328454462199365,0.24594857660615835
19677,Karim Benzema,Real Madrid,La Liga,27,2008.0,2.4793770812946367,6.809806150593045,-0.9097718441479155,0.5193045149745393,-0.16775663566553883,-0.11679094650239619,3.014344648351234,-0.6007642035398256,0.17844436717590578,0.9008293220647312,1.4188945522319676,0.3422451458024894,2.2157765309335993,-0.9858599425611403,-0.9841108385824909,-0.5164370545847115,-0.8705205619296733,-0.20923913043478262,-0.7937316354993823,1.4044893738411066,-0.8508984191764642,-0.31938545654128786,-0.4239416015964607,-0.6699949010205218,0.05203130576848827,0.8092493079064215,-0.28699887128184903,-0.3634722088924146,0.18880577253544553
6610,Iván Cuéllar Sacristán,Sporting Gijón,La Liga,32,2972.0,-0.5658964110424543,-0.3973651641479937,0.0,-0.6911632058351953,0.0,-1.1187761125873172,-0.4798210963967663,-0.5972503261928919,-3.0376215032484,-0.7434931676889414,0.06841701419277574,-0.4659467390352356,-0.40851456649801954,3.2251563164898687,7.357309950741314,-1.7209859687265143,-1.2834346909296313,0.0,-1.050517656745049,0.0,0.13330704625751516,-0.5322949041271066,-0.8851952301820702,-1.5047541885743763,-0.8316085521903557,-2.034976763235269,-0.07952501332817852,-3.2582723746218023,-1.2831912043490834
26633,Alberto Lora Ramos,Sporting Gijón,La Liga,31,2507.0,-0.41656167061899796,-0.3973651641479937,1.140519576798972,-0.3152218458526729,-0.02277029126762162,-0.11736719834991632,-0.31129857251077686,0.30522788158145714,-0.09325157188507016,-0.06419511010902818,0.4576364294017612,0.3066696032824505,-0.3838326346597541,0.06432884247030449,0.10501604259664155,-0.17252632104861998,0.6182432242811844,-0.7173913043478265,1.1090660975204625,0.002050349450862884,-0.29543628939105804,0.5491509727699956,-0.20463962761669255,-0.18770289692603545,-0.16787332017113807,-0.22538953293753874,1.8342811445696376,0.5578487172963633,-0.9734376264744474
6561,Luis Hernández Rodríguez,Sporting Gijón,La Liga,36,3331.0,-0.39730641063344585,-0.3973651641479937,-0.7694008384454991,-0.5273537779055706,1.691211633240619,-0.39737580981610776,-0.3393971032925136,0.10275012876082268,0.1820865647158402,-0.3359412477534518,-0.4317229519419891,0.1469770452144997,-0.4228562569842973,0.5776595615147584,0.6681106806938042,-1.0705118033697698,-0.39149389351212976,-0.4170879676440853,2.3292006118744912,0.39696956581859905,-0.34710015575544495,1.5700849982807699,0.15384800513833594,-0.7686589069635319,-0.6087770441942322,-0.7157913881180825,0.9347070290838013,-0.16968619991487274,-0.42053059735916837
8818,Jorge Meré Pérez,Sporting Gijón,La Liga,25,2238.0,-0.34285071891162033,-0.3973651641479937,-1.4217261401443413,-0.4916814104049321,1.586330291644301,-0.9380671440403314,-0.27081648467636166,-0.5509893225280258,0.25560406397073837,-0.7318611337233961,-0.4317229519419891,-0.4659467390352356,-0.36487137443040707,0.04492719289608351,0.8751787498875547,-0.6751269561485134,0.47633964437045756,-0.5348970251716249,0.754251299248475,-0.011211485295144272,-0.7388511866105364,1.347043806530734,0.3781376939417813,-0.5299312413236901,-0.6122158525798926,-0.7922946472955771,-0.8618614107711245,-0.9802367264358708,-0.5298176430273506
24263,Ismael López Blanco,Sporting Gijón,La Liga,31,2579.0,-0.10620520704927268,0.07025794558446043,0.16473464220139486,0.2320685546361586,-0.2163177670424051,-0.19220280824806488,-0.023471660626954008,0.12681274442435594,-0.42428186855613875,-0.0024074110111729527,-0.4317229519419891,0.5692796495682708,-0.38823672435233264,0.009129162847757638,0.08728127988586987,0.005870192755314384,0.6991081634183642,0.3296122209165687,0.782198395107829,0.472363234397894,0.27841190716690245,0.27652203695767924,-0.393753638353383,-0.42450735820285274,-0.2881559847150601,-0.09519336153377933,-1.7340314176027012,0.7898761057347937,-0.5298963222966702
13107,Sergio Álvarez Díaz,Sporting Gijón,La Liga,27,2253.0,-0.4274209730184845,0.1379211208054018,-0.09879369549324908,0.03540031538128924,0.9046015712682377,-0.08368704543131773,-0.2722079934095201,0.09747113438847066,-0.029048616593500082,-0.17075384888921027,0.22802670600409236,-0.25682565685395237,-0.1905111081600326,-0.1522683067717906,0.014054459271404574,1.321420701847473,2.182013878629714,0.015871489034243208,0.5515171034098959,0.7811831407787762,0.4729318084187879,0.16429010079330703,0.7591852158008925,1.5142278999060859,0.3695208815727533,-0.20848474547409127,0.2400726623662837,-0.6122577827723068,-0.003132696462635757
18925,Ignacio Cases Mora,Sporting Gijón,La Liga,24,2032.0,0.1096620103252709,-0.10061319564405699,0.12029757652407944,-0.08087195177115185,0.501857219538379,-0.10720541026444698,0.010267378139643535,0.02903378720264406,0.5255973157469056,-0.46771932717848047,-0.4317229519419891,-0.18255611241128863,-0.15232840169434525,-0.3050904558820296,-0.21137113229838883,0.6809305577736537,0.3827171701499234,0.8711180124223601,0.2605401065833843,-0.24928280904201222,0.5536813862997444,-0.11718053339365471,-0.2854508208628204,1.0883519516125755,0.48377446679983166,-0.042530917886518194,-0.4292077588178421,-0.1709335667946453,0.0017285319928464656
6581,Jonathan Rodríguez Menéndez,Sporting Gijón,La Liga,36,2937.0,0.6238325004051606,0.629192547802977,0.7095036744582971,1.6733673485555307,-0.8405490376504874,-0.05880268841915783,0.27538875336708146,-0.4101271168634502,-1.5709870393841971,0.5130536973160398,1.339627380960233,2.243347299457313,-0.13761697950397567,0.12242778709392431,0.36899414361188576,-0.02945652450993289,-0.38946693190078097,0.6229977116704803,0.32471997468617586,1.1027826333694466,0.07022662903358184,-0.46128921822734525,-0.6362308502562856,-0.21078250893019077,0.7376778369905974,0.5140292851591968,-1.3762250701983165,0.671834423287086,0.5411228754547455
6926,Alen Halilović,Sporting Gijón,La Liga,36,2428.0,0.9503411960590479,0.34769249647803574,0.2989686935231519,1.9851901632227262,-0.21466648637795901,-0.06611226131848692,0.3653497020848743,-0.4938779447847221,0.008848160556026613,0.21953924119519755,1.0987712607356486,0.2671254345530244,0.10995465946902154,-0.2533759146550961,0.01262710438914717,-0.49985089775931474,-0.7712034897155153,-1.3550724637681164,-0.6611787195351172,0.1153787554621955,0.14204042341199036,-0.45824401735548814,-0.6844241198465323,-1.0318207206115584,0.9438215455273005,0.35226917577913675,1.2315613397658933,-0.20595314032845927,-0.061550896423588464
23994,Alejandro Menéndez Díez,Sporting Gijón,La Liga,21,1092.0,0.46262610061030623,0.707030440247611,0.38114479125130574,0.7170223866923585,-0.5163714439076759,-0.47842185690852906,0.12815190742373714,-0.5202728977428951,-1.388600354895687,0.3793563321897735,0.24887044519744395,1.0681185378208689,-0.17941949803758486,0.08219600094504914,0.4785675471938032,0.2855494669074164,0.42494079883393104,0.1727053140096617,0.9956185760378824,-0.021922967205380513,-0.162527912468311,0.21843301596925632,-0.12630985012624008,-0.4109442962572499,-0.6765656687906306,0.20981084477136014,-1.897354280430167,1.5815380971197026,-0.9005955029207136
6602,Miguel Ángel Guerrero Martín,Sporting Gijón,La Liga,23,1122.0,0.6575748119693261,0.6775011460124344,-0.3934181768888505,0.45831656367323753,0.5657541599570582,-0.6438298962191144,1.4567074019172537,-1.0559635162145669,-0.04620642490075402,0.3483853131990456,0.23067276078195112,-0.13934260088104486,0.16337856258706168,-1.2311142777002329,-1.0484946958670183,1.0978547790342479,-0.17497002377466392,0.9365942028985503,-0.36117764249197587,1.0408940712214136,-1.266109933884611,-0.3275458959667451,0.28786634817412665,2.9449690888407063,0.04568558758635676,0.6045567861134408,0.26648420043528026,-0.23139157771447638,0.3150222085621582
5695,James David Rodríguez Rubio,Real Madrid,La Liga,26,1556.0,0.9980394903524245,2.315359771584655,0.30601955934439884,0.8709313850298092,-0.2737081950332468,2.075527594609859,1.1783936580641226,1.4927704355218296,0.503713690453624,2.81137351226515,3.389397817601769,1.889129372847811,2.2542560483934855,0.8306645894417087,-0.09715351096247506,0.3988071808228348,0.18193280286070804,0.228260869565217,0.21977000448137257,-0.35025317358436786,0.18285862553787494,-0.4102039396247503,-0.5405811675315851,-0.48346095758428714,0.3201608214008975,0.4219789329507277,-0.02510803601053221,0.18456884628625136,0.6334320966807849
27526,Rachid Aït-Atmane,Sporting Gijón,La Liga,18,1107.0,-0.22770111362456374,-0.3973651641479937,0.3134259864957399,-0.06382569560524382,-0.061805076297830275,-0.11238058340626296,-0.3162570362410654,-0.029792093747445573,-0.07443128270449352,0.26844259444194885,0.23964831244487653,-0.04033716527332855,0.530188705451963,0.10521827125894656,0.1691169179081442,0.6679393720865664,1.0883659488786184,0.6229977116704803,0.9678931528294417,0.7332365074662887,2.0104607273185096,-0.2932771410052268,-0.35677002054013396,1.1506152081519692,0.3574632955010267,-0.07042823800545929,-0.17675473330965932,-0.04449952801144178,0.24554922680000432
5456,Mateo Kovačić,Real Madrid,La Liga,25,1088.0,0.007605724744317767,-0.3973651641479937,-0.3084787248414307,0.44864545984323867,0.08652710681696159,1.5356098669062912,0.03330852522680544,1.1595451702914097,1.305982607249876,0.8680209412028526,0.9344682055511375,-0.32159937440458886,1.2758986809490414,-0.4189423453579806,-0.6497598560362076,0.5808133252960963,0.8757621086326488,1.0444373401534528,-0.10267513714707337,-0.23168948794751096,0.26029631904438005,-0.3526661920471858,-0.6163686184754418,0.2538335340822863,0.6086492583821522,0.07306295262098912,-0.6314201224133104,-0.47275572752628076,0.24942712588678448
6880,Arnaldo Antonio Sanabria Ayala,Sporting Gijón,La Liga,29,2298.0,0.8460468802661797,2.226655723580467,-0.8124757413153376,0.49606308753638867,-0.38543893036646704,-0.3767065111086529,1.3389749524168386,-0.9381150875190503,-0.3108601187426069,-0.22853280138959506,-0.10830781283134461,-0.23814004811828796,0.1468128466866275,-1.1236288772902276,-0.9134709384833696,0.18076836702331237,-0.8324275265301994,-1.1717391304347828,-0.6391534532873839,1.9003011501406881,-0.6424186095259292,-0.43829920778796083,1.0027521490445213,0.33736706030455,0.48468945967776933,0.5860658176549498,-0.15139588974321327,-0.4454426653579131,0.39220214430207107
6730,Rubén Iván Martínez Andrade,Levante UD,La Liga,15,1396.0,-0.5658964110424543,-0.3973651641479937,0.0,-0.6911632058351953,0.0,-1.394560155113515,-0.4798210963967663,-0.8219636512399945,-1.9228536782825636,-0.7789597780634512,-0.4317229519419891,-0.4659467390352356,-0.5415846807314204,2.3597950801046226,6.141926408642468,-1.731886929382582,-1.2834346909296313,0.0,-1.050517656745049,0.0,-0.1455891274123974,-0.5191179136840134,-0.8851952301820702,-1.4657500423708254,-0.9939224938384873,-2.0670897277533,0.007235755106870828,-3.3673862005907607,-1.3598385439026814
6647,Zouhair Feddal,Levante UD,La Liga,28,2606.0,-0.30251676556677937,-0.165976062075853,-0.9917482949944689,-0.5198507506652301,2.163177670424047,-0.5699581147780779,-0.14400010489136428,-0.15073348589567417,-0.12676090987528643,-0.576721163264826,-0.14653185843613376,-0.4659467390352356,-0.3898255174537276,1.1389861524005402,1.6077473675757588,-0.8616506074760798,-0.2759199909036403,-0.24542334096109852,1.7525162461847537,-0.6615874633978536,-0.5106351315382694,2.1049778785886493,1.0040871123107658,0.03676232874549555,-0.5483120575368556,-0.9556896612509056,-0.8998298440742512,-0.5083328518090002,-0.47385537973973474
26023,Juan Francisco García García,Levante UD,La Liga,20,1562.0,-0.4460557598767677,-0.3973651641479937,0.5837800844605285,-0.024265679755275656,-0.30902538148914965,-0.3770441194099732,-0.402541790126019,0.10472948564156262,-1.0422469029793282,-0.5090320801555295,0.04408241916957333,0.40543573016487894,0.2179883912948314,1.4448324872389808,1.5235790117501486,-0.7432260939181794,0.22053849596138056,0.5591432225063938,0.8751035098304374,0.6253565825131934,-0.17353782700122009,0.6552754822097145,-0.19861458807687832,-0.2903066555456412,-0.10593362158708969,-0.5023198347329826,-1.769758478435016,0.12409683164989131,-0.8167309433278586
6668,José Luis Morales Nogales,Levante UD,La Liga,35,2743.0,1.0719403847647853,1.141460938659152,0.21996649652026262,2.365036560488174,-0.3251166439572239,0.004483635282835022,0.8238762926659854,-0.49007416113684804,-0.8049866396748985,1.1808452046872655,0.6520655856828897,1.5379714691802329,0.0351333353118436,-0.35674094485901575,-0.14394041589807965,0.2720511469991477,-0.40180858246818246,-1.0145962732919258,0.2966650032644204,0.6688430638896347,0.37038727256061416,-0.3795631332022183,-0.5119937218412605,-0.6783280048469887,0.1454004833498727,0.5085901685504299,-0.10561949248334392,0.8846425691750333,1.121330474308376
6784,Antonio García Aranda,Levante UD,La Liga,27,2463.0,-0.28722513369385144,-0.3973651641479937,1.1836877822187737,0.5776479217370756,-0.14421184469493656,0.11815225068607879,-0.14288112473010478,0.3952485025675774,-0.3341284584066865,0.11975808092717499,0.17177521263475554,1.4894726424871927,-0.059874108865807345,-0.05984562009581552,-0.13135502663742668,-0.420897774438717,-0.13326570959560305,0.20996818663838787,1.0778627851509601,-0.723437233293817,0.3087795738399598,0.3433328817685495,0.06481160225580795,0.6702281887557133,0.4817715642787734,-0.0006227823962521368,-2.038486196180449,1.3581065918377804,-0.9074817236900735
24149,José Antonio García Rabasco,Levante UD,La Liga,29,2204.0,0.14187391987407005,-0.12377169772331133,0.7931722283841777,-0.26353843747032074,0.5237166991552955,0.4504132319504732,-0.30182273056943026,0.7174415888751856,0.09912282566832213,1.18187389133527,0.5799031683070045,0.4128868227571595,0.5350515611061526,1.260257461985891,0.6659718121761562,0.46813532203230646,0.03324430118094225,2.049689440993788,0.27520037429579775,0.37786734291491525,0.24809719056424842,-0.05605171177529009,-0.44284291085839855,0.46399488644466713,0.14018154790939075,-0.15135403168206635,0.2699438575596681,0.21507095026435058,0.32050574601991505
5678,Jefferson Andrés Lerma Solís,Levante UD,La Liga,33,2766.0,0.2687710502096171,-0.17936082575320006,0.6878137667697194,-0.08141913988036335,-0.43263553408480965,-0.272012249333703,-0.08705447038296833,-0.14349100101571052,-0.18180255889127667,0.13563255194126403,0.1056653269273247,0.23432411063592815,0.6022602346747069,-0.1900329250453021,0.07123566379310113,0.11873834214080674,0.1154375667766616,0.13451086956521707,0.5961559709392623,0.025571339377742964,0.4296848818785731,0.19596895456933258,0.45420793135069015,0.5024311055167325,-0.2210279205570966,-0.007108093046378754,0.6910198223028484,0.5752460705166115,0.32743588488940517
27250,Nabil Ghilas,Levante UD,La Liga,20,1059.0,0.6714385085473633,-0.3973651641479937,-0.30723443830972796,1.0419486976794805,-0.502792647720184,-0.5902404268045874,1.386685774204373,-1.175308764535976,-1.281234632186795,0.11684843184909927,0.27007873802615084,-0.11991289294552641,-0.5415846807314204,-1.2326703048089314,-1.0783049784501693,-0.018696481874861417,-1.0224552855056728,3.228260869565217,-0.40131862538049284,0.041006989017258404,-1.0759921387645577,-0.24915787246011845,1.1401852475673344,0.7877376268114806,-0.19931686579482047,0.6161866577206286,-0.3426306658512629,0.07041522352032059,0.3933303268897861
23791,Víctor Casadesús Castaño,Levante UD,La Liga,23,1013.0,0.1732589576477823,1.3884196334828067,-0.14490033326096746,0.239226714674364,1.0702036895782128,-0.2019407570969035,0.47346835193418935,-0.4100741098859787,-0.7646839486214431,0.36563491726081127,0.3019473241451387,-0.10419960872032745,1.0200515660668756,-0.9820886596648465,-0.7521584704091312,-0.36732626833003573,-0.601358702913906,-1.7217391304347827,-0.3718387088525861,0.041006989017258404,-0.39595875094862193,-0.30425873866170916,1.5208869805518208,0.8934078084231315,0.24499259202575183,0.49019138219174174,-0.11016095004808148,-0.19456549315334318,0.6426325641012935
10763,Asier Riesgo Unamuno,Eibar,La Liga,34,3159.0,-0.5658964110424543,-0.3973651641479937,0.0,-0.6911632058351953,0.0,-1.1952357578489414,-0.47504465304464116,-0.6231436177864754,-2.6401854038661328,-0.7455926473154161,-0.4317229519419891,-0.4659467390352356,-0.5415846807314204,3.5791482768760274,7.455529122045163,-1.7216312614275857,-1.2834346909296313,0.0,-1.050517656745049,0.0,0.7030625761560124,-0.478080495139125,-0.8851952301820702,-1.5067993705728582,-0.792681237536544,-2.0125684025573958,0.0333671842718796,-3.2034665459923586,-1.2994062407378728
6699,Ander Capa Rodríguez,Eibar,La Liga,36,3223.0,-0.25613764033888214,-0.02317962272695763,0.6108525396796242,0.21689261628370055,-0.036664028312272084,-0.058590994194969284,-0.28319405603894343,0.45987247367122197,-1.24289658655005,-0.2556869711975824,0.49065742618554536,0.7847353190159657,-0.17346394275282728,0.7114358903914901,0.39873118865711304,-0.17047341582974182,0.9889809293357286,-0.35192780968006604,1.80251871623866,-0.4406718347803256,0.5591475604388075,0.41394140487759784,-0.2197040958548534,0.3403616147057367,-0.2369912510251669,-0.05034293716421223,2.0492423232110695,1.1046970275465329,-1.2100582715196693
6837,Mauro Javier Dos Santos,Eibar,La Liga,31,2773.0,-0.3183784319189026,-0.3973651641479937,-0.7977611224200053,-0.494391044120958,-0.6686185526765243,-1.0816517420530256,-0.16422444877214398,-0.5451515248729273,-0.8226964545199292,-0.7029361458722913,-0.1637070883731974,-0.37155442462356136,-0.25634531578250713,0.6255579595101306,1.494163777792653,-0.6609222528344136,0.012239118832948703,0.37249163879598635,0.7159627403996816,-0.26039438025959205,-0.4074975182259591,1.495102344705688,1.2243132699031205,-0.20626896164668515,-0.5490624833293949,-0.7645998337149941,0.8832527476676076,-0.6989657470886814,-0.5743205818139985
27239,Aleksandar Pantić,Eibar,La Liga,20,1734.0,-0.2060519336860483,-0.3973651641479937,-1.1546010358222638,-0.6053423180664661,0.43263553408480904,-1.3007573935529317,-0.24487462417484473,-0.7750993542074552,-1.1286659865945585,-0.7181715623581204,-0.4317229519419891,-0.4659467390352356,-0.5415846807314204,0.08085985471261317,1.082689890597426,-0.9471686404938814,-0.2474186948305441,-1.2140468227424754,1.1797000364266583,-0.7043633813531122,-0.5158499750847427,1.6966271022255028,1.2232487832032508,0.059530754451982346,-1.0053953166636598,-0.8407955648042371,-0.2377280037876781,-0.6015811320634723,-0.02043256650018169
6776,David Juncà Reñé,Eibar,La Liga,31,2426.0,-0.3344152521956253,-0.3973651641479937,0.6641909823030594,0.20850572150788774,-0.1966525154930956,-0.16264423030780822,-0.18749921930687338,0.28763403290342654,-0.824311858465847,-0.08377912821650352,0.7936818125695707,1.1092999068048979,-0.05252732767906882,0.5230967195979738,0.5190867264747038,-0.1427191827584325,0.7102177538434553,-0.18959627329192555,0.8269346326922162,-0.22139905485450115,-0.5444382938406381,0.21387621510253768,-0.38285366392621056,0.2806757388292357,0.200358251567089,-0.02072899712897631,-2.0430599378825747,0.7800867256559676,-1.0696324850035819
6712,Gonzalo Escalante,Eibar,La Liga,34,2893.0,-0.048257704866713054,0.22793729005179894,-0.11785268859924582,0.3890586424919749,0.10300846049638283,-0.2543822366128466,-0.02606228001425109,-0.09823332852077202,-0.2778670235968855,-0.26886827289144705,-0.1748242344597011,-0.15832502498886583,0.14193481374087222,-0.17301023872473967,-0.09665975233317418,1.2320188345819074,1.5347910661208937,0.5714812085482677,1.1476819324320513,0.5495490676812884,0.9647010462731721,0.05556984513255195,0.26060889705051415,2.222934036590818,-0.058731303964379096,-0.0006863506556670499,0.6488528379818106,-0.07812016772585942,-0.08303406298941952
6775,Daniel García Carrillo,Eibar,La Liga,35,3141.0,-0.16858961464894384,-0.3973651641479937,1.06787441567347,-0.23317857648803259,0.19394006700353517,0.10802802566688938,-0.42217531015278004,0.44352241019954003,-0.0761927355275036,-0.309142928505155,-0.4317229519419891,-0.28261348424381244,-0.28976399973704403,1.3103402700085067,0.9651758623983591,0.19003699973096225,0.8063323484429673,0.18878718535469047,0.6731615766021769,0.8331253268673036,0.8928097261667965,0.05240896368151548,0.23221968304357168,0.5855754618420462,0.2551669482260051,-0.21368391601315476,-0.255238956965274,-0.935138112981931,-0.03269480735614749
6742,Sergio Gontán Gallardo,Eibar,La Liga,29,2361.0,0.38551958448894297,0.3688355982408246,0.20575636524026095,1.0316520405378193,-0.49594805126795255,0.21275259784110315,0.9261647574193919,-0.3736019641760131,-1.0250592565615484,0.9175489509732498,0.5126328163887107,1.8400243188056433,0.7984725136833817,-0.37705800217930846,-0.22572513465313884,1.4653403604400383,1.1455473927795663,0.6439235201676267,-0.10414715009576425,-0.2736427920959376,1.167709686911733,-0.4264262169276977,-0.4722581222661988,0.6352134330076379,1.3484910304742497,0.6009255624593943,1.526019467297264,0.5337257641849683,-0.43423834522463456
6557,Adrián González Morales,Eibar,La Liga,32,2282.0,0.7192308990185611,0.9238443012332515,-0.06000202097933488,-0.06078208367067387,-0.8801895348621991,-0.22542730968341773,0.26734483439993173,-0.0787739038516767,-0.4525155651602824,0.006279057414961841,-0.4317229519419891,0.19932466745412564,0.3249455109900268,-0.24709436901315224,-0.18543405609238575,0.07113769545039553,-0.2539841572207089,0.07384910485933494,-0.0337260318651871,0.5561003343951567,0.1803667570182719,-0.1791374967136491,0.9091811718842594,0.5755047415368572,-0.44068152125874815,0.19178085867239184,-0.9723758871904388,0.026866619561484038,-0.3271586791974006
5687,Takashi Inui,Eibar,La Liga,27,1670.0,0.7791893167716946,0.6858683687861383,0.2067910304300256,0.6454842737244725,0.20189658257291093,-0.29824262767518656,1.0019517575526942,-0.618963022744197,-0.6909622504076874,0.4833967013741949,0.9033812211291383,0.9133341071919746,0.40568329412287546,-0.5883573867223862,-0.37231981604046854,0.4020903506663312,-0.0008459333453307663,-0.4975455820476865,-0.02132338396800557,0.5318606475538434,-0.5821671788703847,-0.5024229603800789,-0.5932956757541143,-0.06365288630046495,0.029636148629246017,0.7023160063165649,-1.2344200313502098,0.1248844671164361,0.4665651207043045
6566,Borja González Tomás,Eibar,La Liga,36,2642.0,1.6541342638699132,3.0261776064803194,-0.7494460372393245,-0.2030041212824089,-0.033279656468062725,-0.6419127776442488,2.0559171094765696,-1.065475231330948,-0.6073847003758652,-0.14061448793146974,0.4121922520810169,-0.18854337566733106,-0.2422021073009374,-1.241399964683943,-1.156244277330902,0.5203346128175518,-0.7603892890674588,-0.07173913043478311,-0.7902974545440404,-1.5951718727713593,-0.9794410675783427,-0.3995380052018798,0.8122857517373514,0.054151549132921126,0.03570709524013068,0.7661091864918526,-0.03140007568107297,-0.46199238698809314,0.4758219592615176
6659,Víctor Camarasa Ferrando,Levante UD,La Liga,34,2189.0,0.23223831095883507,0.15357133653725066,0.400067469735919,0.39655479793621695,-0.3244766505636071,0.40011751619619695,0.20947924848050223,0.16132267952379478,0.7013043955258293,0.08779298054540308,0.5868352796837678,-0.15505148620504403,-0.5415846807314204,-0.23991595561216172,-0.3107437496081809,0.547345085580579,0.07383109079613272,0.7340748230535893,0.2057669923459788,1.2681411353587217,0.57498421417647,-0.05270830019527551,0.09464850025951002,0.47772237684862295,0.14835625092060675,0.11476114610542222,-0.31209794236980504,0.0028945186470621482,0.2264536163539997
23943,Rubén García Santos,Levante UD,La Liga,22,1076.0,0.36194050157614505,0.16304375778509192,0.5441158539663639,1.6138773671353184,-0.12113794954374656,0.13350348671558476,0.6840907229314521,-0.17498225324061287,-0.8671515870645431,1.2782354697933445,-0.4317229519419891,0.7503631488066458,0.5610669349795514,-0.2867244047119008,-0.25000931181780184,0.9980270046306502,0.5145581830553159,-0.6020962732919259,-0.012236631559658014,0.9849563323568458,0.2889860221380212,-0.22157660578125463,-0.38684998716705643,1.0372565630303454,1.1617104038234838,0.547462271818412,-0.3813957084313526,0.4290954093857108,0.8721221445438183
24070,Saúl Berjón Pérez,Eibar,La Liga,29,1450.0,0.897206417028185,0.018496904817523214,0.20474639896941393,1.3614356823162022,-1.5574879227053142,0.2297963292796384,0.7480937841721178,0.01855266605859875,-1.7278118276490182,1.692647149607912,1.6185059850959724,1.4475351998295034,1.0949024068616904,0.7857811195807203,0.5503091980737581,-0.10083257069441261,0.28905621964813955,-1.5217391304347831,0.01629544117487942,0.6772987686017208,0.3341236373278391,-0.3525782376948617,-0.1455821522728911,0.5143102889466827,-0.372791965648425,0.6079864635912042,-0.7967376605421629,0.36439900709875966,0.9735719849705646
6700,Sergio Enrich Ametller,Eibar,La Liga,38,2498.0,0.533170612351635,1.7751728662763464,-0.7124817672752778,0.1825745114323466,-0.43263553408480965,-0.08957676445094352,2.0752453024746194,-0.5962577230922804,-0.7451197792141805,0.10716595720232626,1.6509255379434502,-0.08872512321903779,0.2500173599044253,-1.176721193210717,-1.1892540844212078,0.7452756480146151,0.210197042314412,-0.1328502415458943,-0.7408941595505142,0.31370346598202775,-0.48696007873393915,-0.2940047233964457,2.8811036244085795,1.0092164254328653,0.9207643470885012,0.656193411185703,0.11843742814176689,-0.3336776718125058,0.34353640856973816
25134,Deyverson Brum Silva Acosta,Levante UD,La Liga,33,2228.0,1.4505247428620598,2.0384517119740893,-0.5996779880949952,0.2661942199296136,-0.9759452745634076,-0.4490313913605779,1.727963357414935,-0.8630250132793761,-1.8260628473763891,0.16724099422598712,-0.09814665495982569,0.003981246357175185,-0.009065318745332037,-1.0474724597067329,-0.783053283061632,0.5753069385469131,-0.2290333812690563,-0.16879795396419453,-0.20194051173094282,0.41286582124194393,-0.30629056330763993,-0.10801650279311109,3.2937635164914063,0.9032802344408525,1.749983715367506,0.5765666069057808,-0.24058829758756123,0.04530460738539605,0.43841050611020677
26753,Javier Varas Herrera,Las Palmas,La Liga,31,2803.0,-0.5658964110424543,-0.3973651641479937,0.0,-0.6380724390171517,2.163177670424047,-0.6313628400077809,-0.4798210963967663,-0.1540602801367022,-1.2552612991491947,-0.7789597780634512,-0.4317229519419891,-0.4659467390352356,-0.5415846807314204,3.2821265591147983,4.698344488926405,-1.7049177790093113,-1.2834346909296313,0.0,-1.050517656745049,0.0,0.5223345315586589,-0.5192154302524575,-0.8851952301820702,-1.4660386932967928,-0.8182735562831281,-2.0082503295206178,-0.010291040833625245,-3.3145304265117943,-1.2093866442135677
8440,Aythami Artiles Oliva,Las Palmas,La Liga,31,2730.0,-0.3601919087119021,-0.3973651641479937,-1.6169141395883015,-0.5821423857685459,-0.43263553408480965,0.3237828917441602,-0.09845621218208686,0.5930649202749796,0.6691239407494229,-0.6245176300296881,-0.1594855930862164,-0.44677092307453437,-0.39671860765388645,0.8604292350034304,0.7631295656650703,-0.8101953993128377,-0.06858989820887573,0.47826086956521674,0.49195427258362245,-0.5767340098213011,-0.7908976115215344,2.010072838124396,1.2753960871533523,-0.33572034624067,-0.541128469405397,-0.879201366576664,0.41782815145766977,-0.9237803023647622,-0.054150185322316094
7907,Pedro Bigas Rigo,Las Palmas,La Liga,27,2433.0,-0.1812044728574925,0.3461613463328941,-0.9443398668312338,-0.2630111566215354,0.9270761444674485,0.12935400197788163,-0.2007437002926342,0.286266526914448,0.7132969757352582,-0.5623408589655403,-0.4317229519419891,-0.37988019144343194,-0.5415846807314204,0.39739800451741897,0.5171117917008344,-0.6532966866137724,0.16490446931929648,-0.007033248081842164,1.5279672136669806,0.25393437514043443,-0.8835076177873444,1.7943102126038641,0.5573860449686658,-0.48422040046575554,-0.10718760835277759,-0.8842443936448149,-1.1448457666415415,-0.62417691926851,-0.7763653293495428
7906,David Simón Rodríguez Santana,Las Palmas,La Liga,27,2343.0,-0.24632134126729013,-0.14000280819408895,-0.5471733609986797,0.2827188957418301,-0.7712198651077043,0.3903285165400697,0.2285725444184171,0.6421828970344224,0.23222386255680358,0.07581126531163432,0.20268420954009383,0.6065239922879818,-0.5415846807314204,-0.4656273759829901,-0.45268687568683386,0.024195953190552563,0.16155915529898815,1.0394853593611357,0.15987279081668498,-1.6695436392162968,-0.019399023540492867,0.13708432579412436,0.19668941798368658,0.6080946168994917,-0.17607039861970467,0.10265988830123157,2.0060186386074936,0.8850355303478616,-1.1074381120182102
6932,Dani Castellano Betancor,Las Palmas,La Liga,27,2319.0,-0.35064144813223164,-0.3973651641479937,0.2503861929631811,0.5494833838840267,0.5519832676254466,0.488788201439217,-0.08942563586989936,0.6142660492836672,0.39956637434975395,-0.2789708059360351,-0.4317229519419891,0.12098703280201263,-0.3710437667591619,-0.4343308218931425,-0.4891173147611312,-0.3860593722197416,0.44466762040611324,-0.4700149925037485,1.7288394511748448,0.22644059335330166,-0.2682045759572105,0.5031412240168099,0.06074058332637659,-0.2552414242953768,0.7187859577634311,-0.17253950753457484,-1.9473917172034656,0.19461663607282603,-1.0641815037368765
15805,Hernán Daniel Santana Trujillo,Las Palmas,La Liga,18,967.0,0.01484122221753251,0.2262129123773424,0.08669179202233826,-0.0755958040110946,-0.43263553408480965,0.5079318540015703,-0.24576549325255623,0.5416315269663546,0.7778845674695466,-0.6699558835101488,-0.4317229519419891,-0.41181025757431056,0.27637680737957926,-0.45609268577941814,-0.35833039404075423,0.16663129256560666,0.2170619474425013,2.049689440993788,1.1712435060492405,0.4009663386107546,0.8156124779372946,-0.14936384514336346,0.47589586693856334,0.6905770400765362,0.39169660304659204,-0.3815119326852068,0.24480080303560017,-0.47500500237391824,0.03843324516512229
3610,Roque Mesa Quevedo,Las Palmas,La Liga,34,2883.0,0.14832560363976086,-0.18820803615631887,0.8493091725757806,0.4616289203291492,-0.00645724677738533,1.5668845376195075,-0.17103223465120923,1.2021331834568858,1.0136637708490264,-0.26709896486102036,0.08385664547477129,-0.30252329187795807,0.1443056756710569,0.04522882505742324,-0.29071565756389933,0.0736015367591392,-0.0851291483352338,1.7432608695652165,0.4399041569365867,0.924543574383112,1.4145048636483413,-0.17096479484002838,-0.428665542039284,0.2058764385301065,0.799713897869432,-0.17491642843821573,0.25044885051757554,-0.4772651440487964,-0.1819572242375364
6626,Mubarak Wakaso,Las Palmas,La Liga,20,971.0,0.655054788852927,0.2236441046470628,1.1875233708556268,1.1990175416643332,-0.08184996590793724,0.704470960451748,0.0640588822105656,0.21028090465783184,0.30829450554525367,0.08947907699766888,-0.4317229519419891,0.4505822194983872,-0.13428871831981565,-0.025972673657761892,0.11700929422937012,0.4924628866032407,0.7089858367818032,0.576475155279503,0.3655519090944258,-1.5951718727713593,1.1281691304945545,-0.07953894209454085,-0.08194537494880763,1.950359510648368,1.8242723766148157,0.11483766802363149,-0.8584175108995774,0.2708953189218375,0.3842733291803085
10755,Jonathan Viera Ramos,Las Palmas,La Liga,36,3196.0,1.1521695616974925,0.7346748859145847,0.3637437268335454,1.419665438008441,-0.27994063970193567,1.4004675307345964,0.6910232616264268,0.6889957805872617,0.29582246062194806,1.3647948502681586,1.6611656297496094,0.46770430027788407,1.9332862798547408,-0.2394314543882436,-0.5451327746225455,0.47796563795900254,-0.20248510416503548,1.4132608695652173,-0.24384317198081445,0.7500178291256591,0.04665615752643438,-0.38115778809259554,-0.458123166194235,-0.5112115137386738,1.4152619698856248,0.4085998112283749,-0.8768491727581096,-0.310436669412007,0.3178810106521758
8167,Sergio Ezequiel Araújo,Las Palmas,La Liga,30,1893.0,1.4447845053810267,1.1953448200041465,-0.2091268083467256,0.671453066101901,-0.43263553408480965,-0.2997239746963236,1.5527410061323774,-0.9129356242782186,-0.3180040920926987,0.11195847683813104,0.7461027052311661,-0.30001971027861263,0.7119315775939946,-1.102557028584072,-1.1377988342595717,-0.13453820257268953,-0.44393715026516306,1.0760869565217384,-0.7327342164713132,-0.3096027670803027,-0.42825769595315855,-0.21411717881210401,0.6083806198914534,0.7931157594756454,-0.011065572145985534,0.6343490325138328,-0.43657918369962556,-0.2631028539533243,0.15812472871131095
6823,Sergio Rico González,Sevilla,La Liga,34,3166.0,-0.5658964110424543,-0.3973651641479937,0.0,-0.6911632058351953,0.0,-1.118662894631689,-0.4798210963967663,-0.6961443290447806,-0.8786679232790728,-0.7789597780634512,-0.4317229519419891,-0.4659467390352356,-0.5415846807314204,1.7853376279298305,4.57240347646397,-1.7182429390394223,-1.2834346909296313,0.0,-0.9962297718575677,-0.7770824418770504,-0.030803639684104468,-0.5330101185363436,-0.8851952301820702,-1.5393035465059481,-0.8451610735142295,-2.119416835828333,0.06304307134330715,-3.613587152816768,-1.3829175938295544
6672,Jorge Andújar Moreno,Sevilla,La Liga,21,1794.0,0.5470941329682624,-0.06124476281020131,-0.6612818761628894,0.24894386575402727,-0.27994063970193567,-0.14130538693851374,0.5883370071534861,0.07110219427234193,-0.32887129096858947,-0.3676736229735381,-0.01744871020494333,0.5261933041488754,-0.32113630865691206,-0.1425178767950079,0.0018273595279348102,-0.08250798305512376,0.3726716614659638,-0.6089484327603647,0.5302765565420987,-0.08294595505763676,-0.626256122868001,0.13280114041142504,0.3103888979877287,0.4639429485007987,0.41282050017755145,0.10634818773669963,1.6693089453972727,1.3648023275157979,-0.28968398543808793
10476,Timothée Kolodziejczak,Sevilla,La Liga,29,2465.0,-0.3887040270200585,-0.3973651641479937,-1.1025584712119423,-0.5301750577448896,0.21631776704240452,-0.09545838626840064,-0.12479087170586266,0.21087390205712464,0.5473121734000754,-0.6079143159408655,-0.4317229519419891,-0.2960482316998536,0.26061487201030037,0.5969532480922228,0.8480451780267372,-0.8644446435371415,-0.1341989095804583,-0.997348886532344,0.5531883074483074,0.218852517472543,-0.5174658944999762,0.7085030687429511,0.26179831309954416,-0.20632904884906814,-0.7194525890377013,-0.9244146538765436,-1.2008790482782452,-0.35351217433109156,-0.5911354857246891
27483,Benoît Trémoulinas,Sevilla,La Liga,24,2227.0,-0.20165688663436698,-0.3973651641479937,-0.3924493527722365,-0.000665376001298051,-0.8513150831991416,-0.03275834221872124,0.021557465189624418,0.3071144368467712,-0.2581721310827423,-0.021659258742079354,0.5694553008774015,1.3675953582578657,-0.008826199139590426,0.030524880231149996,0.03811852265933598,-0.9026698934685679,-0.3526628330132465,-0.07173913043478311,-0.04720343752683567,-0.2736427920959376,-0.6094540602953796,0.2660188217531205,-0.25040872722087126,-0.9860173761998958,0.054070821930736694,0.052885655250868024,-2.111884111209329,1.7324930107906,-1.2865917578845782
3637,Grzegorz Krychowiak,Sevilla,La Liga,26,2344.0,0.019741264818986713,-0.3973651641479937,-0.6060811450538949,-0.3525661196213697,0.8652710681696187,0.11527669356507292,0.022280095945531393,0.27193206997677516,0.6542754691422976,-0.5541159938632733,-0.4317229519419891,-0.33194508995832117,-0.20414067091771027,0.22584768172309252,0.3577912135449421,-0.06408955519604506,0.8389157468653746,0.13451086956521707,1.662533286723104,0.01889646385795262,0.28776890236202013,0.6991612958954232,1.1320747707473053,0.7385957590302469,1.1205323996543137,-0.47034529971618355,-0.10046360061067469,0.12030715253447856,0.039888862631847447
7154,Sebastián Carlos Cristóforo Pepe,Sevilla,La Liga,21,1485.0,-0.4398418001866951,-0.3973651641479937,0.9966123181248842,-0.05649317925190665,0.7969601943667538,0.39376535433690957,-0.4086955126623933,0.3773428984876395,0.9279531234597165,-0.5660168163805352,0.06875380878276575,-0.324936698435331,-0.27526523325554936,-0.29380904528903323,-0.23442799225077235,1.4824258744033685,1.7874229795589447,0.9782608695652172,0.7434684544222082,0.8063164566280635,0.5757480231550935,-0.1468515268958148,-0.35997259756826694,2.125394543695717,1.9903767141655089,-0.4027208108911477,-0.04830242816349665,-0.2147765468045138,0.19185721121473817
3497,Vicente Iborra De La Fuente,Sevilla,La Liga,29,1778.0,0.5571097959064916,1.9766505838835033,-1.0580460423190508,-0.3842738895058477,-0.1966525154930956,-0.5363904049772219,1.870906305275711,-0.4887082020158989,-0.7368994742055168,-0.12683692859017895,0.4042815358828263,-0.08318537320548901,0.12571179761785117,-0.7600285214580975,-0.48840821350613267,-0.07981303005848876,-0.19533551634706478,-0.012810559006211891,-0.18050697508931446,-0.41348713925735747,-0.9919342495940945,0.0023196515947043733,2.514498792930477,1.348229967910012,0.24116058601132317,0.19370320048168663,-0.10908805003110676,0.916547813042343,0.10604709480034875
6356,Michael Krohn-Dehli,Sevilla,La Liga,27,1736.0,0.33267836392299505,-0.0500149337332472,-0.15212439353919244,0.3375009835033508,-0.5768473787797462,0.29100307336749226,0.5371073553748458,0.20873862744531585,0.4234551411066752,1.1033039010980388,0.8526226523372631,0.3482522209090578,0.5974832325798367,0.10710866295627526,0.11748184305274262,-0.07094723974250049,-0.28841312431106897,1.248260869565217,-0.06045173765653393,0.20462487519612033,-0.3618939354064624,-0.36412660362305505,-0.6043932394593248,0.23513237122385958,-0.15350623388887777,0.2958386964590147,-0.3592833031849706,0.5571066362378105,0.5672622545780222
3486,Fernando Llorente Torres,Sevilla,"La Liga, Serie A",24,1205.0,1.0393384467016324,1.6042945868893514,-1.2737767912279443,0.13214755151460458,-0.43263553408480965,-0.3860683610122996,3.301766400622112,-0.6771815040793218,-1.1199434497411127,0.4456831468017839,1.418587395799739,-0.11839502071015963,0.11482092839997936,-1.1528311281542194,-1.1920709826709552,0.09636248534661139,-0.5953586983720249,1.165760869565217,-0.40865915384716683,-0.41348713925735747,-1.2632384073593141,-0.1985143285351093,4.212025038924193,1.698759762506499,-0.5072847801168786,0.7454464694929579,-0.08603871360526659,0.1619633252563375,-0.16100605337564042
7788,Ciro Immobile,Torino,"La Liga, Serie A",22,1370.0,1.7569128233032687,1.8033647628593068,-0.5367413576421421,0.7209349343711496,-0.6323134728931834,-0.29311034694732596,2.824292308573323,-1.06372976865067,-0.9708433800942962,0.7598251275284241,0.6532522154686108,0.7950381222053342,1.1904636966481494,-0.965190500166342,-0.5595113113461168,0.30183448376025096,-0.728662958487352,0.9782608695652172,-0.9250611286036139,2.495275281700185,-0.33513042296506645,-0.3160816754983666,-0.24472073338613207,0.8590775751905552,0.44658547777385604,0.761792318450692,-0.3607480177164855,0.3053523709831483,0.2542638494634182
6401,Kevin Gameiro,Sevilla,La Liga,31,2152.0,1.550731545868726,2.9650883674505213,-0.8388040921516704,0.4383066749203563,-0.8034659918717896,-0.7875493808745383,3.082029531426938,-1.260905386700874,-0.3678096518233757,0.24963784586494675,0.6043476656364418,0.020577216101516915,0.009741127124065498,-1.2739812490331741,-1.1887996859808176,-0.08590941034519213,-0.7697224412196464,1.165760869565217,-0.5313771441523535,1.4883959821379587,-0.7179300090194626,-0.366652241938126,-0.16032942216023194,-0.8235924049680888,-0.1746200795779056,0.9208869454452026,0.0834827753821514,0.2085237047654673,0.3064391767521487
23816,José Antonio Reyes Calderón,Sevilla,La Liga,24,1220.0,0.6104410845254297,0.09689713093397317,-0.04425627177736709,0.8538941539618268,-0.842500776901998,0.4221114152816963,1.0537930709155798,0.14193008245278146,-1.2677182039390444,1.899408867038473,0.1774639248418307,1.6795441450924105,1.7275879885404481,0.3189479709107511,0.002538262263643104,0.9944731147454835,-0.37727996849037926,0.13451086956521707,-0.13478783453236015,1.9918356319190729,0.5740037839629261,-0.3164967669971894,-0.04610364216662683,0.7331379927244219,1.8432076545623286,0.5858871420086077,0.5924773613365876,0.5723573201229392,0.7018740753179867
6841,Víctor Machín Pérez,Sevilla,La Liga,28,2117.0,0.14148610051466404,0.1723089029280574,-0.41178266233808664,1.230219315037118,-0.49594805126795255,0.03372928261429243,1.4089497612231214,-0.39374182633748933,-0.3152292154226351,0.8641310481483738,0.9725434432894909,0.59737354231891,0.579296886113176,-0.9950736346211666,-0.8909510449445592,0.7881007268129384,0.41373275095588297,0.5311454849498328,-0.23863554265073514,-0.1226108971616035,0.3959639141272371,-0.3145626798245923,-0.3555843711561948,1.370871940673028,1.6640675032858265,0.488742805718948,0.6177880702875242,1.0066321955884348,0.5366215639615421
6608,Nabil El Zhar,Las Palmas,La Liga,30,1760.0,0.4267836494466496,0.28786210857927885,-0.017633035712648598,1.3944794144171246,-0.9237353295324313,-0.06688887567132591,0.5918255335296121,-0.5197159105554933,0.17596786145506843,0.05950313356303078,1.2573861155040584,0.545359645892205,0.1325364206918782,-1.0292909076387653,-0.8227334391337001,-0.2469944053485465,-0.18420722933428843,-0.8967391304347829,0.023703865465990022,-1.0745695076567996,-0.18329192315771925,-0.3862887421856217,-0.24815762304696884,0.15259421565673087,0.6278724081166431,0.45871139453054377,1.1304362499586036,0.4330258514723233,0.29585759301607134
6929,José Vicente Gómez Umpiérrez,Las Palmas,La Liga,21,1515.0,-0.27759329116443077,0.0006546378322044844,0.9082685527405172,0.22561913584738724,-0.061805076297830275,1.1231581713354815,-0.03163937710874434,1.0384971066355773,1.0684157188435002,-0.3615072393187247,0.05884337787732508,-0.22406565454084487,-0.28053888568081414,-0.25271897409299954,-0.45741115553106665,0.04303410744658026,0.6320507867018568,-0.5038819875776396,0.0839737198474674,-0.1226108971616035,0.10139391006264158,0.14294787494734176,0.53056577703682,0.42620144452132225,1.387771402147113,-0.2762246414039276,-0.43458259327560295,-0.6662056196820686,-0.07504742086174224
23800,Laureano Sanabria Ruiz,RC Deportivo La Coruña,La Liga,23,1603.0,-0.5269712504849989,-0.3973651641479937,-0.4878567852263886,-0.07226772074067939,-0.43263553408480965,-0.29744007694684826,-0.33862847740708996,0.16411598780776504,-0.14273185104582878,-0.25291228694408285,-0.4317229519419891,0.4158058464066193,-0.5415846807314204,-0.3393610527383633,-0.1382118612196216,-0.23629960862919505,0.7424118384163884,0.7708140610545788,1.2011257085881335,-0.7770824418770504,-0.11559154101524335,0.6895229255389903,-0.03371530722191957,0.19019032614598674,-0.3351798120190207,-0.08758887111994977,1.7189900419977353,1.0598890002479981,-0.06053341419547818
6869,Alejandro Arribas Garrido,RC Deportivo La Coruña,La Liga,31,2821.0,-0.30047124674496767,0.030142811747079,-1.4368305436548872,-0.48015516699651917,0.0,-0.6576462742998725,-0.16959440236518972,-0.2977860341300717,-0.22578189066423954,-0.6294996348049706,-0.4317229519419891,-0.44738949778294407,-0.26119873283941875,0.5497875033096025,1.0876330275507369,-0.6102382308759986,0.137149945719639,0.6679160419790106,1.2647134155850173,-0.002050349450862884,-0.6799460857124761,1.6571554538014557,1.3266604505878639,-0.2653495542896758,-0.004234051770744018,-0.8093586139294855,0.9007444369206589,-0.7824342376349332,-0.39170095586918435
6777,Sidnei Rechel da Silva Júnior,RC Deportivo La Coruña,La Liga,33,2985.0,-0.4404752404422516,-0.3973651641479937,-1.2356700544030719,-0.30895118506551844,0.3573945716352772,-0.4480167026868754,-0.22707763660843452,-0.19933632057589545,0.1451581645513563,-0.6023990309394254,-0.4317229519419891,-0.41333369624858785,0.3858493750513866,0.8249939344998702,1.3343540279502704,-0.932346809847886,-0.033487598921718216,0.9365942028985503,1.3966201492968489,0.4163656690746473,0.21339704369629897,1.5013592537803355,0.3232787040292121,-1.023320170764081,-0.41968115382042503,-0.8421133266431097,-0.9137701635882607,-0.5644615065986666,-0.5668626352495578
6913,Fernando Navarro i Corbacho,RC Deportivo La Coruña,La Liga,35,3036.0,-0.5453440288377109,-0.3973651641479937,1.0012811063263467,-0.16832290933637634,0.21631776704240452,-0.16287866218746708,-0.41521167638961076,0.32525786956717845,-0.13503875291050435,-0.43177016662391415,0.05787387920179273,0.12031783193719367,-0.15078983932660994,0.22566536280416602,0.21927088377004314,-0.34107850466750755,0.9468818978145421,-0.3916370896184567,1.0724497784546327,0.31370346598202775,-0.4535426914400688,0.24442392248021094,0.14241426841015387,-0.11881966822843706,0.05682944250490197,-0.2299906849178013,-1.890000067308892,0.5827497595836302,-0.9208627674397162
6733,Pedro Mosquera Parada,RC Deportivo La Coruña,La Liga,37,3390.0,-0.013710283842447164,-0.3973651641479937,0.8662528368375996,-0.3546136831220728,0.13167168428668113,0.3656396758658795,-0.3952526874180333,0.5018823856719129,0.5635000673360926,-0.18818439321748498,0.006747838427485908,-0.3732919114729089,0.04172561351882806,0.7000300188234586,0.5272674207503665,1.0937492600906051,1.3661991398016622,0.8167224080267559,0.6986572112800057,-0.16055127656539755,0.36443046813035174,0.19279478842570688,-0.10869075176575589,1.0958646494288435,0.30452169391439876,-0.20550663001174174,-0.27073752842745585,-0.748545049174861,0.004680788840412303
5582,Celso Borges Mora,RC Deportivo La Coruña,La Liga,24,1965.0,0.0691878879254928,0.5232455228749071,-0.4871882144456455,-0.2367710855574049,1.2979066022544283,-0.05166748997759892,0.32644983372188907,0.12814522460454525,0.465080663737366,0.2402405041898951,0.3247228390771061,-0.30609947927122166,0.26347258034067833,-0.3894330203361796,-0.35401714024213754,-0.044680804456562556,0.052740020657001126,0.8401029748283748,0.6988507254815794,0.5318606475538434,-0.3134982138077353,-0.032014389195844206,1.3226943766691803,-0.18067861719886444,-0.17467837098394262,0.11136591326224055,-0.1595960293010138,-0.4962014883071562,0.26629631508013174
6728,Federico Nicolás Cartabia,RC Deportivo La Coruña,La Liga,26,1390.0,1.7683810590490863,0.9040736847728699,0.8856379151512704,1.6284704297555628,0.4858829844337091,0.7681488224150966,0.4428743616578306,0.02303404319992582,-0.14094415333712595,0.7376843375199076,1.172323068942027,1.078189290088,0.027457591932850706,-0.00392294938872186,0.0172802550700714,1.1738020385113581,1.0528473137766057,0.24421831637372798,0.6806019186166252,0.8590964199115673,0.8056039714573106,-0.3193605997120891,-0.3942159796406597,0.08585848155009092,2.6121440080480873,0.5397669919992135,1.2818994692787995,0.4906289818383024,0.2481103015505258
5724,Fayçal Fajr,RC Deportivo La Coruña,La Liga,38,2934.0,0.3911132879391531,0.6302421978151966,0.819577173049178,0.1372686903427009,-0.4856113137686639,0.5432717735205104,-0.006689474535337005,0.4322093637071696,-0.07954765736854186,1.089190131179309,0.3282034178701386,1.068510681296548,0.8063511730574976,0.6878691754245226,0.24203768347309365,0.22257283454397886,0.05888806380847327,-0.8243707093821511,0.26754556069180874,0.16826534493415116,0.011117465028099849,-0.3075034008086525,-0.320298955457485,-0.34941141280810484,-0.016613216889624017,0.4224369950015025,-0.2708641743327988,0.05893794818556504,0.8327828978084217
7782,Luis Alberto Romero Alconchel,RC Deportivo La Coruña,La Liga,29,2151.0,1.725765865812247,1.2846432040528437,0.058195787473034,0.9692375684016398,-0.36052961173734166,0.12288624149052271,1.3580503828841324,-0.4717365525980406,-1.0278255823508426,0.5441377035228682,1.6413816217714308,0.629241076293521,3.1356294475965063,-0.6480889783463762,-0.5745397536854404,0.17090421759818622,-0.0628008888525822,1.4914187643020593,-0.49118334485459636,0.6253565825131934,0.01736211368654282,-0.3504427992495929,-0.2733053692263972,-0.8709959292038368,-0.09781458045221247,0.7186666233220779,-0.7845799696167597,-0.1352934951681006,0.3672885078131998
6732,Lucas Pérez Martínez,RC Deportivo La Coruña,La Liga,36,3233.0,1.3255076015195248,2.5868600137053948,-0.08896631535371716,0.44423147763034276,-0.1520070795433116,-0.09270287833047336,1.6017124356218173,-0.7236171530136257,-0.25340073173012995,1.177243736314095,1.17744993012848,0.3274800784912146,0.43703426019445263,-0.729989144734889,-0.501727012918541,0.10528291167406566,-0.9842326599355385,-0.3074534161490689,-0.7049592332685627,-0.525362616986494,-0.6924690175109182,-0.5225074610544487,-0.6590249908248077,-0.39593673431456694,0.49750732797654007,0.8753899541366128,0.042111418143499224,-0.7964528412854628,0.5371376651610017
6625,Vicente Guaita Panadero,Getafe,La Liga,38,3534.0,-0.5658964110424543,-0.3973651641479937,0.0,-0.6771268523744355,2.163177670424047,-1.1881278912013629,-0.4798210963967663,-0.6766170262541504,-2.1441232334262694,-0.7193068261488823,-0.4317229519419891,-0.4659467390352356,-0.2058594010186289,2.603619635028626,6.377833400946867,-1.7257753174094008,-1.2834346909296313,0.0,-1.050517656745049,0.0,-0.08953348759393066,-0.5439669083520798,-0.8851952301820702,-1.5393035465059481,-0.9597804122702216,-2.05379401356724,0.04056682015326825,-3.461180508438755,-1.2750023330983213
27403,Santiago Vergini,Getafe,La Liga,26,2278.0,-0.3467672367716876,-0.3973651641479937,-0.8118495829014357,-0.36453146880495746,0.43263553408480904,-0.5851694576057004,-0.31422864085063584,-0.2910670464636426,0.6594215194329002,-0.7326881511832741,-0.4317229519419891,-0.4659467390352356,-0.5415846807314204,0.39579151594588796,0.8888380398942298,-0.7932366946990829,-0.1308520270719787,0.18878718535469047,1.7034128479575268,0.07462710261565443,0.08565793858558785,0.9940527809449791,0.1633623000567192,-0.36735535243728257,-0.8002969508355735,-0.9399136761008776,0.9911548126651882,-1.018928314490644,-0.5126567852435105
6856,Carlos Martín Vigaray,Getafe,La Liga,14,1228.0,-0.3626487485877285,0.09367718112887952,-0.8200856645376767,0.23791080230607947,-0.3197740904105116,-0.6532489648610869,-0.3077991227069555,-0.2627252880112541,-0.03775796780484371,-0.178106877223627,-0.4317229519419891,0.13087710951362744,-0.21952899709813986,-0.3265907576267811,0.13610560121101026,0.05332587712561589,1.3610538974593505,-0.45790934320074017,0.6990287963673923,-0.38439951504778186,-0.5108890498441657,0.4729802219723084,-0.05157003687682506,0.38386901926809547,-0.3836821123929577,-0.25008943018844104,-0.34224940949665794,1.3237653698872323,1.3584529937335572
6627,Damián Nicolás Suárez Suárez,Getafe,La Liga,31,2720.0,-0.35943564215921625,-0.3973651641479937,2.239657751798262,0.2389206653584069,-1.0943134097439302,0.16335367514338947,-0.2579272059649515,0.722938886513885,3.4838222422218346e-05,0.189852409740257,0.38799174255388663,0.24616692647595528,-0.3961860117969837,0.2309758839267984,0.04389148044314242,0.20164959255478504,0.6979459016098729,-0.26212374581939873,0.6555988785313072,0.07130659756889961,-0.07164046083474201,0.1574690514325317,-0.3296202326550382,0.34820916990272005,0.0044931238695916165,-0.08565601389418324,1.7667271017675756,0.7084080926312103,-0.10435584514783103
6745,Mehdi Lacen,Getafe,La Liga,31,2744.0,-0.2475442050546951,-0.3973651641479937,1.0439836971077225,-0.2753822721626423,0.5831174589838733,0.1081072867130343,-0.4028375017571571,0.2825599900573447,0.4921073349191086,-0.3564107888639331,-0.4317229519419891,-0.351478858045335,-0.2533307598118372,0.03294265130550743,0.07908808788708781,0.8813350053075844,0.7561564550125804,0.580112721417069,0.6093581647472269,0.3960269307261091,1.1919935051336623,0.03755752371955149,0.10964610837851378,0.9678416243272564,0.23479462412474397,-0.2411557478978081,-0.7165859353331003,-0.7352325987191758,-0.06398110755895314
6907,Pedro León Sánchez Gil,Getafe,La Liga,31,1879.0,0.8952368643372345,0.244465596895114,0.6498723864299744,1.8431792212596652,0.0,0.1117591684832736,0.7889537619318224,-0.2926758980158835,-1.5318419294818404,0.9039582533316012,1.150412204367241,1.5400130189399899,-0.5415846807314204,0.0653444876846614,0.09569872058304771,0.37738030684748664,-0.3641385548733119,-0.07173913043478311,0.18435115005422942,0.7984972028082848,-0.22201895145321013,-0.3778132260691702,0.10064541505465543,1.1383728222321814,0.7838030924831197,0.5401320998470844,0.9371533291575248,0.5993695290687697,0.7617160277871622
6736,Álvaro Medrán Just,Getafe,La Liga,20,1528.0,0.7000119682648916,0.3919018515588127,0.19464574612650598,0.2827466069329745,-0.2595813204508859,-0.15143416181051236,0.1521698794928005,-0.315456169433151,0.538483736903711,-0.29607537869741446,0.05466971145870511,-0.39742582598194426,-0.5415846807314204,-0.1568709905933079,0.30859976964729013,0.4095811086103393,0.027909962207669718,1.5213643178410794,0.41177342061029204,-0.021922967205380513,0.8194620725842087,-0.04451512546879618,0.16759170990462116,0.8798750554670463,0.5066386021620995,-0.046629374746945784,-0.02886660196160572,-0.20180335137206656,0.025736714728371322
11675,Moisés Gómez Bordonado,Getafe,La Liga,22,970.0,0.4633329889344662,0.8459338049241714,0.1551796559246167,0.8941343890514943,0.4884594739667199,0.14259477757213404,0.2668404070768869,-0.11728979658976113,0.5047791065889848,-0.2356259325322994,1.86685845942789,0.18168184949319194,0.6815628847376574,-0.39232600247702815,-0.38952039021820795,0.6060881787497329,-0.143734936933871,0.6501358695652171,0.012629416783401818,-0.23168948794751096,0.9455575579185452,-0.4724427917404906,-0.6339208714734691,0.6836805021798896,-0.5445415488858955,0.20299168898016906,-0.672182780646153,0.3655831677563802,0.7607139597861758
6720,Pablo Sarabia García,Getafe,La Liga,31,2592.0,0.9988439841288622,1.231107058074229,0.21359239176846434,1.452239954117139,-0.9425274135419064,0.6199185933839202,0.952216326112261,-0.008566705761409329,-1.1623131518763161,1.8643426108824688,1.2886659130493556,1.7960893289215665,1.2893615206651934,0.2707998461017974,-0.06511566072061244,0.8929230878492991,0.022746089052488944,0.7027506654835843,0.14306181237832769,0.1319058146721813,0.7008296997481519,-0.3833687761455021,-0.47144563027145686,0.3621907455798212,1.0393902061364786,0.5383799829803506,0.5159991943896197,0.6030180804820482,0.9914652925378165
24035,Álvaro Vázquez García,Getafe,La Liga,34,2040.0,0.9022690565716819,0.7849877770284773,-0.6690075502917974,0.20852576760698208,-1.2043637840739294,-0.7971043278623688,1.8870470682092586,-1.263605063282715,-0.786038862484952,0.2544398889271709,1.0255476160506796,0.14993535005552405,-0.1538548969062555,-1.120536030182222,-1.0031859924548432,0.17385748648997723,-0.9447371537433912,-0.8967391304347829,-0.37649630947537743,-1.186127157324205,-1.1172413174539746,-0.30590379472821166,0.022841324915874706,-0.07962704581657808,0.31664046003441465,0.7361770151276235,0.21081364683468107,0.05188693019759113,0.6545742862263176
23416,Stefan Šćepović,Getafe,La Liga,34,1902.0,0.41828391030771594,1.5048430377447513,-1.0808973274843547,-0.19564007782458356,-1.1157442721134563,-0.6997362085477992,1.233731723089299,-0.9995981492356214,-0.6155673150077932,0.32941841366150604,-0.040972168726289324,-0.19071026388952286,-0.12572308293786785,-1.1895285942147684,-1.2974381411518632,-0.5679333210201798,-0.9928172457729837,1.165760869565217,-0.6890551045815028,2.495275281700185,-1.5527032802060166,-0.17920143457057838,0.31938920867440984,-0.621547626350987,0.8047935344397266,0.5842499821615402,0.1362581204234267,-0.023701906738563854,0.7258484201800696
25921,Rubén Gracia Calmache,RC Deportivo La Coruña,La Liga,18,904.0,0.12433624795755459,-0.3973651641479937,1.3861254009133532,1.0098751426604784,-0.6838432635534091,0.2698459868254666,0.12105970424159948,-0.03134412264247965,-0.415913319634623,0.15384346116702177,-0.4317229519419891,0.1710552004557603,1.208346202019325,-0.13479769449344084,-0.2724237030017367,0.25115537946415883,0.09233672118084811,1.3949275362318838,0.945823225240068,-0.3096027670803027,-0.015093708510201182,-0.39047488819004095,-0.39987993117187376,-0.1762855141258836,-0.05298190662607237,0.36178149521208963,-0.028786603360080116,0.2660094805592951,0.9091625433392998
6738,Juan Francisco Moreno Fuertes,RC Deportivo La Coruña,La Liga,35,2746.0,-0.11143878268410903,-0.1777730301348839,1.0621802875932262,0.32043566353779274,-0.24722030519131996,0.20407961094943616,-0.18859546598297874,0.4008086600630196,-0.5545691967222393,-0.08801957828385099,-0.4317229519419891,1.3260772565347463,0.03450327192942204,0.2385669559434086,0.09897587027779084,-0.4498238615547448,0.20111139704326939,0.012159174649963161,1.547017269504514,-0.5011004651898139,0.5482931792271932,0.32768442537218634,0.14442570360859988,-1.053196848383512,-0.0952828437201561,0.13200395722006897,1.5179770585691097,1.2355868609643665,0.2577517768593998
6861,Juan Torres Ruiz,Getafe,La Liga,22,1979.0,-0.3767189505868683,-0.09266582104541667,-1.7197066319565342,-0.46557439422684305,0.43263553408480904,-0.7182688258353374,-0.19771648380129075,-0.3449809522868309,-0.0909957907164519,-0.6191718558304394,-0.05617571107475282,-0.43949399645175175,0.2577773799086373,1.0043421506713515,1.9935047517709021,-0.5149967355855682,0.4273387207498307,0.5343833185448087,1.207573062000743,0.48151668257573227,-0.37326012451216994,1.3666558428716025,0.42031409586231433,0.3285614882665308,0.026702501730020412,-0.9351797485303079,-0.5466962997468565,-0.6917756383769362,-0.20563259305606227
25881,Juan Antonio Rodríguez Villamuela,Getafe,La Liga,32,2575.0,-0.10549112362559399,-0.3973651641479937,-0.1575575047631412,-0.38294123687006626,0.5407944176060117,-0.44273044248700405,-0.1926947107972296,-0.10707276391530504,0.2412847598823143,-0.5333517795398549,-0.14309848993179075,-0.323636120390963,-0.08082618034112718,0.11848625150975178,0.38095950858643535,0.1805183407590462,0.11186762925352774,0.37249163879598635,1.1855318030806477,-0.630558961716876,-0.43635196936794723,0.3182111808221846,0.8564532180630222,0.8133802649834733,-0.0636064171176981,-0.29376399077599646,0.5276041924329707,-0.37407575635667406,-0.07824777924209345
5577,Francisco Guillermo Ochoa Magaña,Málaga,La Liga,11,985.0,-0.5658964110424543,-0.3973651641479937,0.0,-0.6911632058351953,0.0,-1.341126456075997,-0.4798210963967663,-0.8093860035040735,-1.774828501410181,-0.7789597780634512,-0.4317229519419891,-0.4659467390352356,-0.5415846807314204,2.2916582628503255,6.034431129482051,-1.7099595824656053,-1.2834346909296313,0.0,-1.050517656745049,0.0,0.16265298709516593,-0.5439669083520798,-0.8851952301820702,-1.5393035465059481,-1.05278011152739,-2.1027579349226917,0.020340719737034815,-3.5791962443545264,-1.3371725206573375
6569,Roberto José Rosales Altuve,Málaga,La Liga,35,3176.0,-0.21226083713665628,-0.3973651641479937,0.8745486385545003,0.1366192487955505,-0.3836579264525671,-0.019083260385666122,-0.19001761481264548,0.34477941344147633,-0.34882463917707657,-0.2479433244964817,0.27029970833155653,1.1988352933464306,0.20555205636241153,0.46785593181530954,0.34137293130958196,-0.23577355504098452,1.1313849035430443,-0.5622796709753232,0.7894587540950178,0.2816215275155844,0.5305697802431852,0.29704950690604376,0.05107075248719468,-0.27842603418459105,-0.017953483143154793,0.014150028078642619,2.0064494723582538,1.2529157756550835,-1.1243060299885563
6727,Raúl Albentosa Redal,Málaga,La Liga,29,2644.0,-0.16470520440432507,0.05876191603354962,-1.404984663098457,-0.5785963227860452,1.2979066022544283,-0.7843184760672786,-0.02327693454008227,-0.2909559640371327,-0.4412411101524891,-0.46002856465030917,-0.4317229519419891,-0.38674858839572795,-0.39200662494410254,0.8623750203064483,1.3269311377726882,-0.8619045126056613,-0.23813518130795253,-0.07173913043478311,0.9321604931754768,-0.07969473029501663,-0.43408428969670243,1.3059486417551562,1.3825463535942693,-0.2577366673467801,-0.6487906842133933,-0.7923199853828403,0.864871640706647,-0.2212650091566647,-0.46682433120537165
6878,Miguel Torres Gómez,Málaga,La Liga,23,2021.0,-0.5350220753801085,-0.3973651641479937,1.4804150170382147,-0.54389609114843,-0.43263553408480965,-0.8089255075614211,-0.4051611035745822,-0.10524716518065967,-0.5175596096011484,-0.3617137967352238,0.3037624411072545,0.07801641238832008,-0.345897209429259,-0.08212155700133623,0.2204563537308452,-0.44410285024191326,0.6994793417213295,-0.6122563718140936,0.3527207493099451,-1.471218928696464,-1.2400300045581958,0.5202241784913093,0.055498385844290996,-0.269131703697542,-0.8088457197598247,-0.177535065454361,-1.2230681628432236,0.7511604746904191,0.8287408818207858
8234,Ignacio Camacho Barnola,Málaga,La Liga,23,2072.0,0.15684913768651262,0.1846811678983381,-0.24510868846399858,-0.2602363157068853,1.2979066022544283,0.24944731657943275,0.15373308111028805,0.4558256428818409,-0.17739488519819752,-0.270239864776562,-0.07303183723336923,-0.2638232735035191,1.5579945540747349,0.024795881040805153,-0.1676865481090714,0.571807333948565,0.9841387819697517,0.6804667519181581,1.603929347946322,0.3477905256026242,0.8033782127655292,0.5107721761397688,1.7968432433697752,1.2854066036098815,0.8110065737063402,-0.15413675121983386,0.07779307369553597,-0.13596911018312452,0.37578975834077466
6764,Pablo Fornals Malla,Málaga,La Liga,27,1357.0,0.4456988079842352,0.046997400332477846,0.4918988532041517,0.515135698586868,-0.511296540282048,0.5798729630274659,-0.012813763255083805,0.36322288791553803,0.043846593675488744,0.30850869980140383,-0.4317229519419891,-0.3116358250404985,0.6241762021032692,-0.004309867438810678,-0.1813791000022461,0.0905309067736135,0.19315678290514832,0.09895052473763102,0.46938309686231655,0.041006989017258404,1.114293579731913,-0.186082787650023,-0.16673943667479507,-0.3286247931071975,-0.08399326650208976,0.04001650340127225,-0.09751038907931982,0.06020570352052337,0.39061974618630885
6563,Juan Pablo Añor Acosta,Málaga,La Liga,29,1668.0,0.6311689582352589,1.0486780013196326,0.2600101615102098,2.074553821215324,-0.7396672034353199,0.28760034444065036,0.4881045311703108,-0.2760800977410107,-0.1964511063810259,0.9272648519678272,0.013845387192459934,0.06759619785693917,2.0665257356464894,-0.6067556017251197,-0.585715540430753,0.7995845199189566,-0.37211901533499986,0.228260869565217,0.28903915752291326,-0.525362616986494,1.016706211322881,-0.2944043431965346,-0.5637207208990037,0.12279398218772743,1.3116870623922725,0.3208486049920134,0.9108478533010722,0.22667126316938804,0.17212429756722475
6740,Gonzalo Castro Irizábal,Málaga,La Liga,24,1444.0,0.2983284140766703,0.02022486355283697,0.07888874466731369,1.4386687429737923,0.06977992485238856,0.3519649180298373,0.8681381881377764,-0.028342122409838945,-1.2866752634509755,1.62992060911829,1.1123379684380543,2.3255686855485744,0.55393991622611,0.3570979098694805,0.17104146158582392,-0.1389274349517104,-0.18290225015550512,-0.7173913043478265,0.020728182578978783,1.4044893738411066,0.6577469370575383,-0.4959209297418018,-0.4463351660109538,-0.2593503249634498,0.5404515783783107,0.5034294364952749,-1.520902582163929,0.7336083687416621,0.04648030733695894
8419,Duje Čop,Málaga,La Liga,31,2074.0,0.9082861281602647,1.347089994964832,-0.7584395424060157,0.45686703054649275,-1.2979066022544286,-0.28620836115446235,1.3098804461024611,-0.6458823708825001,-0.7664543236779302,-0.01661576143102516,0.6433127129706351,0.13983892236551154,0.6025359928510341,-1.0714019904889627,-1.1741693433269358,0.31965214125618385,-0.5505154301331774,-0.14673913043478268,-0.428981578320147,1.186332192269291,-0.7015041046217635,-0.4436124342249223,0.4780348007673894,0.1934950128200423,-0.10197701458958933,0.5554151499098212,-0.6946535542166393,0.027573871750561627,0.3181882036604209
6707,Charles Días Barbosa de Oliveira,Málaga,La Liga,35,3092.0,1.1695967274212162,1.7478482899270396,-0.5633846146624082,-0.27404926618821546,-0.033279656468062725,-0.5700111949844936,2.0431095672581114,-0.8864973776043061,-0.45701015620903446,0.27783509484222374,0.289371475298885,-0.178123447076585,0.3537551176229391,-1.2053744882865165,-1.0997091178476006,-0.28244462084647787,-0.7694732276444313,1.0760869565217384,-0.49464623516107026,-0.7770824418770504,-1.0566081048809708,-0.1288633273058414,1.3377539315627798,0.7852916747373274,0.27589444044072564,0.6340054345153031,0.09617147702887369,0.05271621734526846,0.1184302609942213
23843,Diego Mariño Villar,Levante UD,La Liga,23,2144.0,-0.5658964110424543,-0.3973651641479937,0.0,-0.6680267911288867,2.163177670424047,-0.8318702520471007,-0.4798210963967663,-0.38796246185497285,-0.5548644182270575,-0.6806325709430749,-0.4317229519419891,-0.4659467390352356,-0.5415846807314204,2.660226589771878,4.8539143801831255,-1.7218130316618627,-1.2834346909296313,0.0,-1.050517656745049,0.0,0.44608183017075376,-0.5439669083520798,-0.8851952301820702,-1.5393035465059481,-0.8228400901830571,-2.062080267165374,-0.007385686643976193,-3.4372890740608595,-1.3568223721277712
6787,Pedro López Muñoz,Levante UD,La Liga,17,1338.0,-0.2860890909814642,0.05330748159191626,0.06721235002901117,0.45811830914244966,0.15351583467525484,-0.07551105954822009,-0.16406177847286837,0.2894066383110128,0.17090602049310338,-0.5426217376306185,-0.4317229519419891,0.6295684867016912,-0.5415846807314204,0.07700120819382922,0.1477107638119792,-0.020800014882157936,0.21412482326603094,-1.0389805097451275,1.06902256645162,-0.6779200866171343,0.08328817820450408,0.3893747030368204,-0.44800038184602875,0.45598642814907425,0.2982177617622828,-0.0793399497389437,1.9609416489524623,0.9138778430393127,-1.0179887039252198
27656,Carl Medjani,Levante UD,La Liga,14,1307.0,-0.2794524980802471,0.06399673332713986,-1.1484996070565863,-0.5773044304786716,0.43263553408480904,-0.6645634680087842,-0.22584002517565305,-0.3673592461870483,0.08882758157560602,-0.5370161681941855,-0.4317229519419891,-0.42589319842872103,-0.5415846807314204,0.5105908584066474,1.250035138613696,-1.0543537195569388,-0.5961922512831824,1.3244147157190636,0.0015126021915462303,-1.5951718727713593,-1.483260664938129,1.4731554621935823,0.45749805307796837,-0.8322444600838488,-0.5498559536470027,-0.9220293850220225,0.9698714186085164,-0.7855837857259064,-0.27745567412490413
7141,Giuseppe Rossi,Levante UD,"La Liga, Serie A",28,1574.0,1.3765779131674811,1.5181367418240523,-0.19759846816011237,1.0736719245956974,0.30902538148914965,-0.1462028347022491,1.447018607810378,-0.7602091064759795,0.18852223783809846,0.962193917526847,0.984810700554061,-0.133354759538955,0.7147189390324564,-0.9884153610392976,-0.8922770597565446,0.25094287052887126,-0.6249756923337644,0.47826086956521674,-0.6683295675212995,0.6253565825131934,-0.1038007905244281,-0.3676558712155066,-0.29675985140195343,-0.3650643775686119,0.513266285430201,0.6135465114638783,-0.15911897064505776,-0.49188257874090924,-0.01868833512857967
25859,Sérgio Paulo Barbosa Valente,Málaga,La Liga,26,1136.0,0.6974237866624915,0.1334446950069358,0.702126618615042,1.3174686286674198,-0.09405120306191551,1.1270654057355005,0.6093341263565782,0.8351868023590889,-1.376874222183505,2.4686078373912324,0.2225094333364093,1.607775964109268,2.939791899388901,1.3215351455228888,0.41499062884203874,-0.039755884068508024,0.11548154540649384,1.434782608695652,0.9163668205427685,0.7332365074662887,0.5887267244881585,-0.3912855854796292,-0.45608232886632527,0.2684551114629171,2.418990351587045,0.5102985581807772,0.4951098937336361,0.24996442821917325,0.5913224038713647
26211,Joan Verdú Fernández,Levante UD,"La Liga, Serie A",18,1139.0,0.14627340533753735,0.6614583652637711,0.16572757440442829,0.17985475957877212,0.6056897477187329,0.7517195865726711,0.4077544653304929,0.575353663828524,0.9011690349520718,1.1644485509039875,0.2207862576069668,0.08558946015051926,0.5000774250675306,-0.35175238738043596,-0.4603102010533037,-0.09161934756192175,-0.19151427253817088,0.9365942028985503,-0.06966569616604931,-0.021922967205380513,0.46218324113503906,-0.3916877311939552,-0.4144142982381239,-0.7279547967661029,0.3178427607996137,0.2866953304752415,0.0002442550907757447,-0.027521772011484674,0.47793826105865256
6792,Pau López Sabata,Espanyol,La Liga,36,3306.0,-0.5658964110424543,-0.3973651641479937,0.0,-0.6911632058351953,0.0,-1.3353534382810912,-0.4798210963967663,-0.8206113065431317,-1.9177871007621092,-0.7789597780634512,-0.4317229519419891,-0.4659467390352356,-0.5415846807314204,2.2070516522691617,6.12260230059299,-1.7090210707932665,-1.2834346909296313,0.0,-1.050517656745049,0.0,0.022789829992939024,-0.5334741084256973,-0.8851952301820702,-1.5393035465059481,-0.8788065361928595,-2.061310413052329,-0.059795399937246904,-3.3602503535009047,-1.3391338773714374
6791,Javier López Rodríguez,Espanyol,La Liga,31,2510.0,-0.4415995338042057,-0.3973651641479937,1.0590194708020464,0.04005811122537915,-0.08184996590793724,-0.23256124071104228,-0.3836376092295095,0.10798645892166804,-0.39112017630893475,-0.48499668554101927,0.16047464939367653,0.3891724165350024,0.24623280831572794,0.07542690313960868,0.099406592464977,0.16120314109905717,1.111467257270125,0.004122938530734588,1.209199330216818,0.8095152422816092,0.16977411751957527,0.5616648544087424,0.20239227300926155,0.7924890555020191,0.09295024714981706,-0.223009796493019,1.7424000284988304,0.5818315179437527,-0.4013261824562558
6762,Álvaro González Soberón,Espanyol,La Liga,36,3334.0,-0.22901981154490944,-0.3973651641479937,-1.312368408569124,-0.5275011769109061,1.2192455960571904,-0.46306045975693777,-0.04987672561406571,-0.045560770344638325,-0.13050106280883525,-0.46280271137765805,-0.2088051386017792,-0.2775245042204261,-0.30434150166623275,1.0136261846167216,1.3373909518433977,-0.9253466262043636,-0.35084819081874824,0.844927536231884,0.3156188921976043,-0.46836944908674527,-0.6738359056754336,1.5889920880808128,0.6061715994897352,-0.5229679650731824,-0.1902176639329719,-0.737702787037323,1.0523532347969506,-0.29584430791344696,-0.5707763777099407
16456,Enzo Pablo Roco Roco,Espanyol,La Liga,33,2570.0,-0.29882740088307336,0.07189553624111102,-1.2345374719305884,-0.5367523945345714,0.8652710681696187,-0.7109506578817975,-0.14516712001010706,-0.40603200816188184,0.4206545414945068,-0.6969311663645849,-0.4317229519419891,-0.34372889256197203,-0.38769970816267824,0.6453384861124319,1.2999934956120867,-0.7191975815447255,-0.4231165886915865,-0.8967391304347829,0.6548612578934878,0.44203121984780197,-0.9947992679110144,1.4402011437192266,0.46151800594721853,0.018885939537876827,-0.7330710286724941,-0.8420026183539556,-0.824519851419193,-0.544066784560876,-0.3467146415754573
6612,Rubén Duarte Sánchez,Espanyol,La Liga,22,1925.0,-0.24175598312764487,-0.3973651641479937,0.2810044837233406,-0.4334776311322059,-0.9517981749865808,-0.55269470163008,-0.1662879109554487,-0.07347368992886069,-0.3567551970023658,-0.2861489238829883,-0.045640879382892914,0.7306241769125261,0.07475461199845232,-0.12281255953278658,0.09881799467265194,-0.01523195944854709,0.9419400884633888,-0.2314165497896213,1.6727036567042342,-1.2598893191261509,-0.6237332322518728,0.2849697366373003,-0.20146791022588698,0.43429936029268423,-0.11374886245643814,-0.06297297210487296,-1.9569142536382345,1.1855020084195023,-1.051101014928398
5598,Óscar Esau Duarte Gaitán,Espanyol,La Liga,14,1239.0,-0.11264920251750901,0.08931764456871313,-1.6141174799136015,-0.6110914170856788,2.163177670424047,-0.8814051477540737,-0.15100981081741846,-0.4306694383458698,-0.12764933129342365,-0.6938857134685816,0.16812207604530743,-0.42369494115572426,0.7352010480875253,0.18691363109393222,0.8380151483127105,-0.5726488007068073,-0.3911758036206019,-0.8967391304347829,0.9609383009059687,-0.6642425203743869,-0.30826932348868413,1.751847553022339,1.4754452341989766,0.3667948479819655,-0.7212012806407545,-0.6408754477496723,-0.32263213891212505,-0.12922999232355842,-0.22911412718338256
6758,Víctor Sánchez Mata,Espanyol,La Liga,29,2355.0,0.06999691251016538,-0.14131420873398112,0.18297613339471488,0.02499479264933346,1.0943134097439293,-0.17567205220282373,0.09041322415242399,-0.13751981701424065,0.024022268374371845,-0.01806167931112064,1.1462133318717278,-0.06581952191894593,0.6339527530315009,-0.2641058689485817,-0.17322086704642,1.5422709927492115,1.679845163076861,0.4510331467929401,0.6280960170284643,0.07657609470831547,0.08393288132728759,-0.19044643388970234,-0.2021130881640386,1.7307821787370945,0.5172562125562074,0.032201037607584734,0.33480737833692303,0.11392922292717501,0.4629347643511315
6867,Papa Kouly Diop,Espanyol,La Liga,30,2560.0,-0.02967191408182238,0.30927546085200663,0.22203013588031287,-0.20674452292186082,0.7095222758990871,-0.18776373307392855,-0.20869449902539255,0.015540073612773974,0.11564631706587815,-0.6554362241184783,-0.4317229519419891,-0.44549752904589396,-0.07812642350290264,0.13408440479030623,0.36737976743281653,0.36468007188138296,0.8757621086326488,0.13451086956521707,1.4336196133679788,0.46110696704406534,0.5974196111091122,0.30971253815851,0.7714487644600274,2.030454878401945,0.8087759779394382,-0.2378747111493349,0.2170475887717712,-0.7196179815865118,-0.08666228790193939
6838,Hernán Arsenio Pérez González,Espanyol,La Liga,32,2525.0,0.5955533004661546,1.274318004168838,-0.37508532674572215,2.6288985601152994,-0.07935918080845629,0.31620795782047767,0.9125301115246885,-0.30717952634732004,-0.7816549398977957,0.26467156879836495,-0.13738315405040094,1.3170623980948444,-0.2283297266706933,-0.5760113289927414,-0.4663575130438672,0.6631872407965285,0.13949737816804533,-0.4207775919732443,0.20876777127264434,0.5495490676812884,0.5304797118549,-0.28293929069829965,0.5241304997312798,2.5679241243993136,0.9647424731101992,0.42543868858466066,1.2064041630360083,0.8312751821026904,0.4671635549768226
5719,Marco Asensio Willemsen,Espanyol,La Liga,34,2900.0,0.7035604544894243,0.4343589737830408,0.00036020040635275784,1.2245957564394425,-0.20086649796794767,0.28168927722827586,0.581596851213625,-0.06878676621694127,-0.3788087090112427,1.2928283818963682,1.8747846022257177,0.8518285584848208,1.5040241787599682,-0.002756176513232177,-0.05360934874436006,0.3795464527548429,0.05080002107574987,-0.3074534161490689,-0.39857631912731495,0.7103528870216931,0.7077242061297195,-0.46023436493954695,-0.6162450200332779,0.16023893800657377,0.9588514866978818,0.421534908383652,0.018373210239098173,0.22214185129124653,0.7924383523700796
6766,Gerard Moreno Balaguero,Espanyol,La Liga,32,1978.0,1.1375615000669712,1.4317551594111577,-0.4913073331291423,1.8918806427105685,-0.15541276467124254,0.19875196898137834,2.0832889180552585,-0.62911911989571,-0.4330279460004297,-0.08619539058642148,0.6954883569704392,0.06337558222578124,0.6580645998600918,-0.6670604957110855,-0.5928394163172468,0.17899599519472278,-0.2704242612057705,0.09895052473763102,-0.22502892380228895,0.08406432748537969,-0.5776846265200254,-0.24582922308284147,0.7167105652251393,0.8486195179738554,0.02724824622610607,0.6096796776538149,0.11857186100244893,-0.07103883507155835,0.39372226476042044
6675,Antonio Manuel Luna Rodríguez,Eibar,La Liga,15,1036.0,-0.44543881958762643,-0.3973651641479937,-0.1630024700495059,-0.16447478456726097,0.7472795588737617,-0.346883958871787,-0.21766074708350241,0.1813589160088083,-0.42414312472263554,-0.3719838474339398,0.28565927747525066,0.5952014550062762,-0.5415846807314204,0.11872334997502282,0.1679876514377356,-0.22041331769472572,0.9174454445315348,-0.5217391304347833,1.4380264101531113,-0.34076807873341913,-0.30777695385685794,0.2596438226893286,-0.4146621646466588,-0.7464024517365926,-0.4182995378308009,-0.08745456023841851,-2.018050241451205,1.233518195153317,-1.041395258684956
26669,Weligton Róbson Pena de Oliveira,Málaga,La Liga,30,2687.0,-0.47300912801513634,-0.3973651641479937,-1.628317248318655,-0.6173195539850643,-0.43263553408480965,-0.6141839773475677,-0.35628061999706595,-0.1175464937876122,-0.3312529050098411,-0.6220460958408335,0.12146498231648545,-0.40749868071065665,0.04715276549361644,0.9398517086809874,1.3263606488364923,-0.6949690521940145,0.02799410582721314,0.64002557544757,0.9963800707281627,-0.879343620738839,-0.06092385657180432,1.5087246631040818,1.0197019365072506,-0.20181779583899484,-0.2577313241673546,-0.9763416962102138,-1.0429677312387562,-0.8257923063798015,-0.47730735999264395
6580,José Luis García del Pozo,Málaga,La Liga,33,2822.0,0.230096914772439,-0.3973651641479937,0.7595402092457834,0.3635031257805122,0.08652710681696159,0.2657104535005723,0.01208825106653399,0.27561087076703467,0.2979315214024053,0.3415940777095123,0.6217256514262046,-0.05783210168593708,-0.4014413853729273,0.10655249792909328,-0.0331870768042189,0.525922719944345,0.8711713287611483,0.228260869565217,0.2589515269565718,-0.2443730450156398,0.887176924418503,-0.16290202768048365,-0.34970125666203933,1.37155943783513,0.3156699280914225,0.0548973204608338,-0.5585094601465838,0.07084066373448131,0.18795124344695102
6927,David García Santana,Las Palmas,La Liga,19,1654.0,-0.2263720510893665,0.3317763110636146,-1.1661635143678506,-0.5112195306344983,-0.43263553408480965,0.1530632611759907,-0.16053000859282474,0.5986382558799946,0.33953136251450994,-0.33286101008805574,0.017616824162158876,-0.21274249442718451,-0.06336898604983836,0.4496652966451007,0.3756778896027874,-0.7721015010743344,0.2622055815502596,-0.5622796709753232,1.1836552794133393,-0.3965757298331859,-0.8929532006505246,0.8402452879822445,0.6473656710587813,-0.7322606244719638,-0.20827649424018274,-0.4504971766911068,1.6374108453588234,0.06277167530003658,-0.6429667595880882
6928,Pedro Taunausú Domínguez Placeres,Las Palmas,La Liga,27,2152.0,0.33294559805681384,1.0036571406847206,0.10141376442402733,0.7610123551362284,-0.2266186130920434,0.9321787005699578,0.8032865116578359,0.3180135251401191,0.6333708195154684,0.6414845597424318,0.6043476656364418,-0.17403236595318405,1.2961680121201988,-0.7012215530910612,-0.7708219560267047,0.8625349527586698,-0.06336809786841699,1.7085240274599538,-0.1320382883118186,0.503405363000998,0.2889860221380212,-0.4633693327093736,-0.7039787781766107,-0.06016718732770559,1.2762530166864603,0.23979736073538074,0.3982763955840598,-0.007814606190516568,0.18323210299657505
6934,Jerónimo Figueroa Cabrera,Las Palmas,La Liga,23,1422.0,0.13617990258455887,-0.3973651641479937,0.21842580087227076,1.332085346597207,0.641494067780924,1.1132287281455586,0.5176091058818276,0.7014796729012726,0.5430093419419173,1.000057370173569,1.1362263933665786,0.6752974977820301,0.5708889606234838,0.168549384245565,-0.19052916609383497,-0.1294712660598279,0.02848235184238721,0.1727053140096617,0.6416456412526496,-0.07586292968192888,0.41797796096304823,-0.3732043373982504,-0.5081069872255619,-0.6005911744636063,0.7962265673746248,0.2770652390257223,-0.14025895263148774,0.2262034499731177,1.186262016646879
6721,Willian José da Silva,Las Palmas,La Liga,30,1809.0,1.2967015702590623,2.6026348358520073,-0.21048019240077637,0.37825329614528697,0.43263553408480904,-0.40610629564162704,1.4135753064255077,-0.7828235414362116,-0.19758453507255186,0.3863997137336018,-0.02088382000375768,-0.060805950744465,0.11427664514199344,-0.7989603097936443,-0.6299576997279375,-0.17379074857798574,-0.6723187366035464,1.165760869565217,-0.9080007052079294,-1.867868349736129,-1.114378844393657,-0.1796248770774557,0.8663634560066863,0.16352716282459162,0.5823489291434216,0.5437192458187706,-0.394853126128757,-0.12531468184209216,0.04789468012935988
23848,Carlos Carmona Bonet,Sporting Gijón,La Liga,20,1235.0,0.1919622817543165,0.5791530544754885,-0.5713198028278457,0.9957905362487469,-0.5562456866804699,0.2678950192768744,0.8152486705931292,-0.006906601649250942,-0.6995640867091161,0.8426827762910633,1.3736405857331389,1.1448218016636742,-0.22135441392845,-0.3592926798466079,-0.4141997124308382,1.5209950371432113,1.569852091973722,-0.4923273657289002,0.967453138015769,-0.4385626773690606,0.6120552345640558,-0.31925956223631763,0.37789077699444457,1.4538178331011251,0.3443615242360704,0.3554752365144072,1.4086806714836524,0.5519212465513585,-0.2918276914455736
6772,Mario Gaspar Pérez Martínez,Villarreal,La Liga,33,2974.0,0.12647146667403078,0.008149294493566654,-0.14598624885958095,-0.3075374889564174,-0.5454969777591077,0.02531023289986578,0.03260904465424378,0.4702428509895572,-0.1320717012029632,-0.4954177040001198,-0.18182113967693878,0.044527151216520414,-0.27562343022592717,-0.000902051224205676,0.08113166794191295,-0.5481124894850566,0.6216535410984194,-1.2991781548250272,0.6254701922997459,-1.5669618923956936,-0.308538851989226,0.6807693520531599,-0.032856383291563145,-0.39994146563949184,-0.6659901720143047,-0.13706675810149946,1.9053423843364314,0.8834298631463862,-1.1498430152327905
3324,Eric Bertrand Bailly,Villarreal,La Liga,25,2073.0,-0.4454969274465048,-0.3973651641479937,-1.0676516195416819,-0.35615952815813,1.0506862970631083,-0.5916285758736174,-0.34152543482517694,-0.30392649962621404,0.1497844844942958,-0.6264174249041987,-0.4317229519419891,-0.4659467390352356,-0.3508059158970414,0.05537252694164511,0.5619924500426486,-0.7525077441231033,0.41642501813242416,-0.6540920716112535,0.8564457787284789,-0.6348060191128229,-0.22163649486839715,1.597961291960251,0.6432995422807664,0.2438633149579859,0.05702527208275553,-0.842893877882374,0.7465148305059695,-0.5238249113648882,-0.13569463813987892
6827,Daniele Bonera,Villarreal,La Liga,14,1011.0,-0.4424601452193073,-0.3973651641479937,-1.2130044531423905,-0.6420984450732512,2.163177670424047,-0.25757567863289055,-0.3753487998136369,0.1465911686453939,0.9051219029761006,-0.6746998710080175,-0.4317229519419891,-0.4659467390352356,-0.15040329645677314,0.7994884623543302,1.1030467673882611,-0.8346224961923366,-0.46332433382585714,-1.5842391304347827,0.22452272570128826,-0.1226108971616035,-1.3745169462504923,0.6226331736707759,-0.017292103960077066,0.085712347027291,-0.483881357762842,-0.8245244594615059,0.5018411907615316,-1.0461887816324738,-0.21903633522643148
5588,Antonio Rukavina,Villarreal,La Liga,18,1406.0,-0.4771381857599496,-0.3973651641479937,1.1908126355411974,-0.3383575647944737,-0.43263553408480965,-0.5621587445441233,-0.2866503126922561,-0.04345858870983641,0.15986838970162318,-0.5540520269260897,-0.4317229519419891,-0.01914749943880964,-0.26030133826935214,-0.3665685728517684,-0.12502522019851658,-0.7103392470004445,0.23998154318543397,-1.2959326788218801,0.5997799876189941,-0.8982808760836152,-0.9636910460219826,0.4182512038159224,-0.15710722351148626,-0.15172663065957598,-0.6437071100651156,-0.15167305924297603,-0.04744551774904377,0.9848327101487476,1.5219963677554273
6771,Manuel Trigueros Muñoz,Villarreal,La Liga,31,2184.0,0.2912056820015128,0.15483263804980865,0.6931643199520713,-0.25962245973804166,0.5237166991552955,0.4191625702684178,-0.21728729929245794,0.425013928876055,0.4379455641000168,-0.10327538041573686,-0.09142625337227259,-0.4180071991334824,1.6314064154315935,0.3049726900838989,0.304443444571955,0.30038355805660744,0.3616676325463916,0.05518394648829428,0.011899233353781057,0.31370346598202775,0.3955635965592227,0.027833034888922283,-0.014709058941559093,0.3883101726689114,0.11348466095656441,-0.1706538346710901,0.43272068489766047,-0.4062782599677699,-0.3610492596214959
6357,Jonathan dos Santos Ramírez,Villarreal,La Liga,26,1808.0,0.020801349107553272,-0.3973651641479937,0.38422294150600644,0.4885891971537396,-0.010061291490344423,0.4023654575635374,0.22955207102352665,0.32549119769349016,0.18220393922141845,0.5619448783303538,-0.02065658597060584,0.5185108038144853,1.208346202019325,-0.03612536448105658,-0.10746397607181936,0.9380525647574578,0.8566541723533366,0.13451086956521707,0.613099744909215,0.25137284267579496,0.5591862956169514,-0.14105035542672767,-0.2381081648351417,0.618808338095821,0.08335421222410729,0.18242206123400515,0.9870327832578077,0.4703002202117551,0.07924839341929728
18867,Matías Nahuel Leiva Esquivel,Villarreal,La Liga,20,1040.0,0.03407505408832269,-0.3973651641479937,0.16085863788049176,1.3120943628894863,-0.5562456866804699,-0.0991697701528559,0.3616688111638853,-0.5034240353239925,-0.6965760263359939,0.43727213770243456,0.28290011505441537,0.3394375313142193,0.21896220292563404,-0.620293158806123,-0.43546941037621306,0.5110276523751222,-0.021135023493221394,1.0572082379862693,0.10633629025145469,0.6253565825131934,0.1619919650032554,-0.3104819315286707,-0.5102165718015423,0.8302508790163179,0.2903054490428414,0.4258874095689039,0.7793837690113825,0.48503364956094663,0.7434570943485727
6829,Samuel Castillejo Azuaga,Villarreal,La Liga,28,1749.0,0.3259994204841438,-0.05259672503993229,0.14559481991912793,1.691212862173574,-0.865271068169619,0.1403153098436046,0.57268417234099,-0.35044435154644044,-0.9679646609898407,0.5469114927924411,-0.006789853213424238,1.0006907115439605,0.5890167472321829,-0.37747038885728373,-0.194411887096299,1.0281191343139258,-0.21679887913900228,0.47826086956521674,0.3252720572359273,-0.7770824418770504,0.6302378674602617,-0.26629466604636737,-0.3556370333839548,0.1045268535133104,1.3900970658727418,0.3638882103675201,-0.6730409471307027,0.926413201218543,0.7991225986070619
6761,Leonardo Carrilho Baptistão,Villarreal,La Liga,26,1325.0,0.9410507859048858,0.9679178547199314,-0.20083210038382346,1.1432663665315574,-0.9094175512394979,-0.01021499651060917,1.5244250022356562,-0.8471928491710702,-1.0450794394243548,-0.22209384430397644,0.12918873837971653,0.6403169379730724,0.6523304271981447,-1.00950505140048,-0.8426419833564817,0.5502120440899666,-0.605528374991587,1.3244147157190636,-0.7262243670209618,-0.1226108971616035,-0.540548134599833,-0.15125902280542927,0.6232094861712983,0.24307827294350487,1.737737279579683,0.6825770609286953,0.33702657689644444,0.020356056558172183,0.4342146914270276
6752,Víctor Ruíz Torre,Villarreal,La Liga,35,3102.0,-0.46532092365753996,-0.3973651641479937,-1.0367473128460303,-0.5792253232071237,1.4215167548500878,-0.14175798806199497,-0.387401074979002,0.18295305332985265,0.3754375877562246,-0.7789597780634512,-0.4317229519419891,-0.4490705373676938,-0.28659797570133133,0.8485133393677377,1.1395008192689389,-1.1261280660523618,-0.5706630846266735,-0.12330163043478293,1.2766160083929852,0.5474433033804016,-0.3184528988718772,1.2788374239268336,0.6077081969615528,-0.31454996959190323,-0.6554627309968858,-0.8816014668477983,-0.9089703357092314,-1.227960900731431,-0.732139365369012
24173,Carlos Castro García,Sporting Gijón,La Liga,25,1071.0,0.8906169496858558,3.5438113064402437,-0.7096870626742848,0.3277895568792399,-0.6686185526765243,-0.9160320422796464,1.0558255104011904,-1.329979369781422,0.22018528846764002,-0.38528371444797616,-0.4317229519419891,-0.36818767727479756,0.19694824084032278,-1.3109591374082268,-1.4385364584682871,-0.3303077028942978,-0.831837974681311,-1.4860248447204978,-0.7295551104261578,-0.7770824418770504,-0.8790898499851445,-0.3496296727407589,-0.020398511041170256,-0.580566928647577,0.7884576317489863,0.562062899565874,-0.02498068116140264,-0.01110052776294784,0.3474343162261756
6609,Denis Suárez Fernández,Villarreal,La Liga,33,2460.0,0.3725955392921917,0.5831226407300553,0.3453317657814947,1.3454432113041828,-0.4583366549215313,0.2633424444329989,0.47702865551408385,-0.071667265977525,-0.7495472325402108,0.9778196558206061,0.77674532395437,0.8108819822504855,1.8699054381811921,-0.3416230661971524,-0.24826741254709103,0.4191768896172033,0.1770951767417648,0.21383779264213987,0.2769756064750967,-0.43262373413207794,0.03671126040222316,-0.3042448183266516,-0.488876322950618,-0.32884010690988547,0.5504439722522836,0.46161378273020437,-0.7404853578611382,0.5954724892251128,0.9076415984312606
6862,Cédric Bakambu,Villarreal,La Liga,34,1924.0,1.023217199303928,3.3635495967667692,-0.6425083329472298,0.443242624588048,-0.07866100619723801,-0.3848162737303707,1.5670462463183323,-0.9566046173872026,-0.43451658357514117,-0.06675189946180629,0.7271252648089376,0.15985860616873285,-0.3360314689322168,-1.1420722907188987,-1.1223517721358556,0.40101482504166136,-0.852493125944228,1.8532608695652173,-0.6931882522673645,0.8590964199115673,-0.8340254038107491,-0.4538182686519219,0.05225141576924945,1.71616537144131,0.48461512473742185,0.5689214191305566,-0.08178229286428239,0.07762361721384672,0.26072995834961643
24138,Joaquín José Marín Ruiz,Rayo Vallecano,La Liga,27,2120.0,-0.03611028711565505,-0.3973651641479937,0.7727924593663799,0.10438023116059023,0.33083893782956014,-0.23456696822152,-0.20224439949809986,0.2573757985998676,-0.7794753653655958,-0.33147822414958755,-0.08115314549092295,0.8674960859301354,-0.16848620950343166,0.03702417416620308,0.07427737342823666,0.4381446837855112,1.8779553401275932,0.25145674585387645,0.9763154040304964,-0.38439951504778186,-0.18280796730369292,0.388714319821215,0.17252758921205993,0.6402394392338722,-0.2776363917754252,-0.1697947879145918,1.8531084735512944,1.3416440422190048,-0.7253604658451768
27144,Antonio Amaya Carazo,Rayo Vallecano,La Liga,17,1074.0,-0.39160302452401624,0.1640873498184867,-1.3055684297059014,-0.4140432442132654,1.2979066022544283,-0.3810100646650494,-0.18478899626954887,0.0557887670821538,-0.03853898870202889,-0.7789597780634512,-0.4317229519419891,-0.4172037431574753,-0.5415846807314204,0.33459327780180126,0.6532868299931198,-0.5252703532249099,0.06757112779090144,-1.8788819875776406,1.269960864232242,-0.6642425203743869,-1.1352907661922806,1.3939770333585788,1.4750056363471367,0.46841947698126063,-0.5937564562552767,-0.8877328687723337,0.35295622807517013,-0.9159900919967218,0.01638405100064146
6914,Roberto Román Triguero,Rayo Vallecano,La Liga,29,2556.0,-0.2729525970818871,-0.16144967119024714,0.05274907963659432,-0.2059864342162061,-0.32880300590445527,-0.2968277618157092,-0.23188332211145213,0.18359677940699187,0.18775578054732614,-0.20161442420484083,0.44058689509587595,0.20993325310075062,-0.23212898472072524,-0.18701864592978582,-0.02476252044074183,-0.2488956761859779,-0.1480823831785733,-0.11102484472049726,0.4960923595838336,-0.35025317358436786,-0.6166868869508112,0.7317703672043968,0.2781775244961715,0.06759303835526546,0.2009147779306003,-0.26350572222245183,-0.26946338699128636,0.9226122278629975,1.327463683897777
11298,José Ignacio Martínez García,Rayo Vallecano,La Liga,22,1743.0,-0.02891678648478817,-0.3973651641479937,0.9157098126325783,-0.20735595212576752,-0.5853304284676839,0.22190591229152457,-0.19414703436062605,0.8048580999471682,-0.27818999148489554,-0.17421642732883588,-0.4317229519419891,0.6453264509764908,-0.3146860120557645,0.556737189375755,0.22579673320216714,0.21358327370170152,0.579693241681768,0.24421831637372798,0.7737483821216611,-0.3348719386909377,-0.49922569033766667,0.39142737630723007,-0.07413984171701578,0.4636474117668415,-0.2513980214567987,-0.15117794963310416,-1.0753156491537164,0.8327478812550131,0.9600626681392331
26848,Roberto Trashorras Gayoso,Rayo Vallecano,La Liga,36,3209.0,0.07576830330121237,-0.2094561582271465,0.6644890097501467,0.2208542184992395,-0.036664028312272084,1.7649100082804319,-0.2823362253860891,1.7553521499742195,0.5345405257233885,1.0933324200928205,1.1894848784518492,0.4965489533269206,0.3211110676361955,2.4443185022992826,0.7132889549619759,-0.17039197224092384,0.1376384286327044,0.9782608695652172,0.15459218431439017,0.6045797080777824,0.712352009996929,-0.100758102237573,-0.2927546574213111,0.15657575045555774,1.0980081965659398,-0.0983661557545737,-0.1280380135806471,0.22837346427636104,0.5232939661748546
6713,Diego Javier Llorente Ríos,Rayo Vallecano,La Liga,33,2965.0,-0.25022845636993757,0.009380198415243821,-0.4544863101421404,-0.02196289379033267,0.7354804079441758,-0.09509534505877179,-0.2609955531850879,0.13998140488936017,0.5439735062352764,-0.5301073793345122,-0.18106258442891693,-0.3600108653636378,-0.40820040433962707,0.38095469340143007,0.6347894085415454,-0.1438737072974324,0.27788670477408817,-1.2045749513303052,1.152270489981129,-0.002050349450862884,0.2761094961634102,1.0354737443102497,0.8904204068036332,0.5731828609579722,-0.11058180933984156,-0.6665358579155647,0.16420893001247952,-0.3947984976705944,0.3080149117591917
4711,Pablo Hernández Domínguez,Rayo Vallecano,La Liga,27,1957.0,0.5500443825579688,0.5270088777528752,0.11834840515923385,0.6775856695033711,-0.7210592234746828,0.45422499039074804,0.5841810843963612,0.24769773473851084,-0.08575755592833924,0.6214367047465281,0.7075841349403731,0.550557679852426,0.46885062714203,-0.1530039700919538,-0.1874706169575711,0.13880035875803426,0.12881462099664312,-0.48423913043478256,0.17904606821802108,0.8590964199115673,0.22522839403671088,-0.26035569480791393,-0.561376153706295,-0.6473404600804314,-0.04513288462447802,0.25582760612968336,-0.026487115084614633,0.38083127738776473,0.9266496040873367
6852,Jozabed Sánchez Ruiz,Rayo Vallecano,La Liga,27,2119.0,0.7591939413936176,2.163748568744882,0.06410677345414183,0.19839317875771043,0.11385145633810753,0.3964573609250685,0.5028368874692792,0.19765966712278138,0.5627170745554673,0.5641184111258708,0.2697475432692053,-0.07066611555084053,0.20496440752090328,-0.10003441961842686,-0.24427825696369618,0.34743401894085213,-0.30522377654558724,0.7532608695652167,-0.036622874101312326,0.924543574383112,0.39340782385904893,-0.21655589790733426,-0.5401228451693144,-0.4732463407495094,0.22681060659076646,0.09292726267532092,-0.2207924137293677,0.14455899361285926,0.3287290705558568
11539,Adrián Embarba Blázquez,Rayo Vallecano,La Liga,28,1889.0,0.7553747879750323,0.24106786920298542,0.0866632709697414,1.1470120822128627,-0.8034659918717896,0.1698781993191066,0.7902248238513977,-0.31055203648754276,-1.1934302788740025,0.5602474134627758,1.142036687393661,2.1113681970486473,0.29586239073849674,-0.20889572796537126,-0.24108020349694706,0.2861776973425332,0.3625385178420381,-0.4384057971014494,0.17781399385095123,-0.1710902708442293,0.24487681007964035,-0.1032359833341343,-0.007796781245101805,0.1457686848077511,0.46960379544973535,0.5375558572827891,0.20149672581152958,0.8942783776359068,1.2575095928876012
11542,Javier Guerra Rodríguez,Rayo Vallecano,La Liga,30,2150.0,1.4946567510625022,2.968216231200845,-0.750401217174061,0.39321364864168673,-0.5983257386279284,-0.19719307412882656,2.453719341572491,-0.7620986000461633,-0.3711536529269959,0.39767388928215014,-0.4317229519419891,-0.1494119909211475,-0.3576384577073889,-1.1078528951195847,-1.1225822666671266,0.14667477544187213,-0.5442863911724972,1.434782608695652,-0.6508073228990812,-0.1226108971616035,-1.0104039910928806,-0.3987563181150626,1.2914250752081569,0.7053441341050672,1.431285111305651,0.5924905794992197,-0.15586136153152133,0.06399684374462089,0.4390674807676703
8801,Iván López Mendoza,Levante UD,La Liga,13,990.0,-0.18773257847517671,-0.3973651641479937,1.165903544067589,0.5113694761120883,0.6489533011272142,-0.48629048806688413,-0.4188563103387323,-0.09733396010917512,-0.5326780723103594,-0.35307385469761915,-0.4317229519419891,0.43299226978915595,-0.1421055095176139,0.6836480562281979,0.8170467298757405,-0.3138077512417216,1.089500781720632,0.3164961636828644,0.42518059598930763,-0.1996075494810676,-0.21464150792408074,0.4721812736095392,-0.34355939029908555,0.43133599256475824,-0.3888186222853029,-0.16183447191957454,1.9026572764182372,1.1063844384059554,-0.9353206656268133
26012,David Navarro Pedrós,Levante UD,La Liga,20,1736.0,-0.2783524830535105,-0.3973651641479937,-1.3466661786902838,-0.49114516901936683,0.679855839276129,-0.8131222865146867,-0.2451452998340866,-0.3611016168269952,0.44621772385755826,-0.7789597780634512,-0.4317229519419891,-0.4659467390352356,-0.5415846807314204,0.43408735185361896,1.1210986893867776,-1.078708399748842,-0.36801484964055403,-0.3586956521739137,0.83060758952313,-0.9493117957495371,-1.0380047958054102,1.6141167483962182,0.5749751215762066,-0.41549413194373663,-0.5794780706650152,-0.8648405473171217,0.3004978151451421,-0.9489906901741749,-0.13368339393396145
27122,Simão Mate,Levante UD,La Liga,30,2233.0,-0.2026355866551679,-0.1273248596249308,-1.003702007154321,-0.3801633742971047,0.30902538148914965,-0.4790585020802703,-0.23656259045091646,-0.09992591690572089,0.03735250880325657,-0.637347463643778,-0.4317229519419891,-0.4659467390352356,-0.010257704240150817,-0.04611592283063924,0.29826210326963665,-0.10208998080310874,0.20179875471643352,0.30638586956521735,1.2201162818291136,-0.3888366102661923,0.2957123234358713,1.0095125612681979,1.5161459318607193,1.127727408627339,0.345463911383902,-0.45534152097982683,0.00966227754372819,-0.454862061693697,-0.027089959620783456
26685,Nicolás Ladislao Fedor Flores,Rayo Vallecano,La Liga,22,1590.0,1.0823270856186988,3.0158423830218193,-1.1380108284177561,0.4631547223547681,-0.7834211022616824,-0.5661446116743639,1.9495681140667762,-1.0064911847679672,-0.17302526675628863,0.6794986198780304,0.9705562738622772,-0.16962611126515315,-0.044120052427434976,-1.1971867058880723,-1.2207419461936033,0.6588834237791356,-0.24050189717879394,0.13451086956521707,-0.5100288405382369,-0.7770824418770504,-0.409944581459972,-0.3476129655787546,0.46378459745102363,1.1730166135258284,0.2908023360426826,0.5633861826845611,0.11392439807391752,0.15001764869504802,0.461687861066026
7900,Tiago Manuel Dias Correia,Rayo Vallecano,La Liga,34,2288.0,1.6158180076149165,0.39328168899885974,1.22187325187415,1.7153475098405586,-0.22216419317868596,0.09330398139384834,0.3774962075443363,-0.4771063907192602,-1.26048172546146,0.3267055999055359,1.5172490489572967,2.0737593407599206,-0.1958815517963958,-0.32825317177137675,0.00992032726381063,-0.2215067396467543,-0.25668376526365183,-0.16879795396419453,-0.11151282963749737,-0.1226108971616035,0.41059636447915654,0.032164852640748046,0.09486262694885493,0.1211796683486703,-0.1549956459055775,0.43597209863908853,-1.1628923680911136,0.8460268225210732,0.7889958594839662
6593,Martín Montoya Torralbo,Real Betis,"La Liga, Serie A",16,1468.0,-0.5233916205972221,-0.3973651641479937,0.9353950751281909,0.3563426981430668,-0.013955984970477711,0.3885933640319732,-0.22285950665965107,0.837318870307794,0.3734737158247949,-0.34814193324174775,0.0745495205895235,0.06896447594481801,-0.27218115246052926,-0.5233276320403469,-0.6793882348428602,0.44561213979787145,0.8816454786587042,-1.7934782608695654,0.9984062275811834,-1.2445621166737988,-0.5593704568832876,0.4721335357451233,0.24382770581379715,-0.3502219660326945,0.5144041938021957,-0.17321857273128533,0.4753813460288713,0.49242728555488746,1.5293276356285952
7161,Germán Alejandro Pezzella,Real Betis,La Liga,25,2240.0,-0.09234750463566246,0.4102241215662925,-1.0092618737088919,-0.646873497683119,2.163177670424047,-0.8601445674662805,-0.04871296641495455,-0.509824414879225,-0.19975112784409915,-0.7789597780634512,-0.09993367083651569,-0.39583516192892143,-0.3650291541681757,0.27526913153205235,1.0030507477354795,-0.6616072529684395,0.16631173163361365,0.41975023126734434,1.2513856051357493,-0.23168948794751096,-0.7604092790839188,1.7789703610644911,1.3780688150432587,-0.3933136829721139,-0.5392473971917133,-0.9228256519947237,0.9777251088312002,-0.484602673907719,-0.48179164071354613
27349,Heiko Westermann,Real Betis,La Liga,20,1678.0,-0.008116026296320735,-0.038008787509137804,-0.9618790416756384,-0.484231553920846,0.679855839276129,-0.7289471249901629,-0.13812037358639115,-0.3931350952884172,0.1089580752306135,-0.653325968727285,-0.4317229519419891,-0.4347488978119254,-0.5415846807314204,0.016380845584044516,0.7120209959924083,-0.6506779401628705,0.5283347332561198,0.040760869565217156,0.9468429805007447,-0.35754940039278954,-0.7518339159088535,2.515628497118646,1.7003250781985662,-0.1930727842902784,-0.3672537229028871,-0.866860520236138,-0.8325225113824798,-0.33112423874293967,-0.3711298415041936
27347,Juan Manuel Vargas Risco,Real Betis,La Liga,20,1776.0,0.06650594409539169,0.28168888990606034,1.1840966991309818,-0.07669338102260523,0.7472795588737617,-0.21723287494622814,-0.19945516727008133,0.24247965770742458,-0.5887488991776778,0.5861053225897015,0.40522298237812426,1.4205389392607848,-0.3189020346156164,0.4552967803226358,0.2113719371301961,-0.9414036037297375,-0.310823519955631,-1.7217391304347827,0.8366282606527224,-0.6931758335801985,0.5092489039537206,0.7646908446285472,0.10292420744229373,0.07953618864815291,-0.6364022350390034,-0.0814347324904051,-1.966983397929031,1.5447293874654575,-0.8228509748095907
5671,Alfred John Momar N''Diaye,Real Betis,La Liga,34,3107.0,-0.04374551251859821,-0.00920938687087744,-0.5867697375056631,0.027279436863435213,-0.02884236893898777,-0.5162659980924063,0.039811973053470215,-0.4054263345832396,0.3209112611894718,-0.6771830487106575,-0.4317229519419891,-0.3311543925332348,-0.5415846807314204,-0.41841460092456645,-0.05816251637992464,0.5621214759484028,0.7624859327946532,0.26902173913043415,0.6920238533752076,0.1059347216279176,0.20140344813727765,0.20407820567868717,0.7308215820854767,0.5096835439038219,-0.1536433345766074,-0.27161597503270535,-0.031655525321149784,0.03770131613641057,0.14686478806505204
27346,Petros Matheus dos Santos Araújo,Real Betis,La Liga,30,2406.0,-0.33249105303646626,-0.14674172275148545,0.18969964824651328,0.1335163142034656,0.21631776704240452,-0.014225621298451679,-0.1474413868721359,0.1377914907242412,0.6003872027973015,-0.07800040294761779,-0.1228252006218481,-0.3789143573682123,0.11591220954566739,-0.5254306594060674,-0.425681089314666,1.6120106914301033,1.6457499947608436,0.39737851662404056,0.5567963415757078,0.4591415870299051,0.8399440250552395,-0.01050877344145248,-0.29763515449853317,1.1920199254177506,1.64508086486619,-0.29510393319989187,0.1539621392049456,-0.38834017720080677,0.2305852617289465
6651,Joaquín Sánchez Rodríguez,Real Betis,La Liga,30,2010.0,0.3343592799199453,-0.09736516414799404,0.17677504731225752,1.48057492126363,-0.07866100619723801,0.44111164219486126,0.39097442983515174,0.049067766680917585,-0.29782920833230786,1.7382167242181839,1.4170531417800527,0.8102467440806919,0.2454489103166761,0.12715034179814247,-0.08656334979555208,-0.3833278211689488,-0.217801245573521,0.3008415147265072,-0.10990577660005965,0.1153787554621955,0.45029296842295086,-0.19880077346033068,0.01214175828078494,-0.8751995698670377,0.9093747372775842,0.5005106480591155,0.8310002253348706,0.5033587493452248,0.8685208507190542
6697,Daniel Ceballos Fernández,Real Betis,La Liga,34,2197.0,-0.08307913732774619,-0.3973651641479937,0.7190451279360751,1.7472906394425236,-0.1922824595932489,1.0131637832615794,-0.07461477486174546,0.47235077741483,0.36799222589570335,0.22856961961243058,0.24484326533271356,-0.08469974715383684,1.078515189780649,-0.222221534036006,-0.4965577796380314,0.7995638915799812,0.7922246812485823,0.1032608695652171,0.553235913055683,-0.058760014750340324,1.2425466559534093,-0.19660126235951844,-0.39705733169854285,0.6573248164042395,2.537507777501283,0.16209268547361,-0.3693436441744652,-0.13256755267494466,0.5649717038010869
6630,Jorge Molina Vidal,Real Betis,La Liga,23,963.0,0.27643112878808607,0.2288030601510717,-0.9737706178331574,-0.2275699990097238,0.43263553408480904,-0.4222490412513493,1.400401277355683,-0.7470239433804629,-1.3239662569075472,0.09669352231489514,0.3400402772130064,-0.24850134932510243,1.5118129283115107,-1.142404914553823,-1.217514902630139,-0.28526266354370294,-0.2789485370314989,-0.3074534161490689,-0.8720384837920209,-0.7770824418770504,-0.6714877933213892,-0.3638568535409646,0.886510788126758,0.06008417580918481,0.994951584265963,0.6332335411689197,0.12039110970921184,-0.4412063696348585,0.4790425466671344
6832,Rubén Castro Martín,Real Betis,La Liga,38,3481.0,1.280381766056334,2.37425218718783,-0.28737082837735284,0.12109044783574718,-0.7514196118315117,-0.5007711541112948,1.4620851024296648,-0.832723348930233,-0.37373920055134147,0.008335802763647234,0.4222936980738233,0.19575938368795912,0.8217627924142337,-1.0570519456958702,-1.023088767578029,-0.9873272035604963,-1.1643408140218583,-0.8967391304347829,-0.6802028544890172,0.31370346598202775,-0.8856770324041445,-0.5140710193345958,-0.2690280581232885,-0.8018668058234465,0.5522862291713065,0.727937320587002,-0.35533081665407806,-0.4212205461976804,0.5993381902635475
3601,Charly Musonda Junior,Real Betis,La Liga,16,1267.0,0.12357355993655997,0.07856222338160358,0.4367379905737187,2.83243788471673,-0.02884236893898777,-0.11672323356128309,0.11563212181015585,-0.7496795227418874,-0.3585919455180209,0.13617394440180364,0.15486583233288098,0.8149130121519401,0.39484242148247484,-0.7199641880131067,-0.5157111798124001,0.3393128027851476,0.025375997360685333,-1.927989130434783,-0.033101850388895314,-0.1226108971616035,0.1106365830491559,-0.4070718943164809,-0.7312971225594384,0.081543995287762,2.643682678323732,0.4342602435861445,-0.1691421593246934,0.2171082584898608,1.2857216553248687
27092,Abdoul Karim Yoda,Getafe,La Liga,18,1031.0,-0.08172933151887866,-0.3973651641479937,-0.22518996114502543,2.5324058530705327,0.07102971455123691,0.35436033213669416,0.13485295896042387,0.20235179854087376,-0.13209263062936083,0.2434142862725668,-0.4317229519419891,0.9050032070979296,-0.1579916841245647,-0.09383575730110273,-0.09230267637711498,0.069728548150998,0.39198474617010126,1.248260869565217,0.7832649611903814,1.0078399528014415,0.6214506185879343,0.12895640021476396,-0.36509873989675995,0.054189245309866386,-0.2558331251674648,-0.008209026552444605,-1.482992023273663,0.8712008604079702,0.2109374862416026
24132,Francisco Miguel Varela Martín,Real Betis,La Liga,14,953.0,-0.1730504569589235,-0.3973651641479937,0.5509096072062625,-0.27475629603183366,-1.0815888352120238,-0.0485418300645738,-0.1314965842393739,0.4821403917182482,-0.2847132515999138,0.21648712046476604,-0.4317229519419891,0.7974839893723563,-0.12659582501088681,0.4095896830317195,0.16611787319793642,-0.6780282649913557,-0.19590639734107448,-1.1717391304347828,0.4824742322444717,-0.9695740726757117,-0.8911202707619222,0.147633022997128,-0.3225305066939748,-0.8928353926383834,-0.7079102928759387,0.022831180072326925,-1.96574783072543,1.095348595141362,-0.6527625346679033
23806,Alejandro Bergantiños García,RC Deportivo La Coruña,La Liga,22,1802.0,-0.01187170628240275,0.27189121765000845,-0.22835143187718027,-0.4158886601619131,0.6056897477187329,-0.11451773028540292,0.08956699980562653,0.08738095989130266,0.22941160359458032,0.3909266373976302,-0.4317229519419891,-0.4078446551587489,0.33629407509914233,-0.2563784122929804,-0.25550637195967835,0.4075808582479322,0.8254367670224293,0.37826086956521704,0.38018803321415945,-0.34076807873341913,0.6689543357823546,0.1875477804112888,0.3321328228290777,-0.22872867926370327,-0.5512165281584716,0.012656454672652067,0.4458989241121468,-0.055741407473861825,-0.04825111413742992
5201,Sergio Ramos García,Real Madrid,La Liga,23,1991.0,0.029554927530330923,0.20836060179876664,-0.80332552585445,-0.5915058012539287,0.8652710681696187,0.7273555824946915,-0.0023758796163068823,0.8821654491436695,1.237448859792267,-0.4613100562160074,-0.05843918013070805,-0.3607735043336493,-0.14431257676188927,0.6147714068635926,0.43739593406523275,-0.652507495447061,-0.03411539756160193,0.47826086956521674,1.4097787477161956,0.31370346598202775,-0.13553537338555724,1.0763722577783743,0.6083159506102884,0.6267381684365556,0.1852696267002587,-0.6972517500137592,-1.0521961563706725,-0.42140079484209053,-0.7181678149469729
5539,Carlos Henrique Casimiro,Real Madrid,La Liga,23,1582.0,0.2229409135289844,-0.01620207944508603,1.033741520507445,-0.3148966587025117,0.8652710681696187,0.8769009413280839,-0.32721644861559407,0.9542010478092463,1.0092028645368254,-0.44581576405256806,0.5078573131354579,-0.39976471934785945,0.7083659498048263,1.1210319602096315,0.5217335036899019,1.039593887800815,2.035886811305176,1.165760869565217,1.448303583290744,0.7879582085294531,0.42720890336412737,0.13578346665123542,0.47060624006863727,1.6410718623808698,1.2324729282470501,-0.2856550730336092,-0.06252745894234103,-0.6075931186875565,-0.19207279536098523
6576,Gorka Iraizoz Moreno,Athletic Club,La Liga,37,3352.0,-0.5658964110424543,-0.3973651641479937,0.0,-0.6911632058351953,0.0,-0.759001109864709,-0.4798210963967663,-0.29826564786223697,-1.4607234196027452,-0.6846219803011807,-0.4317229519419891,-0.4659467390352356,-0.5415846807314204,3.5549779786752347,5.934590542972199,-1.7286652055291778,-1.2834346909296313,0.0,-1.050517656745049,0.0,0.34090387835870045,-0.5129204913861305,-0.8851952301820702,-1.5086708818959746,-0.9792432073265772,-1.9276236702911536,0.038535809940156596,-3.1301464528111436,-1.1420121816704683
6392,Íñigo Lekue Martínez,Athletic Club,La Liga,20,1204.0,0.004176143865858702,0.10346540063605934,0.29374599747651464,1.2040243057885347,-0.9969427524563002,0.09449719536424535,0.07159627916136486,0.12192777796399289,-0.15825948742743956,0.1840588484842879,-0.4317229519419891,1.403695317133142,0.11536611578297903,-0.30395026022895666,-0.382737587410792,0.16066711816306284,1.1842187942844031,0.3503538928210314,0.7339034764958795,-0.1226108971616035,0.16242459408002105,-0.16941578274072572,0.04602253440080205,-0.4306249808546108,-0.37034461074908204,0.22353927797564233,-0.8869603328473075,1.1361725932181905,1.2236871617480902
6386,Eneko Bóveda Altube,Athletic Club,La Liga,23,1530.0,-0.3619845405404909,-0.3973651641479937,-0.6178108144298105,-0.10758116900783704,0.43263553408480904,0.4003540077024997,-0.23327232925030542,0.75026948330747,-0.010467355288382536,-0.09002666673636983,-0.4317229519419891,0.5263077378332104,0.23387488691890995,0.7424303925994278,0.3353851778827137,0.05386617141651981,0.5229521740636488,-0.8967391304347829,1.5893992867278313,-0.2897100149612916,-0.010785384523569847,1.0431205158070413,1.153904402318578,-0.06284915500405665,-0.6231579714295691,-0.256247047334095,1.6718533313034663,0.2184490573446014,-0.8239518204043612
26087,Carlos Gurpegi Nausia,Athletic Club,La Liga,15,1181.0,-0.30172607923212064,-0.3973651641479937,-1.1272730774318551,-0.6071590176382005,2.163177670424047,-0.511985598606778,-0.16041414149914968,-0.03448197266983255,0.3379507382415817,-0.6004555172115572,-0.4317229519419891,-0.3329662710266465,-0.5415846807314204,0.46016812449894506,0.6528617245393808,-0.7991855979902542,-0.23034632806098315,-0.4384057971014494,0.986955848549386,0.39161674511481953,-0.7449999361907155,1.5708697995875451,1.261168639972349,-0.14820187981491956,-0.21790897560486722,-0.7220661478496156,0.32078100661777137,-0.9134270568467108,-0.0474706444778827
6789,Mikel Balenziaga Oruesagasti,Athletic Club,La Liga,34,2999.0,-0.3994488421899013,-0.3973651641479937,1.4892785192291718,0.10277300965517543,-0.43263553408480965,-0.2739849192226605,-0.33391421012416245,0.16722647249677247,0.047194887111015243,-0.07601368914685597,0.3117328563370312,0.9479739623285124,-0.27784051300773366,-0.23480703173597856,-0.09342923977705714,0.025371676161349284,0.44449872652601136,-0.7317391304347828,1.1272972332326496,0.17017900442162298,0.18655411177713555,0.21944988815908129,-0.07247056213491077,-0.06705621532116768,-0.3404439689343872,-0.015199377794292764,-1.9919113774935822,1.0346887541363397,-1.0224331428594833
6389,Mikel San José Domínguez,Athletic Club,La Liga,34,2770.0,0.01977970509964705,0.038013897223847334,-0.43381721015958347,-0.18974614892215835,-0.24722030519131996,0.14828407378060995,0.04311150892413156,0.4228210252202399,0.2984425932012262,-0.3603769526614736,0.3731954484294125,-0.2580587414540586,1.0289309057372993,0.11258585110242579,0.072730872791438,0.5916994029424203,0.48757438076910525,0.7881200244947941,1.090169275603303,0.029150620453572716,0.24645563381837265,0.18237727947608118,1.1386065542182515,0.7218958029996562,-0.1035788489285941,-0.2691780434007368,0.2363365952848451,-0.6499198735929574,-0.15245118730916185
6396,Beñat Etxebarria Urkiaga,Athletic Club,La Liga,36,2976.0,0.06310593143336024,-0.19474419640605858,1.1402355230869365,0.09224077169346605,-0.04602505681753284,0.9855488726666569,-0.3834881305238144,1.2279818662947022,-0.04398791544060006,1.3107576936937946,0.5672125180529849,0.5894963571888484,1.5846754241162597,1.9545382552262671,0.7552307034232538,0.5941543900353473,0.527504560316152,0.47826086956521674,0.6243438563796894,0.464156694652246,1.1160150607220072,-0.4040911157850606,-0.410171862542759,0.2548483258653021,0.8522606029436691,0.07884431905514101,-0.2244361840794411,-0.3283045747655208,0.11279327038180817
6393,Iñaki Williams Arthuer,Athletic Club,La Liga,25,1638.0,1.1483077750454798,2.547689780906952,-0.06423734989151741,1.0349997785534193,-0.1138514563381081,-0.173787142230293,1.454638461213927,-0.8207807469458328,-1.3064466296429722,-0.13545082792277077,0.9294638423368771,0.9402797647495266,1.1485195051731456,-0.9376261760016843,-0.707272707694057,0.16028380831424638,-0.27106403032900156,0.13451086956521707,-0.21107715098794894,-0.7770824418770504,0.1957530562901059,-0.4804335813253019,-0.200710377582694,-0.1601977962019837,1.3048303962896364,0.7053399303395642,1.0001344189206365,0.35117309326353996,0.050997170806990726
6391,Raúl García Escudero,Athletic Club,La Liga,31,2445.0,1.4502040214787988,1.3290152039501661,0.3663590651470813,0.22180255729962906,-0.6056897477187334,0.05114238680206958,1.025971717527435,-0.33594089260670246,-1.2800983686614573,-0.04607019828359896,1.392100335607117,0.13356220658276358,1.0759383438152814,-0.6398738174956685,-0.49244167569838804,1.0904854754740791,0.836022290235797,1.0282608695652167,0.24997138445931738,0.5495490676812884,-0.15197730725333913,-0.13252040522651623,1.7266193106033656,1.8203918898173748,1.870890801991064,0.4090192063297703,0.41094932620512414,-0.11822189835883416,0.33388714449876267
6390,Markel Susaeta Laskurain,Athletic Club,La Liga,28,1956.0,0.23161167144221856,0.5274814616188778,0.4465729618710374,1.5151707217406292,-0.9398634016325175,0.0630879300616914,1.0090006919606662,-0.34229328022252975,-0.581411497802263,1.268819930144959,2.607982527306522,1.2736997549455655,1.2781287218836184,-0.5420343046951384,-0.5231943103948649,0.8961437136373137,0.482779460041559,-0.7317391304347828,0.04786835778566577,-0.38439951504778186,0.43424069500353063,-0.4020888038260235,-0.3369135517729139,-0.17442727549959847,0.6274905284257446,0.5792583579640708,0.4321748477031596,0.18611935807725136,0.8066805633423177
6394,Aritz Aduriz Zubeldia,Athletic Club,La Liga,34,2866.0,1.5241646873056536,3.17939687353519,-0.8377237547175377,0.4165431027275502,-1.000469672571122,-0.37024125416340614,2.2578509083725886,-0.9701887240046774,-1.226874912566355,0.17727745740728487,1.1241904946935888,-0.13716111575928927,0.9763246613894286,-1.2134015033987193,-1.010945274176198,-0.5524886929487736,-0.7289445149080548,0.7173913043478256,-0.8406209182809242,-1.2445621166737988,-0.8473371053708257,-0.2655818696911314,2.414512294017829,0.7178086592427562,0.9253780064997804,0.7577341878940501,0.10326110749131803,-0.5367462856553019,-0.037264354540333854
3253,Adil Rami,Sevilla,La Liga,28,2500.0,-0.16655540385140916,-0.3973651641479937,-1.14969583284483,-0.5919542595745444,0.08652710681696159,-0.5257649928525239,-0.04526410137510015,-0.1349669850883694,0.22193034990587818,-0.6103089524105817,-0.13443975607148473,-0.34030679286072074,-0.383390928930753,0.7562529144503938,1.3067585102719328,-1.1444094507829345,-0.7583180292760847,-0.24542334096109852,-0.12239026155471132,1.2832909396345418,-0.3078466733967248,0.9684820615165868,0.6747159886809255,-0.4303520753615276,-0.42832433089520716,-0.9366571910704627,0.9167053574434605,-0.09757888754317552,-0.3260996592361761
5737,Steven N''Kemboanza Mike Christopher Nzonzi,Sevilla,La Liga,28,1908.0,0.05545768492107574,0.5507480433991762,-0.3108955384743478,-0.24919462972642553,0.33083893782956014,-0.026487727181471642,0.3189038718871458,0.1912519611822881,0.23003405024488535,-0.2817580514924916,-0.04220094477413756,-0.10926450190458073,-0.5415846807314204,-0.10237705471045047,0.07265511039828419,0.18684211825430785,0.20129602239621344,1.0148462354188754,-0.05962149369922685,0.1153787554621955,-0.4194086070498173,0.38326004363306726,1.5674953655144648,0.4518838725649991,-0.32069993176164535,-0.2641576367804183,-0.09953615679778505,0.5270117705773819,0.30450587570597937
8523,Yevhen Konoplyanka,Sevilla,La Liga,32,1692.0,1.3148652030554422,0.6717837720222196,0.2770840552824696,1.5076166315019262,-0.12113794954374656,0.12134381298546466,1.07186242109096,-0.18807546849077328,-0.8647543089137631,1.401440228530237,1.325269931453427,2.813661785023715,-0.0741090548429236,-0.14921789316277698,-0.2225194072184935,-0.4809136445741963,-0.38504547881861156,-1.6467391304347827,0.11766650452463877,0.7879582085294531,-0.31117639950637715,-0.4619593514806359,-0.6547118940616512,-0.20421180950955695,0.40405028375112556,0.6023983886131395,-1.4744280247966421,0.9734325279537899,-0.14205683285960746
6825,Daniel Filipe Martins Carriço,Sevilla,La Liga,14,1094.0,-0.16664666093714747,0.1538231356691911,-1.057714220330087,-0.46445171986478645,0.08652710681696159,-0.36677284943961863,-0.038467252174070654,-0.05599811146168384,0.5389072962609561,-0.7789597780634512,0.24762621595221648,-0.4180948399742534,-0.5415846807314204,0.24244316965894155,0.8103332648180598,-0.42887337995600616,-0.14659981291512184,0.019927536231884146,0.6776632199381583,-0.7770824418770504,-0.6203677610279696,1.6756343338448627,0.9862704688651711,-0.3191490738878403,-0.37683211459560345,-0.9452767671328768,-0.107064254933849,-0.3227629390961283,0.5613366253363073
6718,Sergio Escudero Palomo,Sevilla,La Liga,15,1211.0,0.05240613931527452,0.10057042627314577,0.486232250659498,0.20999154962901595,0.275313521690333,0.0926529364622746,0.1680870758302338,0.3608615152519472,-0.33456479221935503,0.6136977417785761,-0.4317229519419891,1.3928881376177173,0.11156871233491895,-0.002622252954443607,-0.13885889489277098,0.05163385618491054,1.0558437574813608,-1.8022269353128315,0.7945531658800217,0.9849563323568458,-0.22465756022988626,0.08622493660717484,0.12114716431563045,0.6652364915522015,0.5077486983448563,0.19002038799371287,-1.8743084242978998,1.2668907735356532,-0.623265374681387
6842,Iker Muniain Goñi,Athletic Club,La Liga,20,1051.0,0.799595258408372,0.7501134276693232,-0.22441393016523103,0.9607459849939108,0.38319147304654533,0.7451825149341761,0.6687067475129125,0.2832725380573062,0.7401931225150388,0.9260021844120374,-0.4317229519419891,0.03215009800296195,1.3398823958702373,-0.536519797168201,-0.5918758098711081,-0.27281080508307143,-0.16582949686504475,0.3164961636828644,0.09422839927432655,0.6253565825131934,0.952199744848552,-0.31292563728039047,-0.7460499620865365,-0.953115011172181,2.4652365804011285,0.37427957425193864,-0.9967288770522523,-0.06962115862287857,0.2421847175651423
6378,Jan Oblak,Atlético Madrid,La Liga,38,3535.0,-0.5658964110424543,-0.3973651641479937,0.0,-0.6771308230543395,2.163177670424047,-1.6854273975693002,-0.4798210963967663,-1.1299430373312371,-2.246758786917237,-0.7491417395816851,-0.4317229519419891,-0.4659467390352356,-0.5415846807314204,1.4555003278133953,6.413515067878381,-1.731886929382582,-1.2834346909296313,0.0,-1.050517656745049,0.0,-0.5882082713892021,-0.5243407716863822,-0.8851952301820702,-1.5393035465059481,-0.9365633727809851,-2.098783892193143,0.013690578084744887,-3.5106573971216495,-1.3845281954185285
6375,Juan Francisco Torres Belén,Atlético Madrid,La Liga,35,3131.0,-0.42639490142405584,-0.20477493738338204,0.040388224883252014,0.25941756319052395,0.08652710681696159,0.038800639678669833,-0.050916010196401164,0.39407911919696376,-0.030202838205834314,0.0626784048896264,-0.19435214719070848,1.1893224336567931,-0.5415846807314204,-0.4212370996976504,-0.5602407193819784,-0.6454117513779454,0.10683702670612594,-0.7003105590062113,0.8433510122440714,-0.25540222507488236,0.2974815076558777,0.0986307921538307,-0.5115339672797237,-0.06353506047323715,-0.5016878342460506,0.21362862778942798,2.098169371807094,1.541916793926253,-1.240140492607017
6376,Stefan Savić,Atlético Madrid,La Liga,12,970.0,-0.4372427360453392,-0.3973651641479937,-2.0275137948250093,-0.6400245737420763,2.163177670424047,-0.7923511457238557,-0.19982303259414635,-0.2995796445408495,0.1773113935136745,-0.7789597780634512,-0.4317229519419891,-0.41197768999120005,-0.5415846807314204,0.7111765088367289,1.1832584646328135,-0.8634961749334367,-0.07250370230913605,1.7723785166240402,0.7213941324690365,-0.4498466695193266,-1.009105211843869,1.3156601235492413,1.3762739981953402,-0.9041652468814232,-0.6292479759928112,-0.9394595561938422,0.7053060638030063,-0.7555804605154998,-0.3649895400244567
5249,Diego Roberto Godín Leal,Atlético Madrid,La Liga,31,2734.0,0.027491607141020814,-0.17680920218749654,-1.5335641591810025,-0.43715346778671094,0.30902538148914965,-0.5723076505977694,0.16037605346649458,-0.22213195789973486,0.29819195845332513,-0.7018516829405225,-0.15988389207503237,-0.4659467390352356,-0.2522764294500244,0.08586820386769892,0.5063964981698056,-0.7799441261845969,0.48562194075270515,-0.7788819875776405,1.3069545939009768,0.05191484809584944,-0.5289337605475112,1.4226846886765319,1.3792150294604006,-0.11213957892730937,-0.061027100666975566,-0.7492446627869991,-0.9582294976483356,-0.09687342787895784,-0.551964027494275
6320,Filipe Luís Kasmirski,Atlético Madrid,La Liga,32,2927.0,-0.3953544708344575,-0.1913521815719773,0.2694266987479454,1.495026419655745,-0.05030645745172212,1.2297295708320302,0.154248086921204,1.3790324790829518,0.29923864719726717,0.12133716448047975,0.5839353872124499,1.1079507759626743,-0.27135278493253534,-0.03284313118468543,-0.507270154708929,0.11656144665506568,1.620083793210148,0.5453340402969244,1.5331924615896677,0.48723758768688175,0.2480202150396254,0.10786288686969797,0.197336257113953,-0.2413241834764413,0.23850816230608485,0.1257281960299628,-2.0300478722586806,1.045404376037409,-1.0440226897295632
6384,Gabriel Fernández Arenas,Atlético Madrid,La Liga,35,2962.0,-0.2077770490062579,-0.19378650108249754,1.2441236864091312,0.062449654011072574,0.20189658257291093,1.2727110655295202,-0.4034092907787882,1.3524526660134912,0.4204512278535968,-0.03164644697165094,0.0701055353478558,-0.02410020314129088,1.5947252693113538,1.0015421973660792,0.06959855252757431,0.9114058824145475,1.2125443238243345,0.22125152377082422,0.6322601498245733,-0.3257227558663971,1.193182113812694,-0.01695345627647692,-0.1775211247306351,1.0953124476601552,0.27872942462993544,-0.09945834451268654,0.6410148382805324,-0.366713920682706,0.22340568604796415
19668,Augusto Matías Fernández,Celta Vigo,La Liga,28,2250.0,-0.20538022399498296,-0.12936516414799357,0.3398458405148165,0.014322634240544457,0.5407944176060117,0.9504406771956008,-0.31216793473717286,0.9076937208385215,1.1332798428089876,-0.49787506864200204,-0.10140828986365087,-0.3961467689382828,-0.3658138453973455,-0.03519246245184862,-0.12025737300089763,1.1239063693657048,1.726005826149173,0.36601597160603294,2.0432403272227435,0.4753013782574468,1.0183661605594312,-0.0043571841379786355,0.024752980821344008,0.9706689190472676,-0.0667973000028906,-0.2523500869542933,-0.1353990437293644,-0.856772852860542,-0.1624866557922224
6381,Saúl Ñíguez Esclapez,Atlético Madrid,La Liga,31,2412.0,0.6499661600849244,0.6026348358520063,-0.029576897170728318,0.5633446137957548,-0.730515737880908,0.16609419144367552,0.5461161615201485,0.03083959892604862,0.07401757970715109,0.007657878899559513,0.18453574596535763,0.12006047259962892,-0.21365401779471394,-0.7294795977913563,-0.7392791471101645,1.084327144542967,1.5238792242558208,-0.1390860692102932,0.6596857617003862,-0.368037726429896,0.47649560643662614,0.4052399626002304,1.4794089961727508,0.802088678823544,0.037305915586484245,0.1632252640445923,-0.4086795276747575,0.44024629928604014,0.375354786466361
5199,Jorge Resurrección Merodio,Atlético Madrid,La Liga,35,3052.0,0.29277834639241906,0.5905116379489923,0.026192912641522365,0.1702513013428024,-0.3836579264525671,1.4285728248845904,0.2469322878615629,1.321799800408542,0.07107892863670447,1.4314049093922439,2.9774880098757217,0.9234202935302558,1.5317279247819136,0.5941054939693041,-0.37658805286894176,0.6282305817116667,0.8899114978827296,-0.03736413043478323,0.27290073234849854,0.5457855740371512,0.5129467579890717,-0.2029852908230419,-0.3581118604401094,-0.09262276465039238,0.6432912385720925,0.3316134036748669,-0.47404687085763997,0.26590715427980655,0.7455150795013887
6382,Fernando José Torres Sanz,Atlético Madrid,La Liga,30,1751.0,1.4653033863848701,3.3907559095241955,-0.5149199281544099,1.3485410005516878,-0.7210592234746828,-0.4420066958204925,2.191522827248383,-1.1741077830751492,-0.9637514200040554,0.06381276589006575,0.41717252455859405,-0.19687203991791347,0.8135873792400308,-1.3327179977370878,-1.4682909954391206,0.06901070632870349,-0.5731563605196522,-0.4384057971014494,-0.8542007594820379,2.495275281700185,-0.5848533947740633,-0.2269896696850709,1.341976698520094,0.33721395019548495,0.9180593175621291,0.7064818949427333,-0.11106340295415756,0.23515856278082464,0.4129092490341044
5487,Antoine Griezmann,Atlético Madrid,La Liga,38,3112.0,1.278745934192531,3.67172223945098,-0.31848206319351813,0.6158955334600127,-0.11607294816909512,0.3982746378949147,1.5032485953415478,-0.09509407932898963,0.22781753290477344,0.8807225919941094,0.7623772885404351,0.15646623339099802,0.8563356838310326,-0.7484155261432526,-0.8634731637954749,0.4161581100590353,-0.15110526390982362,0.8017902813299234,0.10931020785298795,0.6253565825131934,0.11032745255657614,-0.1984125724731452,0.054661304319253014,-0.3844757148728812,0.1353418496605511,0.4689673879417734,0.13173373883595857,0.0899259934242424,0.41911218922945775
6884,Sergio Álvarez Conde,Celta Vigo,La Liga,31,2824.0,-0.5658964110424543,-0.3973651641479937,0.0,-0.6911632058351953,0.0,-1.0062724911137468,-0.4798210963967663,-0.5418384002466152,-1.6321770895107217,-0.7789597780634512,-0.4317229519419891,-0.4659467390352356,-0.5415846807314204,2.460058423684413,5.323397507052732,-1.720414671921593,-1.2834346909296313,0.0,-1.050517656745049,0.0,-0.12218324247355984,-0.5439669083520798,-0.8851952301820702,-1.5393035465059481,-1.0236847736046888,-2.067350815909649,0.0003171401949990662,-3.486590003014456,-1.3008644486964147
6802,Jonathan Castro Otto,Celta Vigo,La Liga,36,3055.0,-0.2799525638311904,-0.1999838220858007,0.7315088936376317,0.007033960974622723,-0.3722677851427431,0.3673021366981941,0.06347392829389643,0.72856348115913,0.5270754458072975,-0.15790518277874346,0.5413807988616258,0.03099249160591746,-0.153220314608669,-0.2997791222195485,-0.2657600744594323,0.2476751916328856,0.4806750346701892,-0.4736622073578595,1.565589749228807,0.24333018160402278,-0.14001074520100618,0.2962951358999459,0.08815362774185312,0.10762080598470497,-0.32660619141932995,-0.09325786252984043,-0.6914554973132266,0.6459088960560775,1.0751724653474006
6805,Hugo Mallo Novegil,Celta Vigo,La Liga,34,3040.0,-0.38116835467324134,-0.1990099009900991,-0.2787754741217633,-0.33218346607626115,0.275313521690333,0.15285533097075096,-0.008296579229159818,0.5435433150792983,0.26848210102913345,-0.4322269950600189,0.5461822976320382,0.29175030478036995,-0.15130404306530026,0.3781567866474943,0.31776844322858,0.1579762830243723,0.8757621086326488,-0.9401601830663624,1.1544633625302416,-0.525362616986494,-0.5153875244626203,0.779699802361082,0.28537959482819586,0.4872890542696742,-0.5392473971917133,-0.24362238831717165,1.6322999906982156,0.8580989867119632,-0.5985206431502585
6804,Sergi Gómez Solà,Celta Vigo,La Liga,31,2713.0,-0.5198978615595197,-0.3973651641479937,-0.796776175221638,-0.5997432406115952,1.1248523886205046,0.29646024893907136,-0.4019578513945224,0.48043988784355557,0.8948167606566478,-0.6624023515617445,-0.15777971947746314,-0.4659467390352356,-0.2500370364249936,0.46848459395140796,0.7179860430662555,-0.3785016580048462,-0.010041812455746995,0.09326086956521704,1.5786127920132622,-0.18569249183297168,-0.24889568009381968,1.2972584157000375,0.9834783641064428,-0.29033088579940897,-0.7802083796278787,-0.9311315039128386,-0.6755733707188071,-1.3860712706188785,-0.16283652295467718
7577,Carles Planas Antolínez,Celta Vigo,La Liga,26,1751.0,-0.4589911585462793,-0.3973651641479937,0.27502106819614375,-0.46452940512554164,0.21631776704240452,0.49660226231148075,-0.1265143193985369,0.9219708303757419,0.13028119121323006,-0.4177715449405154,0.41717252455859405,0.3711745471075446,0.13600134925430504,0.26038342471923365,0.13088252963273445,0.4143883350952513,1.2025394655052954,-0.7003105590062113,1.1580474374638263,-0.5589252603052348,-0.9973573542354957,0.8229974333993965,0.3675889797128972,-0.3664801110675526,-0.583532628410838,-0.1998127204177683,-2.0493366984436783,0.7049538000135,-1.081680491971599
6797,Daniel Wass,Celta Vigo,La Liga,36,2768.0,0.5386753325653633,0.0383284774705033,0.7260032897942872,-0.08185970640200695,0.33083893782956014,0.6518626563051476,0.11435430673929269,0.6388279028722552,0.1972855057603492,0.5157765099146836,0.9107770294096383,0.13925531382851672,1.1729429760677206,0.3773858451084147,0.19847055186686072,-0.2064193074768861,0.08946500821401496,0.5282608695652171,0.22240380021022838,0.10086719127781764,-0.20834852769247275,0.007450955987267969,0.24190825165535446,-0.2409566490918932,0.3423665690377433,0.1383782457157148,0.36727788257469524,-0.010415919771756202,0.1309288555375162
27341,Marcelo Alfonso Díaz Rojas,Celta Vigo,La Liga,14,1021.0,0.16746733869624267,-0.3973651641479937,0.7257430151156057,-0.35107377203276807,-0.061805076297830275,1.3488465254121944,-0.376372034843834,1.3121440297741893,1.2265662103654726,-0.46924352135519426,0.29619868339225286,-0.3121270204082584,-0.1542346518365443,0.8091040459758421,0.27549505368581767,0.2566077337348515,-0.20066411171720475,-0.8967391304347829,0.5487151677023353,0.08406432748537969,0.9596880895781307,-0.06830701433377305,-0.5987276948864662,-0.2319098216830196,0.07387344392012832,-0.22900989480790956,-0.0002442550907757447,-0.6824724348112896,-0.16888203490492257
7105,Fabián Ariel Orellana Valenzuela,Celta Vigo,La Liga,33,2989.0,1.0415212847645923,0.8130731095221305,0.1571096285404852,2.777332907994854,-0.32085410422557686,1.319660170946386,1.4031219069195775,0.40390096523182045,-0.13435549333668,0.8079604198244561,1.3088109817260687,0.7425338405958468,1.9723675476164222,-0.02994014984084481,-0.15526842398708146,-0.3806297646543865,-0.5206003582639344,0.7282608695652174,0.07078416637252935,1.1527695489505496,0.8594538672688123,-0.044925271706146755,-0.41223787250572697,-0.44001209895686516,1.6961404068301968,0.5019861027713938,0.22276906007728192,0.023559160520535527,0.5014774452353032
6801,Pedro Pablo Hernández,Celta Vigo,La Liga,33,2362.0,0.14736348484544648,0.11321908648706105,0.0020167492589514054,0.3168870525287428,0.5407944176060117,1.0531687536276586,0.3123081517493229,0.788986561469928,0.34443599740054626,-0.33269912593371603,0.5122330044630842,-0.2886394483571168,1.1327776372265326,0.18551710046324182,0.02943044901791599,0.7187400981972598,0.8812469438559233,1.332990599294947,0.6595047494842091,0.6850348388702252,0.7457643995238143,0.2784695891799967,2.1486075478246565,2.1558102556420966,3.052002973425014,0.03809673679163771,-0.30335875194381295,-0.47528638087526315,-0.12345690828991444
6724,Manuel Agudo Durán,Celta Vigo,La Liga,29,2549.0,1.4169045392367399,2.2048317758284686,0.03720742990556661,2.480876464719159,-0.6078131123031989,0.8029572663241556,1.7103908625143602,0.1696176820172136,-1.1085454762015685,1.4540591963517493,1.6092562272395832,0.8689879577974232,2.8717759897419843,0.4591014139701285,0.22258523514268844,-0.10501370500490882,0.09899338944920015,0.9635549872122757,-0.072803285803656,-0.2128828343637343,0.5214246940355952,-0.4078774750189265,-0.502714056471057,0.3137022681433462,1.4292610970310793,0.7624242926289521,-1.7099439647396542,-0.04866823046088594,-0.7014203308175169
6038,John Guidetti,Celta Vigo,La Liga,35,1330.0,0.982300632813806,2.322935587731706,-0.7506039666550999,0.3158448953067497,0.0480706148983118,-0.6905590886713062,2.299691846907019,-1.1003436443698844,-0.3227064542978226,0.48909154263481575,-0.4317229519419891,-0.15105965589108783,0.0531286719026673,-1.2916717493372034,-1.495996524376901,0.40359760278940054,-0.7119780943537496,1.7282608695652175,-0.66282868632302,1.4044893738411066,-0.7169205693892295,-0.465720600329627,0.2876703479104078,0.9312093382490964,0.8623494096041568,0.8401271465519781,0.04167276653280576,-0.44495707507165183,0.08619235450818535
5217,Iago Aspas Juncal,Celta Vigo,La Liga,35,2717.0,1.3172676134828551,2.48780229996684,-0.38594925550801756,0.5138037527961923,-0.3539745278875716,-0.025807827649750308,2.4968401176108843,-0.5191002931378387,0.025932773205403426,0.8116465551550918,0.9359766978118955,0.28548834574057164,1.3506850776497688,-0.8236914737414115,-0.7620720368629305,0.024923712362775435,-0.6985363307979278,0.0,-0.44955456739621596,-0.26039438025959205,-0.567621447994942,-0.44182720557218796,-0.36488991472583543,0.08574972777567007,0.42903677488840164,0.717916164671159,0.3344685936124543,-0.17711726668287828,-0.001728531992846918
23785,Théo Bongonda Mbul''Ofeko Batombo,Celta Vigo,La Liga,23,1235.0,0.3940579331667888,0.5791530544754885,-0.3790254335960297,1.5581084502767275,-1.0815888352120238,-0.41192139663666344,0.6442017202359732,-0.9394790440505192,-0.3163143164488384,0.07453630317576697,0.1700648939497202,0.25466023969848717,-0.5415846807314204,-1.1340865544937224,-0.9035820546927668,-0.49019542603133875,-0.16449869763419864,0.7532608695652167,-0.4938360581903406,0.041006989017258404,-0.22867209131601893,-0.29117114397184735,-0.5299522906636754,0.37296844602079293,1.3423198354956853,0.5084896537850766,-0.7952331005099313,0.6414526233279534,1.070614699714673
5633,Yannick Ferreira Carrasco,Atlético Madrid,La Liga,29,1541.0,1.6206316539636738,1.1678522271563547,0.32346915419593125,3.0428529415481607,-0.029836933385159525,1.2681985167966103,0.9791204336844458,0.2823814223864314,0.0032886938732933644,0.5206693943102189,0.05056646381158654,1.0287962935406507,1.2549050379653217,-0.5993859785444355,-0.9200336115493429,0.3004124368842827,-0.34185114173699505,0.8711180124223601,0.3436699126398166,0.13917772072457554,1.6132994978994941,-0.3188585595096347,-0.12599119764005412,0.8594666701162035,0.653441496129109,0.6473878615415034,-1.0972926114844874,0.30854230281445666,0.48047697950354584
20669,Tiago Cardoso Mendes,Atlético Madrid,La Liga,14,1088.0,-0.16444491599171385,0.15686277702847704,-0.18813936213391386,-0.6455708592080579,-3.0284487385936663,0.9805194975592285,-0.13311189259705566,1.1683300049750622,0.7820984491185813,-0.39143490294196803,0.9344682055511375,-0.41783095082502,1.2758986809490414,0.32637672492272896,-0.1255648764668642,0.13415447782596504,0.621738955742969,0.20326086956521683,1.0031411357172317,0.48151668257573227,0.21880422155948928,0.28500286230246125,0.2797200872133197,0.44258480572315323,0.38209070793994193,-0.19457328445650898,-0.2607394919340772,-0.3136303786340746,0.05548652791801798
6796,Nemanja Radoja,Celta Vigo,La Liga,30,1526.0,-0.3205607660610619,-0.3973651641479937,0.6262703993219422,0.2515168208878965,0.19394006700353517,0.2127289652857705,-0.3216162780548171,0.31026580831553163,0.5989083382118431,-0.5717380886144798,-0.4317229519419891,-0.3973360213776805,0.49507162202524646,-0.14453207901033044,-0.04330712590740897,0.7662284571729502,1.7954724098878796,0.8017902813299234,1.145793712388924,-0.6931758335801985,0.7052351678273038,0.365317405058688,0.3606381892080194,0.6811832349467654,-0.2989706225942866,-0.28966267176780836,-0.12381884084751439,-0.7289933173932965,-0.043553580807047444
6898,Jaume Doménech Sánchez,Valencia,La Liga,17,1579.0,-0.5658964110424543,-0.3973651641479937,0.0,-0.6911632058351953,0.0,-1.210412433424804,-0.4798210963967663,-0.6740846097091103,-1.5610923747676082,-0.712204384755634,-0.4317229519419891,-0.4659467390352356,-0.5415846807314204,2.3995626702831627,5.490656272220279,-1.7250476523992944,-1.2834346909296313,0.0,-1.050517656745049,0.0,-0.3395128115383328,-0.5219978161692927,-0.8543230163825334,-1.5393035465059481,-0.7925988756385101,-2.082715519707639,0.006893035006970163,-3.3313678702257863,-1.411692789239864
6663,Antonio Barragán Fernández,Valencia,La Liga,24,1714.0,-0.5658964110424543,-0.3973651641479937,0.0,0.003415181053842625,-0.865271068169619,0.12235023251526216,-0.3389689652475163,0.6388258882873054,0.1524666926976141,-0.2869795398695495,-0.4317229519419891,0.7862989321907251,-0.31084700307583807,0.04209446390364131,-0.01647121446430044,-0.10633364116456501,0.53059295864428,0.11159420289855049,1.1555848859520672,-0.1821083103175529,-0.3895367409815202,0.36677629179257365,0.19554839432190163,0.9168856965966727,0.049787209800083915,-0.09951489867396014,2.0148412777763345,0.9723324171625574,-1.1818550084559314
27482,Aderllan Leandro de Jesus Santos,Valencia,La Liga,17,1567.0,-0.24734104474455612,-0.3973651641479937,-0.7793708218147859,-0.4062619562034601,1.586330291644301,-0.48450862643783704,-0.24872292844225335,-0.23211111546683358,0.6491481281171805,-0.7116931756173481,-0.4317229519419891,-0.4659467390352356,-0.2892015412919383,0.4005756878862209,0.8434066398571944,-0.5603061249001963,0.9212333877555302,-2.2167391304347825,1.2528545925396295,-0.15377620881471993,-0.7853469034689028,1.4483928172994016,0.5769104511868033,-0.687453519036765,-0.7381716841105108,-0.9211478018975089,-0.3182832560333166,-1.0036611015905552,-0.11173455080486372
6592,Rúben Miguel Nunes Vezo,Valencia,La Liga,15,1130.0,-0.4002405728824522,-0.3973651641479937,-0.9428890250098486,-0.2521855675137311,-0.43263553408480965,-0.49591941763783554,-0.2928804028648303,-0.09583880276246268,-0.24374872143855295,-0.4991188062943094,-0.4317229519419891,-0.18798225634825563,-0.1915985041812715,0.4034150146650188,0.7497701530930475,-0.21235089513375405,0.7343633801657383,-1.2717391304347834,1.7633723483387351,-0.3348719386909377,-0.31471805848958534,1.175143717462756,0.8403702774097394,0.3689216988261426,-0.3256541443264318,-0.7245639057067677,0.06359655340077391,-0.049446915781021686,0.603489148738353
26780,Guilherme Magdalena Siqueira,Valencia,La Liga,15,1219.0,-0.30996108547395224,-0.3973651641479937,0.5244860023360309,0.7737761154869676,-1.0094829128645555,0.17944822773705343,-0.19512704829556995,0.45751148438054673,0.3673419759515534,-0.5195501815916463,-0.4317229519419891,0.6076787238998456,-0.21715122748969112,-0.31820504427557716,-0.4518834514588986,-0.3675886300239933,0.5303614721153032,0.13451086956521707,1.1349371218303215,-0.6715225153100429,-0.4235234007845329,0.338202979470106,-0.32534194203394845,0.1453673603460868,0.025680715953604556,-0.04310687734070669,-2.095602118476304,0.8437561873944197,-1.1441844998049169
10037,Danilo Barbosa da Silva,Valencia,La Liga,19,1401.0,0.1467035304119446,-0.3973651641479937,0.661878185128728,0.866721746152185,0.039330503098619005,-0.3125921001725478,-0.25365087831208993,-0.5234216047551877,-0.07880364272616025,-0.25230213193118567,-0.4317229519419891,-0.4285805880197363,0.02298973682984798,-0.4899950327431994,-0.06887249999276387,0.9043248321884526,0.9358682293913418,-0.07173913043478311,0.23762806582065088,0.6253565825131934,0.20112343483680573,0.0007599469267620393,0.22823176400993253,0.4395534683841672,1.762302862132851,-0.046352965821475745,0.2159164583139699,-0.17390617495827346,0.048107153548860894
6595,Daniel Parejo Muñoz,Valencia,La Liga,33,2826.0,0.44976653629853536,0.8828896129220706,0.5517707440980403,0.4146689977070917,-0.061805076297830275,1.0300605064026294,0.08080253335665116,0.9518643421314195,0.5180449033923448,0.5265026462665278,0.883223951236109,0.10830991515943937,0.43802984740434736,0.9249950593036017,0.22056261876334113,1.39782284912575,0.4035810675394115,1.0760869565217384,0.2570980673901152,0.5166403790720893,0.5631622025965076,-0.20026644706921282,-0.17796371950683548,0.24107645945970882,1.593021842020895,0.00150151368905971,0.022811044046968435,-0.05533393896861584,0.27584576482960005
10802,André Filipe Tavares Gomes,Valencia,La Liga,30,2445.0,0.5059544518169461,0.3425121364655033,0.4197377754243922,1.6013952660366966,0.14165942266493717,1.0610469593274054,0.2730753105653343,0.38725400519516195,0.4265509400818384,0.21259671222693716,0.48018869183256396,-0.016315029821736184,1.5611952511792915,-0.10258564550631545,-0.20012019551350788,0.8122234073896197,-0.09653878147699124,-0.11102484472049726,-0.24210555005044285,0.503405363000998,0.8450548855614944,-0.3311497515629952,0.09174303316515368,1.14845280255271,0.7955175924210582,0.16690568107946147,-0.45651829295861934,-0.3335202560836902,0.33601659993543503
6594,Santiago Mina Lorenzo,Valencia,La Liga,26,1617.0,0.36021909728557244,1.0942860417889266,-0.20795986051764898,1.1801248961746083,-1.496493404785161,-0.05312014485774451,0.8452298658849924,-0.5866566768128166,-0.2956857291979927,-0.1922801897533764,0.027898563009316292,0.3434221164489105,0.43673165693504445,-0.9308110738231222,-0.7982683561987469,0.9929622292428707,0.2121128758667532,-1.250310559006212,-0.5190537001780539,-0.1226108971616035,-0.6092158735177657,-0.2865331676721482,0.3508197662113828,0.7467229864654403,1.7419557488028234,0.4428210934975665,-0.02219776490115982,0.2366038572815328,1.0897606624377896
6402,Francisco Alcácer García,Valencia,La Liga,34,2504.0,1.0039969753540516,2.2515964971938605,-0.5841920149114995,-0.1562906920497371,-0.9133416830679314,-1.0133111496882128,1.5750014001419408,-1.3197007701657606,-0.3004616686441398,0.2313287142660388,1.0523185609898416,-0.2568813333934043,0.406061596029766,-1.183882594996879,-0.9220735225779211,-0.054212831650255804,-0.8143440124304776,1.2870843989769813,-0.5700351867465012,0.6253565825131934,-1.4468449953658944,-0.2946036743188633,-0.41796942581016644,-0.7191702256382841,-0.26525390423945117,0.6677789623186249,-0.049827129098816085,-0.08028122515888478,-0.0021298761984506706
6694,Gerónimo Rulli,Real Sociedad,La Liga,36,3291.0,-0.5658964110424543,-0.3973651641479937,0.0,-0.6610176736988687,2.163177670424047,-0.8847733847701224,-0.4798210963967663,-0.42063464281516755,-1.2856524247733094,-0.7469309825505239,-0.4317229519419891,-0.4500397267068507,-0.5415846807314204,2.953124812371842,5.633753924588435,-1.7023539712514668,-1.2834346909296313,0.0,-1.050517656745049,0.0,-0.14489147462605495,-0.5228856585455647,-0.8851952301820702,-1.47690263992884,-0.9029802313200823,-2.014649101317748,0.04934914482174546,-3.2690070353675167,-1.277047265730151
6679,Aritz Elustondo Irribaria,Real Sociedad,La Liga,31,2669.0,-0.19184151483503098,-0.17143785054739447,-0.6912370139922641,0.015082571217021718,-0.2960137864790805,0.007972421917368027,-0.09539346456585147,0.39450916893957744,-0.08014861529368376,-0.3050440072142488,-0.4317229519419891,0.6520557793779267,-0.39340769328231295,0.1235739817227806,0.1259803894709944,-0.17815899797055954,0.4769295787771958,-0.5327685421994892,1.2033753834879288,-0.02911496220225353,-0.40093443195686423,0.7817348708818358,0.6672641834952743,-0.19279765964116627,-0.12922933265468542,-0.22366318394391968,1.7246574593198565,0.9131558561652888,-0.67431560222103
16622,Mikel González de Martín Martínez,Real Sociedad,La Liga,19,1596.0,-0.37041698631312847,-0.3973651641479937,0.12035726233298213,-0.5046802241422425,1.2979066022544283,-0.8920455578532274,-0.36637158850681584,-0.5410028720108547,0.3132043599079522,-0.7129154384437498,-0.4317229519419891,-0.3347437877251741,-0.5415846807314204,0.000902051224205676,0.7735275312888296,-0.7913535010812336,-0.07125403152624574,-0.6020962732919259,0.672544434019525,-0.5725600841534733,-0.8979467430776928,1.7164819900743378,0.3976264958565776,-0.18824181265553325,-0.7953702296548704,-0.8348047783052747,0.54060973596095,-0.7336941921821092,-0.0943218347901468
16539,Diego Antonio Reyes Rosales,Real Sociedad,La Liga,27,2379.0,-0.27738554256426645,0.10957052311556244,-0.9558904176581035,-0.3158456285565664,1.2979066022544283,-0.41242955923233077,-0.24514895334235434,-0.06829149157263203,0.5627170745554673,-0.5574239099822335,-0.4317229519419891,-0.35592156549022813,-0.5415846807314204,0.500967482167805,0.7813794554144771,-0.6378929722815772,0.34299686216646186,0.42915372670807406,1.55037177912531,0.49550111729187424,-0.5284895577322676,1.1328963131743561,1.1638684768153493,-0.5465940421887874,-0.5001766021960187,-0.7091795397576228,0.5662120887228972,-0.3670208250257227,-0.09902882986667437
6674,Alberto De La Bella Madureño,Real Sociedad,La Liga,15,1286.0,-0.37181543942938805,-0.3973651641479937,0.7582948338559021,-0.3054363541219336,-0.43263553408480965,0.21207108807560604,0.012969689818834937,0.7668439327648732,-0.168341050207746,-0.12324117132601137,-0.4317229519419891,1.080942178354464,-0.5415846807314204,0.30319417219238093,0.027780759272320765,-0.47225803864255456,0.4358635382708158,-1.670176630434783,0.9542503473813071,-0.9952396234488661,-0.9431680947864165,0.723834209969209,0.4036116672066803,0.13744180903469153,-0.03050658998825117,0.060644558376871015,-2.075151680888382,1.4455786638428418,-1.1170167618344482
6671,Asier Illarramendi Andonegi,Real Sociedad,La Liga,33,2931.0,-0.09754611687008388,-0.19163333200879207,0.5545485411636563,-0.01420007884337756,0.7354804079441758,0.5912517851858079,-0.2636051458429406,0.7610370750607434,0.24229604606330588,0.19203397249682613,-0.1781548899575945,0.052016191571629754,0.9426623934815966,0.6292036012161075,0.22867219048164306,0.939362920000937,1.1917960311888474,0.006832298136646098,1.9694705189693695,0.5890474815581062,0.798999927945782,0.17798498177206493,0.4952277394275835,0.2823941580920867,0.9375752739565022,-0.1254828080730692,-0.3014280696190632,-0.09795136709077408,0.4466249785300167
6899,Rubén Pardo Gutiérrez,Real Sociedad,La Liga,28,1842.0,0.6874641740950214,-0.3973651641479937,0.8499285387527371,-0.0987102151364114,-1.1405845898599527,0.6480225301264453,-0.06205344600722566,0.8386125533712022,-3.4838222422218346e-05,1.4527795679130393,2.3926288003565053,1.1255835237617327,1.176045631979409,1.5928202995443363,0.7205816978716396,0.3669839564300121,-0.15812039799814975,1.5782608695652174,0.6290469382428949,0.6772987686017208,0.7022479762938615,-0.29914630290361605,-0.1971236420571059,0.02153215904979725,-0.6513213120467307,0.1190703865017643,-0.278813287639984,0.20250802777933555,0.42758785472202115
6690,Xabier Prieto Argarate,Real Sociedad,La Liga,36,2452.0,-0.10784315544505851,0.09447822900045676,-0.764470184796941,0.11804516496946128,-0.3028448738593667,0.4404045290785671,0.6032237978479155,0.26672364792780906,-0.04472088191001041,0.5966587019762675,0.47758535516599665,0.8577476367838114,0.7487395590782648,-0.4702514232794259,-0.6283496351022939,-0.09350633041873449,-0.32535715507165397,0.8017902813299234,-0.559845509568718,1.5603159321066888,-0.2501986226049546,-0.034663859396799036,0.9438197593085957,-0.8274064175766105,1.1588452813701406,0.44163930969652954,1.0953330292439885,0.4645803982102746,0.20060946622807943
6685,Mikel Oyarzabal Ugarte,Real Sociedad,La Liga,22,1552.0,0.7206403389286966,1.9338204028623165,-0.2386552211644424,1.0986889174239705,-1.5451269074457483,-0.1804514939597225,0.871558447650601,-0.6623118082002789,-0.5460680017358908,0.6472915664558223,0.04714817542673512,0.4110503079303435,0.7325273666322023,-0.9189976556040486,-0.810615694046085,0.9192098450174534,-0.5711223446822811,0.6501358695652171,-0.21993400555094667,-1.4315539865924973,0.07294024998889599,-0.3651566168231067,0.24553938400663497,-0.3484192347099637,1.0119390492036815,0.5607241750800926,-0.3459348459516489,0.48541846129861144,0.800404686552332
6669,David Zurutuza Veillet,Real Sociedad,La Liga,16,1144.0,0.4704179378197968,0.12973273794990817,0.020583575949866224,1.173340591895569,-0.3722677851427431,0.7294020361907346,0.3774962075443363,0.1996330419738515,0.13058351751307404,0.14242803691070471,1.5172490489572967,0.3577417192767069,-0.1958815517963958,-0.5692570445670411,-0.7022302595707085,0.7130410027522891,0.890861386951266,0.47826086956521674,1.5035754729874915,-0.3920991802797285,1.1603556644858435,-0.08912604441037367,1.1175316952593854,0.6148368403324755,1.6046619067131749,0.272726474937172,-1.212206586644601,0.7177864388988036,0.14384227406506472
7005,João Pedro Cavaco Cancelo,Valencia,La Liga,28,2181.0,-0.25119335918110225,-0.12088648464317965,0.36746308547057455,1.7879232550568145,-0.21830233371251886,0.43262889325711684,0.12898818390767192,0.4155268686669798,-0.07654510271032397,-0.19900508187063998,0.9313361763042483,1.3102560763617739,0.5464053591631283,0.30740372410567984,0.18046722864289183,-0.04837741941110276,0.8391319932801478,-0.46576898118105126,1.3924620544730866,0.06739697065901028,0.3371927234615853,0.25129206818668204,0.031190028492030366,0.6263598287994396,0.5671671945842358,0.029840642420563574,1.3391087751279651,1.0982782847952575,0.6081219515699632
8522,Armindo Tué Na Bangna,Real Sociedad,La Liga,32,1520.0,1.40453619022915,0.3960558884835853,-0.01925115118230476,2.539654451995212,0.275313521690333,0.7911853087669243,1.7239355943655206,-0.10098613486867367,-0.03684247202831931,0.7466644671516512,0.057229672845024136,1.3249735463471048,1.0195378699330604,-0.8968880060053578,-0.9685987829408507,0.2716522657255423,-0.5561262952875999,0.13451086956521707,0.1933177900256277,0.7103528870216931,0.5686481171952475,-0.49832322867231565,-0.6607014281253069,-0.2557948993480539,0.40673391868979647,0.7205762986699459,-0.7726701473236365,0.217859311980085,0.9501938528848117
8584,Jonathas Cristian de Jesus,Real Sociedad,La Liga,27,1671.0,1.5998892727809126,2.1286671518304634,-0.6768917252355399,0.9118538791663453,-0.33649430428818544,-0.533165993888409,2.4638915086855024,-1.1833376450002464,-0.49105686268498716,0.04108089125406206,0.45781384001044745,-0.027347286002318793,-0.3049094087376036,-1.1421025578220863,-1.0888898145978465,0.2586332703997278,-0.6218495554563294,2.712635869565217,-0.6390863137079067,1.6771858508058761,-1.2045659185520368,-0.23257376152424508,1.0401889044109456,1.102988342317006,0.8157291064025409,0.7811265289359687,-0.27935573455511786,-0.12608392079945438,0.1984801923288285
20542,Álvaro Negredo Sánchez,Valencia,La Liga,25,1215.0,1.4369712947768305,2.0841163173334882,-0.4070176999184876,0.24785151185820817,-0.09405120306191551,-0.5377011576483858,2.078441963001474,-0.8316081063453779,-0.9903170681538503,0.2620947012752494,0.7916646853851893,-0.29360113385757447,0.7604215069283936,-1.035244537563432,-0.91834578601954,-0.5586385153309985,-0.9422282830975671,0.47826086956521674,-0.8383257511231154,0.31370346598202775,-1.0860966319344523,-0.05860366434997827,3.0065585823104866,0.0664027445887015,0.09685691151214953,0.6617620673145596,0.0387064037567922,-0.13792538758592182,0.022973926115050194
5259,José María Giménez de Vargas,Atlético Madrid,La Liga,27,2506.0,-0.21730963800557826,-0.15674265816235936,-1.3229638873422105,-0.47342609313225037,0.7472795588737617,-0.9688845579547347,-0.11855730032262246,-0.5538165953975918,-0.11431021163358278,-0.526589228902134,-0.13515152749016934,-0.4241670282828696,-0.2259546891099774,0.47265674548412767,1.401235542718751,-0.6459320108406766,0.37085814832000075,-0.34673913043478305,0.4240721422996334,-1.0053864691033696,-0.8170411905912289,1.4355044035380933,0.3986502961167842,-0.3920332473704002,-0.6593312641512928,-0.9245444022172861,0.8486840758238573,-0.31509783947736836,-0.6681675171725953
6377,Ángel Martín Correa,Atlético Madrid,La Liga,26,1013.0,1.281992010683137,2.57894283190334,-0.31490921401783284,2.49174968011856,-0.47257112184648453,0.39424712232027703,2.305571510445245,-0.5657556027200635,-0.8604924810901555,0.677797106894701,1.7692878763193962,0.2575475215945807,1.4104606277664498,-0.7099184420160409,-0.6434700746978421,1.3383745579856474,0.5581704767128267,-0.1328502415458943,-0.11733410339291243,-0.479595376097302,0.9855273931484917,-0.44123483562763527,-0.5964653648940034,1.4002226740333563,1.4616545016068223,0.6986751762247105,0.02458633812031313,0.05868292159608861,0.27121441975789273
6778,Iván Ramis Barrios,Eibar,La Liga,23,1850.0,-0.29607140618364,-0.3973651641479937,-0.29078357065571897,-0.4766573760824366,0.21631776704240452,-0.7496369279842268,-0.19435760492232343,-0.295798028995334,0.14339212875843485,-0.6080298871990565,-0.029988903468334875,-0.3810548835119147,-0.5415846807314204,0.5276209314019837,1.1502760812791477,-1.0080474287232388,-0.723210656448607,0.47826086956521674,0.7146896013747126,0.2562936813578663,-0.4332721256165635,1.5936376362180664,1.19644305174659,-0.5402481670965602,-0.5642300697810164,-0.7906916677240937,-0.8446742981538009,-0.6650241215147783,-0.6152935347809985
17054,Emiliano Daniel Velázquez Maldonado,Getafe,La Liga,11,1001.0,-0.06721882963505528,1.409827643044814,-1.0365217195942855,-0.2451689419261753,0.43263553408480904,-0.7705283040999985,-0.07283090375659444,-0.4025098924065278,-0.9087709994044665,-0.46305538435802635,0.3107425722101198,-0.4136490591424139,0.24859389969149367,0.5790555258123015,1.425567738370084,-0.44806376810712867,0.7182982061670682,-0.1855322338830592,1.6967421802781875,-0.368037726429896,-0.372986663347381,1.258069276407442,0.08877531106605405,-0.0006318416213597959,-0.8065306580996929,-0.8932489456672469,0.5361885662028504,-0.34965680991017933,-0.10614585848353142
15893,Víctor Rodríguez Romero,Getafe,La Liga,33,2364.0,0.621864357490556,0.11278712011596569,-0.08156723540667253,0.7147165317840118,-0.3938920534204982,0.40078102793059933,0.9116150422501131,-0.1293357484939693,0.636975572574484,0.1573947425346506,-0.11733716950702267,0.08766977505861567,0.2948882031553574,-0.776342386842842,-0.8197247850097173,0.7760533742466617,-0.2604649720168758,0.6354037267080742,0.18547326559590982,-0.00711591868240665,0.45673437109636406,-0.4705972032830849,-0.7408506535635083,-0.4534248264062067,0.44176518230909756,0.4045990344287312,-0.3779683620168423,0.21780002765313922,0.6024862064357133
6654,Antonio Adán Garrido,Real Betis,La Liga,36,3325.0,-0.5658964110424543,-0.3973651641479937,0.0,-0.676244567299759,2.163177670424047,-1.125591204151287,-0.4798210963967663,-0.5915471559370881,-3.0212093846677424,-0.715557212028538,-0.4317229519419891,-0.4659467390352356,-0.5415846807314204,3.234775371119354,7.11697233651584,-1.7123996180623817,-1.2834346909296313,0.0,-1.050517656745049,0.0,-0.05843786259744463,-0.5335340672824195,-0.8851952301820702,-1.5084221354465102,-0.9786460655481043,-2.0742356053488016,-0.06432395451588228,-3.285213502237791,-1.281851414728005
6872,Bruno González Cabrera,Real Betis,La Liga,32,2912.0,-0.20162802149876824,-0.3973651641479937,-1.0769127699232899,-0.43564565880398587,1.1248523886205046,-0.7828299088526299,-0.1948337508559053,-0.47979186465851853,0.29747003668414,-0.7789597780634512,-0.4317229519419891,-0.4659467390352356,-0.4057727372212321,0.26969971430358086,0.9896540943640736,-0.45986361333943976,0.2588487373291407,-0.07173913043478311,1.221874024855226,-0.5645916806058017,-0.7619595332756621,2.124432826772597,0.8892573496543562,-0.16411571026534724,-0.6295388634485355,-0.8985499384882464,0.045532242369412806,-0.7675644695489037,0.1762932618934959
16332,Ognjen Vranješ,Sporting Gijón,La Liga,11,941.0,-0.5658964110424543,-0.3973651641479937,0.0,-0.37487538566308826,0.43263553408480904,-0.9018365157492984,-0.46378625628054587,-0.28561614899311244,-0.5949606303614409,-0.6669440862111203,-0.4317229519419891,0.09037608320402662,-0.5415846807314204,-0.5144635779571872,-0.17154142785644666,0.29942194322121907,1.4333442789765745,-0.5622796709753232,1.415283074366369,-0.8982808760836152,-0.8250240714902506,1.4466989939407182,0.8243249020734712,1.952494685932107,0.5189246889898779,-0.28829790697084395,1.820898182227906,1.121552291059853,-0.6372328755961485
8697,Andrés Eduardo Fernández Moreno,Granada,La Liga,37,3453.0,-0.5658964110424543,-0.3973651641479937,0.0,-0.6624319732083053,-0.43263553408480965,-1.2072085176287735,-0.4798210963967663,-0.6635700705781711,-1.7852640995051396,-0.7179074953915465,-0.4317229519419891,-0.4659467390352356,-0.5415846807314204,2.5909724918739943,5.994003881845812,-1.7131219973988963,-1.2634247582374813,3.228260869565217,-1.050517656745049,0.0,0.45940551548939257,-0.5238747006737591,-0.8851952301820702,-1.5095668851179866,-0.8386222462961782,-2.071808370305182,0.030283748010513024,-3.377389606304579,-1.273762306140674
4546,Dimitri Foulquier,Granada,La Liga,21,1594.0,-0.3310267785194902,-0.019071563144229572,-0.0563887552190987,0.5847360403024103,-0.6225730856342381,-0.5940363462217965,-0.06331763330266969,-0.14312897609518832,0.05140434621054046,-0.11768772013971567,0.0345304920205333,0.1908911226048468,-0.2934765380076636,-0.7094765094167145,-0.5383706997069418,-0.0517074109135922,0.3637317508945423,-0.028318077803204028,1.3216653785014114,-1.8182871721061709,-0.1598306906206942,0.2830026456953419,-0.15123449357777477,0.2643723441048948,-0.4857678297012977,-0.0968783290635372,1.202370932606256,1.2449533608071865,0.8057812299159415
6702,David Rodríguez Lombán,Granada,La Liga,31,2729.0,-0.291523238274697,-0.3973651641479937,-0.7418616761284382,-0.6366328213020416,2.163177670424047,-0.9680784793814465,-0.26418804494012543,-0.5143907538290372,0.2585082933485805,-0.7017104075738627,-0.4317229519419891,-0.4083982111062713,-0.5415846807314204,0.5463073005605643,1.4468078005837053,-0.7861144166562833,-0.7011082546973709,-0.7173913043478265,0.7759344733609321,-0.3257227558663971,-1.104640126396636,1.3118860404447823,0.5080930057939476,-0.7491626424292672,-0.7818064550072822,-0.9605584075689184,-0.02267993657433945,-0.6165131464549609,0.2018733697756815
7158,Cristiano Biraghi,Granada,La Liga,32,2913.0,-0.3302742496591351,-0.3973651641479937,1.592365021761823,-0.2824754766461081,-0.43263553408480965,-0.587742857578334,-0.3451460540749508,0.015054314173477981,-0.6960921621656185,-0.2361854936502512,-0.17658804302463227,0.7381207162932492,-0.2700540391236839,0.27467261310593416,0.43539307326204413,-0.5455670275234767,0.542950792805851,-1.3788819875776406,0.2770475612294588,-0.5589252603052348,-0.7779889381006891,0.5992403932049392,-0.3664296986772547,0.11740517759761616,-0.6014777604462598,-0.2095459017995035,-2.048122483260514,1.0259887126032632,-1.0978168852686963
3160,Rene Krhin,Granada,La Liga,24,1504.0,-0.2339973026722372,-0.3973651641479937,-0.06599798419050469,-0.26240113755445665,1.3644659151905527,-0.9272333609424606,-0.2892048022226275,-0.5294794811729531,0.05437195534641081,-0.49862263435854837,-0.4317229519419891,-0.43113957309593065,-0.015674601606861197,-0.6859885824543029,-0.22695861436505632,0.2283435302948442,0.2785374619452096,0.3164961636828644,1.1207811647453492,0.600752389102838,-0.2711556529961288,0.7245874870030691,1.3188016714694366,0.3040333403697515,0.09447382475444113,-0.441317635816872,0.01686268983451329,-0.5368799940065135,-0.03520082791988995
6599,Rubén Salvador Pérez Del Mármol,Granada,La Liga,31,2545.0,-0.14909894528559234,-0.3973651641479937,1.6080117842354817,-0.028470833956584188,0.636228726595308,0.2771685649289556,-0.4027467548872479,0.40060966735496034,-0.02861647321278464,0.1322185530669832,0.15233047805900118,-0.23967964540071296,0.5461916086641312,0.9719255394615012,0.7243391774086921,1.0602096044681641,1.5943631653042603,0.3485438884331413,0.9755190059712524,0.20462487519612033,0.6855210289072106,0.13754972340864302,0.12997292551216824,1.00249746790497,0.23861846283344723,-0.29060825389992634,0.09888002328553094,-0.5928362492569713,0.2637006077656498
6918,Isaac Ajayi Success,Granada,La Liga,30,2480.0,0.8682289298024031,1.0615058035939426,0.08865668295234044,2.1090893095864027,-0.9147151292078833,0.03767017829535253,1.260256476634659,-0.8791882543731245,-1.3257218393917045,0.19860297143654854,0.16763833005499543,1.0750001814519272,0.893640890040764,-0.860748256179862,-0.4407229527905789,-0.28618511712657085,-0.4476165749700388,-0.621739130434783,-0.3228192062149902,0.9370096990443583,-0.3644943617926117,-0.3201656402448489,-0.11860579550897474,0.8206962240746964,2.160940745928136,0.6844558634197506,0.07536713849803037,0.08933197977479684,1.2677516719646962
6847,Adalberto Peñaranda Maestre,Granada,La Liga,23,1705.0,0.23922658732658839,1.3709632815998072,0.11481763505314647,1.2290099475967577,0.11799150929585701,-0.576618800337069,0.5113483285467537,-1.1678872907334839,-0.32524717568424244,-0.03709397607135658,0.8759743905968862,0.056017846733765954,0.15428226267327466,-1.1484895024095243,-0.9579916080822447,0.7826524768195492,-0.027174734820668203,-0.2314165497896213,-0.5968874538172202,1.0408940712214136,-0.4323418502312476,-0.44223905921242945,-0.4849247561336475,2.3149863499447374,0.923040771781724,0.6165959013531539,-0.0675924568492497,-0.6264619093951418,0.7390533671118815
27109,Youssef El-Arabi,Granada,La Liga,35,2604.0,1.1593671568912087,1.6867362183404866,-0.48379950256854776,0.527994351899378,-0.027039720880300783,-0.5971638827911748,1.6061859841603867,-1.0557377922120825,-0.812439212472489,0.07109478671915725,-0.14631281765771084,-0.0839768565922337,1.7365511458910943,-0.9579076380236441,-0.5968666485995864,0.43708050552818645,-0.32821398697581133,0.9365942028985503,-0.5884868945037419,0.1578769077164457,-0.43990672699095595,-0.25089381916403936,0.7621764487247035,0.3534280990725136,0.6511072355771595,0.5347919821622898,-0.05325657890569195,0.09773301548281048,0.2890145203023012
25707,Francisco Manuel Rico Castro,Granada,La Liga,28,1522.0,0.049054630747304,0.39501328526067897,-0.021449326505283143,-0.10451372071965118,0.14421184469493656,0.3936024005015584,-0.0039592972052790104,0.5775700741560688,0.09818095400831976,1.437214015009736,-0.4317229519419891,0.32515016252352597,-0.2817394905200747,0.5302474445937313,0.17293693237791122,0.27611490696496094,0.16927064596378197,0.9079483695652171,0.6433927593564581,0.09554628441021214,-0.14699141842228228,-0.04254619596991331,0.6521679947157577,1.63151939259634,0.13489081781661927,0.05065082967196504,0.13877530892807136,-0.12083815586891646,0.5206910370418019
20064,Hugo Miguel Almeida Costa Lopes,Granada,La Liga,26,2035.0,-0.22861515496893647,-0.3973651641479937,1.0639378301724765,0.38136594292859805,0.5112965402820471,-0.22205750540903754,-0.30928446512631996,0.22530714057151816,-0.10572602683282402,-0.15739653855656116,-0.06651018060230329,0.6144950585343032,-0.34724346230308223,-0.3785229779888507,-0.3190427838651139,-0.0655701903280823,1.7383797980892253,-0.572300928187592,1.103204117515904,-0.4562630572126153,-0.38225009871425886,0.7685972856822205,0.4322973533170817,0.024874067720871283,-0.2452593813680949,-0.060217649687317236,1.9403018679774968,1.0832471969646036,-0.9778150677237271
22819,Bruno Soriano Llido,Villarreal,La Liga,31,2693.0,0.01335565332443029,0.050462537300205494,-0.22263644399878024,-0.19382908978662958,0.8172004532713063,0.7471735943146023,-0.21087877988379056,0.8306847371143922,0.7648843021583381,-0.27012652205544346,-0.15574523576068205,-0.3687503454728246,0.9269796694418756,0.20579721785258498,0.009535521213251375,-0.424592022492407,0.050729243148213,0.5311454849498328,1.2471117409287666,0.1319058146721813,0.6884060185301423,0.306195354082741,0.4362111820092441,-0.4335701408593404,-0.29001336167863134,-0.17375053397732396,-0.5060056061747065,-0.5351579035967792,-0.11680580389733519
6622,Tomás Pina Isla,Villarreal,La Liga,27,1696.0,-0.30836148968914906,-0.3973651641479937,-0.10839773830179165,-0.5156756829684779,2.163177670424047,-0.34197944426962434,-0.19512704829556987,-0.09146501414003547,0.24388655546114263,-0.4060584831352315,0.006489306121843608,-0.4042132749164684,0.39116149733855243,-0.5539435354465619,-0.3084555084138713,0.25476173056003865,0.7535434218649725,0.4232608695652173,0.6216196183947759,0.1153787554621955,0.6157191918394768,0.1923603770478898,0.7818679090804179,1.427296628528808,0.49750732797654007,-0.16802928826089872,0.35455552420002157,-0.3574532479366265,-0.1779701480742841
26009,Roberto Soldado Rillo,Villarreal,La Liga,28,2303.0,0.5449495843190885,0.9117967985094101,-0.33674595602982893,0.29963391270365436,-0.43263553408480965,-0.0336833926442317,1.525028261877312,-0.5383634933215534,-0.8302741419985569,0.04488815445707951,2.7954068338863265,-0.03405374125773807,1.1756727204916302,-0.9694363699118178,-0.7368662953558854,-0.07191155020743935,-0.5633899049705209,-0.20923913043478262,-0.4161532319916781,0.5703589737135761,-0.861665851504492,-0.07702592126773568,0.2578139673130691,0.8237345186045482,1.4446434232357799,0.5474059924209855,0.2225694268172367,-0.08200608814528364,0.22143612043803318
6605,Joseba Zaldúa Bengoetxea,Real Sociedad,La Liga,13,945.0,-0.43383919966975415,-0.3973651641479937,0.686518798484566,-0.00877362838098285,-1.4310252281266775,-0.255990160476801,-0.2722505152944126,0.29780866455325766,-0.6569710625675479,-0.22125202127486163,-0.4317229519419891,1.1405605092279627,-0.5415846807314204,0.3396268417277198,0.18473892241678994,0.08512441315834453,0.8369194148839093,-1.3234632683658174,0.6773307176049816,-1.982687918984453,-0.5924650749784112,0.8142344383092636,0.5075826438027474,1.1771168707594366,1.0339559975191694,0.15402769583143824,2.0683413197084115,1.3533693164089786,-1.1011106655139244
6665,Íñigo Martínez Berridi,Real Sociedad,La Liga,30,2787.0,-0.20767878708206217,-0.18100348492302076,-0.7699897025461848,-0.3885883787036802,0.636228726595308,-0.02653688032984848,-0.12249788855392998,0.2557079818766676,0.20063811828070366,-0.7033180370996598,-0.4317229519419891,-0.44716310876156695,-0.39968142292673153,0.9118493241994258,1.0387959216141749,-0.9065430076178965,0.08010544801174395,0.228260869565217,1.3237932786047897,-0.734584289622801,0.29563978493211873,1.0741154570446563,0.7239704512786809,-0.17612249319150003,-0.2567767653020138,-0.726960680277301,-1.2298788550892799,-0.37657266106218956,-0.7174434484361816
3023,Yuri Berchiche Izeta,Real Sociedad,La Liga,21,1897.0,-0.10540170717824171,-0.3973651641479937,0.9483529556166309,0.04100613926185919,-0.6180507629782993,0.4048635809592592,0.03719049859987132,0.7595527067262361,-0.10947526095431871,-0.0566150451011081,1.1353998518034214,1.548575328865747,-0.12462697962265029,-0.034645303174022674,-0.2902273433323769,-0.05820733167900621,0.5741347222942175,-0.3305626598465478,1.259879713113169,0.18537571211625428,0.18649856632217698,0.44349572425599765,0.8365043557401216,0.1927903579348581,0.07336437536581789,0.14303440332284648,-2.0768419373422993,1.142151134427855,-1.2086090447660787
6633,Markel Bergara Larrañaga,Real Sociedad,La Liga,20,1388.0,0.10842310308147375,0.03707287619782773,-0.5058530743398859,-0.22656799640131137,0.9651100375738058,-0.5848788763854236,-0.04498580678975164,-0.1940662085218049,0.35355349716113654,-0.7030183039762441,-0.4317229519419891,-0.42823061686469194,-0.5415846807314204,-0.4692030549965068,-0.11947325718297701,0.5166534921308387,0.6081959346234901,1.4914187643020593,1.0545850380777362,0.7628506045122371,0.22466333618992057,-0.11909922718309313,0.8357082668524849,1.271839311822581,0.6047318194696066,-0.15462702686138233,0.16288952803513607,-0.2109617847404357,0.18335348102474835
5560,Carlos Alberto Vela Garrido,Real Sociedad,La Liga,35,2819.0,0.7843054246402873,0.6721630373418968,-0.356720392921671,1.4380107029159148,-0.4969945391552775,0.3960797970454141,1.0295926116275262,-0.24555314415531915,-0.2341054359763597,1.0158343934818075,0.6228467389785652,0.8525521640022721,1.56280187213308,-0.30600495831963076,-0.2606344975276954,-0.09227520301522497,-0.4745975783585894,0.47826086956521674,-0.5627547803952335,0.8590964199115673,0.057854918261413896,-0.5070504168054809,-0.3318389978787727,-0.009474155072629779,1.8036203711910954,0.6593029101044303,0.9577986875890313,-0.15120988380509606,0.6111332055312866
6935,Adrián Marín Gómez,Villarreal,La Liga,11,962.0,-0.5010346310283162,-0.3973651641479937,-0.4284623289659978,0.18542311767367442,-0.5853304284676839,0.024793916951852294,-0.3543426386058024,0.47161590706522766,-0.032759499202212626,-0.12153712089270202,-0.4317229519419891,0.2959032464304651,-0.5415846807314204,-0.14740447867192727,-0.0024057249407231232,-0.2613072987006039,1.4458618873112552,-0.028318077803204028,1.0934587701210576,-1.5951718727713593,-0.059736283177954215,0.42963840040962653,-0.3277945217785828,-0.15172663065957598,-0.6257258792316089,-0.24434137808927076,-2.075014293088204,0.8682527743562608,-1.1135048287700875
21210,Mariano Ferreira Filho,Sevilla,La Liga,23,1755.0,-0.17480390043868857,-0.3973651641479937,0.4631649594152392,0.26983513401156556,0.02544914906381223,-0.1652444756282048,0.3627435109181134,0.19316580185346519,-0.597233834138572,0.4222569288658187,0.4152377200537495,2.3976417777628267,0.35980421841768145,0.09011694989220821,0.21313541852318044,-0.4888999732370231,0.7638037560627526,-0.10346989966555223,0.8102421310165231,-0.26039438025959205,-0.1515038826603593,0.009478962636741946,-0.2741188980063952,0.15741443720135373,-0.256877557115401,0.3053208966257791,1.948585185344514,2.0811846472924285,-0.9467920542104213
5504,Éver Maximiliano David Banega,Sevilla,La Liga,25,1764.0,0.8136298149045023,0.9699817746275171,0.3291720154236252,2.1208817562013946,0.5537734836285556,1.5871880196597183,0.5209656339181535,1.1723240171158158,0.06301647337375266,1.4917075174329493,0.41091649213540427,0.8398350144791868,3.0455752240456184,1.5348414596472622,0.5362611082195627,0.4597911724693443,0.7533586619454449,-0.10346989966555223,-0.027449540353583296,1.248662815575524,1.0402724826492311,-0.40631136646072746,-0.6088504139152412,0.26517573067748607,1.8816925418193344,0.19387066905603473,-0.13281004640256514,0.48925501135573657,0.5739345819033479
26723,Álvaro Cejudo Carmona,Real Betis,La Liga,30,1931.0,0.5973833224892022,-0.0850917306938251,0.8282155259966313,1.3125389713607576,-0.49919484702093453,0.05157688838874051,-0.003168658534949732,-0.2955050593633351,-0.8210814457315334,0.36735927252894257,0.338041926024102,0.8624576633795822,0.27764759166975717,-0.16057021400329016,-0.1523648676652701,0.6561328729338183,0.5056460337206267,-0.23673913043478326,0.9966782012231663,-0.35025317358436786,0.726958863413538,-0.1667151591604503,-0.32981513542893215,1.5448394482183552,1.0321999404620996,0.2621211575158851,0.5123867158120415,0.6959365518513974,0.8983086967839122
6788,Xabier Etxeita Gorritxategi,Athletic Club,La Liga,30,2564.0,-0.3225382504589879,-0.3973651641479937,-1.5043850012673894,-0.5750840955458222,2.163177670424047,-0.3663281178742342,-0.167923443855323,-0.012202393203529468,0.29463076011999817,-0.6145186454065973,-0.1418602414598284,-0.4455294310895591,-0.23309452511389467,0.5680414917981469,0.8023285917144518,-0.6199549301059254,-0.07078126215830388,-0.621739130434783,0.9605054737592361,-1.758789758950221,-0.921289870486331,1.1336697425921394,0.5026937979112251,-0.3779384679543433,-0.8284600491030695,-0.7380518569551116,0.4564666181248812,-0.9451440038903961,-0.16226504202067957
27241,Víctor Guillermo Álvarez Delgado,Espanyol,La Liga,27,1997.0,-0.15970641562091675,-0.0954122347539028,0.12059784884205171,0.6501695678441108,-0.5287767638814344,-0.4482249780445801,0.237972860633541,-0.4242435093490951,-0.79518574033209,-0.14556909584185806,0.3126015244488581,0.26805394801334126,-0.14550618348388067,-0.48783863998683336,-0.1551980635647969,0.1067381288286333,0.4811167246365385,0.15473145780051112,0.5847519614430124,-0.9493117957495371,-0.3455257032212326,0.08137664499711823,0.11562412343245827,0.4659778651778928,0.3461272324816644,0.043071562080161066,-1.7912535255614341,0.7445356812701271,-0.8697732685247751
27148,Abraham González Casanova,Espanyol,La Liga,20,1144.0,0.306789356420494,0.12973273794990817,-0.6356513569717983,-0.43099988522160027,-1.2979066022544286,-0.10488167105307225,0.2983592256420808,-0.017591961112826175,0.1869058823389802,0.6031219443977827,0.21793438169110566,0.08317889983939268,0.8412278350086794,0.11122447862071762,0.16295628715487345,0.2221674410881452,0.22649314093210315,0.25826086956521715,0.8274919974700543,-1.1697653687063188,-0.10239684078857651,-0.3317078385126169,-0.2034158513083832,-0.2827216541835339,-0.40637529627968505,0.05473736355653062,-0.6096247880101493,0.16052972904866056,0.1580996171939304
6624,Jorge Franco Alviz,Espanyol,La Liga,26,1044.0,1.2271217606127411,0.18022104274855805,-0.12407552693893954,1.6845299517474412,-0.6403005904455181,0.15233624177151187,1.3412391078367485,-0.2674519318751405,-0.680851482711321,0.8364695864276361,1.703932190805887,1.389368558082043,0.5948646856526844,-0.40603490398760184,-0.4247351283532541,-0.29405996427822145,-0.22451825283012214,1.165760869565217,-0.3919910530907722,0.8590964199115673,-0.5393406554728526,-0.4775125088183235,-0.5583460164595795,-0.7524783221945953,0.5999688541506503,0.5893386330565271,-1.6919305707094798,0.4468261762431667,-0.6326381086538624
4498,Jean-Sylvain Claude Babin,Granada,La Liga,25,2319.0,-0.21610709631334243,0.3827124555156542,-1.4096821549980396,-0.6697727473917605,2.163177670424047,-0.9089977759362786,-0.14798495494892946,-0.4800084164595715,0.5647437778788212,-0.6880526922221029,-0.4317229519419891,-0.4433723631953415,-0.5415846807314204,-0.08465115459456014,0.6604901769443643,-1.0473310439052894,-0.6279476073195212,-0.5217391304347833,0.35768994460103054,-1.638229211239481,-1.5140768191947578,1.7147949200436685,0.6703436631429308,-0.8751334832935838,-0.8047608618266752,-0.9147332112309562,0.8496324797115896,-0.5571243410054597,-0.41314447629882955
19454,Ricardo Miguel Moreira da Costa,Granada,La Liga,14,1295.0,-0.1322490818050742,0.06827190148907215,-1.1970215322360556,-0.6528585933793455,2.163177670424047,-0.9569767252949581,-0.025409824253775665,-0.5640834884060155,0.5104895489215575,-0.6975645919375489,-0.4317229519419891,-0.4659467390352356,-0.5415846807314204,0.47877864755619043,1.2473902975887328,-0.9229879482310119,-0.26969596186873057,-0.24542334096109852,-0.25418355533763787,-0.23168948794751096,-1.1618413172215167,1.3579118217792534,0.5828679342884133,-0.2706617948749793,-0.8624359394184133,-0.8366927324503686,-0.7156365727472562,-0.4691771153894298,-0.7156918293123163
3292,Abdoulaye Doucouré,Granada,La Liga,15,1204.0,-0.04764863385307883,-0.3973651641479937,0.44568094339330633,0.05043190740887292,-0.14421184469493656,0.043513893862862765,-0.09132249088990112,0.05445090823441009,0.7031625453532706,0.008964552748335373,0.8028418149620988,-0.3355065955816279,0.11536611578297903,-0.20965873133762963,-0.16828401302018495,0.8333759028356853,0.15124756791573746,-0.4017391304347825,0.5911497858366053,0.7879582085294531,1.4747327936021288,-0.1117925326466713,0.12699799219061703,0.16635578526533995,-0.5068317109047437,-0.17330035098699967,-0.22628878773847336,-0.2867130857666944,0.2194763105120337
6680,Rubén Rochina Naixes,Granada,La Liga,35,2538.0,1.3517428817632442,1.028166750745624,1.1278052699190184,1.400120728343222,0.4164622430909844,0.5843873790020002,0.019571300036065203,0.2628932238905139,-0.8791199124216753,0.8407659411204317,1.325269931453427,0.3178590717461489,0.7050169883045716,1.1831236391858322,0.867356403306655,0.3743436011621496,0.40444807121834486,0.03471248246844297,0.47320081447628315,-0.26804901820948085,1.3696949539240677,-0.22960460701154467,0.11356589300641229,0.6049346977609836,2.055124731733444,0.17865419062163668,0.29056167246755704,0.11842820517134883,0.672635836909573
27054,Roberto Lago Soto,Getafe,La Liga,17,1402.0,-0.38787349414202404,-0.3973651641479937,1.215538487316675,0.01646123254319917,0.08652710681696159,-0.4343956117160867,-0.2107628840329395,0.04801294558587998,0.320097435419819,-0.10231149397116095,0.6284881602923341,0.13148524467620026,-0.5415846807314204,-0.4675528844353472,-0.45439307820181407,-0.09890954592925312,0.5893066131129743,0.8401029748283748,1.0948605616507494,-0.3096027670803027,-0.9920429086094101,0.32202587301862473,-0.29410904257795695,0.3649032909322973,-0.17369415260754392,-0.14008377237556385,-2.069530290900967,1.0117705255497256,-1.138675721004195
24255,Juan Carlos Martín Corral,Rayo Vallecano,La Liga,21,1867.0,-0.5658964110424543,-0.3973651641479937,0.0,-0.6645941254225947,2.163177670424047,-0.7500072753161027,-0.4798210963967663,-0.2929851320257611,-0.4574718064663354,-0.7225019494437172,-0.4317229519419891,-0.4659467390352356,-0.5415846807314204,2.1947283585408157,4.10225183306297,-1.7203184040943003,-1.2834346909296313,0.0,-1.050517656745049,0.0,0.22664927266402446,-0.5253867280860806,-0.8851952301820702,-1.4843058540728302,-0.9207524185005422,-2.053818441100204,-0.0310161661707172,-3.479695614098039,-1.2601308364861588
26222,José Eduardo Rosa Vale de Castro,Rayo Vallecano,La Liga,22,1763.0,-0.21197109979117354,0.2866960950692499,-0.8154648764093809,-0.3535264063094407,1.2979066022544283,0.5507395803183958,-0.19738780647674792,0.9058986403315114,-0.07403999983544839,-0.4800182975386542,-0.4317229519419891,-0.4065593566498532,-0.31726001850699154,2.116089467344265,1.4943130186891853,-0.6109243886793243,0.28421811873555203,-0.8967391304347829,0.8992888498206484,-0.2862287833404654,0.24838763990237447,1.4236562655912437,1.2715169626588556,-0.1997369493587416,-0.7731480038914004,-0.8402746251158125,0.038185029904370095,-0.6616981595552053,0.49121908259347186
26607,José Raúl Baena Urdiales,Rayo Vallecano,La Liga,24,1889.0,-0.26861039126351977,-0.07814864747250413,-0.6597505177116478,-0.11345097244866277,0.7472795588737617,-0.27876858534730614,-0.11238642764572511,-0.09045216570516997,0.40385814948087567,-0.33255738088804226,-0.03828304210807675,-0.3273814198909408,-0.33222291286394123,-0.06294102681225303,0.09294270683623435,0.5434380605227884,0.25280697059059337,0.08540372670807439,0.45077658287228467,0.5120281765018607,0.0058963862386632775,0.17222084480208172,0.04381489222177862,1.0698405535926832,0.8175772599016498,-0.2747645404465605,-0.1085509378205177,-0.2655801399138174,0.13028512813558427
26690,Alberto Mateus Contreiras Gonçalves,Rayo Vallecano,La Liga,28,1032.0,0.9456596057598906,1.9398441381775888,-1.0670507457804492,-0.11436700664536442,-0.43263553408480965,-0.9629951551321744,1.8156625995819693,-1.1197789326480334,-1.0784469538120267,0.03814693537099413,0.2884398287520623,-0.16158640431015087,-0.15836338276468737,-1.1323686926313299,-0.9603833133391131,-0.07851822749831427,-0.27915710973787294,0.47826086956521674,-0.5508797394375889,1.4044893738411066,-1.0436491321474406,0.09469078019035729,3.7439017734690196,0.35113554620722953,0.38033444010705686,0.5956489367739711,-0.06394985394286813,0.21378961172942093,0.2813372002257484
6649,Óscar de Marcos Arana,Athletic Club,La Liga,34,2975.0,-0.29323710991411467,-0.19467608851774174,0.3526201941791383,0.3759582329348313,-0.8382313472893185,0.048997259193220614,0.2860298168650402,0.36331285409282227,-0.279956725636973,-0.21206624645716718,0.3177304830256691,0.941783750315072,0.6548386522148036,-0.0013933073561474554,-0.06952869437292251,0.3698769121225833,1.0390627069188716,-0.6492391304347827,1.2892993059196682,0.07130659756889961,0.49502304195890096,0.2022880763953928,0.08155647058386215,-0.15872281678989392,-0.41755309009704034,0.17381343931942636,1.7372352764119536,0.9972550712559853,-0.4067877881610894
25144,Diego Alves Carreira,Valencia,La Liga,13,1209.0,-0.5658964110424543,-0.3973651641479937,0.0,-0.6501338649498971,2.163177670424047,-1.1833868302768291,-0.4798210963967663,-0.6546685158643469,-0.9918100509050832,-0.7789597780634512,-0.4317229519419891,-0.4659467390352356,-0.5415846807314204,2.4546479678602813,5.391651025683872,-1.7229545734217788,-1.2834346909296313,0.0,-1.050517656745049,0.0,-0.5572593023659216,-0.5439669083520798,-0.8851952301820702,-1.5393035465059481,-1.05278011152739,-2.0923468564206678,-0.015182489717926205,-3.550311585764182,-1.324156328856039
3638,Shkodran Mustafi,Valencia,La Liga,30,2769.0,-0.025077062192176463,0.03817113054323028,-0.6989590456415934,-0.44036413619830245,-0.43263553408480965,0.07353701747326533,-0.08203082116977871,0.33403561927188363,0.4675720656890307,-0.6647595981793305,-0.4317229519419891,-0.4470410049894738,-0.5415846807314204,1.1732788277509076,1.1107890363054984,-0.3356716272277255,0.9124115306548327,-0.05298913043478276,1.4944058483847507,-0.058760014750340324,0.019135677324689158,1.6734356884416652,1.561848596808229,0.018150066513381646,-0.39996857145459047,-0.8753989309315332,0.9894146173799901,-0.5983578227389675,-0.7400686994542499
4406,Aymen Abdennour,Valencia,La Liga,22,1918.0,-0.33817001551836373,-0.3973651641479937,-1.5428215619206305,-0.40667456952988773,2.163177670424047,-0.2937297814557958,-0.22021218600625928,-0.008274477323574496,0.591103237353579,-0.614089966750036,-0.4317229519419891,-0.4659467390352356,-0.3353884453290909,0.30486428293589873,0.7550802439769457,-0.6057953384950776,-0.02258984446990573,0.39968944099378845,1.2793892944530336,-0.021922967205380513,-0.6646443066406909,1.119957014071858,0.94473190352061,-0.2544565170256787,-0.45303387580689164,-0.9470192400876767,-1.0993519614338028,-0.7421981207597371,-0.6950525518386107
6751,Javier Fuego Martínez,Valencia,La Liga,26,2108.0,-0.4474959701058304,-0.3973651641479937,0.8766598522758564,-0.31465866594657704,0.5407944176060117,0.4421023873231726,-0.329505880297795,0.6388311789620125,0.8038218663508482,-0.32893089082559973,-0.4317229519419891,-0.4162788286246905,0.20886006215599587,0.23790013851521286,0.0798584691589326,1.2445579782033234,0.9454136182959482,-0.2901214833759597,0.9063185127475458,-0.368037726429896,0.5360179991052628,0.0155362619159975,0.15542391190810428,1.5294268053326607,0.4673546785364728,-0.34682344361541734,-0.10954082885132259,-0.5798587747676034,0.12222877392228645
5718,Rodrigo Moreno Machado,Valencia,La Liga,25,1419.0,1.1050600584408652,0.45252912760676317,-0.38040136277601727,0.916874682815242,-0.7712198651077043,0.01346215309518516,1.8169917736966064,-0.4744186037102871,-0.5355586675789179,0.5581239348292776,1.1395412968450318,0.9728475705742557,1.9667729059599233,-0.7309153650788618,-0.593828123143528,0.1555028891090102,-0.6504354882390685,0.05518394648829428,0.1607257791518237,0.20462487519612033,-0.4034017984412007,-0.3972895444763049,0.0766950562908835,-0.3091613617739283,0.5106175811647335,0.6690046168059642,0.5265086707139005,0.3391816254976436,0.7128571811021572
6596,José Luis Gayà Peña,Valencia,La Liga,20,1493.0,-0.4405172435134507,-0.3973651641479937,-0.036308045311794615,0.4384765037636428,-0.27994063970193567,0.16858562723728723,-0.15641781067698804,0.4881760947240405,0.20333686724118755,0.209449280518336,-0.4317229519419891,1.0067251015903584,-0.5415846807314204,-0.01763819651855846,-0.18643072902033758,-0.12610898218386846,1.3544587869013125,-0.8243707093821511,0.04313051054281388,0.08406432748537969,-0.6491948948139701,0.2924772149154008,-0.3954374379235107,-0.5764571400646611,0.04789281939971351,-0.045607239312280744,-2.1145836783765675,0.9624462549795352,-1.366994614923411
5741,Enzo Nicolás Pérez,Valencia,La Liga,20,1277.0,-0.2727231970709548,-0.3973651641479937,1.2204428948206416,0.43532835311503026,-0.16410313361837622,0.3788481979279721,-0.4443736777216761,0.35389603020586263,1.090741045231622,-0.2837048084485251,-0.4317229519419891,-0.3839577373551815,0.6972074242072435,0.1378349297281479,0.12246080051013976,0.610621672638791,0.989048080105376,-0.8967391304347829,0.5646000587171239,-0.504385964912281,0.23306814544035614,0.27097114701097713,-0.007210744232361373,1.3553753131766952,1.5209155593796817,-0.24843682097510186,-0.09080514306363675,-0.44838491093574134,0.10116604496453412
6865,Francisco José Molinero Calderón,Real Betis,La Liga,21,1230.0,-0.26152064336635283,-0.3973651641479937,0.169072199693714,0.4380443125787174,-2.101372594126218,-0.2188101009327382,-0.17313848360482711,0.14202562323782553,-0.027451380764777124,-0.35047698931124216,0.17251118600619,0.1299066642314343,-0.2200526648764057,-0.44710692290810045,-0.44453751708611644,-0.2393120345664048,0.6264889821791173,0.5591432225063938,0.7660520718719928,0.22979685768517588,-0.6973277975418503,1.0071760271065737,0.14523392861970558,0.7981430954726562,-0.6519740905824717,-0.06388233998439098,1.7059565579249976,0.9091635671310679,-0.043364598757480007
26448,Javier Garrido Behovide,Las Palmas,La Liga,18,1626.0,-0.5275218523871033,-0.3973651641479937,0.7887077656221696,-0.630149093743774,2.163177670424047,0.3117896730086732,-0.3777444481538404,0.6856557455637319,0.774565909788103,-0.45483073122137413,0.025354532483755226,0.2423555405463883,-0.5415846807314204,0.2132862445908372,0.15190638913935633,-0.7622154164273358,-0.17860582424093666,-0.8967391304347829,0.21793580121632528,1.4044893738411066,-0.6741690006952752,0.6720750373597193,-0.13569914178310621,-0.5289154355821446,-0.8506516138798912,-0.49043360968452243,-1.8222811104648482,0.13180940086946397,-0.9691473372188896
3379,Alphonse Areola,Villarreal,La Liga,32,2984.0,-0.5658964110424543,-0.3973651641479937,0.0,-0.6745397228826734,2.163177670424047,-1.4100944147398196,-0.4798210963967663,-0.8568805634697889,-1.8617250281521178,-0.7789597780634512,-0.4317229519419891,-0.4659467390352356,-0.5415846807314204,2.0812534549048487,6.1782394784285986,-1.7246488473741295,-1.2834346909296313,0.0,-1.050517656745049,0.0,0.10834402637853485,-0.5323418424818988,-0.8851952301820702,-1.5048931270110988,-0.8324979820536413,-2.100477113652798,-0.008180046260221825,-3.6160539482225884,-1.360375146152049
6734,Luis Carlos Correia Pinto,RC Deportivo La Coruña,La Liga,20,1147.0,-0.1306947903024312,-0.3973651641479937,0.8019297828562837,0.6494982301195465,0.32098765432098736,-0.21888729553052041,-0.13779110661171956,-0.1358886099837667,-0.7501415820860139,-0.41136861491421517,-0.4317229519419891,1.0401990847656197,-0.19678574481017533,-0.21810257356864998,-0.0522388198600801,0.12290471512692143,0.8851744748033652,-0.6675724637681162,0.44796049106459573,-1.4315539865924973,-0.5411125106681374,-0.18104593304305663,-0.20519905805347574,0.6092026457723057,1.311171703374418,0.22557143021813802,-2.032945671462786,1.0432540154627172,-1.0918633223976597
6794,Gustavo Daniel Cabral Cáceres,Celta Vigo,La Liga,31,2763.0,-0.4303979694059705,-0.3973651641479937,-0.5321970631612309,-0.4757257546720012,1.2979066022544283,0.720404973190601,-0.21769237458372118,0.8740698376245836,1.157001819279213,-0.6645116064749134,-0.4317229519419891,-0.42805316134959354,-0.2553129619462824,0.8679051143436235,0.6101816434277576,-0.28182901758281964,0.7921450049217678,0.14693556836039795,1.4066231396262023,-0.9841936902047239,0.33463069564597414,1.351823421018076,1.0908052280229554,-0.05279335073857162,-0.36881326796774816,-0.851945538928504,0.3864652419528957,-1.2851131853382025,-0.3353209132132884
6873,Francisco Portillo Soler,Real Betis,La Liga,19,1012.0,-0.2576106779713041,-0.3973651641479937,0.21018851105298048,1.5635855728159613,0.921701790006768,0.8493594806564234,0.3551314083110902,0.3992402981546704,0.5847483252221437,0.8875503568463265,-0.4317229519419891,-0.15557137793218478,0.2400050020782009,-0.34058073559724183,-0.6824551670328651,0.1889226597379815,-0.4641347195542207,1.8532608695652173,-0.11641198525718897,0.7103528870216931,0.6319211921699178,-0.23546614846118344,-0.6443492539495178,0.38849600258496025,0.408656862076117,0.25800941382023856,-0.3674828491196408,0.08239819309176862,0.5348805001161963
5202,José Ignacio Fernández Iglesias,Real Madrid,La Liga,16,1203.0,-0.3065571243691342,-0.3973651641479937,0.1271992918600005,-0.48499332582553006,1.1248523886205046,-0.22244332216643134,-0.3293095298195752,0.06032721281552531,1.2671033986713454,-0.603719934284493,-0.4317229519419891,-0.2483657848676771,-0.5415846807314204,-0.47824570479876954,-0.18886149684968506,-0.7444272292768228,-0.07729982035120041,-0.7003105590062113,0.8068229635367143,1.236676157247402,-0.8862375999853124,0.8978118346496157,0.2088821521252056,-0.002934093548867671,-0.028275943276663294,-0.6231480089566669,-1.0263597001688858,0.271263866902124,-0.21527856115601945
5200,Lucas Vázquez Iglesias,Real Madrid,La Liga,25,1294.0,0.5913901244802807,1.4666224710915743,-0.25214461896919005,0.8422053607900116,0.4758990874932904,0.9036616965524648,1.4791555684355773,0.36419176429195205,0.3991379512923413,1.09457624879899,3.0143728270824046,1.597305854634349,0.37530337066348324,-0.4847884629116829,-0.676498960636227,0.7050309687089641,1.5999440336790391,0.019927536231884146,0.3441439795103958,0.31370346598202775,0.0251958099568872,-0.35631283115243106,-0.6968365532521296,0.047724147043225376,1.550600573203707,0.5249900604737091,1.3155977659847837,0.6957808505319238,0.05708212921915743
7781,Felipe Salvador Caicedo Corozo,Espanyol,La Liga,31,2189.0,0.6313056719594798,1.8063808385929845,-0.8664649950564884,0.8271098410957344,-0.08394420810600814,-0.6989471979067601,1.243429765796405,-1.100547187653088,-0.21281758924277322,-0.1048187435898979,-0.4317229519419891,-0.22679654455047282,-0.36091570882567886,-1.203076570509408,-1.1885547878077727,-0.1778651009986085,-0.683712601329875,1.9256292906178483,-0.8149642850404812,2.495275281700185,-1.3841858159917566,-0.32210818208771663,1.2303764605440692,1.0406133322033868,0.448640341532606,0.6184828981146405,0.17496436953149835,-0.42356365494728637,0.11981730120320302
18724,Sofiane Feghouli,Valencia,La Liga,21,1318.0,0.5703166215572568,0.06014621673212768,-0.1058593013423015,0.8519197974602093,-1.2556982574656668,0.2523360463484561,1.0198987639724342,-0.15814670587297916,-1.2325656693554263,1.4603341892546187,0.13216778377596283,2.0363663012386777,3.0591835696631335,-0.12113139302669604,-0.0018974304633435544,-0.22425705258709275,-0.4970807730313805,-0.07173913043478311,-0.3332832564827468,-1.0745695076567996,0.05113585190507004,-0.333410328342242,0.2613631865656741,0.018825311955835266,0.4434001791015923,0.5494669301816072,1.5742686660764404,0.42000846879685644,-0.5011883918411846
4353,Aymeric Laporte,Athletic Club,La Liga,26,2280.0,-0.018554021800341967,0.3960558884835853,-0.7902681602812421,-0.27779259641581655,-0.02277029126762162,0.22233342379210325,0.04960994042300239,0.5665996531262176,0.5376707418942489,-0.5478045893944963,-0.10575453541731335,-0.30522312368041016,-0.3681266195464782,1.1268232548578865,0.9432256401100765,-0.6188095987669575,0.17118210035443104,-0.3811141304347829,0.8340815050287038,-1.0388710597632291,-0.23324126156536704,1.023132760653158,0.7824730136681721,-0.14320642152718607,-0.07977075804926577,-0.7449434426384699,-1.2075194430164629,-0.5235627559348072,-0.6766070297547069
3063,Danilo Luiz da Silva,Real Madrid,La Liga,24,2100.0,-0.031064704983018804,0.17692055013772076,0.661463838270779,-0.12425494148861878,0.43263553408480904,1.0417779014107944,0.18839650507504174,1.15726111327366,0.7932167659578171,-0.17663540073177442,1.3378198806205372,0.9549812236527314,-0.35325878573062613,-0.09543127919499358,-0.33594161989990473,-0.35884345261344763,0.9210024225282394,0.27303698896820183,1.1593094746605173,-0.04989183663766448,-0.2700122030958361,0.2819663429960343,0.08974928160730222,0.46541472143590573,-0.11374886245643834,0.1147064244966726,1.1368343753117252,0.45488762361482254,0.7771650959304004
6743,Manuel Rolando Iturra Urrutia,Udinese,"La Liga, Serie A",23,1445.0,-0.39317106191137935,-0.3973651641479937,-0.5492094365805921,-0.2448945894378037,0.16639828234031132,-0.2928802916858177,-0.31274804948339985,-0.17869520501768746,0.6049390716014922,-0.26833876613867336,-0.4317229519419891,-0.2848049481261887,-0.5415846807314204,-0.340026208504729,-0.22300169284770047,1.5041418238441553,1.0595553310175347,0.8711180124223601,0.3768216668848437,-1.3224753958065896,-0.06285389901441256,-0.015826891573078088,0.19432810467121406,1.5162464508803188,0.5962107497304231,-0.2591223952287886,-0.10325872999628599,-0.19373530050113882,0.3054864859809039
18398,Omar Mascarell González,Sporting Gijón,La Liga,26,1841.0,-0.1930732952849264,-0.3973651641479937,0.9763304742431655,-0.36783149613182464,0.8652710681696187,-0.37836620374424873,-0.2749217950746125,-0.02672960670082258,-0.2759309620411921,-0.320918426480427,-0.028024967326964533,-0.29533301527842554,-0.3267642681829858,0.5461588090476568,0.5954546323359142,0.872595933374266,0.36792277446074917,-0.709239130434783,1.2834780460491693,-0.253505206104693,0.1644205000868982,0.2285790225666885,0.4387381101076803,1.1378682107381115,-0.4279494324877834,-0.174597381618176,0.15266165556443373,-0.49858202698392684,-0.04135135877052311
6744,Luciano Vietto,Atlético Madrid,La Liga,19,984.0,1.0193940456039075,0.21543971390078678,-0.6756823027400919,0.8715793419697732,0.32098765432098736,0.45934268616347806,1.9736398059387465,-0.41454722003669897,0.22712597949465896,0.18512649662901928,1.8341550653636847,0.11926642488738662,0.26224535890611683,-1.0503427284738338,-1.2361261278737583,0.5289250436478046,-0.6514746520333541,2.31159420289855,-0.6138422412121064,1.186332192269291,-0.247728874551105,-0.4734604112857775,-0.3897965961427551,-0.18274969178622258,0.8677487388336774,0.6667074636534545,-0.04501494546199339,-0.2771199563556906,0.3464208052222072
6559,Juan Carlos Pérez López,Málaga,La Liga,19,1294.0,0.15740767365925515,0.0686317446618983,0.4198946889712342,0.2671921483055591,-0.12113794954374656,-0.20422931370702616,0.42970378370396445,-0.2599524099555512,-0.38691180050415985,0.36145345567890447,0.7169756410661423,0.8286431236594058,-0.23595533026645252,-0.6351885522715739,-0.39341305863838877,-0.4299718879364136,0.0514628667595681,-0.4017391304347825,0.47696889724900954,-0.9193588646412779,-0.46321812272460217,-0.007812402067369033,0.2072850960115851,0.20642691639814295,0.3441558656453937,0.30029395356544447,-1.768622997449129,1.1151114495768335,-0.6217777338113729
27305,Germán Darío Lux,RC Deportivo La Coruña,La Liga,29,2640.0,-0.5658964110424543,-0.3973651641479937,0.0,-0.672373632679769,2.163177670424047,-0.9110674415453072,-0.4798210963967663,-0.3821400752672641,-2.1609950681819265,-0.7390329727479046,-0.4317229519419891,-0.4659467390352356,-0.3917799915262434,3.9067991968457703,7.120698031403865,-1.7196150903409786,-1.2834346909296313,0.0,-1.050517656745049,0.0,-0.055043621840785886,-0.5045473668104653,-0.8851952301820702,-1.5004093450769214,-0.8349177478698303,-2.0275220731212302,0.08344111063338418,-3.3894171219464324,-1.2249069032817177
6666,Sabin Merino Zuloaga,Athletic Club,La Liga,22,1168.0,0.876500741429482,2.1839704522903634,-0.6930772749811047,1.0076201205458135,-0.9517981749865808,-0.4309034119330346,1.3287660927392584,-0.9142173459557172,-1.013548836365249,0.12349541057561948,-0.4317229519419891,0.6993781041929996,-0.5415846807314204,-1.1152541343051643,-0.8942534876976221,0.043327047046651065,-0.3960935404245846,0.47826086956521674,-0.46190312402667144,0.8590964199115673,-0.37970507503762535,-0.3657689808351922,0.700759027009546,-0.4843649324035693,-0.3493106398346821,0.6818989581603436,-0.8039441749849129,0.12467427910281802,0.6457820806173261
26103,Idriss Carlos Kameni,Málaga,La Liga,28,2550.0,-0.5658964110424543,-0.3973651641479937,0.0,-0.6522577367133714,2.163177670424047,-1.355616237846718,-0.4798210963967663,-0.7702487474487951,-0.9237114104429108,-0.7789597780634512,-0.14026883834345555,-0.4659467390352356,-0.38649276720135445,2.2010032504927706,5.3327690396335345,-1.7234169542009263,-1.2834346909296313,0.0,-1.050517656745049,0.0,0.20165415459906802,-0.5303633018592875,-0.8851952301820702,-1.5393035465059481,-1.0205584510200536,-2.0804337200231915,-0.044036436328735565,-3.490577007378253,-1.2832510566282882
6573,Bernardo José Espinosa Zúñiga,Sporting Gijón,La Liga,16,1383.0,0.06574382990505921,0.038643512641594324,-0.8976982702819892,-0.6552959078378522,2.163177670424047,-0.7387663783309433,0.09841865856799183,-0.3076270301014505,-0.4618053621074518,-0.4740956680618794,-0.4317229519419891,-0.4659467390352356,-0.2556234518798886,0.6484321670049797,1.1318629793356236,-0.6308820210079079,-0.2842402211394221,1.5782608695652174,1.4350274416463644,-0.2862287833404654,-0.38635637017422003,2.1398682554645685,1.9698483509798663,1.1335127252328334,-0.3398496621242814,-0.8749294611865764,-0.7735906270768604,-0.20300420890316312,-0.5892370016605424
7034,Mateo Pablo Musacchio,Villarreal,La Liga,13,1041.0,-0.4460173863093115,0.18188555631310133,-1.6339224992096157,-0.4052584615681898,-0.43263553408480965,-0.3908608016191688,-0.3493705095146619,-0.11946684386907941,0.5403176294786807,-0.5764491804975655,-0.4317229519419891,-0.4659467390352356,-0.5415846807314204,0.36039935913957827,0.6832155169501394,-0.7982369273700891,0.24314441039394064,0.3586956521739128,0.27033109294767915,0.041006989017258404,-0.31740441193160324,1.2221497270954726,0.6132785631541411,-0.1583912652217582,-0.4213469949571054,-0.8605508361019408,0.906489267755989,-1.3664148999775279,-0.8813893491005701
6677,Imanol Agirretxe Arruti,Real Sociedad,La Liga,16,1197.0,1.7798566857094553,6.151507016303137,-0.9306501706084449,0.17909070873191799,-1.5451269074457483,-0.5636788572570751,2.1799395885787383,-0.9182884036877161,-0.6919565626111037,-0.5147824195846457,-0.4317229519419891,0.015130749101656819,0.7800005473443307,-1.0559192951467578,-1.0142209090042773,-0.3154480973124457,-1.0525431367575577,-0.8967391304347829,-0.6915463878357629,-0.1226108971616035,-1.1430863532808202,-0.28314588161057014,0.4179887454762387,-0.6814865726326689,0.8692136731207568,0.63799707012026,-0.045251850864669596,-0.18615298448854029,0.3975397825851167
6828,Jaume Vicent Costa Jordá,Villarreal,La Liga,18,1592.0,-0.409119947792201,-0.018596319926888077,0.06789804896795487,-0.5353702625866856,1.1248523886205046,-0.22438190931724245,-0.1196616661983935,0.29476869272654066,0.27207688804843105,-0.5803289375489221,0.03511623755314964,0.02730053708958762,-0.044745007990630935,-0.05654499239133987,0.0583301565360125,-0.4091183492700332,1.0168151658904863,-0.9745693191140287,1.4865884509895657,-0.15046075012821833,-0.6958984501300244,0.19688276685213313,-0.02783196604568739,0.07314450268738633,0.08266910609923205,-0.20818811441152743,-1.8990866801110922,0.8337827322757958,-0.5992930992323193
19431,Fernando Damián Tissone,Málaga,La Liga,12,1021.0,-0.0769872445499896,-0.3973651641479937,1.1090273634950365,0.03759986659857721,0.7787439613526566,0.21235913245489516,-0.3172582853850156,0.3806934288795016,0.05705846447558283,0.4599052487695765,-0.4317229519419891,-0.10703406223895547,1.0078154348480841,0.5072972718163348,0.45079139734636825,-0.01839684733458091,0.20537485548745493,0.228260869565217,1.2220763569433393,-0.1710902708442293,0.69439875325946,0.06759581252860015,0.4993978570800161,1.9806026357096291,-0.408978079843094,-0.22661375336055772,0.240665710698735,-0.4838140641403893,0.0380691754582995
27335,Arthur Etienne Boka,Málaga,La Liga,14,1074.0,-0.1592118424994323,-0.3973651641479937,1.016316735514161,0.6482499420041324,-0.701167934551243,0.43390197934851993,-0.12859240576912648,0.7276895680634797,-0.011486465328566167,-0.28823926580533465,-0.4317229519419891,0.606399170275491,0.19488529971861365,-0.10332678375307665,-0.24040405874105336,-0.5654909057634989,-0.12542970345488877,-0.8967391304347829,0.7898618598921124,-0.6348060191128229,0.6721266348627493,0.037416274161117855,0.15873976847507879,0.0859960439360781,0.400794796834302,0.05866710622057423,-2.0044443128172618,0.7478649293519258,-1.025678507954502
24783,Javier Márquez Moreno,Granada,La Liga,19,1358.0,0.4449538925063068,-0.3973651641479937,0.6783651525902492,-0.2528320736084608,0.8652710681696187,-0.25226385628400105,-0.2576004108391314,-0.1067324694883466,-0.48256345177349413,0.07485055062835869,0.11555833647941077,0.03519443065938106,0.914543373398434,0.7231191767080898,0.9033110430225859,0.8605616599069912,0.853502347812419,0.47826086956521674,0.0885684934640054,-1.1406777444967433,0.08125089101679737,0.1201856030412491,-0.09547581709789525,1.2583294399354121,0.7623576121922333,-0.04562477863140487,-0.3422113701903614,-0.3831001391871275,0.46932174136408206
6614,Alexis Ruano Delgado,Getafe,La Liga,15,1394.0,-0.4316129841265272,0.03520298506290999,-0.7633309219783154,-0.4064890415291669,0.21631776704240452,-0.7093433789440357,-0.2200428832083002,-0.3502679418636329,0.2911696285166982,-0.32527211938464157,-0.4317229519419891,-0.39083916719489903,-0.2578799608593486,0.5619702651870709,1.2312708505554497,-1.3058058607931888,-0.49038679898136195,-0.3811141304347829,1.7236555713465869,-0.8498015024009891,-0.6930099207304145,1.222842959309381,0.4436387528880929,-0.7290541853158858,-0.5812436162980742,-0.8713165931956459,-0.635609933981504,-0.5922667141509943,-0.40629959649079983
26020,Ángel Lafita Castillo,Getafe,La Liga,14,1031.0,1.1286883672900603,1.3572420133495822,0.11448326515632519,1.2333556353025528,-0.9517981749865808,-0.3524158439160137,0.7787972074298615,-0.9564624759273407,-1.0955878746207168,-0.06329793302823863,1.0099996274493999,0.2956921199276341,0.22560131248229148,-0.959013122298148,-0.8029148819190438,0.3630147886797203,-0.4792333611217596,0.47826086956521674,0.03308116294406908,-0.525362616986494,0.05223216385826676,-0.10656675778363137,0.39140524597278215,1.946461935591146,0.8598926557364299,0.4992759659223117,-1.1357725411086768,0.7275561805881651,0.41810665679909026
11634,Cristiano Piccini,Real Betis,La Liga,16,1467.0,0.02957629054610146,-0.3973651641479937,1.0642773745615206,0.9657005865205968,-0.2737081950332468,0.2530693101511615,-0.24325528546605169,0.5103925959019661,0.008177229220022458,0.15511517655792895,-0.4317229519419891,0.7473451747154769,0.8063511730574976,-0.3347472013041841,-0.3427223168389384,-0.3258537282150748,0.9773194223134921,0.30638586956521735,0.8240611413873711,0.2455293467408356,0.4573201439112814,0.5201188755933434,0.5768892455756798,0.5605061011961284,-0.3246628342143651,0.10835399323735552,1.9420870938760677,1.1627812477871924,-1.0079229814514195
6673,Sergio Canales Madrazo,Real Sociedad,La Liga,16,921.0,1.0600848885953513,-0.3973651641479937,0.9785983413719074,-0.15256957792720988,-2.509286097691895,0.7361714459372489,0.5031616104021527,0.4157195777638044,0.05254783395780624,0.3655219378219283,-0.4317229519419891,1.4097853564040486,-0.11217710255371345,-0.30017684399598593,-0.5505319514772248,0.4373371704795961,0.06694246058814661,0.9365942028985503,-0.3973536475830709,-0.3096027670803027,-0.2535569533906448,-0.506302199821547,-0.3559093931628669,0.35599695309745716,0.4638420198439898,0.4669157909241357,-0.15682455821471414,0.22133563701559544,0.7344785435190736
27184,Marcos Alberto Angeleri,Málaga,La Liga,13,1148.0,-0.40283796407311423,-0.3973651641479937,-0.9085086207744696,-0.647953734467316,-3.0284487385936663,-1.059386086294899,-0.3352421503662807,-0.6372596143163335,0.12921714435323456,-0.5953242971696474,-0.4317229519419891,-0.4659467390352356,-0.5415846807314204,0.020977691246730972,0.8695344608579478,-0.612455758270449,0.2212320683472188,-1.7217391304347827,0.6712311244991248,-0.35025317358436786,-0.6999493656059363,1.4201426527806307,0.30376149151228626,-0.1976568770029228,-0.480200081606078,-0.8694016046364232,0.05163962233778927,-0.597658713720169,0.28531962100442076
4691,Claudio Andrés Bravo Muñoz,Barcelona,La Liga,32,2952.0,-0.5658964110424543,-0.3973651641479937,0.0,-0.6743595225254644,2.163177670424047,-1.015019159570927,-0.4798210963967663,-0.6104323684841035,0.7890556187645745,-0.7789597780634512,-0.4317229519419891,-0.4659467390352356,-0.5415846807314204,0.6472880904679846,2.26153257380718,-1.720912113979522,-1.2834346909296313,0.0,-1.050517656745049,0.0,-0.49240856053246307,-0.5204647426633124,-0.8851952301820702,-1.5393035465059481,-1.0249463600728819,-2.030874474228539,-0.03804666666285399,-3.2190476281856077,-1.308101255645182
4324,Daniel Alves da Silva,Barcelona,La Liga,29,2195.0,-0.11106610672463521,-0.3973651641479937,0.7001429167452706,0.46137808329765106,-0.3817372359571852,2.1956655677556367,0.5787997785927393,2.055464234237213,0.8701858497145156,0.08542372471321491,0.9226424050990326,1.5851229972989114,2.521392290352117,0.26656104956024634,-0.5212703126234491,0.14260154162828592,0.731159862830528,0.3923233695652171,0.0848782118333612,-0.6642425203743869,1.0606873858804708,-0.02244367993819092,-0.35219595266624015,0.47220886635198184,-0.15439030603809675,0.14072712563784404,1.8911742900813606,0.7482123879238278,-1.075550134212589
5213,Gerard Piqué Bernabéu,Barcelona,La Liga,30,2643.0,-0.23537864591554877,0.058934495329872556,-1.564105837454081,-0.48471250419555095,1.691211633240619,1.5404397036548945,0.005440608747346326,1.43837475953075,1.4583969812508006,-0.6194338362805629,-0.15052431793659335,-0.406525652119555,0.35622321825080094,1.176204023522028,0.6221506680950164,-0.9800684739847558,-0.185454933603977,-1.2895962732919257,-0.010030673445669575,-0.7770824418770504,0.23276051163291603,1.5035225592350727,0.7747556979496648,-0.8788526346123666,-0.6797256992971594,-0.7406711251794101,0.9998865864182312,-0.4181649874100934,-0.8819807223183818
10609,Jérémy Mathieu,Barcelona,La Liga,21,1308.0,-0.23196733870667016,-0.3973651641479937,-0.6973188328980632,-0.5015436602299757,2.163177670424047,0.6766181646524498,-0.04146191224094864,0.8040280149821922,1.1486366272208164,-0.6177873529364735,0.7046807019972473,-0.1857863086002188,0.3654895841806632,0.07511074844644355,0.1300758792651004,-0.9888214461295202,-0.38542011985785724,-0.16879795396419453,0.19781316417297803,0.772981742975324,-0.8626549431613638,1.1003222250657254,0.3819344869753712,-0.9112870830647767,-0.6758753670608383,-0.6198479418001694,-1.2674882109622225,0.1430288410991221,-0.7807087272586081
5211,Jordi Alba Ramos,Barcelona,La Liga,31,2657.0,-0.40150829413797345,-0.3973651641479937,0.0,-0.39245354453101494,-0.7571121846484167,1.8344559428361646,0.661633813058275,1.9586030868357855,0.9295391687934842,-0.1442182438034982,1.24657886893026,0.8541317319364907,0.9468774175059471,-0.2843304840684408,-0.6558020961617229,-0.49629702331942993,-0.08722178579012196,0.5380434782608692,0.2755819265640243,-0.6972688388629714,0.13439895738717772,0.4613278356674163,-0.38983388621682646,-0.6891058728146069,-0.5270710475480748,0.027502267973256726,-1.927298971008316,0.9494978174257171,-1.1308490845941903
5203,Sergio Busquets i Burgos,Barcelona,La Liga,35,2963.0,-0.4395439998910521,-0.3973651641479937,0.18208983141750826,-0.18892419337830582,0.6056897477187329,1.6074933986886422,-0.27103265005052946,1.644784986721592,1.3663391267440317,-0.3164933729235374,0.8224248537891292,-0.39527515270690006,1.7274785833686013,0.6285089023427651,-0.11177685283518128,0.38932302119038426,1.1184258056472414,0.6651540734487125,0.05161984832466358,-0.43262373413207794,0.0036138529971173976,0.24043274378885604,0.33225151083064597,-0.15313153472556973,1.2211143238705442,-0.17552526605725038,-0.005155434173743975,-0.6873532253924748,-0.28339121106745474
6379,Sergi Roberto Carnicer,Barcelona,La Liga,31,1970.0,-0.05911848313503661,-0.3973651641479937,-0.10212273642785537,0.4419338961265536,0.5480050098407584,1.1094046726072584,0.469929809248443,1.0924905717441606,1.0402454527770901,-0.13688810679618152,1.4545917426678097,0.4109818192894247,1.2651967484640194,-0.6555981752270109,-0.6736773196344096,0.12097388510197346,0.4351544368437975,-0.8125554569653951,-0.04718384919768267,-0.35025317358436786,-0.13524763565929462,-0.1741835948043455,-0.09336212416024493,-0.4968599752101964,0.03163414818652637,0.22145879755232,0.7752311399784874,0.3976889373526176,0.686212696026154
5216,Andrés Iniesta Luján,Barcelona,La Liga,28,2300.0,0.05807391269355376,-0.1351912511045153,0.3693934156524976,1.0342097726109074,0.4758990874932904,2.1807396132273578,0.20245437887879655,1.6642453813472635,1.06385787916746,0.6417401119471344,0.21454486516780316,0.10307475632035767,6.852253718647601,0.8575105375109452,0.029018507597959584,0.03824581863585738,0.09845126079022805,1.0760869565217384,-0.6021469344308762,0.8590964199115673,0.2982525682218621,-0.34789753651031013,-0.5884729874635655,-0.4678528497480537,0.8763166936292394,0.2720307604471427,-0.9368922906191226,-0.6713112643635646,-0.3607610015083882
4320,Neymar da Silva Santos Junior,Barcelona,La Liga,34,3129.0,1.8869111894538382,3.2641880477407903,-0.4841503669478058,3.636743845803938,0.1854152288934897,1.9182034079929757,3.5226369336357135,0.7730054253271276,0.16840361683271862,1.9833779703256709,2.418547382386912,0.7219242765169327,3.8821779535154315,-0.2650764755470098,-0.7211038577441269,-0.378964719158364,-0.7313869313739189,-1.7217391304347827,-0.6934737503533965,0.9849563323568458,-0.3789392358794354,-0.5107078512508135,-0.5424534714833454,0.26556639516702574,3.1224427241068753,0.8168732655178502,-1.3749359344117873,-0.5642152321060275,-0.2705560537449592
5246,Luis Alberto Suárez Díaz,Barcelona,La Liga,35,3233.0,2.1168092802444347,6.503655559637967,-0.7193649224670482,1.3648217615213187,-1.0912747053781016,-0.10188997535525812,4.5793321518277725,-0.7975260621986998,-0.30476852927073966,0.6881928577197085,3.016504652494731,0.376057230584671,2.271944774430465,-1.0209425292755256,-0.8871967367669036,-0.6128834807389875,-0.7277737762263163,-0.26212374581939873,-0.8112849020305585,-0.41348713925735747,-0.7762489161751195,-0.3401021590245837,-0.5233228472104503,-0.1736154097217982,0.9041400989939641,0.972920459407018,0.10010916949360296,-0.2638052451428768,0.15054816504483395
5506,Javier Alejandro Mascherano,Barcelona,La Liga,32,2758.0,-0.49802436712628234,-0.3973651641479937,0.5118485795174156,-0.45734951812880276,1.3644659151905527,1.4231519195410982,-0.3922864507151802,1.422061384984151,1.4477284077904002,-0.39677425945198114,-0.4317229519419891,-0.42798446378308586,1.035764186026503,2.0011665069823668,1.0529462722215475,-0.34576535641653655,0.4702276843493779,0.16397515527950268,0.1335408739009112,-0.9493117957495371,-0.5117154556237222,0.7892654466159419,-0.019127770470698767,-0.385169592571366,-0.3973648996123857,-0.6651124875885029,-0.401717576656114,-0.7477469076811877,-0.2806013379875951
5470,Ivan Rakitić,Barcelona,La Liga,36,2630.0,0.47800831307862374,1.2075778016314747,0.13841607592369307,0.006694400941246308,-0.502792647720184,1.375029139626201,0.4151790517784016,1.2148629068678236,0.9455664662761966,0.4233987698419875,0.13345422651904534,0.011771687483832723,2.315526806162763,0.2827571388780121,-0.25949824988775977,0.23907307486584423,0.16150309128695162,0.37826086956521704,-0.03756352173235814,-0.6715225153100429,0.22817544053516425,-0.1746522682055467,-0.10672242609169676,0.17854833105899018,0.7279873237354894,0.20714085458003048,0.9964856895577167,-0.0292782107537937,-0.20981092709022928
5503,Lionel Andrés Messi Cuccittini,Barcelona,La Liga,33,2801.0,2.9538219449121783,4.554080748026231,-0.10318344339940617,3.5768403730325065,0.82757253615393,2.1505408760081908,2.4883760784333786,1.0502679112892108,0.3908385854988587,1.441318406852494,3.5483269749212436,0.2068841044555621,14.566172765423,0.3557105251040021,-0.2929117223000527,-0.9954889621877471,-1.0120897164755354,1.7282608695652175,-0.835750055017744,-0.3096027670803027,-0.8294600692360317,-0.5439669083520798,-0.7633706749781144,-1.0260833805592002,1.293959889720972,0.6879163539621617,0.7972550597852591,-1.084452282702857,-0.16489765910984444
9887,Rafael de Andrade Bittencourt Pinheiro,Hellas Verona,Serie A,12,1047.0,-0.5658964110424543,-0.3973651641479937,0.0,-0.6911632058351953,0.0,-1.4011794863063802,-0.4798210963967663,-0.8071292790139223,-1.4429195902110532,-0.6782847388723878,-0.4317229519419891,-0.4659467390352356,-0.5415846807314204,2.27072695969056,5.6041480297645645,-1.731886929382582,-1.2834346909296313,0.0,-1.050517656745049,0.0,0.01609927539405141,-0.5439669083520798,-0.8851952301820702,-1.441232207659118,-0.817349640771779,-2.1222566518982604,-0.007952130557493229,-3.6229076533313553,-1.379325400699835
11342,Eros Pisano,Hellas Verona,Serie A,34,3018.0,-0.09037230746630502,0.601640800066718,-1.1297464900355485,-0.24738561321796962,0.0480706148983118,-0.13682894977926913,0.00014024115753694154,0.2534409940689192,-0.724870383840791,0.05926500152337544,-0.4317229519419891,1.1819153780647924,-0.2795009302332969,0.8268518127517801,0.7125414243521278,-0.6369363604220064,0.1131034643869926,-1.2348538845331438,0.03153450611829075,-0.08816502638710619,-0.1133800260978721,0.743372393947963,0.21315180099217337,-0.00827931530368868,0.25402281958526657,-0.17130317219347485,1.5334123798710366,1.2978867588560152,0.2826150647068235
31488,Vangelis Moras,Hellas Verona,Serie A,31,2862.0,-0.39148122621058623,-0.1866733402486228,-0.49483103914891785,-0.5351742966203354,1.586330291644301,-0.71282058540833,-0.20567127229931792,-0.27211583890302626,0.4952471352464346,-0.5948109904445773,-0.17204161383008834,-0.39278115193151153,-0.4034000617580913,0.19229220958166346,0.658810904285795,-0.6640396914647063,0.0926571897138345,0.3335240274599541,-0.20975727597889685,-0.5433426044786765,-0.38786185508366716,1.5528992706470113,0.6647689657094897,-0.4271087718897434,-0.04796417851558368,-0.7937952966794264,0.23289442970691446,-0.4675150660824928,-0.09946530444127627
7966,Filip Helander,Hellas Verona,Serie A,24,1951.0,-0.3740039485916061,0.2207793771128983,-1.5686108248071706,-0.6911632058351953,0.0,-0.9009369935073622,-0.2014016992788357,-0.4721624513969491,0.4655574886096061,-0.7789597780634512,-0.4317229519419891,-0.43911435688622763,-0.5415846807314204,-0.09910075724838474,0.6485219111630047,-0.38129273204115466,-0.0439162821598959,-0.5431677018633547,-0.4778931651512609,-2.5391212161109467,-1.2015610858333146,1.3407357236324429,1.0387085988230982,-0.4867080388418629,-0.5895214866013054,-0.8384484989537706,-1.0090913138344322,-0.8365645203590655,-0.8031601632440392
7695,Samuel Souprayen,Hellas Verona,Serie A,20,1645.0,-0.3003771243462806,-0.3973651641479937,0.19249922461557437,-0.1483786974182602,0.7210592234746822,0.22924427664188687,-0.19547318087684798,0.5560430484995958,0.07835137974008134,0.11811908179223768,-0.4317229519419891,0.7115299601686789,-0.5415846807314204,0.016468977766495054,-0.14414636905277342,-0.05784396224832804,0.1446541345559377,-1.3820332480818418,-0.3713745667149696,-0.525362616986494,0.4320660356839551,0.5525912806717994,0.09271263878599328,0.4581324028704709,0.096034714463668,0.01982731647319675,-2.0320645130814676,1.0809896407085242,-1.087595599544266
32119,Leandro Greco,Hellas Verona,Serie A,26,1954.0,-0.21463369041317643,-0.08876741593919159,0.9445353792114745,0.22273701560375883,-0.2884236893898731,0.28791626325184955,-0.2944931387792014,0.20015040724771765,0.6006597840369654,0.2999221670035238,-0.4317229519419891,0.06987698228221144,0.0656073041739047,0.18930514810795157,0.1924016065124658,1.0259482599464729,0.5906685701029312,-0.040607054963085004,0.04899260140340443,-0.1226108971616035,0.621876378395818,-0.24216734772641274,-0.386247168877376,0.9830471213990232,0.8394591634044796,-0.05664646129130991,-0.30803789565824335,-0.16621198197044165,0.19976791381734071
7020,Jacopo Sala,Hellas Verona,Serie A,23,1728.0,-0.16869307996050467,-0.3973651641479937,0.8020491960094157,0.39967590235483197,-0.9791225245077271,0.2306925068346725,-0.13927561177571718,0.16197838732554662,-0.46490932756666015,0.2580280822153328,-0.0016257356941531283,1.5032364451235882,-0.5415846807314204,-0.06394963262427938,-0.058511055915203954,0.7491834916675535,1.3155984937286689,1.0705685618729097,-0.3542629664230792,0.6253565825131934,0.8488694055893035,-0.08224727825816879,-0.43383203027958295,0.24334735232446056,0.04085437270599571,0.11881540953865631,1.715128697161587,0.7423892447247045,-0.6340324229799301
5512,Emil Hallfreðsson,Hellas Verona,Serie A,27,1939.0,0.04552371020479446,-0.3973651641479937,0.8551126987896326,0.3065544074101335,0.5657541599570582,0.08588815994128006,-0.37087680362157927,0.07604522606887247,-0.3993245449534468,0.6344367752419278,-0.04842847557465533,0.9919690881574342,-0.13365855437590884,-0.015386086716251777,-0.06813992597410691,1.5429662906727903,0.4269966056808185,-0.5529891304347833,-0.5186699716895579,0.31370346598202775,0.9938012791202261,0.028521121463219536,0.2209821426578573,1.4262037971079593,0.006596297623052301,0.1479090542820861,-1.0661110839857415,0.13812471082529146,-0.1499264826532003
26442,Boško Janković,Hellas Verona,Serie A,15,922.0,0.4492396904803353,0.25664785103638793,-0.24807847309517506,-0.09935278887903481,-0.1966525154930956,-0.7817192122877444,0.7475746098963525,-1.007364838309079,-1.9556203901945424,-0.4359876543116829,-0.4317229519419891,0.8967424819464886,1.1741826923777703,-0.6708310897174916,0.05355826418597522,-0.15065647586576245,-0.7588575942897714,2.049689440993788,-0.677685891986337,-0.7770824418770504,-0.9412644215701191,-0.4687191934787159,0.48945538296997343,0.9107780359212687,-0.6071985806504471,0.4526477384978865,0.07240450410228569,1.1411204750047788,1.0740229109972015
386651,Juan Ignacio Gómez Taleb,Hellas Verona,Serie A,33,1929.0,0.5985894186359433,-0.08476796352590985,-0.2986436691885776,0.08029049759132803,0.43263553408480904,-0.24113029733023628,1.624317339984134,-0.6205132668348533,-0.6851496415682374,0.4231910009551884,-0.4317229519419891,-0.1402859143216146,0.07347656266153209,-1.159717635303542,-1.1330497160033695,0.2779209451759507,-0.42378557632940766,0.13451086956521707,-0.7386648561031715,-2.1795214662672944,-0.3230021255358441,-0.2742219895603163,1.1111919245965824,0.3769768598262114,1.2473353119356723,0.5568557458090657,-0.558479545699237,0.430946215760717,0.48791414273249584
6686,Giampaolo Pazzini,Hellas Verona,Serie A,30,2001.0,1.8975546421881622,0.5066828118640005,-0.5046564435187779,-0.22015621459272472,-0.2960137864790805,-0.7071860638295706,2.5439683110468754,-1.3521295043427686,-1.0776153310226273,-0.1995122886264307,-0.4317229519419891,-0.23048956854326602,-0.1462979445978188,-1.1949234175704786,-0.8506017577730565,0.11925344858724836,-1.0417255039721345,-1.4860248447204978,-0.9216754951605166,-1.867868349736129,-1.071390579843485,-0.3185998142810802,0.23543064543789816,0.35933992954970767,1.452007140804547,0.729740412608836,0.07396022600158257,-0.021415288358269616,-0.010677574559346325
7174,Antonio Mirante,Bologna,Serie A,33,3089.0,-0.5658964110424543,-0.3973651641479937,0.0,-0.642987932481043,2.163177670424047,-1.0281299844680871,-0.4798210963967663,-0.5169803804097921,-1.4667768082920245,-0.7789597780634512,-0.4317229519419891,-0.4659467390352356,-0.5415846807314204,2.9006011820486868,5.309481061009188,-1.728390905311164,-1.2834346909296313,0.0,-1.050517656745049,0.0,0.4498785346163253,-0.5327369968737307,-0.8851952301820702,-1.5060627916426814,-0.9197836170409733,-2.052421411969189,0.013786461749073664,-3.2321606800025755,-1.25744065655109
7142,Luca Rossettini,Bologna,Serie A,29,2638.0,-0.2347521907125031,0.28838161371402327,-1.0799149297159667,-0.6535555688902935,-3.0284487385936663,-0.2588734800081247,-0.12519462101369908,0.137377372094648,-0.08449822030683665,-0.5392173230982273,-0.1499913409957194,-0.18812274888436226,-0.24174815343675154,0.6647820962720179,0.8289201355873623,-0.290899491351069,0.34046464581470687,-0.09835203366058917,0.5783246817099004,0.4009663386107546,-1.0629838726155072,1.6652010300528834,0.8887750717849454,0.21226246174591676,-0.42984429428926807,-0.591680731356122,0.6616067558262377,0.165913068418574,0.3692667116387183
30745,Daniele Gastaldello,Bologna,Serie A,26,2283.0,-0.34724715173942916,-0.13323901434510302,-1.097323031819728,-0.6477076884192291,2.163177670424047,-0.4312331180194749,-0.2154534301792734,0.014478717052713412,0.6341206254217451,-0.6866192033520684,0.21935719670125303,-0.44301639406251786,-0.021894300308728885,0.7327078364576319,0.888792262479692,-0.46417316697706634,-0.012317521147894962,0.8711180124223601,0.0034710466069998247,-0.07586292968192888,-0.156878278269755,1.8111909831399144,1.3994973401522017,0.3496973533847763,-0.18901943564083776,-0.8242317836792847,0.1674268870276531,-0.8238623323871227,0.0289698961489147
8849,Domenico Maietta,Bologna,Serie A,19,1615.0,-0.5272604776841875,-0.3973651641479937,-0.4243858243815327,-0.3532999213561984,-1.1405845898599527,-0.16132869171403993,-0.3677062885996388,0.16403845674551393,0.8920594044503336,-0.7136924306745698,-0.4317229519419891,-0.4659467390352356,-0.2967027119997374,0.7268092022609128,0.861314497629782,-0.09361541398336472,0.5990105683791552,1.165760869565217,0.2797876339187763,0.4009663386107546,-0.10396062098086684,1.6039709589309412,0.624006800451633,-0.522033535136224,-0.4931407448210179,-0.7789214599850262,-1.00674235102529,-1.0009238218056138,-0.7048833211363874
7169,Adam Masina,Bologna,Serie A,33,2721.0,-0.26778490025347573,0.04585424048265695,0.41170531339991895,0.2750393211428455,-0.3836579264525671,0.26779484731707864,0.0248019811453396,0.5216308967811241,-0.1854542428508115,0.07328162315924486,0.3876904876128741,0.3805799104316667,-0.25089421435753695,-0.2345546256409048,-0.22200760700684116,0.24459625385606631,0.34171600569056354,0.2634171195652171,0.18122477225107092,-0.35754940039278954,0.392076806535898,0.8073946627621446,0.8346627839998436,-0.18079384278866203,-0.08648555166018487,-0.1265367801188117,-1.957194972419552,0.9856655851991802,-1.1042734118939885
8284,Amadou Diawara,Bologna,Serie A,34,2839.0,-0.12632591175678462,-0.3973651641479937,1.3573513527146386,-0.16698772365493336,0.9517981749865808,0.47978842461548776,-0.4054135642759182,0.5618870909002909,0.6955747084772631,0.000730988648036106,-0.16993781996725854,-0.4106279885181015,0.8514564587601913,0.4284899005396316,0.2458258575071712,0.8661638411582525,0.37151854466301465,0.3164961636828644,0.7657075305085571,-0.1226108971616035,1.2337456480611448,0.09141111945499357,-0.4044194934772018,0.4499314121043845,-0.5028894980788315,-0.2436186093680917,-0.12380135856685867,-0.6801686647379724,-0.1396176575912767
8280,Godfred Donsah,Bologna,Serie A,20,1364.0,0.166033587474857,0.4867990587259068,0.4434486716573214,0.5453119308444715,-0.12724574531906171,-0.2357584619632239,0.2502813817982372,-0.4979934102468256,-0.6860668665352231,-0.31529365181839214,0.1131509407825423,0.07136974631520723,-0.5415846807314204,-0.7727612635311224,-0.49957212156990705,0.4057882585096576,0.08426768064061066,-0.7439613526570054,0.08355785057452284,-1.1406777444967433,0.5340711558215139,0.49874354532933696,0.22269626048767113,0.04155754383515315,-0.14920348806285624,0.14586714494874786,0.7491940863868665,0.38457923476578737,0.10589825625672912
45591,Franco Brienza,Bologna,Serie A,29,1773.0,0.8770129670272765,0.6229394043799251,0.5945876362217879,0.3440119243520816,-0.08184996590793724,0.4493627908044127,0.413761744936092,0.23319599664617707,-0.26006793891041863,1.0640237227963045,0.8258201777978768,0.8036804666199965,1.6890096762999867,0.32133226421016914,0.06040768237379172,0.27202894164114844,-0.465058915799427,0.8711180124223601,-0.1295832440204133,1.1174404507202964,0.4121765856416369,-0.4461406349267534,-0.47278215412903624,-0.7864276339034609,0.1057821317567089,0.3652496755825875,-0.24657613943847587,0.3332565543181543,0.5667013798715312
11729,Luca Rizzo,Bologna,Serie A,23,1464.0,0.20128021650181788,-0.3973651641479937,-0.13475937748493458,0.7996816150215805,-0.7866100619723809,-0.036942303332823674,0.2313306344133943,-0.4436871594751561,-0.33707947379182557,0.08503010745329827,0.5835885093643781,0.49952415882220524,0.5389737332075646,-0.9638805508419095,-0.7371981596397138,1.1375775110011224,0.1324320628816999,-0.621739130434783,0.41699808398041394,0.13917772072457554,0.5246667325273409,-0.14115519970279472,-0.2525468106466168,0.9154944125392047,0.29419094246782757,0.2940957469110962,0.09435460228303899,0.4771043231402924,0.9653892402383824
7775,Emanuele Giaccherini,Bologna,Serie A,28,2243.0,0.7137573959952793,1.4844894947909282,0.278527972510203,0.9453642179918593,-0.572949761355559,0.6963293590697928,0.7445029285627255,0.18883660397106106,-0.1979992104431504,1.2417673460653356,-0.4317229519419891,0.8177129874468425,0.6926510109813213,0.03433658917225681,-0.19484772008584364,0.011009657819042005,-0.7905640884437249,0.13451086956521707,-0.39918405433443244,1.3403254969082192,-0.05806257427481798,-0.28105280159213625,-0.5374664698470287,-0.7152944284019055,0.7788122713015954,0.4918368969650097,-1.0432709849710773,0.24996102992143773,0.3540134758366983
8103,Mattia Destro,Bologna,Serie A,27,2215.0,1.3215081799423105,1.2360434137301106,-0.2753659125682927,0.6525245539027402,-1.4709608158883525,-0.4514982126638292,2.122398180288029,-1.3447296073801787,-1.2046376576454423,-0.350670435265532,0.23934521029391193,-0.2296037251629351,-0.005939922941350237,-1.1255788511603744,-0.8009546637282595,0.1793065675887848,-0.8467212976095854,1.460403726708074,-0.9729215197004594,-0.7770824418770504,-1.1097483878855972,-0.08979684056787983,0.23720138609914848,0.6858310833298594,1.0616299809066376,0.6309387397943795,-0.2167866269238082,0.14076160411853675,0.15507469646865807
11494,Luca Siligardi,Hellas Verona,Serie A,28,1464.0,1.3946660815706855,0.42640532765528505,0.5471463032162279,1.0707443097228124,-0.5324745034889964,0.049620566411811694,0.9321758184002193,-0.41104405791841486,-1.1202810018226235,1.1650174643492353,-0.4317229519419891,1.464995056679646,1.079252940177057,-0.36567035935103137,-0.2083797901653603,1.07118887356294,0.22682317980245534,0.6501358695652171,-0.2874094715678082,0.48151668257573227,0.5246667325273409,-0.3544084572230045,-0.4856278073175733,0.003712313465291171,-0.2670469966968464,0.5761419913120334,-0.8225737098394977,0.6916494191745173,0.7473406979423278
18027,Matteo Brighi,Bologna,Serie A,23,1549.0,0.40087491043360723,-0.3973651641479937,0.15080143093867268,-0.24283355843393237,-0.43263553408480965,-0.3722974575499941,0.055933035439894384,-0.36000154256619865,0.5675352711542224,-0.16652537244860866,-0.4317229519419891,-0.26317084140044705,0.4796790494213709,-0.980765688949051,-0.7867609857176048,1.1056094367508882,1.080669745518159,-0.35192780968006604,0.11455152163748511,0.6253565825131934,0.19413396863270832,0.10547576443165359,-0.1613823260130719,0.3167709335674431,0.8037616575363867,0.008023453521474608,-0.3579293967886278,0.31227406219656045,0.21356426598882874
7949,Artur Ioniţă,Hellas Verona,Serie A,31,2470.0,0.44458184601990686,0.5791530544754885,-0.46199694985366924,-0.02843137858793224,-0.1966525154930956,-0.5209485576794008,0.8702280474936438,-0.5660631075703436,0.3174362345832477,0.03186149911380605,0.1700648939497202,-0.12683757257230724,-0.5415846807314204,-0.871444563087921,-0.6485255339730406,1.9975597338519624,1.1782244943203202,0.7907608695652174,0.02805294045469858,0.8063164566280635,0.11858484763444671,-0.09455221612055544,0.8318123108235045,1.287533312011843,0.14476986198414762,0.18420893947301106,0.46929152402834295,0.4152382404067982,0.21428755556591145
34565,Anthony Mounier,Bologna,Serie A,30,1983.0,0.09488910577328787,0.8189737163361218,-0.3471094830113858,1.1349217858510166,-0.7526672990242579,0.07643205663174302,0.9278567359946762,-0.48857265872617284,-0.8008268915596399,0.7093858845312117,0.3178564627592323,0.40523291799934874,0.056727542417851155,-0.6118157362330431,-0.4566081819917124,1.1435479129223582,0.1799846225407191,-1.093167701863355,-0.5738081562177094,-0.479595376097302,-0.0812236079089123,-0.3690339958123885,-0.5656218904629113,0.5836961321011586,0.6460472238442888,0.5842941533910527,0.7415634954167716,0.27655308347117974,0.7625346553097402
8851,Saphir Sliti Taïder,Bologna,Serie A,29,2181.0,0.3782127445416019,-0.3973651641479937,0.8872220041170673,-0.23628495613023928,-0.6922168545356953,0.3599970493173266,0.06672359842199084,0.14382131689235475,0.6844201049678194,0.09097226622576567,-0.09095816988043019,-0.057900146308895555,0.18374201253161201,-0.2949207052909127,-0.32343215612518256,1.0805642519815368,0.39561059657959696,-0.040607054963085004,-0.3806683810884635,-2.124523857467677,0.6269715537641287,-0.035001163367272256,-0.37112545092586746,0.3438819972378674,1.2829578647265822,0.09378923761591754,-0.056685977478918334,0.08196246368413419,0.563040641367111
7770,Federico Viviani,Hellas Verona,Serie A,19,1657.0,0.6391156806625703,0.6943668817180294,1.0245673279038672,-0.27205480280287403,1.4215167548500878,1.0129549155023576,-0.40697240816809566,1.256849010584961,0.11671894824131313,1.6383347960196213,2.2594345242544907,0.608222987864158,0.1744401463687638,2.5701244766805282,1.1801582252195266,0.764251049242691,1.00997892840025,0.228260869565217,0.6091124560251743,0.8590964199115673,1.4474661088806158,-0.1462030371536519,-0.17914006171662242,0.6915382783671572,0.6827559176094781,-0.1646756047758133,0.18265670745900517,-0.040854595089358826,0.013197332267774621
12491,Federico Marchetti,Lazio,Serie A,29,2646.0,-0.5658964110424543,-0.3973651641479937,0.0,-0.672416239421618,2.163177670424047,-1.2647616533001977,-0.4741186079049434,-0.7565946043976324,-0.4983151715381022,-0.7391235097214092,-0.4317229519419891,-0.4659467390352356,-0.5415846807314204,1.6022638227093902,4.144809163682162,-1.7114802431455995,-1.257321955636361,3.228260869565217,-1.050517656745049,0.0,0.14457006075318926,-0.5308568567433797,-0.8851952301820702,-1.5393035465059481,-0.8043591461647043,-1.9947857200403303,-0.055929326992038314,-2.9973593114800106,-1.163116711577787
8443,Dušan Basta,Lazio,Serie A,23,1891.0,-0.20293112489247603,-0.3973651641479937,1.2660841155317737,-0.03536636381608567,-0.7441331186258724,0.853686658409739,-0.21650544852315845,1.064740033429095,0.305881033345651,-0.22154694869780642,-0.4317229519419891,0.7521384080823958,-0.12330400436794267,0.2872149571685822,-0.11555782555716917,-0.13855963086618026,-0.004587300390364202,0.8711180124223601,0.040177913136069374,0.31370346598202775,0.7673731952346553,0.11643027622663432,-0.11183892786368912,-0.18181158758696953,-0.14031584914353304,-0.21888075937575457,1.8104802609636714,0.39754504850677236,-0.9706365183536542
9939,Maurício dos Santos Nascimento,Lazio,Serie A,24,2017.0,-0.25654077210541504,-0.3973651641479937,-0.9336495719862633,-0.5681972337719194,1.1248523886205046,-0.21502290341752633,-0.1731080738266623,0.1904063020635589,0.5275149204463061,-0.726700598076816,-0.4317229519419891,-0.4659467390352356,0.046641962057377535,0.32265197716445965,0.4383318086226391,-0.216676817869959,0.49787590623032607,0.21383779264213987,0.2702901643176069,-0.882642368444058,-0.7231301620476679,1.6574297992569744,1.942482208572431,1.056985635647849,-0.3195256656737712,-0.8199151747280021,0.8012174307961111,-0.730760490512345,-0.3746549125274175
8847,Santiago Juan Gentiletti Selak,Lazio,Serie A,19,1779.0,-0.21515423918410237,-0.3973651641479937,-1.1703895154725987,-0.3844463961479665,0.275313521690333,0.6010095333214978,-0.14903829851864775,0.7970534603193951,0.8499953245541918,-0.7789597780634512,-0.4317229519419891,-0.4659467390352356,-0.5415846807314204,0.9534669915872412,0.5534323427667613,-0.20821980880394056,0.5419908214602897,0.06868640148011071,0.49529858657156706,0.65457406218799,0.4029880854370488,0.6844869326075099,0.293068232632517,0.5962701440996545,-0.6371043899740597,-0.8776733425743055,-1.0296796915707236,-0.896375049579591,-0.5775631926943395
7785,Senad Lulić,Lazio,Serie A,30,2433.0,-0.07861995600816929,0.3461613463328941,0.09055355419207804,0.8175630628224635,-0.43263553408480965,0.9497266491508393,0.30159561269480356,0.8008924692866684,-0.0190847207662133,0.6507250879827607,0.48468640647510175,1.0402178438213283,1.0839162625553387,0.6173728166781968,0.26097100736680884,0.5762074172831835,1.1020651024215442,-0.3074534161490689,0.11509879152340273,1.3053270185811905,1.7883583489831918,-0.13049107598791912,-0.063725337387901,0.5708627455744374,-0.30981457331876605,0.03636358216604227,-1.6043550068397925,0.7416473993709007,-0.5364892319933061
5510,Lucas Rodrigo Biglia,Lazio,Serie A,27,2391.0,-0.0961571459965261,0.10702630385702468,0.4478702970640452,-0.25549029251991534,1.6687370600414078,1.568284046986774,-0.3283652916352766,1.743666868364923,0.8372818726490951,1.3811956111540848,0.5007839359830557,0.059523550276830366,-0.21077382376641166,1.277941261393539,0.29936841073834947,1.217460451155725,1.1439684864954662,0.3800465838509314,0.5309377000859244,1.4540705514710648,2.01143289671074,0.07988731663106277,-0.1104588970997584,0.6508743206643606,0.9403539700431162,-0.1887164194729175,-0.02628201623849361,-0.1281885538178165,0.14107049123107432
8173,Marco Parolo,Lazio,Serie A,31,2667.0,0.7442774970646496,0.280925049575291,-0.1292335735858117,-0.4121729182630611,0.43263553408480904,0.0004040613258794072,0.9741787645655118,-0.05328080550244528,0.2354061021233836,0.4462407270075449,-0.4317229519419891,0.005144172755221733,0.4964320633674472,-0.1367215644449383,0.03568825353763133,1.2078328032382308,0.5559710565789928,-1.5358236374770364,-0.0193938858938079,0.041006989017258404,-0.19638123235099592,0.28846975442397227,0.6867063073860968,0.7322228181679408,-0.3133854272195539,0.1627276948666445,-0.5118668861852056,0.22068260702566417,0.1475647742903491
8172,Felipe Anderson Pereira Gomes,Lazio,Serie A,35,2164.0,0.8758095125620003,1.5531893645026542,0.4790993435869634,2.3804631340278406,-0.5876094567420547,0.8951760983897152,0.580019592837632,0.12497256440933113,-0.7795616066100373,0.34135243023599376,0.9420441269420422,0.9855313822045398,2.01700187796699,-0.03843009542908577,-0.20050423200546869,0.9479560731590989,0.8877354735100735,-0.411445012787724,0.02171824342863125,0.31370346598202775,1.0672831022902471,-0.2874848635711498,-0.4121398986761363,0.12142852929909076,1.0734921252783698,0.42896803197813216,0.38329613443788274,0.2725704178105163,1.063284496574989
5589,Sergej Milinković-Savić,Lazio,Serie A,25,1706.0,0.7508053272046904,-0.043906781967454685,-0.24226715193659568,0.6754313059615789,-0.4878656022658495,0.6605442987407498,1.722469262801058,0.07804757097482264,-0.5986428902328711,0.3949725517301159,-0.4317229519419891,0.4853131113482062,-0.07794531437541995,-0.4832162853460802,-0.547342612640034,0.9204416118953075,0.37709649372787835,0.8136267232237533,0.15845381022165372,0.8590964199115673,0.8631721176700875,0.025375121885541623,2.0579256582794,1.2895314554364221,0.9218826118266776,0.4094916589012179,0.4649516523131309,0.4226991436268742,0.45644216429475715
11427,Filip Đorđević,Lazio,Serie A,27,1356.0,0.3544138009575574,0.9367056323121836,-0.8384199020317791,-0.3253485072339751,-0.9517981749865808,-0.48365315257778174,2.613602284667414,-1.0445802174236283,-0.5131156865919121,0.07610985789781571,0.6644540239816996,-0.31152202643135785,0.33338076064395233,-1.1992628303846165,-1.1799236142930463,1.0077377864538795,-0.7738897234813056,1.5782608695652174,-0.7336381516680464,-1.4315539865924973,-0.6476340029111228,-0.057908844505623266,0.37302961910362437,0.3537770540219198,0.5226594840746863,0.7260798940625446,0.14741511994862574,0.09997672166295234,0.2350765173772119
11339,Paweł Wszołek,Hellas Verona,Serie A,28,1866.0,-0.1646293218231565,-0.3973651641479937,-0.6046241596472754,0.9570025680555752,0.5721953837895868,-0.23532279486224245,0.9837748325607776,-0.6402490124825816,-0.5678766140679383,0.8591946779699142,1.5597239657328794,1.5259334365610848,0.0942422959593646,-0.8366086076361867,-0.6992565447540101,0.3457761949600808,-0.17259389372717204,-0.07173913043478311,-0.22153641773974558,-0.7770824418770504,0.6150915534864521,-0.2465247085096722,-0.04922994676138653,1.2120547539396986,0.26820436264798425,0.5409402053931714,1.2054956841428874,1.0170552505934864,0.45968869149973945
8421,Matteo Bianchetti,Hellas Verona,Serie A,23,1671.0,-0.30450848368446165,-0.03650340472250029,-1.087246115714977,-0.5724211995387849,-0.43263553408480965,-0.49406117862899407,-0.2631060579858017,-0.08226297345975457,0.1120022941973344,-0.526639572119601,-0.4317229519419891,-0.21531848015928318,-0.3049094087376036,0.2652168500472709,0.5923052473659294,0.3361860054561814,0.8253679283915185,-0.8158567774936067,0.18377637236637817,-0.504385964912281,-0.28602871318934503,1.7811019212957537,0.7484640355332159,0.3656045593896699,-0.2660393881884717,-0.7950530627168021,0.7675567093057452,-0.16084169472944124,-0.06958614193735414
3145,Keita Baldé Diao,Lazio,Serie A,31,1875.0,1.5306438767105328,0.8890348358520068,-0.04275434251544331,1.557572909406225,-0.34101859745508506,0.3132802472952535,1.6366324163939412,-0.5281152773415113,-0.1087887451873199,1.3572840135395625,-0.035345357447983214,1.7676523040672527,-0.11973467592964067,-0.7963639724780491,-0.7681581272041043,-0.3553465628598786,-0.6938300181958246,1.681385869565217,-0.7296834954446852,1.5603159321066888,-0.3138657936718662,-0.5069650986916844,-0.41722186452317145,0.10358752185615645,1.050649886391542,0.8168800764180664,-0.829832894595702,-0.24377605236941166,0.7293669573608721
3588,Wesley Hoedt,Lazio,Serie A,25,2134.0,-0.21502275195941323,-0.3973651641479937,-0.44140124364828315,-0.4819597109087993,1.0094829128645553,-0.1287214073938717,-0.21820674385391434,0.1827942282928662,0.6930029526681412,-0.7789597780634512,-0.4317229519419891,-0.4414153531061285,-0.1709339033165487,1.227968318542896,1.4437896346398549,-0.765321462600608,-0.08545483587726968,-0.5622796709753232,0.11733329523696148,0.012797008641592708,0.014765762793586247,1.2278805258895635,0.6224509220695366,-0.24015702454669247,-0.6292479759928112,-0.8058948073457357,-0.41802104094386616,-1.018588622879524,0.015700123613269015
3742,Orestis Karnezis,Udinese,Serie A,38,3550.0,-0.5658964110424543,-0.3973651641479937,0.0,-0.6911632058351953,0.0,-1.3798852177260972,-0.4798210963967663,-0.761722921036567,-2.011769805495002,-0.7789597780634512,-0.4317229519419891,-0.4659467390352356,-0.5415846807314204,2.407122813996656,6.285074399886827,-1.7136347293432392,-1.2834346909296313,0.0,-1.050517656745049,0.0,-0.04868539619803078,-0.5341953036882431,-0.8851952301820702,-1.5393035465059481,-0.9370544294235755,-2.121782526825012,0.019007113272060488,-3.5082100562799283,-1.3744236645930061
3577,Molla Wagué,Udinese,Serie A,21,1756.0,-0.17502661826932855,-0.3973651641479937,-0.9498987734820575,-0.6346660838188792,-0.43263553408480965,-0.8917968565772643,0.1302607390273806,-0.5294143389393179,0.396134981253652,-0.5388532495143774,-0.4317229519419891,-0.3168864384295563,-0.5415846807314204,-0.6034555038046947,-0.06741120435450837,0.03928327944658435,0.25111975431736494,-0.15635451505016743,0.6134245644474488,-0.3920991802797285,-0.538355671268427,1.3524811949711526,1.1690728185768575,0.3318707910363122,-0.023375126070908272,-0.6083330927368628,1.1793672809456672,0.2955573322135152,-0.5024344346591891
7799,Danilo Larangeira,Udinese,Serie A,34,3058.0,-0.280233084283,-0.3973651641479937,-0.8885066545188792,-0.6424995631304941,2.163177670424047,-0.8149156569487985,-0.17883487745917054,-0.3245259617387589,-0.05203454562236822,-0.7100214091732986,-0.4317229519419891,-0.4145896648958819,-0.15360131300578098,0.7491759066092409,1.3873559149791348,-0.3722731075070754,-0.49262356747974445,0.39968944099378845,0.04548337311055667,-1.028802266767607,-0.4964392142869789,1.6453774132397494,0.7726567846330825,0.0724273904091317,-0.38105648257294034,-0.9112864173005768,0.10146863314653398,-0.704739215126974,-0.21803673338863738
6938,Felipe Dias da Silva dal Belo,Udinese,Serie A,26,2195.0,-0.25320057682395364,-0.12264990218899599,-1.4332511495493643,-0.5103724153829842,0.8652710681696187,-0.7857992423014084,-0.1292388585755664,-0.3220362095688697,0.14132796720682453,-0.6348958609340069,-0.09313161268173369,-0.2989992023568748,-0.5415846807314204,0.05967813241189547,0.5581424683982722,0.19672063134251033,1.01446222195305,-0.3881774865991663,0.5546971919347725,0.10086719127781764,-0.502364348438709,1.431499865942954,1.180176970191771,0.7528850169833209,-0.37898775741042,-0.6308186872788084,-1.1936615760641165,-0.2707932389593798,-0.6267098367726217
25116,Edenílson Andrade dos Santos,Udinese,Serie A,29,2279.0,-0.2373468768242842,-0.3973651641479937,0.22627321934800357,0.8977470787254707,-0.6815491290377138,0.22885976109825995,0.2153620443154574,0.29941965505512597,-0.3621335823617761,0.33107198358334233,-0.4317229519419891,1.0501122867651862,0.8466887005820275,-0.18856386099266978,-0.23676295342350973,0.3057014397893365,0.05054911503074191,-1.459239130434783,0.6463658359972678,-0.26804901820948085,0.6194332716494448,0.0039975831083626625,-0.5001798459738933,-0.23270413386605568,-0.1153970085715255,0.18655629229755755,0.2584316797012039,1.0060746930492936,1.5595805722022895
8191,Ali Adnan Kadhim Al Tameemi,Udinese,Serie A,28,1974.0,0.16112068348278302,-0.0918940395279331,1.055177224952173,0.5150245906468824,0.5407944176060117,-0.023938961909842977,-0.06705799322269135,0.1899958092556619,-1.0547629260435534,0.2355936943923874,-0.05522447692868605,1.841271117512975,-0.14089128711270868,0.04111661145845275,0.07311456741024186,0.16645591243305882,1.0267089973558476,0.9782608695652172,0.2990615606224165,0.8063164566280635,0.2262450536312477,0.49284291780831874,0.5717887160077213,0.4893423395794773,0.1543079302748086,0.16424258070633796,-2.09047368538628,1.4193509034192298,-1.2273729035021939
40367,Francesco Lodi,Udinese,Serie A,24,1935.0,0.2402667979187966,-0.08573725717124965,0.8192094845430714,-0.3835385662672855,0.43263553408480904,0.8398401708618775,-0.3550559528361386,1.1675105410678788,0.016228594597316515,1.0186749914923285,-0.04763613557182872,0.4268435761583462,0.6847234727621252,1.8399098347541682,0.7285499579952178,0.2940129483692802,-0.640697038966906,1.3949275362318838,-0.2955092483693317,0.18537571211625428,0.5340369477224717,-0.077858840924617,-0.48211739585054675,-0.4249394497487067,-0.4583029641827306,-0.03930885884490829,-0.04823727247687414,-0.15523171020528076,0.11225422508251469
5204,Bruno Miguel Borges Fernandes,Udinese,Serie A,31,2168.0,0.9594922955077498,0.1589078985826333,0.8681384877110285,0.5672528560503671,-0.1966525154930956,0.5102893533294548,0.15351810747411485,0.2661015498726424,-0.6290958822973304,1.0199564319100762,0.9395095013352448,0.9828533782908132,2.012281238559797,0.5798402139156084,0.37103461854870556,0.4897234889977595,-0.008632152442676257,-0.6904891304347828,0.29721414233891147,-0.00711591868240665,0.7070636270182153,-0.11195200658604598,-0.41301269449072286,-0.26053109361800925,0.9179727405357235,0.2751941405970204,-0.48058078743409577,0.3441608936754293,0.5888114975061748
19846,Antonio Di Natale,Udinese,Serie A,23,1202.0,1.147166873756902,0.10429872936282149,-0.28366293686677996,-0.361016962039352,0.21631776704240452,-0.6585210505993347,2.3446186071030395,-0.86413139381888,-1.2903812006888955,1.1502821959190412,1.423205474870642,0.7099678986214144,1.1035250509726915,-0.27503747861027067,0.32832951941971683,-0.6717307180014523,-1.0535035841542801,1.165760869565217,-0.9075264391462419,-0.7770824418770504,-1.2230634256483832,-0.4862477793061218,-0.3985340762106696,-1.1121792046896775,-0.3008520106698267,0.9217056502211972,-0.05345164634359049,-0.46095525037853413,-0.011197063044261706
8272,Cyril Théréau,Udinese,Serie A,36,2982.0,1.0243700076006241,1.8269809123107599,-0.6717564544457104,0.5231649425597604,-0.3970764490915375,0.3577912406765494,1.5947602802762706,-0.2902383100445434,-0.1758442345504599,0.8470332593342679,0.31597120266189477,0.1660449419230892,-0.14371307157481253,-1.0218559852285172,-1.074297233901063,0.31062117025816205,-0.9127074067660204,-0.3811141304347829,-0.7911482751246774,1.768084676460799,-0.6166868869508112,-0.2647782036710272,0.9947279565345266,-0.4374316026011161,0.8484275230352766,0.5432235763022909,-0.2411217493762242,-0.2459697663990845,0.5901151722621878
24722,Emmanuel Agyemang-Badu,Udinese,Serie A,33,2752.0,0.36371053929098807,0.4790883242240998,-0.05304287005527519,0.13798133050018657,-0.20691264673621357,-0.4125605189630137,0.30970832769783063,-0.6173408683380526,0.041259071287031546,-0.012922234218658662,-0.16166190918172005,-0.18060892523046868,0.03324726621867921,-0.6491246070632788,-0.2603242618164879,0.2929665124820119,-0.2540501702080789,0.20996818663838787,-0.36351552044729146,-1.0745695076567996,0.6896912813880108,-0.01455329811295431,0.42559499279056007,-0.4199646100310403,1.634309672787198,0.111285661627127,0.8526807836947808,0.14857209069077604,0.013134574135634031
7001,Samir Handanovič,Inter Milan,Serie A,36,3377.0,-0.5658964110424543,-0.3973651641479937,0.0,-0.676474288710432,-3.0284487385936663,-1.371975352145515,-0.4798210963967663,-0.8432891806256491,-0.08803618806116806,-0.7789597780634512,-0.4317229519419891,-0.4659467390352356,-0.42447352304659125,1.1261744920669543,3.6749924657413855,-1.7222933092849115,-1.2834346909296313,0.0,-1.050517656745049,0.0,-0.22682115116170734,-0.5439669083520798,-0.8851952301820702,-1.5088976561379792,-0.9311259298665843,-2.1097620650783275,-0.05611275729985479,-3.6423050343781,-1.4308514814438706
6999,Davide Santon,Inter Milan,Serie A,12,1008.0,-0.38019095754959475,-0.3973651641479937,1.4407198450396987,0.19463095720633064,-0.7210592234746828,0.7104997378773663,-0.3750378703595204,0.8269067077858093,0.7226841937865925,-0.25610875607414846,0.3055865616257295,0.8843503015308152,-0.5415846807314204,0.03392771829829849,-0.07046851710327853,-0.2855630423364435,-0.18669980861228258,-0.3811141304347829,-0.6242392749152716,-2.7404970760233915,0.5540340250485227,0.3163802284688724,-0.3048711160217295,0.2942802351481866,-0.23764881893107767,-0.0233968016675305,1.77808043377015,0.6286809068038332,-0.45456380782520944
5551,João Miranda de Souza Filho,Inter Milan,Serie A,32,2857.0,-0.34749587770818474,-0.18630461112034244,-1.3366146262501764,-0.4307267000756987,1.1248523886205046,0.1709902804874482,-0.14709676086652665,0.3334985861675636,0.6120023274963519,-0.7051713524190386,0.3486844575885614,-0.39265310575177104,-0.264731772434838,1.0750662965643167,0.9900418888747032,-0.3786772088131743,-0.025855595909808276,-0.7380852842809364,0.3030691405807264,-0.26804901820948085,0.4213559484134491,1.5565689699452243,0.5821696283038595,0.14987829224577828,0.1263499570907546,-0.8495236589755332,0.6903151359984349,-0.5771632004701025,-0.4153571262699758
16453,Gary Alexis Medel Soto,Inter Milan,Serie A,30,2502.0,-0.26663006872302597,-0.15635796990338952,0.9511964010680702,-0.4532520637233226,0.0,1.0853488059002052,-0.3652380002984831,1.196569983136779,1.1615633911459915,-0.2734117395356649,-0.13467739251902336,-0.2985607196180827,0.0906845111177697,0.9619057086556142,0.3618347042567576,0.5470848101420768,0.3458872745274368,-0.12767133382461365,-0.054436948699641156,-0.2128828343637343,0.773126703785684,0.3849604175046723,0.10845325305649887,-0.5133174176826915,-0.19894474316751184,-0.3791062611559924,0.05976097792098461,-0.5498343083076832,-0.1481525569983055
11183,Alex Nicolao Telles,Inter Milan,Serie A,21,1606.0,-0.06081457987383008,-0.3973651641479937,1.6733133675971792,0.45165466827566514,0.05846426136281207,0.9925430747569758,-0.27312541763836345,1.2576607242893383,-0.02092329037040447,0.7962347330156538,0.031046655577476004,1.392053710307685,-0.049076113481521945,0.46641874400610855,-0.014103228630361814,-0.2189204721985765,0.48049195977130976,-0.5949098621420997,0.8223467655406981,0.43836471259449417,0.47059873095409704,0.5144207823542829,0.05575370709907991,0.37876666095292255,-0.3876817019270116,-0.011911599852820495,-2.0050698847177677,0.9284013961216727,-0.8786467991949666
25430,Felipe Melo de Carvalho,Inter Milan,Serie A,26,1840.0,0.21406649362755575,-0.06964777284364618,0.010503854982501119,-0.4215736779529918,0.6056897477187329,0.6248343642427581,-0.061599350735063105,0.652354649577408,0.9539462216002351,-0.3206694909632623,-0.027805566248369537,-0.4659467390352356,0.10322680758651732,0.8204908633418715,0.564923321262369,0.2753590912484069,1.0071914790407877,-0.15288667141838957,0.44405141763552713,-0.1635153687063188,0.23936986987808725,0.49293842350343314,0.969318786808584,0.8044948526519458,0.5548005594364677,-0.15104758595429005,0.00600602615497232,-0.5328886612178676,-0.111876987071984
32807,Fredy Alejandro Guarín Vásquez,Inter Milan,Serie A,16,1023.0,1.202934418707715,0.19207765110127337,0.8533375534078488,0.9089810886914321,0.43263553408480904,0.37492544920627136,0.39040205943162193,0.07193025376553376,-0.378880055476941,0.5605201422000531,0.29477557169071955,0.7110322288752581,1.391379050948289,0.043694614200426835,0.12919565541768205,0.7910976133643092,0.13492332403210155,-1.093167701863355,-0.12645613226243477,0.7103528870216931,0.6002638274689637,-0.06923694570037787,-0.027472785792592935,1.0703719042158704,-0.2496008906700265,0.2172319910981276,0.903422345570771,0.29848299847740917,-0.16209683823132076
6589,Geoffrey Kondogbia,Inter Milan,Serie A,26,2056.0,0.5873561328275991,-0.1040772264048033,0.6151207400592266,0.8046915286395993,-0.013955984970477711,1.2967195368743485,0.01922430698684828,0.8300796874183209,1.083825102576439,0.04132633892521369,-0.4317229519419891,-0.3640985336408493,0.612552613534149,-0.16872394308630884,-0.30670587991893306,1.503676547111814,0.8001482129281329,-0.3644810659186534,0.07804191911868852,0.31370346598202775,1.6400296463045796,-0.07154594357319749,-0.24503224821920408,0.8579110474076284,1.0652925623862959,-0.024291567896273483,-0.6555507488453696,-0.35350329158244365,-0.02173201411237211
5587,Adem Ljajić,Inter Milan,Serie A,26,1511.0,1.044616006277487,0.7998552197037606,0.32743659014471477,1.1144264845472662,-0.2910457229297813,1.1924368135768293,1.1279183559179315,0.6296789419781254,0.6230328498926678,2.778780174077658,1.0438719977792439,0.7466602861434606,0.5053627170228309,-0.3353837414496072,-0.6958666480748635,-0.2524440439964061,-0.8261593925445024,-0.8967391304347829,-0.7661439910372955,-0.1226108971616035,-0.10135220767699941,-0.33734694209821675,-0.8206720990246001,-1.063615364898787,0.1435369993009236,0.603644123477419,-0.450300815431161,0.1405644404129017,0.8778413670794105
5474,Ivan Perišić,Inter Milan,Serie A,34,2511.0,1.1984163322971142,1.283638420081397,-0.10632716582890593,0.5138837320181908,-0.30497258960076734,0.5676258487159974,1.2447831113560404,0.15272999605265364,-0.3779381115804138,0.10257828911851309,1.3441623280490764,1.5146378365951445,-0.2265831837169496,-0.5452340052636104,-0.5298059623151441,0.2722690858228356,-0.5404852545211049,-1.0495169082125613,-0.26335413588948875,-0.9193588646412779,-0.4604533058444855,-0.1157052224678725,0.6484689759382088,-0.5987794880549225,-0.46378201623199017,0.5538224857780072,-0.9052658417349387,0.3329340904427674,0.9618563337973086
6987,Mauro Emanuel Icardi Rivero,Inter Milan,Serie A,33,2656.0,0.8201822448470213,3.008131823803815,-0.9093331001028315,-0.37366469558838333,-0.8907202172334315,-0.8134211853319905,2.7413162678686898,-1.2317820878423356,-0.4451933988165062,0.2925698465194452,0.6875661891367172,0.00709522698326948,0.20292657586057603,-1.1570776173709247,-0.8909726122721577,-0.12582847649801487,-1.0232904982112843,0.7532608695652167,-0.9858055168528178,2.495275281700185,-1.2584144298603963,-0.0999033982146149,0.23437583945557497,-0.6887857682687895,0.27745523283611,0.740691878440706,0.016273357008991376,0.33573444270519875,-0.002756623858479604
3434,Stevan Jovetić,Inter Milan,Serie A,26,1562.0,2.2303854494902327,1.5328525055062965,0.2563928985354473,1.3412863974559879,-0.5137546967257114,1.4585653137216295,1.6163800861972535,0.49328688552900046,-0.38939806022942797,1.2454979562459623,0.5198877902811357,0.5394945715802811,4.015853751426092,-0.5902225844539878,-0.8896895230754197,0.07259193814335595,-0.22180655900656393,0.13451086956521707,-0.7754289186628367,1.186332192269291,0.34668063467873506,-0.29967679175615874,0.23830036599006194,0.63000684305669,1.9981696893913554,0.686866461689033,-0.5390268340459148,-0.6758164204480642,0.47040475040958873
11497,Jonathan Ludovic Biabiany,Inter Milan,Serie A,20,922.0,0.7876183909879318,0.25664785103638793,-0.08206658703915337,1.7836803559814756,0.0188102406123831,0.2061959687186841,1.4349162054204991,-0.3076270301014505,-0.06311824312474913,1.0502248819459794,0.3743594663619811,1.748423245060066,-0.5415846807314204,-0.7060114432300908,-0.4769924682886518,0.47012288736676683,0.7399341103955421,-0.7439613526570054,-0.584477950796659,1.186332192269291,-0.05993986935310256,-0.3182237637319879,-0.09212756874819895,-0.5369974446039049,0.46219709345421606,0.5570196644668908,1.4224754192819467,0.6292251203316263,0.0715356651290543
7962,Andrea Ranocchia,Sampdoria,Serie A,24,1440.0,-0.17591495870744925,-0.3973651641479937,-1.522738995053482,-0.5533730026954023,0.8652710681696187,-0.3516569451309633,-0.03973154704033358,-0.018891597883430356,0.5780339089219108,-0.6325614919064464,-0.4317229519419891,-0.4659467390352356,-0.2669427505219284,0.5761414266967984,0.923291462667124,-0.621967264953101,-0.1318630644964152,-0.8967391304347829,0.08338283892215886,-1.293770503494509,-0.8387832409998227,1.33503123846488,1.4506093293133013,0.1720413163712442,0.031344507625705335,-0.8475798223963218,0.3547187687779292,-0.6091714721317714,-0.415225043341796
387300,Cristian Zaccardo,Carpi,Serie A,27,2506.0,-0.11771341713789944,-0.15674265816235936,-0.19862075466799028,-0.3744546782672754,-0.10815888352120255,-0.9072525546259773,0.01992715483913264,-0.4126983571593192,-0.3983115191523091,-0.4424657125150285,-0.4317229519419891,0.181638777626437,-0.38376968492069896,-0.24570473480047544,0.18943274043538597,-0.1762134151221545,0.5638589795657911,-0.9583062946138876,0.25260821217815865,-0.08816502638710619,-0.33065976372924394,1.075600528648971,0.009606197238343425,-0.3920332473704002,-0.1347328009831634,-0.4174179780826263,1.4662365235814492,1.1680485505432694,-0.4347235783438433
8278,Nicolás Federico Spolli,Chievo,Serie A,14,1134.0,-0.4008248968265792,-0.3973651641479937,-1.4159167893050832,-0.5599344409401545,2.163177670424047,-1.1255691476138834,-0.1870933538165238,-0.7565946043976329,0.6183981995807261,-0.5930571924672546,-0.4317229519419891,-0.2812907334877416,-0.19283302332254193,-0.38976054048984704,0.40341355112654925,-0.4843581774283821,-0.1257700929279855,-0.6796338672768885,0.08622469480102403,-0.9952396234488661,-0.9188988465138576,1.995013086532864,0.705322712331456,1.1771168707594366,-0.11085061786054036,-0.9329012031028096,0.3549424638453401,-0.403186747540707,-0.2947855362794298
7172,Simone Romagnoli,Carpi,Serie A,30,2750.0,-0.3163082815480511,-0.3973651641479937,-1.3083701748004626,-0.673125215605986,2.163177670424047,-1.4059488433788496,-0.10671660572159838,-0.8785716156546853,-0.5479493458825242,-0.7023003118576014,-0.4317229519419891,-0.42787402807326136,-0.3977721790944502,-0.3477603087694257,0.6354861849047232,-0.33387902576309986,-0.0020495356984889528,-0.6540920716112535,-0.456766124468402,0.08406432748537969,-1.0974458149448196,2.0924120299511006,0.7987998356359368,-0.5311658454655658,-0.9930235774956022,-0.8378644681476765,0.34253046969128853,-0.0713466390674391,-0.20596562084661751
3416,Gabriel Moisés Antunes da Silva,Carpi,Serie A,27,2145.0,-0.18773257847517663,-0.3973651641479937,0.24234203346861294,0.002605649134391427,0.43263553408480904,-0.37951448201299753,-0.06479159130938122,-0.14374955905931994,-0.8901074188420649,-0.33669362687585636,0.26124487059997914,0.8519547942638724,-0.3572096786327407,-0.13923052644144357,-0.0013404026694768811,0.10070770083022204,0.5848493463606215,-0.8967391304347829,0.6321789934316835,-1.867868349736129,0.27642891079374937,0.32932755041599615,-0.2034158513083832,0.32761812208735275,0.8241879445992792,0.010612232963663705,-1.8767224649761154,1.0918681786716877,-0.6066351723634426
31572,Luca Marrone,Hellas Verona,Serie A,21,1635.0,-0.06977321785786071,-0.028557824698452413,0.41502374818075904,-0.054041532601657304,0.9270761444674485,-0.06729142415011571,-0.13836236347539252,0.234061493121735,0.15604171754680807,0.5748885930031621,0.9319614327850955,-0.08172672015292681,1.3935070844143582,0.5710784233488368,0.5111027747042629,0.8440734125613665,0.1111291135583001,1.228260869565217,-0.41978208407067746,1.4044893738411066,0.669735769087938,0.028882209096703818,-0.4379729770676792,0.5959524291940351,0.2035690366944495,-0.1437314264808938,-0.13659800612559725,0.2097278869152447,0.13522465538218736
352172,Raffaele Bianco,Carpi,Serie A,26,1924.0,0.05029049909185723,-0.08395560073843068,0.08955699212890436,0.08229531490792523,-0.2595813204508859,-0.22735305972439027,0.0064079275432187615,-0.10215616449740085,-0.0583609171997522,-0.011966678030910434,0.3408425258919617,-0.030603890197692385,0.28062816646539557,0.18134166259783502,0.2944189129031228,1.3495948158250746,0.5121551631762151,0.09326086956521704,0.33413378560597845,-0.03816295590799722,1.2542088912292129,0.12313302542908931,0.026915019932727255,1.1291135993524604,0.3137934318191095,-0.035370758938072296,-0.3563335344114302,0.05067027408909134,0.1203764958907048
7696,Ryder Matos Santos,Carpi,Serie A,26,1672.0,0.702942764018806,0.3239267018807148,-0.2746989764180952,0.4065434364028679,0.3390927159043101,-0.0524998047432678,1.2077403334662464,-0.8095397962527188,-0.07410411063178778,0.6710136781327207,0.4572818203980361,0.4107275265365396,-0.30505096093377204,-1.1907933480927022,-1.1649999121858865,0.36724343299698103,-0.7462182623304036,0.05518394648829428,-0.742128703000253,-4.0494401654542855,-0.2602409039478792,-0.41948414558908653,-0.24378436716274618,0.5487009512628749,1.1586047827410744,0.6326258753041508,0.08278507817098812,0.14960079599796205,0.9980533742847463
11502,Antonio Di Gaudio,Carpi,Serie A,29,1573.0,0.8621348448060067,0.7526666222474294,-0.33484847568268555,1.264003567260913,-0.2651637144390771,-0.33335770706175,1.7839762040798794,-1.0448535578776232,-0.7028483396556682,-0.10885954899133772,0.9857112305302186,0.4659028299641338,1.218358521119616,-1.0087346949591354,-0.8047633992835492,0.4238375232403719,-0.6684822648623067,-0.8967391304347829,-0.6134535917640795,0.8590964199115673,-0.07369792021415789,-0.21317355275811167,-0.7302453713471414,-0.4948718437964094,1.611191248281333,0.6186448117711829,-1.539558959401834,0.45265819646363714,-0.38511631601367347
7793,Kevin Lasagna,Carpi,Serie A,36,1630.0,1.041879883246646,1.4523280873857491,0.1494212169887581,0.10007378888165233,-1.0316693505099306,-0.4100770631202871,2.1676588920191446,-1.1334098609936232,-1.3206792088521049,0.5143747744892292,0.024232869945287033,0.17638427412690638,-0.056327773367410156,-1.0743475862031082,-0.7262123297383692,0.6267153619999796,-0.6475975965800027,2.128260869565217,-0.8923500706526262,0.31370346598202775,-0.9551421292430662,-0.11833259477391057,1.268056452297525,1.1694508990297308,-0.14543396595269723,0.7610641423433346,-0.0156276591844872,-0.03438955061295266,0.1481552257570741
7460,Isaac Cofie,Carpi,Serie A,29,2238.0,0.10324066535004768,-0.3973651641479937,0.6119022812584217,-0.31436425891136477,0.9416185153610553,-0.47886910562789575,-0.21687981068399914,-0.2264136253332762,-0.32198947553541,-0.2608746903228445,-0.09963716567020175,-0.3022068628024376,0.695408463375675,0.08116075627702223,0.3864399328883841,1.5590276904604994,0.9085649197073215,1.136711573790569,0.37025790435623573,0.19578066513239814,1.1370810707224073,0.32403800995478516,0.3781376939417813,0.5253216231850345,-0.538788476088643,-0.25331332661991,0.20186242297443166,-0.08775847615601055,-0.027163563527681685
7803,Albano Benjamín Bizzarri,Chievo,Serie A,35,3271.0,-0.5658964110424543,-0.3973651641479937,0.0,-0.6608333537224925,2.163177670424047,-1.1668423842286337,-0.4798210963967663,-0.6301480284499711,-2.021636972522263,-0.7789597780634512,-0.4317229519419891,-0.4659467390352356,-0.5415846807314204,2.856168744774701,5.791344609521448,-1.7153794112587497,-1.2834346909296313,0.0,-1.050517656745049,0.0,0.1719844930921309,-0.5439669083520798,-0.8851952301820702,-1.5393035465059481,-0.9523029066436134,-2.0788573243826516,0.02294354646429027,-3.294834943142074,-1.292588617090644
23324,Nicolas Sebastian Frey,Chievo,Serie A,19,1544.0,-0.5254838253082569,-0.3973651641479937,0.10219555324221985,-0.659035956398456,2.163177670424047,-0.4658461856280938,-0.4407309809839077,0.1041588003820483,-0.27195435306807014,-0.5058852546617844,-0.4317229519419891,0.042634649300722,0.22684351778218415,0.39681516969951774,0.5810687661524784,-0.2980528859206074,-0.3436806434517477,-2.664596273291926,-0.10431217085967788,-1.7395405958703551,-1.2888853103655618,1.1635324040204462,0.12510996338204614,-0.40875188838759574,-0.6270535089693161,-0.2704710700503103,1.6381298619330913,0.2403995019098762,0.05465280503529548
7052,Alessandro Gamberini,Chievo,Serie A,22,1868.0,-0.4322839220197545,-0.3973651641479937,-1.376184559405417,-0.6114986344267497,2.163177670424047,-0.9938344706842646,-0.20518583157965928,-0.5549742729408684,0.395189894792582,-0.6661045681779657,-0.03386000243649614,-0.43792212577361106,-0.5415846807314204,-0.30767115567924147,0.3480620345987401,-0.6392465282051137,-0.4327019048065914,-0.3586956521739137,-0.08440836482077399,-0.6212558836114677,-0.7172112966489006,1.9073039404027086,1.0980966032224349,-0.824716291128962,-0.70089473981986,-0.9125677784813158,0.4754498546628157,-0.7364293133963054,-0.1808811123644868
8877,Boštjan Cesar,Chievo,Serie A,31,2816.0,-0.2335258550751205,-0.18323164142072135,-1.266586161878727,-0.6030870816691345,2.163177670424047,-0.7150706299105277,-0.13689417482032523,-0.3096186028825971,0.4081053428799169,-0.7040970180968011,-0.4317229519419891,-0.44735654813583414,-0.5415846807314204,0.13869183177022332,0.776330127931718,-0.4395088803137031,-0.4001269092905164,0.47826086956521674,0.04811799097078664,-0.9588800931868969,-0.5327685442463626,1.8088869774130378,0.7939528103642566,0.24739883163998408,-0.177440257546123,-0.8123399655805736,-0.9560793828199244,-0.6066436703046064,-0.7300229348761752
8645,Massimo Gobbi,Chievo,Serie A,34,2902.0,-0.26487695782728843,-0.3973651641479937,0.6207393638607351,-0.05871472002470537,0.47940694317505883,0.08443904153210986,-0.34463556976566756,0.5456147885934444,-0.16898631468409897,-0.19780600255390773,-0.17562095687780546,0.5081741392992188,-0.13274486732514706,0.02418091828761747,-0.10722945786607141,0.020846304926122328,0.12130809252094919,-0.40733235077376634,-0.1325061560271383,-1.0937622215780736,0.41007964545778725,0.4720846792815409,-0.12929407527990347,0.26521584715504715,-0.5997671037054284,-0.17142262146094817,-2.009125594977401,0.9699966238388016,-1.1228450128561844
7041,Nicola Rigoni,Chievo,Serie A,28,2057.0,0.34412350690019244,0.4820709078014478,0.8446269825354292,-0.2812088824440758,-0.5853304284676839,-0.12705913752028983,-0.17173701711953585,0.06191274744183096,0.3829356468189933,-0.4202590672072022,-0.07041619954711278,-0.3386983735206158,0.03520342743824693,-0.4453056975960089,-0.1298843928062659,0.6621060558457568,0.5304165825966788,0.1727053140096617,-0.13139763774095137,0.1153787554621955,0.6944202481011646,0.4341436411296927,-0.2216452464654336,0.2577333537442879,-0.4136727956793917,-0.18874997583033407,0.09670201660819903,-0.20400954319960427,0.2265032651069642
7049,Lucas Nahuel Castro,Chievo,Serie A,34,2892.0,0.3834360317094253,0.22815350805117662,-0.11339486144181303,0.2007567812937547,-0.6323134728931834,0.1347074224931411,0.5740981563595989,-0.1999474862330158,-0.3137539360241837,0.3144714048519371,-0.17473540364452736,0.45723751276574753,0.8259270049589964,-0.37444999255948064,-0.32271287643943525,1.16582864625029,0.9623688958903338,0.33198427382053614,0.5838442719301142,0.3533684080859945,0.8253463769091496,0.11575156004838484,0.24414920774821972,0.6265063421975525,0.11207971075547259,0.19864849551208585,0.741899765098435,0.4716802878638376,0.3693498327257767
7046,Perparim Hetemaj,Chievo,Serie A,28,2341.0,0.12710779302145897,-0.13978293433167596,0.5519174450624309,0.32592979299249436,-0.2163177670424051,0.39218302411659617,0.08093253700546196,0.02201039893631954,-0.050321323844562546,0.07654152677543187,-0.4317229519419891,0.7192513862761151,0.3031064331123823,-0.1460938006204461,-0.1015683856039002,1.5018815746688612,0.8711504110684406,0.06387730792138163,0.08748720232516766,-0.882642368444058,1.3709942178005214,0.0487575095312314,-0.48955350177544754,1.6626146505902084,2.492153106612096,0.05754515682002995,-1.1165495016480478,0.3644590864648736,0.026909397492013903
7045,Valter Birsa,Chievo,Serie A,35,2379.0,0.8504296705777403,0.6165062103791186,0.42901307599599203,1.0603188214650727,0.0,0.13108538252966004,0.11637299676849652,-0.062265072823694916,-0.8804821078968206,1.5250132499812143,1.7551017339486485,0.9643805170498619,1.2870526351653233,0.1669241843552345,0.025331090631375824,1.191482814903922,-0.06361102610756131,0.281832298136646,-0.3641718333903709,0.4285230352303522,0.05975990169201858,-0.20859426404679265,-0.22949484394289585,0.5755993105175679,0.25965322313461686,0.41939750920427976,0.08470841938515915,0.017802856056701545,0.5749489794770835
11643,Riccardo Meggiorini,Chievo,Serie A,26,1683.0,0.8800241252441953,1.3940786861193863,0.018557674786194227,0.25199968196659567,-1.0815888352120238,-0.3796954889735907,1.5553269087758383,-0.9693574692322965,-1.4701440845569795,0.28575503035112915,2.2178598989537717,0.4983130974199941,0.39836631035988906,-1.1251133432603098,-0.9630059879679971,1.0401049482502307,-0.38024125843299117,-0.14673913043478268,-0.6420198705210057,-0.7770824418770504,-0.6760001029883951,-0.2966286084831259,1.5478213767789306,1.694253591907285,2.0229238459911016,0.697749515444724,0.10995805607942404,-0.11798557863606036,0.4202692758504947
7050,Fabrizio Cacciatore,Chievo,Serie A,29,2407.0,-0.30666486815254645,-0.14684584549406773,-0.34186388140813445,-0.23777790925556927,-1.3765676084516667,0.3671629185070241,-0.160116895309299,0.8317087897860421,0.24944471666023393,0.18445893931376345,0.49458530274383616,0.38226644141173904,0.44425091420418833,0.7341687493501841,0.30882563794827056,-0.04941626725994481,-0.020389782835036223,0.228260869565217,-0.4435624136179144,-0.9695740726757117,-0.09911798613217224,0.21985835857808309,-0.297879259224617,-0.5154827727032241,-0.5066048939539242,-0.2530385891565215,1.0353944360242162,0.9276517102870656,1.0789369933503963
7043,Roberto Inglese,Chievo,Serie A,26,1446.0,0.944405202426445,0.8536721802503471,-0.2068668721215505,0.09784293662502971,0.13167168428668113,-0.36990965934160686,1.7114961618095377,-1.2211754053085597,-0.7900404413350687,0.022889756074500327,0.0822521446529352,-0.10391369911328145,0.2789223306828295,-1.2605034466226561,-1.0598971641054296,0.47874144790435114,-0.471122755271346,0.8017902813299234,-0.8722236281623039,0.31370346598202775,-0.5327020254178784,-0.25608975850460436,1.0700876772793262,1.9401943074767254,1.2201171026830737,0.6609803925383919,-0.10734251353012557,-0.14293842164212459,0.09879282475064242
8662,Vid Belec,Carpi,Serie A,30,2820.0,-0.5658964110424543,-0.3973651641479937,0.0,-0.6735729671364983,2.163177670424047,-1.405412639142182,-0.4798210963967663,-0.7902457725556399,-3.1280546824319884,-0.7789597780634512,-0.4317229519419891,-0.4659467390352356,-0.5415846807314204,2.6381556148010756,6.574822200171398,-1.7280574193270464,-1.2834346909296313,0.0,-1.050517656745049,0.0,0.29713894744940245,-0.5193646412906467,-0.8851952301820702,-1.502891953678774,-0.9070970719995385,-2.073988120102293,0.016840392643944862,-3.2785977040690173,-1.2425167353371938
7114,Gaetano Letizia,Carpi,Serie A,35,3012.0,-0.08942504829583456,-0.19716596096074263,1.1605139355893563,0.6098837321779889,-0.5969275090537249,0.12349322461208664,-0.20930503873885653,0.2821991805206653,-0.8488107224054067,0.41089083452734465,-0.4317229519419891,0.8897299710151415,0.37753572315691936,0.7398753899963939,0.6591824103580672,0.5806946908080566,1.0793517139034614,-0.29601097509497737,0.3190077898985068,0.31370346598202775,1.6445784877235445,0.1931209334884682,-0.3187434056032516,-0.2779537471741529,0.7476533092510785,-0.1263262025234709,0.5414064636949893,1.1369253884551807,1.2886349142495188
11499,Riccardo Gagliolo,Carpi,Serie A,31,2743.0,-0.22468041191594607,-0.17753286374697327,0.3057816064221767,-0.29331471554457916,0.275313521690333,-0.6286079400081921,-0.28729194611323755,-0.26184140178730153,-0.7404992705225453,-0.39468429124958515,-0.4317229519419891,-0.2750973858718576,0.4676718473442919,0.26407750639048,0.6961041279116562,0.06732662839040528,1.1599290953778123,-0.3439040788883913,1.1425703944331569,-0.3096027670803027,0.715998444027902,1.5426963916269327,-0.13879221350045073,0.2575149752170975,1.1039449592516828,-0.6639704353978461,-1.3827320111884494,0.22728917002995844,-0.5285430081917483
387472,Lorenzo Pasciuti,Carpi,Serie A,21,1605.0,-0.3326364769355354,0.3540367050108847,-0.5442634183135078,0.01967971129719429,0.13167168428668113,0.09797088428173432,0.2064600700228778,0.2772494668126706,-1.4279366773910698,0.8628901601459482,0.957450860537003,1.5236785768124834,1.1832693108646417,1.0031728780628653,0.5940662976936469,0.5490694711726739,-0.07805130625187241,-1.4860248447204978,0.07390113285902915,-0.6212558836114677,0.9504869848709203,-0.09008957022806949,-0.27775316676190054,0.5079127380574221,-0.23368743321004892,0.27087550462495985,1.0375122239140637,1.3127026633531447,0.6728446722882537
30829,Lorenzo Lollo,Carpi,Serie A,27,2175.0,0.4668820558309382,0.4343589737830408,0.38762813634281557,0.24390962098933044,-0.36932301690166675,-0.6947175065421411,0.11679291337116612,-0.6977405395219317,-0.5647520717590568,-0.24586808778139244,-0.09001812910232956,-0.22525718697677785,0.5494067109973203,-0.5974214187212012,-0.14830410117139192,2.9303963059543787,0.972057322222323,0.5557256582976113,0.17434182605190574,-0.03816295590799722,0.8218799354858493,-0.1292914552614405,-0.055932082223293704,2.5207146109406326,0.6849673723855207,0.10046747420649906,0.08976199055801998,0.44949889489362205,0.15500719099627897
32608,Jerry Uche Mbakogu,Carpi,Serie A,24,1739.0,0.6899380530610695,-0.050614157822519684,-0.8212636623894877,0.3357264046833304,-0.865271068169619,0.0056119150787837056,2.4268740295588067,-0.9881549468265401,-1.0578601682957993,0.4939223879479991,0.4230303426828074,0.19633014802613336,-0.08674353121828844,-1.2385618837375194,-1.3320655684023954,-0.2104329343453557,-0.4093262683351256,-0.14673913043478268,-0.8528460712893087,-0.7770824418770504,-0.7546495365118359,0.05446661476386255,0.7126149242743481,0.7044378493307389,1.073404789689903,0.7908016627496657,-0.11097652943868817,-0.2878755845144234,0.22562280277777344
38312,Eugenio Lamanna,Genoa,Serie A,13,1213.0,-0.5658964110424543,-0.3973651641479937,0.0,-0.6911632058351953,0.0,-1.3828782945640996,-0.4798210963967663,-0.8371724340276732,-1.0084559400365525,-0.6920621968325826,-0.4317229519419891,-0.4659467390352356,-0.5415846807314204,1.6261443659029458,4.445974681160189,-1.7140811282999586,-1.2834346909296313,0.0,-1.050517656745049,0.0,-0.2653158573388211,-0.5439669083520798,-0.8851952301820702,-1.5393035465059481,-0.9850429027114723,-2.1297720388309656,0.03823205850014312,-3.5917229413190372,-1.342187741107409
9940,Armando Izzo,Genoa,Serie A,33,2756.0,-0.22628992134578807,-0.3973651641479937,-0.4187943619467615,-0.24119519848463786,0.08652710681696159,0.03378460237357783,-0.003506054381303129,0.27679678581342265,0.3613638499122176,-0.43474319812970996,-0.16205387005655383,-0.35197726681597313,-0.39808526872065564,0.0970477802209724,0.27901553430798764,-0.09789779487356268,0.5717822979540695,0.5525851938895412,1.2569538278301873,0.2842227657696205,0.03013260846781896,1.3062913985504083,0.759758318374019,0.2862965612077477,0.4676941079860797,-0.4993931243905075,0.19490756324466788,0.5403708462397728,0.8985836025410877
7176,Sebastian De Maio,Genoa,Serie A,28,2310.0,-0.18773257847517671,-0.13632620310903296,-0.6123496230088099,-0.47642522691603756,0.6056897477187329,-0.3145653058315993,-0.06830879050503699,0.03575945448044019,0.37206072964462245,-0.7333291434171122,-0.10998789147607577,-0.32997277131389907,-0.37037932163978937,-0.009074933514261196,0.33805793379233673,0.13810759124272837,0.2420238272026808,-0.007033248081842164,0.1399616059650202,0.8590964199115673,-0.436124288611102,1.6935613543909933,0.8663284598291399,0.5054201857629047,-0.6259477255860484,-0.5425227065571097,0.2356554466878012,0.23693776846363818,0.9070890889863462
7464,Cristian Daniel Ansaldi,Genoa,Serie A,24,2084.0,-0.17666348356797715,-0.3973651641479937,1.5195641325703386,0.5465683693936543,0.0665593129361243,0.24916116913439837,-0.17572850950940397,0.2545807367233349,-0.4507919057819635,0.182042407458538,0.9947799073214677,1.1919700171063967,-0.1620411303459422,0.2574812039539787,0.4220234382490732,0.6103619656213753,1.203164310485662,-0.5117391304347831,0.10411584121691216,-0.07586292968192888,0.677128638115234,0.7876721149347069,-0.23024210326022704,0.4315350671722004,0.8397012925503436,-0.04258754613529572,0.34846449168853305,1.1220828643107321,1.2803496115333366
5717,Diego Sebastián Laxalt Suárez,Genoa,Serie A,35,3186.0,0.09998529037073697,0.17043144602149807,-0.22936400162670964,0.4765503800952532,-0.8825764895330118,0.21839829452354956,0.39159646703162887,0.06368253935394434,-0.19536377476382613,0.08123354172911929,0.501369313816028,0.6185160732055558,-0.04505689730183063,-0.6122855045562232,-0.47074696068281296,0.7255623200031983,0.4731999934600204,-0.5402576489533016,-0.2682847843252089,0.012797008641592708,0.790863817956629,0.05487358462159991,-0.1660741998289549,-0.08901128983036148,0.21090365507389866,0.21825394570049944,-1.7118917063431496,1.2027434721353143,0.031106545901565308
7461,Luca Rigoni,Genoa,Serie A,28,1930.0,0.5656559895150732,0.8523757684944938,-0.5709771301470487,-0.3056362125943239,0.08652710681696159,-0.2629602548614942,1.0837835201175763,-0.341546387298389,0.25426797316344174,0.3679532202235498,-0.4317229519419891,-0.1675789912114738,0.27807206434975773,-0.4792166461296972,-0.29729910524524156,0.8867836358474834,0.07697116827644787,-0.028318077803204028,-0.38260790200243405,0.7500178291256591,0.16716483391249118,-0.07665130707117801,0.15036759322114926,0.6951985542456192,-0.15875424615543482,0.17738734845283136,0.5795900665987721,0.554056207610372,0.27606082181545055
5554,Blerim Džemaili,Genoa,Serie A,27,1822.0,0.701222248575125,0.5954998193865835,0.8818173903029177,0.07114483348923535,-0.061805076297830275,0.10520258745033262,0.00878389175495771,-0.04565989668433613,0.3199317463409676,0.6673460127302294,0.3840926239924355,0.10869626395833809,0.7607788082971254,-0.011479436727239957,0.2362192097407058,0.9827354676140782,0.8022877938286634,-0.5217391304347833,0.0343163722715876,-0.9193588646412779,0.28935445098220575,0.008166296994793355,-0.18957071573301215,0.4895136345120185,1.4275096174264823,0.11849507070057311,-0.6527349854965575,-0.11575824939642587,-0.10480980036010994
7702,Alessio Cerci,AC Milan,Serie A,24,1346.0,1.2420413768999166,0.05062889231560205,0.25851219603369346,1.5937382310742976,-0.8513150831991416,0.14090829933367732,1.0447514880857176,-0.591919823171377,-1.054023647378195,0.7872625998420977,0.672597983683956,1.5953822441400038,1.5151691502579403,-0.3297698467859111,-0.3127145657722105,0.27391142808605995,-0.5647718631407,-2.075310559006212,-0.9228241622771692,-0.7770824418770504,-0.06510530134975134,-0.4924227827107414,-0.45059886534282545,0.13898413477034732,1.2668921790825018,0.6526667209931114,1.4946201610052468,0.14036152543156058,-0.06768280701165008
8180,Leonardo Pavoletti,Genoa,Serie A,25,1976.0,1.549792439681864,3.8749020423297407,-0.9499529280966441,-0.3648179878725279,-0.23295759527643617,-0.49870220680487126,2.6051328296876552,-1.1474697858723788,-0.5103122949170145,0.18122331333066927,0.6966292591049658,-0.4129609317754031,-0.5415846807314204,-1.1258789922622912,-1.038811285933999,0.022439534419130994,-0.6889999444914326,0.3164961636828644,-1.0070269068579625,2.495275281700185,-1.1013836089415308,-0.31574850995325887,2.272519787759217,2.0981703523220925,0.527320547967,0.6579180828446605,-0.2965428773035933,0.0031280509332005063,-0.22538751634803064
31273,Marco Crimi,Carpi,Serie A,20,1073.0,-0.10068088542380899,-0.3973651641479937,0.2333237565029179,0.7419576394957353,-1.0187869028448742,-0.47843537640059325,-0.05795386761680151,-0.6146025451749957,-0.9793319107869224,0.006924777634915538,0.26092195921948386,-0.12442778003336981,0.9327280107939047,-0.4194702507572473,-0.28300443931188235,3.0890129707262246,2.065030802520167,0.21383779264213987,0.6313948850206036,-0.9329090001426336,0.6749079399511759,-0.12368773292237782,-0.38545666402721945,2.766969640603483,1.7805038296349645,0.06493006019802226,0.6458097495478222,1.055946276365745,0.32206573444744757
20252,Luca Toni,Hellas Verona,Serie A,23,1841.0,1.5354702414090662,0.5852529781659661,-0.7708058984006453,-0.044499786428453966,-1.0815888352120238,-0.5601376508241197,3.249346187666433,-1.3012893477884353,-2.302410894744265,-0.20640808858467105,-0.4317229519419891,-0.2668973946522905,-0.3267642681829858,-1.2773912152037321,-1.2816744892233294,-0.4648412123657371,-1.020718730526616,0.8711180124223601,-0.9104779145773959,0.31370346598202775,-0.939030392286933,-0.3366984878616786,2.186330119290151,1.1378682107381115,1.8928502325164704,0.8137911379071828,0.03504508981860599,-0.2527692123500443,-0.0854388516652969
5669,Wojciech Szczęsny,AS Roma,Serie A,34,3184.0,-0.5658964110424543,-0.3973651641479937,0.0,-0.6600046171854934,2.163177670424047,-0.8817288965021743,-0.4750821565257351,-0.3716426860896245,-0.3828383482026658,-0.7458546379776964,-0.4317229519419891,-0.4659467390352356,-0.5415846807314204,2.1031574633205636,3.7953129730747683,-1.731886929382582,-1.2834346909296313,0.0,-1.023527166237234,2.495275281700185,0.013011758154531606,-0.533072060187312,-0.8851952301820702,-1.5393035465059481,-1.0011687834534528,-2.051143848066129,-0.003519518043563955,-3.2456831360836005,-1.1377452213063945
6964,Alessandro Florenzi,AS Roma,Serie A,33,2814.0,0.4984452925584123,1.1026348358520064,0.5178821336557541,0.17259627653365586,-0.5915628731363725,0.8330554888517755,0.4746222759510257,0.9552681064943964,0.11792475010143073,0.5320696502082336,0.36060965965317127,1.0781357551137727,0.8638324461401804,0.9467025558122267,0.3448121745287571,-0.043309787623906186,-0.12940768789421214,-0.2823774283071229,0.8429218422481115,0.2785168237930253,-0.1464854810313666,0.2696389810356149,-0.2962095620790379,-0.6270728093645876,-0.2644143240611059,0.06190735850984804,1.4887213677236457,0.9608289112886516,-0.01994309680770712
7048,Konstantinos Manolas,AS Roma,Serie A,37,3243.0,-0.23880743467760274,-0.02548727330618051,-0.4036539385600892,-0.5993880474072111,0.43263553408480904,0.03275817343730251,-0.2053103691650546,0.35188350593071666,1.0046639439912262,-0.6814512063400068,-0.20254996715128312,-0.4336618314973296,-0.5415846807314204,0.16292593158827334,0.24161599381597126,-0.6263240263930948,-0.06901132910366797,-0.6796338672768885,-0.09653739650212825,-0.7770824418770504,0.13775197439119463,1.135405234537055,1.5799743648450204,0.23378271290427896,-0.1660137839665546,-0.7880312235039979,0.7859250346425072,-0.926049431222085,-0.649203920327363
7051,Daniele De Rossi,AS Roma,Serie A,24,1963.0,-0.21624416646292863,-0.09018228080617038,0.4194682202845098,-0.5142751202965922,-0.061805076297830275,1.0970132380168571,-0.1646707313820441,1.3234653522629645,1.1641672418148228,-0.02720495154149088,0.3254935428886381,-0.38594167906674676,1.6745784239646335,1.7101870643561912,0.7644024290370651,-0.4555656564667437,-0.2978817961727271,0.281832298136646,0.08773031380969422,-1.028802266767607,-0.518436159579321,0.6046819842512574,-0.2147035893692059,-0.17929438395453717,-0.04821280482897003,-0.4338077961728822,-0.16854273178603055,-0.3427791955545087,-0.3052894770575273
6947,Miralem Pjanić,AS Roma,Serie A,33,2743.0,0.980949451664383,1.581125539461194,0.33584425464591916,0.08644975246009985,0.11067420639378808,1.9788342150102678,0.9778996128928086,1.9368589211068024,0.36769689838975467,1.6804033375452916,2.54869552652643,0.6982343152613699,4.216338951625511,1.2041740182825726,-0.12965472337973905,0.6696891542968977,-0.37661926508356963,0.24909420289855,0.1713456860542372,0.48151668257573227,0.04123377592510161,-0.2783915792638419,-0.35205021826662763,0.7067196056478593,0.2951730577095304,0.21966473816990062,0.3858655143145179,0.32912933306369024,0.2725110810664661
6962,Radja Nainggolan,AS Roma,Serie A,35,3033.0,0.7919025130121627,0.7955131741309384,0.3973325317268287,-0.03696639567594102,0.08652710681696159,0.9110444681792695,0.3758567613317224,0.5893491538355833,0.7404264173458274,0.6459256183608091,-0.18668240143877116,7.680018774276813e-05,1.0231408563671693,0.3396268417277198,0.06421410729260474,0.34392721565675544,0.060635060990442746,0.5714812085482677,-0.14382227367209824,1.0636187776351445,1.1260077971316926,-0.24659825999331275,-0.3869545466101852,0.25498483593700344,0.49137364869066863,0.17086680936916152,-0.1150328516360587,-0.14522465935355588,0.2843680139556294
15818,Gervais Lombe Yao Kouassi,AS Roma,Serie A,14,1108.0,0.954608890480309,2.8679777961408166,-0.44427284049785193,1.4129976579962993,0.06443507954454575,-0.1934126982429573,1.6854467225100769,-0.8124599309607528,0.5720628259817842,0.36262974576012413,0.2390423817008458,0.14826779927278738,0.5292214009517977,-1.2721039728114372,-1.0758405536376674,-0.39660451525286167,-0.8469183704405059,-1.4860248447204978,-0.5851509323214942,-1.867868349736129,-0.43802916281323057,-0.5126589692215556,-0.8851952301820702,-1.16861512855421,-0.6078420196842044,0.764007171881557,0.056517851260289326,-0.28192295947605645,0.9677121373354359
3531,Mohamed Salah,AS Roma,Serie A,34,2773.0,1.0767229049592977,2.646991128675664,-0.19094189446548637,1.07978624959294,-0.5637372110802067,0.589280104415051,2.1211305857509832,-0.1746234813821279,0.40023886004076714,1.2356664750022908,1.1763722294707646,0.3835840906698331,0.45675309658977664,-1.1056249899724662,-1.1769660399108155,0.032283974167673694,-0.76018180621782,-0.7003105590062113,-0.585654394338541,1.186332192269291,0.06461162704748304,-0.49392839907458863,-0.6566651426728412,-0.576556346329814,0.3398509781964791,0.7456184989151095,1.080954147734817,-0.048078354300405586,0.1552162372125282
6973,Edin Džeko,AS Roma,Serie A,31,2058.0,2.1021982677120987,1.3606523285633767,-0.8234594259083261,0.29706973796623487,-0.36932301690166675,0.05061821610411264,3.992559163618626,-0.8471577981043235,-1.0878374770317967,-0.010688888609781852,1.0128018093335425,-0.10982444262221132,0.034923161107746334,-1.0368401028653353,-0.8314999285663087,-0.13141968022495043,-0.8134054556507675,0.8711180124223601,-0.9670018921416642,-0.7770824418770504,-0.9302728455220614,-0.20685129555693124,2.2414489767226224,0.5562207753844913,1.0632341827226288,0.7984939403568271,-0.10433372074068405,-0.10205702053591258,0.05497105395965741
7468,Iago Falqué Silva,AS Roma,Serie A,22,1205.0,0.2626119026319132,0.6034647113706786,-0.08725562776026245,-0.07368013782284528,0.08652710681696159,0.35997067883456824,0.5219239359261155,0.15566456584636443,0.44615000463051946,0.7081066307014773,0.8018172798858296,1.098035993427606,0.11482092839997936,-0.06264890366129992,-0.11154934482907188,0.5086148043541745,-0.1939810360467546,0.18878718535469047,-0.5512943767133628,-0.3096027670803027,-0.5139703233168162,-0.37124061844359457,-0.3997456807433786,-0.9428182001089185,-0.3709109472642508,0.39201392908004695,-0.781218965296056,0.5778781267280007,0.7169492750428789
20169,Seydou Kéita,AS Roma,Serie A,20,1424.0,0.0037394182109238587,0.026089892031781508,-0.17629446635312215,-0.41248639049628827,0.8652710681696187,0.32351089646319764,-0.09836306003645545,0.44900997399621995,0.954779807527965,-0.4088517512620346,-0.4317229519419891,-0.42918411433529563,-0.26385688613755226,0.07514557763709682,-0.038736868314744925,0.2095455841654931,-0.021881504668523715,0.37249163879598635,-0.08492527722950828,0.45005170446441284,0.16052880374363254,0.2355655985382753,0.6552718706087218,1.7055216850729982,0.6782290379187111,-0.12963746821521394,0.015161318044712466,-0.5776632885752888,0.15250767785835365
7018,Emiliano Viviano,Sampdoria,Serie A,37,3462.0,-0.5658964110424543,-0.3973651641479937,0.0,-0.6911632058351953,0.0,-0.9304399879540588,-0.4798210963967663,-0.39847900964154775,-1.5313861510687499,-0.7485129941139874,-0.4317229519419891,-0.4659467390352356,-0.5415846807314204,3.039527592154636,5.94236955062956,-1.7069320631627989,-1.2834346909296313,0.0,-1.050517656745049,0.0,0.2696446252368158,-0.5439669083520798,-0.8851952301820702,-1.5393035465059481,-0.8629124412935177,-2.1132639196432086,-0.06636568276352298,-3.560998326359124,-1.4119809727848727
7473,Lorenzo De Silvestri,Sampdoria,Serie A,17,1445.0,-0.047720363649229686,0.01993587391428988,-0.9980258816798963,-0.38220800986777037,1.0094829128645553,-0.0010001792484347935,0.5435013159476031,0.2644738670235063,-0.9217985360924562,0.023444669246914063,0.5969386254646005,1.164329379146187,-0.5415846807314204,-0.09310638475055519,-0.18041975506433505,-0.31939400938292106,-0.6618250932701789,-0.5794314381270909,-0.21790305129427834,1.5603159321066888,-0.6251938555155121,0.5603258540040147,1.1389110226678378,0.80565342823235,0.08445496520213633,0.12698041597561227,2.0327528745385743,1.3581088608341592,-1.199228246644018
9884,Niklas Moisander,Sampdoria,Serie A,22,1859.0,-0.4987667366222275,-0.3973651641479937,-1.1924438080784545,-0.557746118341044,2.163177670424047,-0.33335770706175,-0.3661885069986557,-0.017270622350863674,0.8759677836563512,-0.49545583499448015,-0.4317229519419891,-0.4096261606891199,-0.5415846807314204,0.21264239794197004,0.46212775311589915,-0.5991017870807112,-0.20557851556987009,0.38343328335832033,-0.17218698769675453,-1.638229211239481,-0.6123545833032462,1.564628686536651,0.18991840573412863,-0.4346161686400897,-0.6549925329134179,-0.7904460441259873,-0.5171792073092673,-0.6362410066037135,0.11804683362867242
7012,Vasco Regini,Sampdoria,Serie A,15,1257.0,-0.16877925989781908,-0.3973651641479937,-0.7611738766370549,-0.21761214969843676,-0.865271068169619,-0.16177347635992678,0.012334962890345618,0.07954514211250437,0.6007056298612292,-0.6951039578303221,-0.4317229519419891,-0.2993596982310524,-0.5415846807314204,-0.6366442943192098,-0.5303491563302597,0.4502940273232542,0.7503672268760487,-0.5622796709753232,-0.5035790933281318,0.8590964199115673,-0.6961014793066214,0.6426961401242084,0.4333454778862934,0.0944385660259777,-0.07228805551655128,-0.30418640289762267,-1.777272784089575,0.6130733892538741,-0.834128145254752
387417,Mattia Cassani,Sampdoria,Serie A,25,2111.0,-0.47722227692554176,-0.3973651641479937,-0.16923266797883338,-0.3151937268748887,0.21631776704240452,0.01168331747432974,-0.40834414448125983,0.3223371082785161,0.29340683097438514,-0.42943473674118493,-0.07965853238904747,0.2036171617053106,0.7698272835090721,0.23548381092317158,0.331165010343929,-0.5399315162653855,-0.30151667691741485,-0.621739130434783,0.3743143007115638,-0.49659463699900197,-0.47311728851184603,0.8199380249494485,-0.2386190499333154,0.3090461869663393,-0.2743316577736404,-0.39086786942267676,0.9479992140151478,0.46360921010452055,0.8081747669316031
16586,Fernando Lucas Martins,Sampdoria,Serie A,35,3090.0,0.4033778782561988,0.38321736012385105,0.7507547753754019,-0.04903410382450989,0.21631776704240452,1.0578074899688636,-0.2698477191726153,1.151229428721933,0.671722193301589,1.1313246548978542,0.04931781807500817,0.07618895103818396,0.7383000425749502,1.419086843029035,0.5857807079284226,0.5817320195095195,0.46069320929931684,0.26672240802675595,1.0075378162288506,-0.06954563677926978,1.0333652628631813,-0.06123698863211406,-0.6170066104341846,0.9861762511380638,0.8883403102980806,-0.1682931485626424,0.1477104635569187,-0.16399721260148095,-0.071387216638235
36364,Dávid Ivan,Sampdoria,Serie A,21,1147.0,-0.29389539807993986,0.12835410350675755,0.6837737809378069,-0.34518606107268124,-1.730542136339238,-0.03416764072780598,-0.032551109754782113,0.04326993658990118,0.6025143188696815,0.140018129809639,-0.4317229519419891,-0.10082047871987676,-0.5415846807314204,-0.8685250466185014,-0.8016778974056056,1.5163522450122335,2.210435631640196,-0.4700149925037485,0.223188768893149,-1.3545573342730333,-0.6591859249581821,0.242361871484137,0.007299745736710352,0.34063937173752434,-0.04989146278116865,0.15623108859507256,0.8463091937529276,0.3085349489205522,0.20985877247176718
6759,Roberto Soriano,Sampdoria,Serie A,37,2899.0,0.5963801492108896,1.2666569124301372,0.13663059533473002,0.3183793656340014,-0.21265136421117772,0.3708539315778511,0.5923726314986674,-0.003748456690520863,0.6752921133219821,0.05731328808349574,0.5937451262591295,-0.1589617032518111,0.6862040103741387,-0.8414115102590064,-0.7959856990239906,0.43987723132949524,0.3134324833585814,0.14990266060999347,-0.2501318381952579,0.31370346598202775,0.319464422184268,0.09022675066858318,-0.43118519537156563,0.8337928138825698,0.4210357502431621,0.22978272232982733,-0.11576364544489491,0.07438472944823075,0.4029641802330822
7009,Édgar Osvaldo Barreto Cáceres,Sampdoria,Serie A,30,2232.0,-0.06269453706180263,-0.3973651641479937,0.6074471562310102,-0.46892094270649703,-0.9517981749865808,-0.1879328466273136,-0.16885152235074619,-0.0411591071604161,0.5834355749523218,-0.21225673487504557,-0.09874446194366503,-0.20794953773601504,0.1671686875511394,-0.32886292224018293,-0.09717569234878894,1.4082083723381387,1.0382822978470136,0.808260869565217,-0.04945100522221698,-1.028802266767607,-0.47168971615500926,-0.0932560211916842,-0.4702322883362352,0.11683664337520579,-0.0956582066723653,-0.03643390380159158,-0.651489240886661,0.027304605383553417,0.1635612351918099
27595,Carlos Mario Carbonero Mancilla,Sampdoria,Serie A,14,1073.0,-0.21698476682847032,-0.3973651641479937,0.18130429825211775,0.6957279348076411,-0.08652710681696216,0.584521167639777,0.687344903227803,0.18708525745617335,0.7468981874922226,0.3016314860218031,0.9535668703809576,0.0707259108248392,0.9327280107939047,-0.5857326670316096,-0.6847544351868642,1.2170142621244746,1.1635208619759905,1.2743135011441646,-0.08942477573610455,-0.23168948794751096,0.6328358038248377,-0.12368773292237782,0.06885112338628097,1.4272402046138815,0.861600929798525,0.3138274656544763,1.1156278799629193,0.5388156264637765,0.16933097973628372
19850,Antonio Cassano,Sampdoria,Serie A,24,1270.0,0.3184709769298405,0.5522411350646049,-0.08697665848454372,0.2071855201470766,-0.7712198651077043,1.517238217145018,1.8013179850817962,0.8272501518914269,-0.8794717511891478,1.9599561897242919,1.3238864724901238,0.7294464496330497,4.752300714172804,0.10834448792218668,-0.4871627501076076,-0.4989053059899685,-0.8481950210966047,-0.8967391304347829,-0.9151826618208236,-0.7770824418770504,-0.2860925300401114,-0.48933825235740147,-0.5397424504141823,-0.7307941624694794,2.440859771827135,0.7051405400268517,-0.18210942605226138,-0.6569135233587,0.47493591196171575
7055,Stefano Sorrentino,Palermo,Serie A,35,3214.0,-0.5658964110424543,-0.3973651641479937,0.0,-0.6757293311835694,2.163177670424047,-1.2801043926758027,-0.4751263905631125,-0.64776646775774,-1.806534457945881,-0.74616364675261,-0.4317229519419891,-0.4659467390352356,-0.5415846807314204,2.78137518686142,5.617355994812738,-1.7083665409269884,-1.2834346909296313,0.0,-1.050517656745049,0.0,0.328408424312046,-0.5007942928491294,-0.8851952301820702,-1.5393035465059481,-1.0016505320042361,-2.105763654218546,0.013732427277105712,-3.2246989823363625,-1.2914547630326003
24061,Aljaž Struna,Palermo,Serie A,22,1882.0,-0.33381393143820054,-0.07696133843067178,-0.48786510732694977,-0.45394734070611503,-0.7210592234746828,-0.35682850070061534,-0.19921139436290913,0.11559219889705334,-0.09304130443068662,-0.33089701065412735,-0.4317229519419891,0.14600836542795279,-0.5415846807314204,-0.18699841704660636,-0.04255802439672063,0.196135051393907,0.40537385793098313,-0.5380434782608701,-0.3655730092140996,-0.5589252603052348,-0.4652201230559214,0.41450185941852663,-0.056336984239989514,0.9158670856770588,-0.7035123780791083,-0.34294739633429827,1.835679152412493,0.5713690000677905,-1.0168260485944127
8102,Edoardo Goldaniga,Palermo,Serie A,17,1260.0,-0.2687676854538791,0.5597776929948635,-0.8029728408548732,-0.6124259468981708,-0.43263553408480965,-1.1831918515807984,-0.024762514749298508,-0.8590006772813523,-0.7328137549696615,-0.6116474510268743,-0.4317229519419891,-0.3828515365388633,-0.22770818906342968,0.03070983278851488,1.2641843191724045,-0.5234029704284753,-0.02218957626468038,0.7173913043478256,1.2684367404089398,-0.9695740726757117,-0.5208088812267279,1.9063017373139919,0.6623357409121715,0.3350265414071672,0.31664046003441465,-0.8738843764179267,0.9310366767358622,0.2157622665113079,-0.5309424188609557
5584,Giancarlo González Castro,Palermo,Serie A,35,3248.0,-0.4890527751143745,-0.026059745428782113,-1.3174278695418566,-0.6606185795234186,2.163177670424047,-1.1591447592121602,-0.2847075030860326,-0.7717985711571885,0.10527196969181513,-0.681601311899926,-0.4317229519419891,-0.44982913510274963,-0.5415846807314204,0.24031623720164638,1.3473860129882202,-0.9339151296329884,-0.6027026950085183,-0.8967391304347829,0.11366330328661871,-0.479595376097302,-1.0335213020361862,1.98723370246046,0.30046696857655697,-0.7173521961092671,-0.7998083310664655,-1.0006229999191305,0.038048622612498244,-0.8722135980133483,-0.34415050038011685
10032,Achraf Lazaar,Palermo,Serie A,30,2364.0,0.19954941756770794,-0.142289022016014,1.5560657275601517,0.9874991674414696,-0.17305421363392373,0.5590905655711297,-0.34578367019683753,0.5074532833971809,-0.8172303747746037,-0.02095849948403544,-0.11733716950702267,1.571362032830137,-0.374290103954065,0.3899369299009831,0.11476408023206162,0.35577922500460235,0.5871385093679787,0.005604619565217073,0.04006256884991467,0.5318606475538434,2.213584197597027,0.4098392575448541,-0.24595496229986746,0.19810240565363815,0.33749458041352853,0.009255531392959284,-2.0035972369227326,0.6908767846072983,-1.1207342599901349
30735,Mato Jajalo,Palermo,Serie A,28,2102.0,0.027795619153557095,-0.3973651641479937,0.6088068577168511,-0.2663865567648537,0.7210592234746822,0.04620381422383635,-0.09937124810168516,0.21279325541928798,0.3616667791896908,0.12366714324710154,-0.4317229519419891,-0.3165176879237763,0.21100214990924251,0.04214848194603235,-0.019525237563288594,1.021862375633396,0.5244560641748468,-0.3717391304347832,0.05334461155934882,1.0408940712214136,1.660921090280282,0.2976834362662172,0.08882164648666525,0.9519977286625619,0.15898119347021078,-0.15344850665719773,0.051795735382587575,-0.1794392013569495,0.06949796757274189
40349,Ivaylo Chochev,Palermo,Serie A,27,1808.0,0.4349409445075586,-0.3973651641479937,-0.4172500915444937,-0.33449387469900566,0.16639828234031132,-0.02585861730080864,0.30466217110332233,0.021520369259145453,0.004224399630818284,-0.1959577535444056,0.3904097800007774,-0.002672601223602238,0.11463940030010912,-0.6730104036519003,-0.6628677933345924,1.481597293989547,0.703790682118839,0.6897993311036784,0.8032274479554161,-1.028802266767607,0.18465585814272145,0.2043066899378597,1.0291040048025937,0.10767657595329676,-0.18931802547625212,0.16715295278931772,-1.2847571893736618,-0.030216459867021612,-0.5323494221359877
5605,Oscar Hiljemark,Palermo,Serie A,38,2983.0,-0.02204027905666121,0.4112168003173096,0.00588152455358513,-0.1257753122947778,-0.12724574531906171,-0.24068053523120994,0.3345584920871455,-0.13549053885377066,-0.1958618948684184,0.4931299226370394,0.8140162194898927,0.5343713037554885,-0.14384645126276305,-0.31521232014251305,-0.28308814523729336,0.8059112831499117,-0.3337644927983167,-0.3936903499469776,-0.5607619510102139,-0.1996075494810676,0.0032205745872084814,-0.19509801907999683,-0.11713636236275242,-0.506644896429198,-0.5845236639936854,0.2577791399084982,0.48455267655617124,0.4644208695277328,0.3735361102999224
30512,Aleksandar Trajkovski,Palermo,Serie A,32,1725.0,0.8448191034911289,0.6513304880259193,0.4031630196521718,0.6603789606142517,-0.37740546590377033,-0.06254186070866284,1.0246837978006285,-0.7037590073735686,-0.16765645696289033,0.5653583974304363,-0.0008777405354614536,0.9300526629038195,0.14621424014104625,-0.7478505709002922,-0.6134111616037334,0.8787067255199437,-0.6425600466537544,0.13451086956521707,-0.6021469344308763,0.31370346598202775,0.3309651784128474,-0.4434185125357877,-0.29175074474506096,0.722647924427384,0.8048686638086231,0.5964733901006571,-0.4858677625814793,0.16949252515605648,0.6602413201334406
6719,Franco Damián Vázquez,Palermo,Serie A,36,3280.0,1.4505930498117179,0.8895250797544458,0.19373078775338,2.182266640128779,-0.4053111845636637,1.1191833356852865,0.9370525747019928,0.02983685639976704,-0.29220309252091997,0.7314420522880856,1.1543916601719824,1.0343270084754868,0.9053093906161472,-0.11746987068638794,-0.21955437451649892,1.4288599066987353,0.5071187526098206,0.12237851662404065,-0.4479055833095881,0.7879582085294531,1.513964864514671,-0.34302339171311796,0.22945169640638918,2.5929681955633703,4.308000418610894,0.4503306880248775,0.13508540076747344,-0.06882989828664275,0.4732495074580169
38389,Alberto Gilardino,Palermo,Serie A,33,2418.0,0.6985595799858496,2.0964313619065975,-1.2280494563940292,-0.19881111521161762,-1.0815888352120238,-0.5429988010338695,2.577873043052394,-1.17051052071286,-0.12673065914054207,0.09289105761101889,-0.12435819194353608,-0.29274582068051413,-0.21446774152408524,-1.321536685456734,-1.6142567199044595,-0.43669531506610637,-1.1691347776360117,1.165760869565217,-1.0149768288803331,2.495275281700185,-0.7812960371726736,-0.3000809110557385,1.1509792051100431,0.49902284104008743,0.47634955895105185,0.7387051452411072,0.0007261217400059846,-0.2083987782726635,0.17450957912990672
8552,Robin Quaison,Palermo,Serie A,30,1579.0,0.22443965448763825,-0.015477893723674502,-0.07135122585237523,0.6911020365551275,0.3933050309861901,-0.08804862554599456,0.6573323940239086,-0.5318359376434832,-0.4543698119310428,0.6229034814007113,0.5096424561343386,0.7275929649658567,1.2116709598712903,-0.48662996706681755,-0.27454224192803733,1.5578052995787681,0.0730714681367284,1.099228611500701,-0.5606889702396987,-1.1406777444967433,-0.5110520214062004,-0.30230689434142205,-0.4221120231890181,1.1268828769759347,0.19608982073923367,0.5782929734450346,-0.5094157569925221,-0.02075461815605932,0.8308052549218627
6334,Luis Fernando Muriel Fruto,Sampdoria,Serie A,32,1757.0,1.422853624769523,1.6618266400637314,-0.07101607788721799,1.962690222878858,-0.5430956704468886,0.15298285905802989,1.7100707989291695,-0.8431796416742615,-0.46822951978637267,0.4808820470326855,1.6832684813996752,0.04056983395061963,-0.09140325841876451,-0.9823984720924491,-0.8218325691820686,0.1980815190954524,-0.6149070535011278,-0.16879795396419453,-0.7570479181785729,0.31370346598202775,-0.10257651530554808,-0.5242234840170652,0.030375882198387622,0.213923973800794,0.8645645703405891,0.6936717877178882,0.1481281466380168,-0.5629809190382643,0.2721999295518763
30769,Andrea Rispoli,Palermo,Serie A,22,1482.0,-0.06065728251127369,-0.3973651641479937,0.3144652898679083,-0.12215103092592906,0.02544914906381223,0.07148579533959079,0.25323726227675947,0.2794434429054952,-0.6109296787269441,0.14566097661236851,1.5742365343637086,1.8301049088908423,-0.27472612506227867,-0.0725751725619411,-0.16731138746396845,-0.434814819074358,-0.2577433637421514,-0.5217391304347833,0.3991740061578377,-0.38439951504778186,0.5206718295770911,0.29868563958202843,-0.3589093938585224,-0.08431398697473207,-0.38747457068764685,0.19774551416885724,1.7040763442812368,1.382934114486024,-0.015361273835852026
7157,Marco Sportiello,Atalanta,Serie A,36,3375.0,-0.5658964110424543,-0.3973651641479937,0.0,-0.6764655841669507,2.163177670424047,-1.3253837312606114,-0.4798210963967663,-0.7008654723888131,-1.7726179931539041,-0.7164965093031291,-0.4317229519419891,-0.4659467390352356,-0.5415846807314204,2.5500996612482516,5.873878846644674,-1.70948855056887,-1.2834346909296313,0.0,-1.050517656745049,0.0,0.14893767637233968,-0.5439669083520798,-0.8851952301820702,-1.508879637832576,-0.9553990931052172,-2.0754499713531174,0.03148029071802148,-3.434684090404117,-1.3723925493900413
386607,Gianpaolo Bellini,Atalanta,Serie A,15,982.0,-0.1846518140550767,-0.3973651641479937,0.6753336024490209,-0.43859460537528977,1.1248523886205046,-0.2902373146582109,-0.4029942911556084,0.2266798179730896,0.45237789836622605,-0.671620912449354,-0.4317229519419891,0.22707740398440732,-0.5415846807314204,-0.4054021292543066,-0.2744710662106032,-0.049320321886137546,0.47558510504778617,-0.4017391304347825,0.34968962271536846,-1.5951718727713593,-0.3354659768180968,0.9396850828679542,-0.23986535985305593,0.7610785502332512,-0.2160669313470614,-0.1803995068470718,0.6795490024962844,0.5808924950402963,1.3141759192743556
6992,Andrea Masiello,Atalanta,Serie A,29,2485.0,-0.46545853197025977,-0.3973651641479937,0.2391720550754368,-0.5913554128164319,1.1248523886205046,-0.2428867133263214,-0.2733749496449129,0.22772167048782263,-0.021102036206197716,-0.3547876813510027,-0.1326452901004356,0.4188416143064192,-0.5415846807314204,0.7500658723840341,0.7521927232420853,-0.406429545573163,-0.1712528384387987,-0.6904891304347828,0.5748638014092797,-0.8467070742935878,-0.18674972444071072,1.0753275787980257,-0.2182311778513125,-0.34101780750944327,-0.4245549801066828,-0.47671246236244713,1.3318873843106447,0.8586109682669668,0.09959735197640739
31231,Davide Brivio,Atalanta,Serie A,14,1063.0,-0.037605450212344,-0.3973651641479937,1.4005965976582126,-0.4111755870374975,-1.2979066022544286,0.2733325008157916,-0.33787580430491865,0.699911545627216,-0.07029216907887909,-0.1840015502193677,-0.4317229519419891,0.8144854499493164,-0.16953916850031192,-0.2570896132943878,-0.3675718335546001,-0.3603963572823868,-0.5684419595599957,-0.5217391304347833,-0.5654505535829617,-0.7770824418770504,0.19339372723901577,0.4350320537350545,-0.013890163201916078,-0.7665419903619667,-0.5117108358397532,-0.0474455846745761,-2.0052493539852354,0.8118443652899745,-1.1419788573103993
8420,Luca Cigarini,Atalanta,Serie A,25,1883.0,0.8589959904789661,-0.07713149447194477,0.4194626809440218,-0.1642967891562207,0.34610842726784746,1.0299756655317178,0.2093108585927468,1.0305415291575732,0.14784207391271828,0.900383281411484,0.35766418526062466,0.31249158918356845,0.2985308360007483,0.8803273065686451,0.1485370086776056,0.630979752998619,0.6980268436660247,0.9365942028985503,-0.04646567634598958,-0.1821083103175529,0.7325085596716747,-0.04656472724280661,-0.16032942216023194,1.1326847152353934,0.518090007736284,0.038538792392356185,0.08560086020898995,0.020299231166841195,0.3726817346840519
6994,Marten de Roon,Atalanta,Serie A,36,3207.0,-0.17676618108548017,-0.20933897144453287,0.7923345308516154,-0.3044741418320346,0.501857219538379,-0.04876599980387751,-0.3339675507060068,0.25128722091776196,0.12440086316729489,-0.18734088545516248,-0.19997739856616767,-0.3190337991679356,0.32164907558653383,0.4188548554017127,0.457132606765077,1.999180716119499,1.6251185283123548,0.7227053140096615,0.718079049608018,0.41286582124194393,0.34824869781029255,0.18075282014607838,0.25482407733590495,1.2462343968114649,-0.15605943791348628,-0.33742090869236935,-0.03417141403319228,-0.5304805547136362,0.15894227630362995
8184,Marco D''Alessandro,Atalanta,Serie A,23,1223.0,0.14837869380661456,1.081784467904337,-0.47358030502124404,1.5396184966733082,-0.2910457229297813,-0.1831575983528565,0.5812054540899492,-0.7782722776800045,-0.6036973595470064,0.42765896638675993,0.7836621497362791,1.2890402441874111,0.1051600118305886,-0.7728195961597816,-0.6003536542907381,0.23722647497088498,0.4114376946630006,-0.621739130434783,-0.6289098638903485,-0.7770824418770504,0.12397968151838701,-0.11850660716703333,-0.7257603141085833,-0.028058696213742355,1.0970870163537751,0.5714694531749963,1.1114425636615328,0.3575440177319835,0.6982604550523009
6941,Jasmin Kurtič,Atalanta,Serie A,32,2470.0,0.4698438024464659,0.09089394516374738,0.31119470383070374,-0.02843137858793224,0.7472795588737617,-0.0022678724246139276,0.6991810971364878,-0.1674948023117101,-0.2246070387463679,-0.18151252119599856,-0.4317229519419891,0.6997410206810806,-0.5415846807314204,-0.5431420738306689,-0.4378942656355021,1.0138252681687594,-0.08057849813704135,-0.9926693629929226,-0.25028785882265564,0.7879582085294531,-0.35660885829776917,0.017801456937325728,0.3976264958565776,0.12354166438687032,0.24456569311010892,0.23849632079411573,-0.5567878286721369,0.7508060146181827,0.9339148863862108
8871,Marco Borriello,Atalanta,Serie A,27,1667.0,1.49279391922032,2.134728417135751,-0.4628571782887421,0.7669166882175624,-0.37965975440095534,-0.047911141778363094,2.552418150175964,-1.0174048453419053,0.2663849346227199,0.1695114219939284,0.9057839280992721,-0.12050597520808486,0.17014485646414354,-0.9467552240909042,-0.6721650621801181,-0.26132750109779795,-0.6202620686285589,0.6501358695652171,-0.94741301154183,2.495275281700185,-0.06452184063037573,-0.12777978709688137,0.8108690074839046,1.1093285748036843,0.42589837006304104,0.6823634367345334,-0.044717088134722534,0.06658423606543334,0.2392323268221612
7796,Silvan Widmer,Udinese,Serie A,27,1988.0,0.15600084478894324,-0.3973651641479937,-0.9161570580951863,0.23205887958836685,-0.502792647720184,-0.24049621958941,0.5903592966918858,-0.06026536076733263,-1.0073018539089242,0.016362903272389626,0.31597120266189477,1.4036953171331414,0.055222733003491835,-0.15710590738813765,0.013146392856145276,0.6039600994618854,0.037281258903232105,-0.462528604118993,-0.2724095118839342,1.0408940712214136,-0.10954269877868615,0.29359920569107817,-0.07601090198666562,0.2684551114629169,0.18713791101347932,0.23192529710372178,1.9659259816684125,1.4695233596319481,-1.0210462634942963
6577,Zdravko Kuzmanović,Udinese,Serie A,16,1172.0,-0.13997810132504263,-0.3973651641479937,-0.13628583930523866,-0.2255922122911851,-0.1966525154930956,-0.018195939529870645,-0.1579613577158062,0.12106077943705183,0.5775057391506586,-0.059459668622881566,-0.4317229519419891,-0.06394179180449229,-0.20414067091771027,0.21200967577658378,0.2656431388513783,0.4703427525543375,-0.6349387238256017,0.9782608695652172,-0.3905863461717144,0.31370346598202775,0.7307289055454211,-0.07039425911493578,-0.05333131227304927,1.2642648295385992,-0.21149784913447253,-0.14502790082807543,-0.12220517240618713,-0.28806706268050775,0.1774930655646439
7017,Duván Esteban Zapata Banguera,Udinese,Serie A,25,1589.0,1.4760454916807944,2.638506453221422,-0.8848685280303572,0.4014463344803433,-0.8034659918717896,-0.3454357353970101,2.6442884799031465,-1.2553417532928894,-1.1827441861574626,-0.24827750728664347,0.5037181930249851,0.19295795036331143,-0.5415846807314204,-1.1357807523615069,-0.7815509021613822,0.028338089095890424,-0.9355716445558467,-0.8967391304347829,-0.5637715925588009,0.31370346598202775,-0.35192754353002914,-0.26016605546594374,0.9248024474633979,1.5624417052790198,1.3775320419051393,0.7296117305660882,0.07219828405413592,0.08703047228564005,0.34139065036594185
8852,Thomas Heurtaux,Udinese,Serie A,15,1115.0,-0.4539734830180582,-0.3973651641479937,1.303409107153831,-0.468721622291135,-0.9517981749865808,-0.8506902920332662,-0.42569092760981236,-0.5685184785135318,0.20386888925312738,-0.6844245618903182,-0.4317229519419891,-0.37204543397207046,-0.5415846807314204,-0.32784630688456795,0.4407695866051137,0.17613640357921173,0.1418288467186541,-1.7934782608695654,0.33681776207458886,-1.504273047116436,-0.9356436172510472,1.478273249657204,0.426389314826054,0.3025025839448418,-0.02110900828800361,-0.74256278305262,1.4015014640215477,-0.4711998906022421,-0.7243571508723873
7002,Rafael Tolói,Atalanta,Serie A,24,1969.0,-0.2489993446452943,-0.09111833834809516,-0.14316701318761904,-0.4644286917808891,1.0094829128645553,-0.8778013642241239,-0.2652522963042445,-0.48585793521405035,0.1723062241524849,-0.6718934844798621,-0.4317229519419891,-0.41277256171404253,-0.34072923151777473,0.29203678279176604,1.2344044659641082,-0.2071623467833416,0.7167557419812871,1.3466819221967956,0.21519790015165519,0.464156694652246,-0.5926834280319966,1.570153755332275,0.2536429501711835,0.3380478520794939,-0.6354858794618325,-0.8358733779909829,0.9065698318311947,-0.5807621812512763,-0.3508227230733697
32037,Nicola Leali,Frosinone,Serie A,33,3089.0,-0.5658964110424543,-0.3973651641479937,0.0,-0.6911632058351953,0.0,-1.2024887334325163,-0.4798210963967663,-0.718101619913806,-1.9754752649118128,-0.7107132477733615,-0.4317229519419891,-0.4659467390352356,-0.5415846807314204,2.7010901969940693,6.482412565287087,-1.7248948812397453,-1.2834346909296313,0.0,-1.050517656745049,0.0,-0.41236190622215707,-0.5439669083520798,-0.8851952301820702,-1.5393035465059481,-0.9197836170409733,-2.1104346752900645,0.011843974903127408,-3.3333431983695205,-1.3901559870764144
7462,Aleandro Rosi,Frosinone,Serie A,27,2245.0,-0.1489897359404444,-0.3973651641479937,0.5286321584358203,0.19265814169844309,-1.3411701556629094,-0.6253728099515337,-0.06311524247225345,-0.21352057769678826,-0.3466057682540294,-0.21553831151711658,-0.4317229519419891,0.723295513173425,-0.3654223736037284,-0.25596148211423614,0.03825473323810592,0.08161209976771223,0.039975017844398796,-0.6089484327603647,-0.016968218893893328,-0.6558840076704864,0.48285660319273055,0.9548536110208454,0.3090575125443327,1.4793715791037099,0.48438685521459124,0.017644131161851987,1.8927742353095884,1.7448748959232077,-0.923353468239322
8291,Arlind Afrim Ajeti,Frosinone,Serie A,16,1267.0,-0.12266571541308789,0.07856222338160358,-0.4443698047450942,-0.6520120826068405,2.163177670424047,-1.3888797255601384,-0.05109477928778237,-0.994850599627404,-0.41908888507359093,-0.5293778537547454,-0.4317229519419891,-0.4659467390352356,-0.22944231332678888,-0.0031401893696484683,1.3278588448192619,-0.5641735001357551,-0.24729289603313065,-0.24542334096109852,0.30603675172982264,0.5318606475538434,-1.0651584193955932,2.467723400431099,0.8461584805725373,0.16258637237744752,-0.598828540843919,-0.8983270977731277,0.3065754164541143,0.21160302020234756,-0.35743063412934756
387847,Leonardo Blanchard,Frosinone,Serie A,28,2530.0,-0.04797637948292191,0.3176545986978564,-0.9463381253628403,-0.5343111168855496,1.514224369296833,-0.926492333348308,0.02711435289014665,-0.5055490625281006,-0.6142509553647577,-0.570646011199729,-0.4317229519419891,-0.383179976074422,-0.3852667441694964,0.896613569966589,2.0189648820806814,-0.7458713403006928,-0.4095147214625265,0.6501358695652171,0.0024741911139932733,-1.3048820747120886,-0.6527922262397098,2.0474394747314504,1.157178648269975,-0.03764916089829326,-0.4682053220859872,-0.9220804711080118,-0.9663906004876788,-0.12168810380363668,-0.5635524129995837
8661,Daniel Pavlovic,Frosinone,Serie A,22,1995.0,-0.1905759155621487,-0.3973651641479937,1.3274530758783387,-0.4922480253627123,-0.43263553408480965,-0.6592939469016977,-0.4041880911367994,0.1429020123938692,-1.1031977816189005,1.3872945614627548,1.430953713913301,1.082248086423491,0.25136645611402997,1.0983703724555909,0.9208925527497814,0.15188649823680958,0.24044956660605288,-0.14673913043478268,0.06947270225192395,-1.028802266767607,-0.7056064335337007,0.9340189098498085,0.21436624927962789,0.4679881723575256,-0.5173675572325491,-0.1518881338014848,-1.8019169353315634,1.7560466325082744,-0.3374620182807571
386512,Alessandro Frara,Frosinone,Serie A,20,1204.0,0.05600092158479631,0.604295965420113,-0.5523636523864515,-0.27916592069960183,0.08652710681696159,-0.6044674219934196,0.046531852999631675,-0.4536102285530359,-0.8673740516293884,-0.16612974298761718,-0.4317229519419891,0.14277393041493386,0.11536611578297903,-0.26353960498981643,0.159851650259117,0.5104756861928266,-0.13568888385333616,-1.7217391304347827,-0.5508797394375889,-0.3096027670803027,0.6123588339161721,0.17632371782360107,0.4913875522447847,-0.26005904767748217,0.10736023979573368,-0.03166534162129265,-0.8055315173583791,1.1299695843575315,0.399740924201062
20636,Mirko Gori,Frosinone,Serie A,28,2219.0,0.08085065727337207,-0.3973651641479937,1.4089371804383115,-0.0875936814914426,0.0480706148983118,-0.27006946755446376,-0.4458220325180745,-0.14029167014825786,-0.3238219219045482,-0.20893670803347317,-0.4317229519419891,0.17102910344484254,0.34954731454047794,0.16015612938396526,0.3429932502736342,2.049542842175272,1.5189478159380412,-0.2550724637681167,0.3436950444572009,-0.41348713925735747,1.8583123781943052,0.12824375047383013,-0.6655141775030768,1.6535615874785394,0.9837624239182866,-0.21573351887901424,0.23405566092152033,0.009491549451476322,0.4732499206948038
23470,Luca Paganini,Frosinone,Serie A,27,1905.0,0.285716629227163,0.2357057019937385,-0.34370896334770723,0.3243614409273729,-0.23295759527643617,-0.6686957630618874,0.46273289907527854,-0.978967196608824,-0.8234885868133178,0.1616780290555717,0.34854790336117164,0.22106084065918125,0.4964320633674467,-0.9430679302980594,-0.4781549431318506,1.7714815453605683,0.2761741259720471,0.3503538928210314,0.39305562244668846,0.041006989017258404,0.17600528635853963,0.05694830758938261,0.5222049836871022,0.5628208519888707,1.535101283550036,0.43324471261715675,1.2139569957088185,0.9272819884637685,-0.004592666637125405
8793,Oliver Kragl,Frosinone,Serie A,15,951.0,1.468076253081231,0.23670423648292138,1.1092675422825893,0.352043379450303,-0.9517981749865808,-0.6154090911565838,0.12309563638536772,-0.7634144970888019,-1.5037666636808475,0.44025623283400184,-0.4317229519419891,1.0203302267516134,-0.5415846807314204,-0.3538934675101373,0.22250115075454327,1.0729573756468167,0.46026998001025426,1.8532608695652173,0.21460127582736288,-1.2445621166737988,-0.08115179338122579,0.03965784969832255,-0.2188293703891238,0.8360647174245396,0.9343916957862696,0.26377546035385807,-1.1848320943973047,1.0483570121720214,0.15993274933236787
13613,Daniel Ciofani,Frosinone,Serie A,37,2999.0,1.0361614391633682,1.0101039922374686,-0.4016779329196931,-0.1453320576855655,-0.511296540282048,-0.6991936273397317,2.0760650493440176,-1.2669366022335453,-1.292458171270839,0.45119587754059076,-0.18390434918231569,-0.3961234945234456,-0.27784051300773366,-1.213627931184059,-0.9705967279029818,0.22702430302704651,-0.9839262319039864,0.05518394648829428,-0.9358958204304333,0.8590964199115673,-0.9725128968571292,-0.04658929850389903,1.9755956013439313,0.686186605284999,0.3992897176045003,0.6323834124005845,-0.040248350501102446,-0.04174634596506427,-0.06365538753244886
24235,Federico Dionisi,Frosinone,Serie A,32,2523.0,1.560994109817502,1.5146443483371437,0.6230818132082765,1.019335867624303,-0.701167934551243,-0.19697843229794942,1.3860928074484113,-1.0689946866918703,-1.0962421289626378,0.26549886277130347,0.4519964174709253,0.21877353837244595,0.39892513972439053,-1.0509894599080383,-0.8160806919714733,0.6650858330836301,0.031082266711138506,-0.5529891304347833,-0.4714684018076677,-1.3545573342730333,0.6221968728503615,-0.48897016391035053,-0.5953781933838026,0.9839635521477007,1.8782032758819418,0.6424893170243049,-0.3298913012562355,0.1034840462794185,0.5186895602370037
46670,Iván Rodrigo Piris Leguizamón,Udinese,Serie A,27,1954.0,-0.4381645126318077,-0.3973651641479937,2.144683216063682,-0.3611436814266841,1.3644659151905527,-0.581555488928563,-0.47209909816270107,-0.14958851788569508,0.3058893541048454,-0.40135109729001,-0.4317229519419891,0.06987698228221144,-0.33918735242964565,-0.07629391791961433,0.19230250207163485,0.4124819152259816,0.44922681455330377,0.1976486246672582,0.8846203975962293,-0.9258259747669246,-0.18673113041923742,0.6987371648124318,0.03785868323161398,0.6152043156628814,-0.29588440155464224,-0.4557630550784804,0.30278800126658445,0.03441887243551513,0.9569267879108033
9903,Yussif Raman Chibsah,Frosinone,Serie A,22,1206.0,0.0032307499107868207,-0.3973651641479937,0.8013898339823674,0.5016475079122659,-0.16410313361837622,-0.29938310579788385,-0.2045696369556428,-0.5080801433918125,0.018265136667591518,0.3572657264386754,0.8007944438727053,-0.3357229142274879,1.098068633952114,-0.5613811010116273,-0.0742333290063775,1.026122402156588,0.3207446891763412,0.576475155279503,-0.12415747175377165,-1.028802266767607,1.7679113371106208,0.14636536143141848,-0.31930703925954895,0.3338102337576453,0.7867400592272727,-0.06950382028882439,0.2841143003697018,-0.03668128252560908,-0.008692467347334323
30911,Robert Gucher,Frosinone,Serie A,24,1409.0,0.36408065059389566,-0.3973651641479937,1.684685002371008,0.012945710138196502,0.34610842726784746,-0.5050255306632538,-0.38344135122695033,-0.16005358997287367,-0.5878608482563953,0.7920424126348544,-0.4317229519419891,-0.02009881080771614,1.4232064168638103,0.7936478774586897,0.9424236342496257,0.6440943981897828,0.8251918500197637,1.3096562184024265,0.29130624608776073,0.7103528870216931,0.47520712631530154,0.3669630225173094,-0.36623967032257465,-0.08180614732026263,0.28845508276309295,-0.13385239768198579,0.06898533956586113,0.16890652193457562,0.14596010468135368
34881,Daniele Padelli,Torino,Serie A,35,3287.0,-0.5658964110424543,-0.3973651641479937,0.0,-0.6609809891450065,2.163177670424047,-1.2186241489864578,-0.4798210963967663,-0.67576501301627,-0.2845698022241813,-0.7468920062249835,-0.4317229519419891,-0.4659467390352356,-0.5415846807314204,1.4042799751623485,3.5872423484956335,-1.722030630304446,-1.2834346909296313,0.0,-1.050517656745049,0.0,-0.2795932487769629,-0.5334134564030015,-0.8851952301820702,-1.5393035465059481,-0.9777890245541243,-2.1289690270074573,-0.02643158299385698,-3.744280347634011,-1.519255269315367
40427,Cesare Bovo,Torino,Serie A,21,1866.0,-0.23150717002637283,0.24893708665586453,0.7810582763191073,-0.4784966543654185,1.514224369296833,1.0370087425680021,-0.35852861609641734,1.1576196625820776,0.5853125051074966,0.011873407607828564,-0.4317229519419891,-0.2695641865116547,0.9420115982137454,2.8572342444302685,1.7680623848833505,-0.3834314754220237,-0.061509814006926386,-0.5217391304347833,0.285063228319051,-0.4385626773690606,-0.5703461212801423,0.8874736783895071,0.05526571366619898,0.38664726380600445,-0.8326160324981611,-0.7997698802747233,1.1744952345397333,-0.535009723974715,-0.6634323400813792
28289,Gastón Alexis Silva Perdomo,Torino,Serie A,12,923.0,-0.09267948079846117,-0.3973651641479937,1.0747238381326647,0.11497666085481745,-0.6056897477187334,0.4024853009286384,-0.33269318638130513,0.49281619213119626,0.17140359157095825,0.36304202077775616,0.37348613763142435,0.4415284951613333,-0.11310756317815034,0.4880051811604182,0.26779706408112536,0.4443369214621392,0.887458732682282,0.09895052473763102,0.43919366333093146,-1.186127157324205,-0.16019889208634955,0.2828611785879607,-0.30424237916998487,0.3518901264460954,-0.251602312347136,-0.3672960221436476,-1.5614681639044956,0.8980728433528431,0.16591237185216892
3660,Davide Zappacosta,Torino,Serie A,25,1332.0,0.1367728724440413,0.05533753855470877,0.7544263017274866,0.9474229936650447,-1.612550627043381,0.4078743577071429,0.08657472002077904,0.45505682852085155,-0.3414018521746757,0.2497849354722581,0.12624100427141954,2.520988918266797,0.6460560985528695,0.5222635868775876,0.2257115935357213,0.6841544146640608,-0.2978553710093112,-1.5480549199084677,-0.2763039470433992,-0.7770824418770504,0.1279701703087838,-0.10123692226908163,-0.6290161167239018,0.5420618272636102,-0.4359239982112618,0.21586794540693857,2.1585537086647855,1.7341690122874578,-1.2437272358816944
6965,Bruno da Silva Peres,Torino,Serie A,31,2687.0,0.3629764192307247,0.27587636916052893,0.762937912460566,1.6718336533689941,0.21631776704240452,0.13969340830666926,0.03680271400198082,0.008730192040966284,0.40041081814892,0.3586644180505271,0.6746529165749607,1.1705988940529755,0.04715276549361644,0.3362736301804949,0.4663981500018959,0.09678607108562808,0.28513700715208473,0.38809693513898713,-0.02706879300844318,-0.9816047996006276,0.37589358058955546,-0.11793658220080112,-0.6674926968461479,-0.5075288245628696,0.07863547048496798,-0.05996385958878167,1.1339135348426095,1.1475120750579237,0.9273890333955668
40430,Giuseppe Vives,Torino,Serie A,33,2660.0,-0.1905759155621487,-0.17067343482468544,0.8251140045236548,-0.4114387332957661,0.7787439613526566,0.17667639136664356,-0.24724960522236794,0.34771415816130824,0.6564870540377026,-0.10530751394249685,-0.15232145206369563,-0.2888227547666525,1.8372687298049315,0.348433686280811,0.39834617990438664,1.0897133555214635,1.3400705933505523,0.4510331467929401,0.24177891132838134,0.6954785337327053,0.8444301786737657,0.4341119419285817,-0.07885014524349163,0.7768022829519059,-0.1261045367863193,-0.3110988748737548,0.05091159328252021,-0.4868747252775463,-0.2983391481428964
7474,Afriyie Acquah,Torino,Serie A,29,1963.0,0.19698121349469244,0.21700060253565367,1.0154046736451656,0.6481322989570864,-0.28570271118808194,-0.21836314589181954,-0.13392435430743707,-0.5267649338344649,-0.398339143380505,0.40236923504248656,0.704101790303952,0.5741190405551201,0.46576218503951305,-0.3057206710035701,0.1487596560229487,0.1495866712088694,-0.26268347850283763,-1.0389805097451275,-0.3500573671728993,-1.5951718727713593,1.1833528127607087,-0.22587952270807868,-0.2395366131030157,0.97148259974281,0.8307835885321476,0.1289214764694892,1.3533056468391222,0.14627074073758464,-0.5495285143609797
7149,Marco Benassi,Torino,Serie A,32,1981.0,0.9144975927734152,0.5158099999105625,0.19319737448884122,-0.01508002839007306,-0.14421184469493656,-0.49444042469196336,0.6931586212215906,-0.6412018171277956,-0.3790219928481841,0.2852175670455184,0.3186132314767496,0.32683434485241564,0.8558866249281853,-0.7010123167718391,-0.27981994077940775,0.6013111809806587,-0.06268738375661072,-0.07173913043478311,-0.26966001313884197,-0.7770824418770504,0.1944870457997934,-0.1762369095186439,-0.34383280566500335,0.5340067366365362,-0.22324720598768003,0.2828618392724017,0.37005776652753103,0.7867019836789679,0.4695150755804242
7471,Andrea Belotti,Torino,Serie A,35,2683.0,1.1318238138076608,1.4006221634703448,-0.4419834500574783,0.011397352849995688,-0.43263553408480965,-0.7534084439056319,1.7809658543464653,-1.2810721392272013,-0.018860997640661546,0.08535213126452343,0.39929604508700184,-0.11473555889775429,0.6376456718639387,-1.1722396354293956,-0.9626922316744462,0.5342181525302349,-0.09881386015971826,0.5380434782608692,-0.6981826065975595,1.9003011501406881,-0.37725612631979577,-0.4146743382565868,0.059588866222092515,1.101385134937055,2.162780678945726,0.5096737478296892,-0.03810406857497617,0.21868553236721608,-0.12923481133363135
12619,Josef Alexander Martínez Mencia,Torino,Serie A,21,983.0,1.6557680173156617,1.4429196781714373,-0.25847981295687983,-0.18653987795802895,0.6056897477187329,-1.1710256966601966,1.5770427180637592,-1.4871074629589012,0.30320790840805956,0.6150259375312231,0.3243380751956104,-0.4126914210568892,0.26306309038082454,-1.0994194147328853,-0.37371589642729425,-0.19384972701680026,-0.4399641201952309,0.47826086956521674,-0.8756697996201598,-0.7770824418770504,-1.5774279335468195,-0.5439669083520798,-0.48847315010501124,0.5498254824387424,0.2845990834871903,0.5812544899436861,-0.09302216791976652,-0.06943503511449849,-0.5539508395179361
7465,Daniele Baselli,Torino,Serie A,35,2333.0,0.31670198944139755,0.636496816134904,0.2847179622073215,0.9247561931809788,-0.15939203887335077,-0.2522044815270199,0.2186738591674206,-0.3860755132428878,-0.23431528674107557,1.480079356806747,0.20540348584306048,0.38673184980452163,1.1535905421647157,-0.0025476277395163702,0.30989644809822703,1.1889475254059505,0.4046814524058161,-0.10068649885583583,0.20189663404536068,0.5703589737135761,0.6676765097811538,-0.30606414585489483,-0.5299861281585098,0.9253851544230558,0.39118671489440127,0.21214926536701528,-0.9593527275697898,1.1697315442113843,0.13667949627539255
7479,Cristian Molinaro,Torino,Serie A,27,2029.0,-0.16611256636191685,-0.10017442979609652,0.3477558389143504,0.5067762635516687,-0.2737081950332468,0.23927748356555154,0.05561137652298008,0.3385744429415934,-0.00958911713141726,0.3639425643352458,-0.4317229519419891,1.3401145867853754,-0.1517528625927626,0.7756986996725396,0.5753846342567289,0.2214463071261903,0.6235543010938316,-1.338703416149069,0.26247858528717233,-0.6715225153100429,-0.2875466043761269,0.20828772372841067,-0.0202863483580828,0.1307126331376403,0.0405965892760224,-0.03976310595933916,-2.0381516685539527,1.3518219936334195,-0.7398181132557295
7028,José Manuel Reina Páez,Napoli,Serie A,37,3442.0,-0.5658964110424543,-0.3973651641479937,0.0,-0.6911632058351953,0.0,-1.1935834796692801,-0.4798210963967663,-0.7043634741902994,0.5149419336958204,-0.7483360807848215,-0.4317229519419891,-0.4659467390352356,-0.08198633151390934,0.9029531324816635,2.994655789775306,-1.7224744787521833,-1.2633608101667047,3.228260869565217,-1.050517656745049,0.0,0.04856848632369027,-0.5439669083520798,-0.8851952301820702,-1.5393035465059481,-1.028908747700049,-2.0560585348728537,-0.03247817730036477,-3.5215139864874754,-1.180680497048235
7031,Elseid Hysaj,Napoli,Serie A,37,3387.0,-0.34482632291632215,-0.3973651641479937,0.9049996346170577,0.24615190498288242,-0.43263553408480965,1.0799063235668684,-0.2793500882121329,1.3269018474527121,0.8563489907825875,-0.03205621007022929,0.007136209366697262,0.5696152619602991,-0.19128850756785254,-0.4903539026911651,-0.8603171186208647,-0.23332400419591282,0.328153590526951,-0.00908090258668151,-0.39082448691955113,0.22979685768517588,0.6600268005713845,0.3982846662594091,-0.25192746344554234,-0.7207683596559181,0.014615905278977024,-0.05177618391576121,1.7118296974271678,0.6027560539764386,-0.11113739533007164
7030,Raúl Albiol i Tortajada,Napoli,Serie A,36,3355.0,-0.3985124195782494,-0.2176334204818239,-0.36167599197234185,-0.617237016371223,2.163177670424047,1.2116533175604658,-0.2144743636359791,1.4306797319129247,1.1741826031120715,-0.6532885219882877,-0.21020045129332737,-0.4347395989024698,0.2835690171856226,0.9932940049550136,0.2504615530345925,-0.7855470793546585,-0.2743078409404642,-1.8227595385980484,-0.15399894968367508,-0.49659463699900197,-0.6033576707499039,1.3688501894049538,1.0617878485031147,-0.3456978895364607,-0.513991689929303,-0.6373304184187567,0.754695710090473,-1.1942703148020863,-0.729187409336138
5675,Kalidou Koulibaly,Napoli,Serie A,33,2991.0,-0.461588433152784,-0.3973651641479937,-1.293146907145923,-0.4258099560574597,0.8652710681696187,1.4738258636147092,-0.20740572840424742,1.5701106311761903,1.007411905075658,-0.4617879645237017,-0.4317229519419891,-0.4134392389623022,0.6484385273979729,0.5764012459380595,0.053251063253329275,-0.37070159991337076,0.9804373128909336,1.0394853593611357,0.27115910745977323,-0.06570032805591206,0.3139821823899242,1.3348862652261777,0.8749854330284312,0.932448311611561,-0.4758928095655466,-0.7291303336499739,-0.9658292471666421,-1.0763844468696457,-0.7130431025255483
8876,Faouzi Ghoulam,Napoli,Serie A,34,3017.0,-0.1108965064288588,-0.3973651641479937,1.6876278579137882,-0.0006136959002702927,-0.6798558392761294,1.4818794766067938,-0.20475210394897467,1.6545285295209313,0.6064196323818304,0.19929327096711438,0.30729725655280116,1.4947915658095594,0.24492717774057501,-0.17224840316960904,-0.6255829915718402,-0.8441818738838849,-0.13835186716441814,0.09326086956521704,0.0034086626930267434,0.19578066513239814,-0.2772443247389876,0.21489519729491124,0.5851387203123429,-0.7224866414535263,0.2544559660655822,0.038971206505436375,-2.095629437099022,0.49839127232166436,-1.2976929828712107
7024,Jorge Luiz Frello Filho,Napoli,Serie A,35,3001.0,-0.4411439304554483,-0.3973651641479937,1.152791762073534,-0.17875445307275306,-0.013955984970477711,3.9617278411249215,-0.46473733976627973,3.7820847078855517,1.1206259079114174,1.4338447071353948,0.5588908296991446,0.09226695051053778,3.8072938676041552,0.8398198549245715,-0.5610660201667108,1.1289523220355715,0.3972996388862587,0.4029184038117921,0.5531186043364087,0.8590964199115673,0.8166858515292014,-0.33590108428704346,-0.5928093386091161,0.582056963291838,0.6994941286583244,-0.05739916603570111,-0.18375397828846443,-0.5321379992608186,0.14367171115406457
7035,Allan Marques Loureiro,Napoli,Serie A,35,2896.0,0.05893575015727756,0.22728953198460308,0.5555020850713002,0.9360553533432984,-0.3506624855213718,1.3156249542973781,0.08288219480877516,0.8352100444709277,0.8546012334696382,0.4949479605955684,0.8514400136592901,-0.01403049617685707,1.5068496053614762,-0.4823562331056211,-0.7631352503676855,1.434044142704048,1.126276654438217,1.186181661644425,-0.48669973072268047,1.1174404507202964,0.540425286594301,-0.13670424159617275,-0.4643800921514364,0.4816907321680843,1.075117876051381,0.18397639035347518,0.9447049425795746,-0.37606578591853024,-0.19622559038852413
7025,Marek Hamšík,Napoli,Serie A,38,3297.0,1.0238368978390948,0.517102533759195,0.4370488498011488,0.015967590987763756,-0.04602505681753284,2.7945764743159685,0.5773548911382494,2.248911299698511,0.8481988148020191,1.810651398362548,2.04789120833671,0.3279564695288313,3.536810497629735,0.6528070365652365,-0.316061578311115,-0.16293770499169663,-0.15177194611809963,-0.5911835748792269,-0.6595362109903488,-0.1226108971616035,0.09762514764926558,-0.22832362758209995,-0.3085674479590565,-0.8852864014573397,-0.2802225552322864,0.2208460523504971,-1.1482123173176595,-0.3924033694214208,-0.40844321386013727
7029,José María Callejón Bueno,Napoli,Serie A,38,2872.0,0.8245667059180092,1.0723423567433719,-0.39046314527200554,-0.1902823838367838,-0.8801895348621991,0.5375878508153391,1.9894437845923707,0.1703213972997921,0.22927988251920414,0.6891010301962067,1.1209399791365502,0.6641711612113883,0.835450066837063,-0.8638085581149456,-1.0125709208002793,0.5542985722955482,-0.345176471621231,0.47826086956521674,-0.4221429501592045,-0.6212558836114677,-0.12734851372531866,-0.26616345403373787,-0.3250773874061425,-0.6812476264003922,1.0356816236539137,0.5198330375053899,1.3311704822534827,0.38860406991286894,-0.24499311241863525
7037,Lorenzo Insigne,Napoli,Serie A,37,2621.0,2.6479911778305363,1.9032834432537622,0.5453304108389583,1.2203407186832593,-0.3555321715746455,1.7836269145137549,1.9668532391543394,0.8966889064043059,0.2599738065863496,1.5535821639115652,2.4038664783375263,0.9122098624593484,4.890478524938197,-0.37952944068766153,-0.8633092615893642,-0.08790061717813508,-0.6243895022040212,-1.3917391304347828,-0.5586955176175226,1.186332192269291,-0.33148452345091434,-0.5042616089740324,-0.7364055297945277,-0.9124851304959885,-0.14366458519486827,0.6557682162058732,-1.3465168529399356,-0.47247049984634043,-0.2225913223029315
5497,Gonzalo Gerardo Higuaín,Napoli,Serie A,35,3031.0,3.18080761139085,6.167794849048973,-0.39738847504631786,0.37260807541559793,0.08652710681696159,0.13213740380339456,3.437986043276279,-0.74897393179402,0.04712318452608874,0.8555232320167341,0.05868152821390696,-0.08597329574928363,0.893693502877406,-0.7400369154577994,-0.552684453837333,-0.29959205001679884,-0.9414965636482407,-0.07173913043478311,-0.8236942406397818,-0.7770824418770504,-1.0611263699085896,-0.3722948699656358,-0.6117861787069905,-0.3536142650667851,-0.02266499995994866,0.8269365531978438,0.020485431131347803,-0.6318932457955887,-0.3348220445800128
5630,Dries Mertens,Napoli,Serie A,33,1193.0,2.3107479984697368,2.1298770822895596,0.23949038698214944,2.053090965666464,-0.9832625774654763,0.9674044359147269,1.6323557851989496,0.07957382344214531,-0.2724634690957708,1.5182538991026258,2.683147080230102,1.420934263166547,3.767968490703358,-0.3068633502126667,-0.4329059126646076,0.43157760308185095,-0.29885542943601806,1.2870843989769813,-0.3301679352288451,-0.1226108971616035,-0.8364445041647797,-0.5148896270808135,-0.8034731420186694,1.473122448500007,1.5643857754473918,0.6348685862843102,-1.0734184846450268,-0.29137595025715524,0.17848864375189996
6984,Danilo D''Ambrosio,Inter Milan,Serie A,20,1686.0,-0.2698250830538384,0.3179373269552092,-0.4888332012674751,0.2209000604993771,-1.0187869028448742,0.15629832898689877,0.11979252448540946,0.4456340646089452,-0.0047480888127990365,-0.2162902084920449,-0.4317229519419891,0.1550494362045577,-0.3070150606236695,-0.19264119562007959,-0.2113496334189504,0.17687171253327066,0.683662749240987,-0.5529891304347833,0.2747378392211201,-0.7770824418770504,-0.22372893204270233,0.6082246735997379,0.06893196107087432,0.5922647880385978,-0.12683737630766448,-0.10896419680944519,1.2289904078128948,1.051281498046266,0.8029884153837364
6585,Jeison Fabián Murillo Cerón,Inter Milan,Serie A,34,2954.0,-0.12231561217799355,0.010894822311044819,-1.1636914588615521,-0.5736170609766041,0.679855839276129,0.09920502507022866,-0.09161946276385534,0.3041360188897633,0.9894665391576104,-0.6362288829611582,-0.4317229519419891,-0.44822501338435056,-0.40770371272137723,0.39330910236486455,0.6128002233992611,-0.36461960867419446,0.44743126078447826,-0.3393066980023507,0.11316171734950924,0.8590964199115673,-0.06574111048143995,1.0061258287751864,0.4514754782630749,-0.4269873187726341,0.032001248477560314,-0.8165138886608087,-0.5156314180422328,-0.430412238090147,0.02022675729658319
5690,Yuto Nagatomo,Inter Milan,Serie A,22,1717.0,-0.31151130526772763,-0.3973651641479937,1.0309340656184955,-0.11335920897642478,-0.9517981749865808,0.42405964702176285,-0.07557876135266801,0.6699863384405423,0.26711613057284894,-0.04227882733746321,-0.4317229519419891,1.2719383638446307,-0.5415846807314204,-0.20612054350752837,-0.5154654875810172,0.6015493025933896,0.8091124695081289,-0.5794314381270909,-0.09954694401308672,-0.26039438025959205,-0.34031206237056566,0.32477825876189464,-0.4025494322665393,-0.22365111843495605,-0.04784713530847689,0.05970981303920548,0.02507830170654695,1.2394233501426954,1.7287510259570353
5469,Marcelo Brozović,Inter Milan,Serie A,32,2492.0,0.8362840917350921,0.5705321071200641,0.35769133770567096,0.8415592785287933,-0.3314999546883609,1.6228690271430979,0.27704008685781883,1.2947230478112075,0.2656741079863262,1.2513471118186057,0.7612272722574662,0.7104572513628449,1.0454312883763985,1.1603684268073018,0.22357823544374675,1.5226126636410886,0.35242548466169515,0.5714812085482677,-0.3263233721083934,-0.9329090001426336,0.7673923547585912,-0.19596132491888568,-0.4939654902986944,0.35608643003540474,0.16716919379652917,0.19752177838167878,0.05082750851252872,0.2600527523934826,0.699464068943061
7165,Rodrigo Sebastián Palacio,Inter Milan,Serie A,27,1471.0,0.1552113730168345,0.42248527772828115,-0.9441798189739447,0.6914223810739436,0.0105520861971901,0.3834968577640255,1.848631719854419,-0.3482543530545133,-0.1797736824140086,1.0124536487387827,1.5892369112157563,1.3846303063632401,0.2649776160088959,-0.6795962831657361,-0.5648784938720615,0.852290406801736,-0.0621894582744193,-0.8967391304347829,-0.6999898996673476,0.31370346598202775,-0.34812281266811623,-0.30814640150897454,-0.08986320152996485,0.27558291582472466,2.0751961770162297,0.6822989783584924,0.188182309425571,0.13027653091351468,0.7855277480153168
33311,Ogenyi Eddy Onazi,Lazio,Serie A,15,1219.0,0.04834837032195066,0.09730259631139888,0.9536261416379277,0.0006136959002702927,0.33083893782956014,0.5108228230310171,-0.21988305247828266,0.4653522556158327,0.4265609650597388,-0.000730988648036106,0.17796366797290847,-0.16533160941341285,0.10728222575203859,0.1873646299112266,-0.025548748314556887,1.3067774646433656,0.30363695173468597,0.281832298136646,0.28895462689792,0.08406432748537969,1.0207692001005044,0.0820891410701165,-0.20537338028792218,0.1453673603460868,0.16048831938872896,-0.13571522990284757,0.5371128016593427,-0.3495367783273846,-0.005465701590735864
7776,Antonio Candreva,Lazio,Serie A,30,2247.0,1.9333171686745336,0.6760660775075475,0.4383872684092115,1.008678552524867,-0.7360422722741569,1.1360607865030328,1.1855187203554034,0.45675253122359344,-0.6920896873492384,0.7690701636768398,0.5605440569715767,3.0287113098776195,-0.18957366203834652,0.1976789949410133,-0.1844415527253337,-0.4150263020076555,-0.8836902011130274,0.6897993311036784,-0.47683460082460094,0.31370346598202775,0.3799161710724699,-0.38958686137112397,-0.863500870774207,-0.9452452496460416,0.9218183094162004,0.6169169302210152,1.1689368685706967,0.37035022824315217,0.6218811388193335
19286,Miroslav Klose,Lazio,Serie A,24,1414.0,0.7579444455403068,2.1613335628675663,-1.1404782685267985,0.3261845457768543,-0.8801895348621991,-0.7062874744648804,2.625437958670244,-1.164416368797044,-1.0456870497658748,-0.10805391222371213,2.7219177397536027,-0.31785627914071063,1.416258782148127,-1.0609498613423545,-0.733554444310494,0.03997916590298448,-0.648197160082454,0.05518394648829428,-0.6250833905228553,-1.2445621166737988,-0.9713205944180042,-0.12691150420600233,0.9419638619267255,0.27612594028032406,0.22560401468306426,0.628702927195839,0.11045561004921474,0.4004394750802978,-0.053167811157534654
7155,Vincent Laurini,Empoli,Serie A,25,2019.0,-0.47318165268643525,-0.09870245983893013,0.2808029593802606,-0.2980618833561427,-0.10815888352120255,-0.0017902055731785194,-0.3303531959573071,0.4436377076405473,0.7471992383235315,-0.5179227150791931,-0.4317229519419891,-0.18073140802985657,-0.14982204625725665,-0.33780260704807463,-0.4483688766432974,-0.27701452076532723,-0.18832942953697404,-0.8967391304347829,0.22641728793374938,-0.1226108971616035,0.01315220594220569,0.6930921070400436,-0.13672371295892657,-0.3695878898588329,0.24949205162202306,-0.3026781924086359,1.8104719880152884,0.5616086053033448,-0.7496959913492636
8664,Andrea Costa,Empoli,Serie A,24,2177.0,-0.36526286643280537,-0.12037848523205465,-0.7392281733445566,-0.6228061000056242,0.43263553408480904,0.46671072710123446,-0.25109813354467975,0.8023631539358049,0.8496275202399148,-0.7305414197570463,-0.4317229519419891,-0.44189989586908285,-0.1782549797652575,0.06481321105297179,0.047459145200740384,-1.1663789401066642,-0.8073600635571486,0.47826086956521674,0.2521671474061421,-0.28127066557746905,-0.32150789217461795,1.4637679405841717,1.2644297843282597,-0.5488145583455153,-0.37341666766576903,-0.7907939316561293,-0.6930545735269538,-1.1590058833674874,-0.520349421184407
7151,Mário Rui Silva Duarte,Empoli,Serie A,36,3377.0,-0.03006166457090457,-0.3973651641479937,1.3839829177891556,-0.07422868659513922,-0.43263553408480965,0.8227567446161532,-0.3279055871642061,1.1152737136542354,0.38952969580472613,0.2198606285274254,0.008435762701931871,0.3401530044593329,0.16108226537755532,0.14645842285200542,-0.2280128001773876,-0.4271545960993847,0.25108479943147965,-0.07173913043478311,0.32367155733599584,-0.1710902708442293,0.18758378338681972,0.5243411881503077,-0.46657824999415487,-0.2926620414192164,1.307311012692244,-0.27773344837350883,-1.9464848050590826,0.5796188139466756,-1.1149288691135895
16308,Leandro Daniel Paredes,Empoli,Serie A,33,2567.0,0.7223944794136589,0.07244395155126591,1.8894067256116287,0.15908876835035973,0.5112965402820471,1.698924914233459,-0.432797225576779,1.6495469591858634,0.39942185598251917,0.9045919972987544,-0.14219899803616157,-0.03768435920391263,2.38564679980294,1.4438617415555293,0.24188213842628067,0.5188266743521183,0.8967905153288144,-0.7439613526570054,-0.14661485659863516,0.7984972028082848,1.3105135149864346,-0.0709938349271761,-0.23953661310301558,0.7007115447551997,1.6999312828079876,-0.17666191240147258,0.0313097781491359,-0.2588597387242935,0.05548192637477137
40251,Daniele Croce,Empoli,Serie A,28,1873.0,-0.166128985263912,-0.3973651641479937,0.38047001653160534,0.6330352226305136,-1.1594632313472897,0.4117205780108626,0.07603909255468858,0.042691568071430305,0.7864915972157708,0.346579634996276,-0.03492210320933553,0.20484848880520748,0.09186600720504776,-0.9601721231851025,-1.0469395242410096,1.3181859540382972,0.15526130792446693,0.26672240802675595,-0.6375761212448098,1.768084676460799,0.5559468972789466,-0.3772809665423697,-0.3386433148703558,-0.2784087730032651,1.4477102006676832,0.2023381145168441,-1.0174883894128368,0.1226188564932676,0.21338530358416824
8187,Marcel Büchel,Empoli,Serie A,28,1634.0,0.8088240084493628,0.3407009313232423,1.0448697445467372,0.18920994029665175,0.19394006700353517,0.5802667845421047,-0.22126175283362345,0.3554854880496691,0.4193786680820268,0.4467002920882169,0.023116699022674186,-0.01741571944037394,0.4265533351845366,-0.3209652729612263,-0.5279605148682962,0.7861682688235716,0.19655332345822304,-0.07173913043478311,0.685066687586128,0.7103528870216931,0.5057954613233991,-0.05568568387088135,-0.16920170867212722,1.6027004857043194,0.10376847400216359,0.03694634326355113,-0.977844834326957,-0.023218242565770868,-0.15606753235926957
7150,Riccardo Saponara,Empoli,Serie A,33,2705.0,1.1180161077275486,0.7172374236523763,0.11982055383330971,1.509404918245786,-0.3028448738593667,0.7615816694481038,1.4223140353344432,-0.11220822916423763,-0.29239650518530924,1.6370178537475262,2.3158112058260736,0.1146445094606745,3.405948866974698,-0.640989566192664,-0.6627463582097117,0.01674805775076031,-0.31279391153305725,0.4058924485125859,-0.9234378463540943,0.8590964199115673,-0.04252696692482664,-0.27466076133210326,-0.6689413643507861,-0.134798705253687,1.4076206196335603,0.44089256876108013,-0.05739718661112208,-0.02891319224437759,-0.12886767085266915
7054,Manuel Pucciarelli,Empoli,Serie A,38,3156.0,0.5808171116663057,0.7490226685516267,-0.38989505923627715,0.2833226414652414,-0.3488996242619434,-0.06250694363109995,1.7003074696709506,-0.6337246225684124,0.38069437916436083,0.5235953155007739,0.27474852113430476,-0.11761038636508159,0.21028676318810158,-1.220864100925408,-1.3996072464399374,0.6633769646693248,-0.29824983941832467,-0.07173913043478311,-0.6965283084879259,0.9849563323568458,-0.4669986216603495,-0.5329754012048616,-0.7152904515115522,0.02237997855308687,0.79567731396478,0.6784095630569386,-0.165472476012265,-0.6369410377009668,0.4116546321362809
11722,Boukary Dramé,Atalanta,Serie A,25,2126.0,-0.037605450212344,-0.3973651641479937,0.46540367691291723,0.14879965055789793,1.0094829128645553,0.3338725605295994,-0.1817359830038862,0.6616979279628613,0.24455748349126616,0.014317859061993381,-0.4317229519419891,0.789861754007306,-0.5415846807314204,-0.0053498588319362324,-0.18047931268888812,-0.22324730007236718,0.08155143259421847,-0.7003105590062113,0.3642613941443721,0.9993403223505918,0.06598995848014327,0.38608210563069767,0.42176237028816066,-0.38016121228997574,0.1839496614729228,-0.17675283078305737,-1.9891434850478422,0.9548773758257684,-1.1294903438806743
7006,Alejandro Darío Gómez,Atalanta,Serie A,34,2879.0,1.3196686520014045,1.0687689101833717,0.46642920356712453,1.4797862955267382,0.020601692099276567,0.6781057308018356,0.9404847781699176,0.1113532812877388,-0.7403083336599027,1.4910018384869805,1.3753127992680931,1.988810806055583,1.1068392699528526,0.13182230057491442,-0.08971811768362623,-0.07768224189889873,-0.3954565698175299,0.7755581668625147,-0.005772862653034721,0.8123484524318926,0.49454868185070266,-0.4475745594625466,-0.6142832435785628,-0.3266798854189483,1.515775319675717,0.5399939278478584,-1.2501674712827457,0.40802805540479686,0.18685184889343726
36770,Mauricio Ricardo Pinilla Ferreira,Atalanta,Serie A,20,1384.0,1.3727397103916745,1.7811030439444926,-0.2463067479076388,0.06150582287639026,-1.0506862970631092,-0.3153085404406405,2.3002656522214915,-1.0237909249436254,-0.91331000539983,0.3634545936819618,0.6422770331393122,0.21490557043648562,-0.5415846807314204,-0.9936565879906205,-0.6417440737304237,0.2968679642004407,-0.33488580788493016,-1.1138443935926783,-0.7400490087071765,1.186332192269291,-0.7465466014271175,0.007450955987267969,1.6155656201447157,2.0218765149726026,0.9063620356491798,0.5860675149192417,-0.22082141505029115,0.10781612411602852,0.26475911105984323
3112,Anton Ciprian Tătărușanu,Fiorentina,Serie A,37,3440.0,-0.5658964110424543,-0.3973651641479937,0.0,-0.6767433008554494,2.163177670424047,-1.139709856626483,-0.4798210963967663,-0.66874236616147,0.002357633463500395,-0.7789597780634512,-0.4317229519419891,-0.4659467390352356,-0.4266182913414006,1.0410510483137583,3.0539303771469752,-1.7130510834117487,-1.2834346909296313,0.0,-1.050517656745049,0.0,-0.33062834374042877,-0.5439669083520798,-0.8851952301820702,-1.5393035465059481,-1.0050096264729085,-2.0718059196567458,0.012639110331017512,-3.5823577584656188,-1.2318775547038172
6830,Facundo Sebastián Roncaglia,Fiorentina,Serie A,30,2532.0,-0.29481925618083943,-0.1592135053802215,1.9602241856835878,-0.5148439885473086,-0.14421184469493656,1.1092657314648673,-0.4023510335445845,1.3842801157096172,1.1032702325747774,-0.4459210228247673,-0.4317229519419891,-0.30054396629364133,-0.07300129269626857,0.29906013340533216,0.055492964114062425,0.3068280684294788,1.1179468997367907,-0.2404891304347826,0.035583092409871946,-0.1635153687063188,0.3799875828791496,0.483556686334555,0.25069983687110864,0.4883562436329054,-0.04680765374502157,-0.5378061848042106,0.9518913483372865,-0.32487753108679107,0.3302645333261552
25931,Gonzalo Javier Rodríguez,Fiorentina,Serie A,35,3255.0,-0.35503086385056215,0.3436486607367991,-1.1262397914993898,-0.3101764690431411,-0.12113794954374656,0.9069407741282136,-0.2202291041496539,1.039732709913922,0.9828769963129503,-0.5522785607880889,-0.4317229519419891,-0.4498637966165829,0.7949216708871213,1.6317635780433184,1.0372044960361435,-0.7564736584628637,-0.2008512264486354,-0.16879795396419453,0.005552656949367335,-0.2862287833404654,0.3367539536724506,1.2251288300193648,0.2380127327089119,-0.4036645591588712,-0.21976851960961027,-0.8439958966022066,0.3652913607066882,-1.2573272413977894,-0.5508603961048328
8275,Davide Astori,Fiorentina,Serie A,33,3016.0,-0.27625501408276887,-0.3973651641479937,-0.9284037395342289,-0.312879756897037,1.4860090083782582,1.3939999100038543,-0.23467837659610088,1.4688435871971404,1.2460863573841057,-0.6042138131545596,-0.4317229519419891,-0.431231899796035,-0.14819836159846123,0.7100677730927034,0.36216723475585744,-0.7257263331598574,-0.04633519834222406,-0.2856280193236718,0.3741793223146844,-0.253505206104693,-0.007146113020032267,1.0432708651272538,0.4563232459206803,-0.007264047245862147,-0.23548666696132628,-0.7518748588570024,-1.1814564057569168,-0.7750089546271078,-0.7138637606862244
11516,Manuel Pasqual,Fiorentina,Serie A,17,1074.0,-0.2754074335117243,-0.3973651641479937,0.2949726005889802,-0.4602299044835871,-0.9517981749865808,0.8284521545044111,-0.18478899626954887,1.1415092666811177,0.15316557932733021,1.2820663734206381,0.9522770288331703,2.01994605073054,0.19488529971861365,0.3647946613573101,0.011564779920731504,-0.06273399903113537,0.1319047382061648,-0.5217391304347833,-0.2503526495115005,-0.7770824418770504,-0.210565584257149,-0.12407905431477045,-0.5220874045621923,-0.2008215308478089,0.32429085428894994,0.08215265245693625,-2.086400585970408,1.015226632583047,-1.0721050331598678
5255,Matías Vecino Falero,Fiorentina,Serie A,30,2487.0,0.638388894117513,0.08755642813186171,1.0560576637911714,0.06676601770817722,0.6603384467610247,1.7638691796947545,-0.09152909351809395,1.5381743709983033,1.0871671742456614,0.2806176850753049,-0.1328858028964479,-0.33965005007814375,-0.38256402150276403,0.11573343255485444,-0.3210688344571773,0.8604465482599059,0.7168827301365103,0.13451086956521707,0.05523509631496712,-0.5725600841534733,0.10196901501076172,0.02790967340162043,0.2516520091380666,0.855340652453694,0.07050817395153311,-0.043675369365893967,-0.22191829564293838,-0.7134501430271454,-0.016326116133879225
6305,Milan Badelj,Fiorentina,Serie A,27,2178.0,0.20762051920879537,-0.12050566001576267,0.9620972862458543,0.10597020075864806,0.38319147304654533,1.8807688004481142,-0.4243985636167354,1.7466649549821796,0.9627597279104956,0.769716306903211,-0.09048879690238411,-0.32173192478533325,1.2742297338767916,0.5481245474855854,-0.05787686650576301,0.4249817506568384,0.6834369575237955,-0.7636746143057508,0.8434266248391519,0.041006989017258404,0.6724740147207264,0.10904367880193884,-0.3480357195543167,0.5821983496228027,-0.14737808074272565,-0.04954169073964628,0.03851031305721012,-0.9644191301846927,-0.16721990489726027
6658,Cristian Tello Herrera,Fiorentina,Serie A,15,1092.0,0.6911866587553638,0.707030440247611,0.06600729681813895,1.9889319541366006,-0.21265136421117772,0.5805464369729594,0.9848411400799013,-0.003866205423283659,0.13915683930029896,0.9585143873163858,2.290650636615743,1.5475139368384019,0.9070760500439219,-0.6900965214029626,-0.5529416925230692,0.2855494669074164,-0.5874298617666984,-1.2717391304347834,-0.420937277427224,0.8590964199115673,-0.32788835958758017,-0.44866691781191287,-0.8851952301820702,-1.2572137339437737,0.22634899377759227,0.5880499951630092,1.4219700345571489,-0.17502101037561785,0.5877514325904337
26192,Matías Ariel Fernández Fernández,Fiorentina,Serie A,22,1130.0,0.8145689069575635,0.13626315443607706,0.9383515455922419,0.18679207080773305,0.34610842726784746,1.1319891881891833,0.2011771443267149,0.70347231479011,0.9622820808775263,1.0866467003974947,1.5413956047206505,0.27529188146337774,1.9083185551196233,-0.4290206421667321,-0.6913300467429067,0.30371794668660257,0.0617640231339486,0.9782608695652172,-0.2900068445602426,1.186332192269291,-0.1149684918366625,-0.48257010028726427,-0.7126386794228892,0.27805383000080486,1.855723757276443,0.38559512815807334,0.1468821621052718,-0.1689397969675371,0.6044974284192407
7777,Federico Bernardeschi,Fiorentina,Serie A,33,2349.0,0.8685181262817019,0.11604479753782988,0.32877809683532705,1.4416813178612158,-0.25272768822776,0.5955252830969852,0.7663365036783724,-0.008058090385940528,0.12147935443162614,0.7915965485251061,0.8338504659826784,0.44778211600150225,1.3104068793019352,-0.08153395909297123,-0.08480441943874058,0.5667972674269465,-0.4598330168522354,-0.012810559006211891,-0.3188214304625193,0.8590964199115673,1.0125238471378373,-0.33721988758039356,-0.7399289129720743,0.16548443950198288,1.3257792464854505,0.3226383057315359,0.8605760705552032,0.5248984500357178,0.6052641423529401
7033,Nikola Kalinić,Fiorentina,Serie A,36,2692.0,1.1493266185438977,2.2905991746335825,-0.9667969953900085,-0.24892421804626108,0.0,-0.616717783419218,2.4179878233732492,-1.2310067564724503,0.24769569901503516,-0.19162638634887033,0.3965177497774695,-0.3687142398288564,0.3398812468354483,-1.2696027974590487,-1.3373004439642453,0.08135478576907014,-1.0524359248546178,-4.105072463768116,-0.9866709095111091,-0.7770824418770504,-1.5408182959980898,-0.4022205628383991,0.14697113631113604,0.48227025139504426,1.5415902134968313,0.7728626734326864,-0.21740519042510528,-0.36505508351351185,-0.2181712860769227
6997,Borja Valero Iglesias,Fiorentina,Serie A,37,3202.0,0.13563174806111492,0.3559140363516941,0.39579046599940126,0.5636657521774097,0.3685413808870598,1.7562727967461162,0.25058540115205563,1.2581235260123071,0.9503747278560559,1.591211100880686,0.9609216258398862,0.41690734869948853,1.3110904262407932,0.35088240628411377,-0.23942047826127374,0.2849564738820893,-0.053461248580599786,0.044050343249427776,-0.5405811440152616,0.4285230352303522,0.47928958809330047,-0.35979565867607943,-0.7938512721755706,-0.38486728672620585,1.7442250533739845,0.22069967356381376,-0.31964080008656787,-0.1701342534644841,0.2948994952475797
3556,Serge Gakpé,Genoa,Serie A,18,913.0,1.0059893990263502,1.584014901569422,-0.23979670996822403,0.6671191909426099,-1.1594632313472897,-0.36739137726676635,2.065275092652483,-1.094707876557218,-0.5345017519219587,0.375550255157178,0.38230551429707,0.1647758823227712,1.1910960618826802,-1.0715904179845106,-0.7614528638432836,0.2434355958683106,-0.5266515848398945,-0.8967391304347829,-0.8622641588767399,2.495275281700185,-0.6310793655872041,-0.3919879530109154,0.1826519897405721,0.5975345079080706,-0.06283752967548309,0.7741774225068233,0.3685328710360168,-0.11370481581334416,0.5403750543504064
7056,Nenad Tomović,Fiorentina,Serie A,24,1746.0,-0.3157364874369528,-0.3973651641479937,-0.15482078902670135,-0.4070596942067563,-0.43263553408480965,1.365600216294108,-0.27241512320964045,1.5742286123257447,0.9707616618664953,-0.23562593253229952,-0.4317229519419891,-0.1661186887905932,-0.08856706389102136,0.17242949152866563,-0.16209369009848276,-0.4577523466438075,0.14119000156506906,-0.4384057971014494,-0.11534199021539307,-0.9493117957495371,-0.5540514453383334,0.946118854389363,0.5386928025000032,0.4013968134578782,-0.25277496662874127,-0.4216920020767625,1.526546571772789,-0.008699799818646282,-0.5905294602845194
6849,Lucas Digne,AS Roma,Serie A,33,2967.0,-0.22941089773688883,0.21234161037172275,0.7843853199519641,-0.022413989383217533,-0.17305421363392373,0.7006240570660496,-0.06789270121697664,1.0178227218416744,0.13681742594925017,0.07367331421596988,0.06925985201908981,1.3337491532522214,-0.2749959517110846,-0.18330395618166873,-0.5850359287670353,0.0006469222341742166,0.18368386246354568,-0.8312629399585927,0.16599205496007105,-0.7770824418770504,0.015706907176927642,0.5901254630642386,0.8070744818891357,0.2948982276596977,-0.16660299747323953,0.0466198377709148,-2.0488190103539674,1.2338565609486254,-1.2210967008240097
11508,Łukasz Skorupski,Empoli,Serie A,31,2909.0,-0.5444467608624608,-0.3973651641479937,-1.7633652433911475,-0.6911632058351953,0.0,-1.3055917019303465,-0.4694472328358427,-0.7802589694313019,-0.22927537482267632,-0.7789597780634512,-0.4317229519419891,-0.4659467390352356,-0.5415846807314204,1.1133352779473447,3.309310056274026,-1.7207498874197655,-1.2834346909296313,0.0,-1.050517656745049,0.0,-0.0154713718366333,-0.5439669083520798,-0.8851952301820702,-1.5393035465059481,-0.8550638378746028,-2.107273101230556,-0.03341228424186035,-3.42081755797776,-1.3541839931202935
40250,Marco Zambelli,Empoli,Serie A,19,1304.0,-0.518045926093374,-0.3973651641479937,0.6676687749481672,-0.12055960387593007,0.08652710681696159,0.3819731950431281,-0.35253840464600134,0.6557645432641648,0.17336537117677772,-0.5364595494598237,-0.4317229519419891,0.6982782223211469,-0.5415846807314204,-0.06941970896376283,-0.332970878278078,-0.6055880823740551,-0.27669262487605273,-1.1138443935926783,0.7288676867947087,-1.3830746129098719,0.18036675701827234,0.5201188755933434,-0.473983971375203,-0.20067489609587438,-0.2336481745502369,-0.23196047810179923,1.3244038782200942,0.7634380906600127,0.529324263406844
7160,Lorenzo Tonelli,Empoli,Serie A,26,2381.0,-0.382452804736194,0.10914470565461051,-0.5264977162366109,-0.4828285853802375,-0.43263553408480965,0.15526051022350243,-0.1249399814180385,0.4798384180114752,0.7906114357168156,-0.5576099963896934,-0.4317229519419891,-0.4439601881857125,-0.2093844459547144,-0.018354474455153726,-0.016779188758269625,-0.5571714508599896,0.10947849014036565,-0.03736413043478323,0.2849278307579648,0.7264332689557332,-0.037031764654568804,1.7871004789050924,1.244040998841339,-0.28867773323156154,0.9142162575366052,-0.7440857019819794,0.6982069226762655,-0.826036726984465,-0.7775662358751823
17520,Federico Barba,Empoli,Serie A,10,925.0,-0.36352765739834353,-0.3973651641479937,0.4319649171526432,-0.6911632058351953,0.0,0.10449294500821336,-0.2025137046787361,0.5075822256636122,1.1295644094252013,-0.7789597780634512,-0.4317229519419891,-0.4659467390352356,-0.5415846807314204,0.01039366913755836,0.0834730340812772,-1.0547467513464224,-0.6858623874832055,-1.927989130434783,-0.12146120510306926,-0.1226108971616035,-0.7504960320091505,1.856150475024927,0.48499705665704773,0.014782599241988771,-0.34216186898721024,-0.7719288293828245,-0.8748860206956048,-0.9772062772638321,-0.7077760238033046
40252,Massimo Maccarone,Empoli,Serie A,37,2814.0,1.252353999275693,2.174063407280579,-0.31213134747554216,0.20785176560993554,-1.399703198509678,-0.5982080373603661,1.9277355001434506,-1.135310263652516,-0.7603592579197308,0.38223771554861236,0.8888314007166125,-0.0008616504361366977,0.44220730807869996,-1.168456815096134,-1.153359951600337,-0.027959086335190828,-0.7186980724229367,-0.3586956521739137,-0.897820922955278,-0.1226108971616035,-1.012776778626345,-0.2481102213020091,-0.2788864541936545,0.13920100983415523,0.5531501962743,0.7743848549806572,-0.5648066970575408,-0.1369206967866027,0.24319929024112408
7107,Danilo Cataldi,Lazio,Serie A,20,1384.0,0.7415558569014927,0.0383284774705033,0.9480064190284614,-0.3327493826392022,-0.9517981749865808,0.8493029301970401,-0.1527520671475595,0.9789482653641852,0.34755946590254605,0.744259384263766,1.1792770256799638,0.21490557043648562,0.31567914766815,0.47113233626048595,-0.02003381518950902,0.5231521638693164,0.014579570078907046,1.0071070234113706,-0.6158615494920274,1.5603159321066888,0.7538843920149227,-0.2181290794242834,-0.6738633273375532,0.6864339919181458,-0.16226095371985813,0.023731990797989745,0.2630599206369798,-0.19730988181298534,0.049842728701058964
38237,Gabriel Alejandro Paletta,Atalanta,Serie A,24,2092.0,-0.29745793524780456,-0.10912424636596689,0.013495877615839676,-0.5726056696728496,0.08652710681696159,-0.8120798029052977,-0.1480409390015863,-0.39228831792261987,0.04692829436397079,-0.6278028478057407,-0.4317229519419891,-0.3408272897696655,-0.5415846807314204,0.5144878478234056,1.3064760933074695,-0.301971305682155,0.40098652173080906,0.47826086956521674,-0.2289333185339293,-0.4498466695193266,-0.3053607652142572,1.3463621583089005,0.8158312841731924,0.27675075348801326,-0.5029171669232237,-0.8946411314051417,-0.5557049629167099,-0.7140751150021444,-0.48323271343086566
7132,Andrea Consigli,Sassuolo,Serie A,37,3396.0,-0.5658964110424543,-0.3973651641479937,0.0,-0.6765564705200229,2.163177670424047,-0.8871003730537267,-0.4798210963967663,-0.38387992217066735,-0.5036129779278269,-0.7789597780634512,-0.4317229519419891,-0.4659467390352356,-0.5415846807314204,2.1957668792437603,3.9790146919622504,-1.725526965686109,-1.2834346909296313,0.0,-1.050517656745049,0.0,0.25335653359932125,-0.5439669083520798,-0.8851952301820702,-1.478831996580959,-0.8834171433130326,-2.060062236459975,-0.04003448570226844,-3.358577655954175,-1.355057579682143
8848,Paolo Cannavaro,Sassuolo,Serie A,31,2745.0,-0.4522406143692288,-0.3973651641479937,2.1465601613437735,-0.5285255890144561,1.0094829128645553,-0.7665049898993295,-0.31491634722339573,-0.346845958190157,0.3498077015359075,-0.625361576193807,-0.1609732289269581,-0.446875708954101,0.32286205041976745,0.2510031096549973,0.9704007903977324,-0.8427709553956517,-0.40245093300258056,-0.07173913043478311,0.07653443213210667,-1.3224753958065896,-0.5854169247733274,1.2884314525623157,-0.0505432801984544,-0.5667359741604399,-0.12486671877512892,-0.8271493991920893,0.6778392176154263,-0.5892256219151438,-0.5919856534930257
7119,Francesco Acerbi,Sassuolo,Serie A,36,3367.0,-0.30644929098590207,0.3189995522167228,-1.3378507734660317,-0.4554425137991967,1.514224369296833,0.045377343619301014,-0.18405044588949426,0.381487208130838,1.0480275140508786,-0.685042255610487,-0.4317229519419891,-0.4659467390352356,-0.3066667243894733,0.44024430132676773,0.5793608550901286,-0.7536387563007863,-0.21634129191815682,-0.26212374581939873,0.531941134513268,0.700756530061056,0.7447199460509236,1.5680869360516216,0.765289984311373,-0.9293796274525978,-0.34509024086580997,-0.9109950919034265,-0.9011012435293645,-0.10391552321897216,-0.5180311355005509
7118,Federico Peluso,Sassuolo,Serie A,34,3155.0,-0.19012981354691852,-0.20623996604973732,-0.7247640809597952,-0.14087586524521412,-1.6934590905605402,-0.17210890404664494,-0.10678616934435864,0.2680431616525022,-0.17074929384830081,-0.11077108688726454,-0.19615782050735858,0.5130227306288404,-0.29088142906633757,-0.4342975718455387,-0.3199380802718704,-0.25319839370713854,0.29336068979667423,-0.32382246376811646,0.6110357595433411,-1.152598901959684,-0.6953501962763905,0.8194119737464872,0.7525879433468281,0.3157834363910403,-0.0631512991150559,-0.1133108121818781,-2.039309747565069,1.4482615027739498,-1.1059673101103895
6963,Lorenzo Pellegrini,Sassuolo,Serie A,19,1185.0,0.6978409534861697,1.1292171143330192,0.254399742314347,0.48092561074633444,-0.061805076297830275,0.45123735555257777,0.37330005533939264,0.24038828800898768,-0.05029402390665727,0.37740136829061194,-0.4317229519419891,0.28506559745096494,-0.5415846807314204,-0.36749331586518547,-0.3303441089627511,1.065885252456767,0.2908657603967909,-0.4384057971014494,0.037301606253471606,-1.4315539865924973,0.6592507146079567,-0.10486315447080395,0.34891174676650255,1.4934595016308485,0.9580146517785512,0.20647488210834977,0.6927920335612019,0.27070202159173595,0.39147037204314394
7698,Joseph Alfred Duncan,Sassuolo,Serie A,33,2579.0,0.3776802708382869,-0.16355360928176696,0.6814260266653218,0.6552164448521957,-0.21013725941262215,0.41204646780331905,0.21640432484179348,0.14348996451398854,-0.412900984194854,1.06024319653405,1.0091610916335458,0.9549522257146751,1.14524283943855,0.05314893825883099,0.11037122748414649,1.0150255335631042,0.5383614454982566,0.43781969309462865,-0.31743123600389783,0.1153787554621955,0.8910598607243351,-0.24805286250265857,-0.29924563992478936,0.3319614838599619,-0.3837340005666014,0.2995559235783282,-1.0279250131253868,0.34798211548775315,-0.15190624433830674
7131,Domenico Berardi,Sassuolo,Serie A,29,2214.0,1.914202436688743,0.6920657301609495,0.38390770001308294,0.8995854808193245,-0.39607478472553004,0.7614146991430328,1.0740374750823922,0.08676766400638199,-0.992585378782844,0.6969253831941581,1.5823908412186096,1.1419116507319689,1.780590989332577,0.18579621735758736,0.15609607491769437,0.6337955019437126,-0.0039106615593914726,-1.3997879109225881,0.15276571050128207,-0.24928280904201222,-0.04892662969125216,-0.2932771410052268,-0.2907168693348919,0.5477023838320914,2.101711719983542,0.6421134704338114,1.236240375644599,-0.07170662673946736,-0.13248141475178254
6859,Nicola Sansone,Sassuolo,Serie A,37,2640.0,0.923123679691201,1.201498472215643,0.23053413943788964,1.1502149633965826,-0.5385870934525184,0.2920088975589708,1.24624440887132,-0.3785196585491527,-0.24614127727762777,0.9378928505050593,0.6943497596887089,0.4263824241360354,0.5070481437048217,-0.7252007269642359,-0.6401007227882058,0.4934065501615371,-0.6029605480372764,-0.5794314381270909,-0.5296829793093938,0.45005170446441284,-0.37993931851035034,-0.4125684365466981,-0.6082223575146348,0.522089129232488,1.0635971354317624,0.70926474965106,-1.3057193754134029,0.12501323444589438,-0.13409561897083194
8093,Diego Falcinelli,Sassuolo,Serie A,26,1183.0,0.7527221936405718,0.11235588403459319,-0.48032793027660475,0.0216652330621275,0.02544914906381223,-0.5676921029680854,2.5813017200421333,-1.3309034812537326,0.0774901604450439,0.5575588106902695,0.19651710695594923,-0.20043544111783293,-0.20727835824480292,-1.256749023007421,-1.2698469327783495,1.234931300455651,-0.5825626951291953,-0.20923913043478262,-0.905229876902474,2.495275281700185,-1.014770216852237,-0.42667461230264353,-0.14347920261619096,1.3249930118176707,1.308689005958732,0.7701852923204769,-0.010006662108443032,-0.39505801306539345,0.012162183991763682
8873,Marios Oikonomou,Bologna,Serie A,20,1689.0,-0.38118050703534706,-0.3973651641479937,-1.4117816818309163,-0.573686656089013,0.8652710681696187,-0.4690815808304731,-0.32795055919180605,-0.08823683248829628,0.2630803087701894,-0.7165519828988312,0.008305461128620677,-0.3729627646609647,0.16087425266408292,0.6789051434341876,1.056532835590105,-0.4531162536441371,0.4347183573899093,-0.5038819875776396,0.1197414319869295,-0.35025317358436786,-0.41453370932147804,1.5304018614636101,0.6156074522645657,-0.26263419942171934,-0.5176601723735765,-0.7933984967912637,0.9982203128950735,-0.3698981791047657,-0.594149393147866
10030,Davide Biondini,Sassuolo,Serie A,22,1148.0,-0.18542670144732748,-0.3973651641479937,-0.3318856348079506,-0.2158590207885229,-0.1966525154930956,-0.055524478605204854,0.006489903887594324,-0.10441500744169498,-0.5949606303614409,-0.1362355949351376,-0.4317229519419891,0.4916748019290552,-0.5415846807314204,-0.27569565575281,-0.11119147460943783,0.9867316290325986,-0.2602612946213732,0.3164961636828644,-0.30193123011714723,-1.4315539865924973,0.20449161650372563,0.2114598459297318,-0.20579138921386647,0.2495586794980854,0.3786699632758899,0.1948195800935513,1.101007831349954,0.3740446765466512,0.2658019857987955
6948,Sergio Floccari,Bologna,Serie A,25,1629.0,1.196082403681693,1.8236293109901287,-0.3966103624317524,0.5877734862910593,0.30902538148914965,-0.051257358938901404,2.5768387570654343,-0.9097741404688402,-0.0060054312793285875,0.06222374460663147,0.02451276916068731,-0.2088566097646914,-0.05602988699088236,-1.0940211555591972,-0.9478608875278447,0.7077154986302536,-0.7320375953999145,1.9590301003344477,-0.7867431884304906,-0.1226108971616035,-0.15065119527189927,-0.20325042897458895,0.5212624755914258,0.9189818918811791,0.8639042980250438,0.6652423519467793,-0.3124916247906093,-0.07543274598971698,0.20331361784623678
7457,Gregoire Defrel,Sassuolo,Serie A,33,2115.0,0.9682150232021045,1.5983795167030708,-0.33800472696377665,0.3877047676848855,-0.6583584214334063,-0.18269675597265522,1.760310510459078,-0.9184752838339931,0.5121742763335679,0.3174699395379465,0.9738713547743438,-0.19367735213222842,0.019386070334776014,-1.2400126153301994,-1.2960386316553292,1.1223745653434902,-0.7607355129741289,2.712635869565217,-0.7660902087837338,2.495275281700185,-0.2418071055552798,-0.3307472604863256,0.10588311513573127,0.7424896039969751,0.8119627944291093,0.6363480243119028,0.05885371503053685,-0.1015247352886028,0.12938413486077216
7704,Alex Ferrari,Bologna,Serie A,21,1322.0,-0.18830468714774443,-0.3973651641479937,0.522299271338268,0.47202791900602187,-0.013955984970477711,-0.020427342059446733,-0.16024018309708743,0.20067581299413906,0.248910622251179,-0.46002856465030917,-0.4317229519419891,0.1280393907610719,0.056727542417851155,-0.4441546515780662,-0.27277399550069786,0.8167939535695243,1.486609009567817,-0.19626743232157554,1.3546984595519822,0.01889646385795262,0.3854631002620362,0.7417899988146517,0.33164171721011154,0.7131473320162266,0.5010253781418286,-0.0980116785490856,1.5638291340249988,1.312827759594567,-0.0818484247321931
7036,Gianluigi Donnarumma,AC Milan,Serie A,30,2737.0,-0.5658964110424543,-0.3973651641479937,0.0,-0.6911632058351953,0.0,-1.1346794565414586,-0.4743082047090194,-0.6503763133986055,-0.588261188392715,-0.7789597780634512,-0.4317229519419891,-0.4659467390352356,-0.5415846807314204,1.4588913668697658,3.828669355699505,-1.7161043669322917,-1.2834346909296313,0.0,-1.050517656745049,0.0,0.12886172452702577,-0.5439669083520798,-0.8851952301820702,-1.5017877658071426,-0.8726590279460055,-2.0533587258967403,0.008839034334349096,-3.255290148571725,-1.2492644601671947
7463,Ignazio Abate,AC Milan,Serie A,27,2337.0,-0.4590978960683835,-0.1393420576011388,0.01086393798470802,0.1154135930318853,-0.15939203887335077,0.862760453780141,-0.2280185301044373,1.1014964712745925,0.08235858245993247,0.03290234799336609,-0.11370498460084211,0.6540784550750463,0.30455220309756653,0.786082638771864,0.2658049817748608,0.12574498305117449,1.2000573917504753,0.18361801242235976,0.1629803401043919,-0.6779200866171343,-0.11009655118659122,0.5841370447087594,-0.40544076353347014,0.30604906558242373,-0.4199284995090978,-0.18368274726568318,1.954187105289858,0.5507994291400222,-1.0339022279375245
40945,Alex Rodrigo Dias da Costa,AC Milan,Serie A,25,2174.0,0.09423778610235654,0.4347415515833771,-0.9205948622129136,-0.599894626018589,2.163177670424047,-0.48973872894809356,0.08236452848751884,-0.16286339168531727,1.11856839267234,-0.5365339132220449,-0.08986095117094033,-0.4418667125528462,-0.5415846807314204,-0.19418099187314453,0.32842507755320327,-0.48009160929701905,0.210324272520999,0.06868640148011071,0.25396478053054583,-0.8762447971369669,-0.6925332461974132,1.865448307862152,1.8728124733619227,0.06655823834661506,-0.6748351515747301,-0.7962316399545638,0.806860154283233,-0.13147906874905063,-0.7032428018717485
7458,Alessio Romagnoli,AC Milan,Serie A,34,3070.0,-0.4439478135696188,-0.3973651641479937,-0.6532086016405645,-0.4326382644393623,0.5407944176060117,-0.10339322782174562,-0.19967102495907443,0.22840133948862582,0.9996486364250049,-0.572953069204083,-0.4317229519419891,-0.39773829920107984,-0.5415846807314204,0.1647080359060095,0.4735083361556016,-0.5007056835148596,-0.27065182729129794,-0.2550724637681167,0.0411993299971145,0.31370346598202775,-0.44471793932754633,1.3543344015867778,1.2107766844139747,0.16646690313711654,-0.4372099523237124,-0.856800932824743,-0.9281894285789886,-0.6135776601443979,-0.6236278544373358
8874,Luca Antonelli,AC Milan,Serie A,28,2439.0,-0.0798186680746743,0.3443322528261763,-0.44500776337583625,0.08168221398947352,-0.15939203887335077,0.5062300551633858,0.19450342835953197,0.8110566493546474,0.3158268127314792,-0.21713609687051771,-0.12700462899149287,0.4355288895231948,-0.2172842465357106,-0.34527218485643346,-0.39110486234809533,-0.0006469222341742166,1.2944993313439888,-0.21679407548972765,-0.09917756327401808,-0.6558840076704864,-0.14666307252328895,0.4658457015372504,-0.10571929824714747,-0.8657114725567459,1.1369452796538473,-0.09641989592180397,-1.9800984150143923,0.8469257731561491,-1.0576619102335187
10919,Juraj Kucka,AC Milan,Serie A,30,2249.0,0.8490651945838866,-0.12924600007507273,-0.018213552546570835,1.0512793807791714,-0.39977713909102647,0.38332627486913023,0.5265451474469469,0.04637302701263051,-0.17865955204780878,0.5333521156338437,0.22920011580035035,0.16253231586173789,0.5135092619142044,-0.38069876122708063,-0.2530341209452924,1.2404190567189353,1.2357882535129752,1.6185047720042418,0.363308802012032,0.37266486640684293,0.6384666232886119,0.19639833607557602,0.8704851934493028,1.7022834325322196,0.8835282110900126,0.11938153817276989,0.6333630643338131,0.304792652696404,0.24303768909250195
7166,Riccardo Montolivo,AC Milan,Serie A,31,2768.0,0.11037200341131159,-0.3973651641479937,0.8787222953719418,-0.135621779881406,0.32098765432098736,1.1533323374581046,-0.38170038762200426,1.1895811802069032,0.46794545833267914,-0.09351115501620343,-0.16322295567166378,-0.27682109751531303,0.7443110618679353,1.4671888047512376,0.6903774328411793,0.41781296747173613,0.23923588448423078,0.7938346400570204,1.0917160147162708,0.12400156896305749,2.5152599060555785,0.14530542207210498,-0.4449204325893262,-0.6861041567767122,0.2829986251839077,-0.20327629818590726,0.027600408746959265,-0.3719513703015916,0.046837621640997584
7026,Giacomo Bonaventura,AC Milan,Serie A,33,2949.0,1.6769267261571676,0.8294913973982934,0.4195845800265555,1.2264054400980369,0.06831087380286428,1.025980445007058,0.7481573002960846,0.49318313825583193,-0.15959389691658463,1.3656336305437398,1.5844397870916116,0.7766773471261817,1.4700347470491928,0.3029632428370043,-0.15610357951954137,-0.11694786689851107,-0.486823596347142,-1.1393861892583128,-0.17627837112060218,0.7500178291256591,1.055554485894486,-0.14402364523742844,-0.4058227167556239,0.06236204235164799,1.371219679436537,0.4528184398131506,-1.2459794294528015,0.3757463802616975,0.10559228816514321
5661,M''Baye Babacar Niang,AC Milan,Serie A,16,1155.0,1.486992965751338,1.168868602085773,0.019230228358647718,2.272220903249182,-0.8464608275572365,0.46119820459901856,1.976188856226888,-0.675911031822581,-0.7703384309753659,0.13365291486333192,0.8552172899216661,0.6218450027354567,0.14323675563510502,-0.6198881102804161,-0.4398420741490083,0.521456467970917,-0.14681854016437898,-1.5480549199084677,-0.6040879332287731,1.4044893738411066,0.30649444663361664,-0.42383116270144505,0.21214491295748303,3.0835501090584168,1.0813818181793184,0.6545988293531295,-0.19642664445974978,-0.03512915757818155,0.7934207082485994
5688,Carlos Arturo Bacca Ahumada,AC Milan,Serie A,38,3252.0,0.9882732144992631,2.569424503748686,-0.7862724651553568,0.11727377937613584,-0.1877474959235968,-0.642957255650794,2.45256261676365,-1.237974524697692,-0.5009988307261489,0.5499693139890646,0.025354532483755226,0.0008888543253801789,0.6745419475024927,-1.1531870560212352,-0.9686449620326787,-0.16779349581435937,-1.0072274742574576,-1.84866220735786,-0.8919609744998772,-1.867868349736129,-0.7852228803104303,-0.27729104306440466,-0.12070922001512685,-0.4973408071157758,-0.3453303697611441,0.8610163468810134,-0.2030387346513335,-0.3846266489082084,0.08001000325858408
7019,Matías Agustín Silvestre,Sampdoria,Serie A,25,2051.0,-0.4442054654089081,-0.3973651641479937,-1.4152354027651586,-0.5460501688864129,2.163177670424047,-0.13960052261623093,-0.2517604815599717,0.12921598433109113,0.8320619974285317,-0.7275669131034106,-0.4317229519419891,-0.4659467390352356,-0.5415846807314204,0.32469058134101186,0.7208292933179055,-0.36816310960574533,-0.508608340623518,-1.0760869565217392,-0.3801112460038838,0.041006989017258404,-0.6614311044595537,1.468716850905782,0.44578703847236295,0.1127992465203028,-0.37174208959026633,-0.9673535488397759,0.3589264053419985,-0.7016462411289864,-0.05113426203189038
7000,Eder Citadin Martins,Sampdoria,Serie A,33,2466.0,1.4583382158383504,2.047890310304562,-0.028981915489931048,0.4352968490302649,-0.5253431485315547,-0.26677290932794223,1.4353409327803408,-0.846293354368774,0.13497420616058942,0.07592072504314608,0.47242302090017757,0.21337170473072792,0.5810392675701527,-0.9362530187936914,-0.6379536305344136,-0.002085124491498731,-0.4989090086880243,0.576475155279503,-0.5277821228224023,0.31370346598202775,-0.06053551990204609,-0.431430990893456,-0.5293760652954379,0.16787746025718783,0.7131393603162992,0.612819297229891,-0.18802806073974582,0.25226469671255386,0.6765752447427813
21272,Luiz Adriano de Souza da Silva,AC Milan,Serie A,26,1262.0,0.719620896179115,1.0360738215889318,-0.7854601773789184,-0.18018210385878417,0.5657541599570582,-0.6977365515996243,1.9951221696240145,-1.1982083964248016,-0.24027209982600448,0.13979967230380547,1.3350155338177432,-0.05112916714367804,0.39855251301264066,-1.0383013115899822,-0.6044104134807777,0.2533893453668559,-0.5169369364098995,-0.3074534161490689,-0.7100353993089036,-1.4315539865924973,-0.7740470936930572,-0.3515545661204273,0.3122405806527373,1.3897811633314021,1.2259704433694325,0.7737243522647265,0.2148805168017397,-0.22224463561150015,0.09823284276272891
5683,Keisuke Honda,AC Milan,Serie A,30,1989.0,0.9399143249720445,-0.0941977433335142,0.41844625974998745,0.6805039747419288,-0.007866100619724146,0.5427159822089958,0.6580962904330532,0.12124528633510691,0.05606116323781776,1.181849846482857,0.6892544080523711,0.8237208834197739,-0.1439131075774052,-0.5002267157578255,-0.6296293963546634,0.8036761538438711,0.03661724887315009,1.2743135011441646,-0.2728007175877357,0.31370346598202775,0.09361866248114535,-0.16027544317075382,0.2176831768194822,0.009424836188343638,0.47568327151293477,0.4862871773058543,1.1534712907959335,0.33202571136749287,0.22663361535824492
31721,Matteo Ciofani,Frosinone,Serie A,18,1337.0,-0.37921867768837564,-0.3973651641479937,0.7743956688609042,-0.1346433128248125,-0.6056897477187334,-0.8880571931381647,-0.3443944587061448,-0.3092009991871997,-0.5566692266891438,-0.7001215087792004,0.1241543776588039,0.23883979522718943,-0.24578484565163877,0.07815258459767735,0.3609075676631913,-0.455689098160021,0.00853048457509879,-0.07173913043478311,-0.15064622452637758,-0.7770824418770504,-0.7928022868286673,1.0906025629023035,0.1721492291257758,-0.080116453252396,-0.6840505634628802,-0.30063186182519924,1.9099125088978472,0.912980588805336,-0.9283281959436549
174418,Modibo Diakité,Frosinone,Serie A,26,2358.0,-0.3542016447198052,-0.141639973308299,-1.3452237711082262,-0.45975981124928356,1.691211633240619,-1.1262089555691022,-0.1918671927829608,-0.7644118618696722,-0.017812888694896563,-0.6001527110014607,-0.4317229519419891,-0.3771427058330057,-0.20614415528471272,-0.1968511699796777,0.8217208849120896,-0.6556289506702732,-0.2285599186243951,-0.8967391304347829,-0.030052767112848867,-0.07586292968192888,-0.4551696197748039,1.8539716152820127,0.8306740335693698,-0.18938775136108896,-0.3907192754033623,-0.8725903922188384,0.7176896208961425,-0.21540168685909225,-0.19678198448651615
23349,Paolo Sammarco,Frosinone,Serie A,28,2412.0,0.0032307499107868207,0.6026348358520063,-0.02220271634855349,-0.34154627249542224,1.2470083041268034,-0.6482858418255073,-0.17329106201915145,-0.424864594945672,-0.13367364957491598,0.051358859841948996,-0.12359360298831616,-0.1620911478171577,0.6061726395470534,-0.4067304839742768,0.004495900218998344,0.7664397053558221,0.37803680989441196,-0.04329085457271409,0.23213490708902712,-0.7770824418770504,0.10217220624126534,0.41962188488738666,-0.036362943798288215,-0.0067559081084628565,0.2076318573230271,-0.08203562650484433,0.06705406502941404,0.3149541186432549,0.38766865794408917
9898,Aleksandar Tonev,Frosinone,Serie A,22,1133.0,1.1964204785914607,-0.3973651641479937,1.1973032677299509,0.2282489174982861,0.1854152288934897,-0.8340018718727615,0.06619846805504274,-1.0969439041945588,-1.1694749983017503,0.15137354967744415,0.2242417344448256,0.735376665104728,-0.1925252107387739,-0.7753009038332375,-0.2765288596323663,0.19348121539716728,-0.0637648306296672,-1.3092391304347828,-0.5195696846019052,0.6253565825131934,-0.16063057282793092,-0.2684128315563278,-0.6270457566279558,-0.2705218299862291,-0.4726195869469256,0.4636359591260516,0.737187340508907,0.5250032618958265,0.6439622172791556
11608,Danilo Soddimo,Frosinone,Serie A,28,1847.0,0.886768663166985,-0.07088979869049507,1.0277611787018655,2.048228380138381,-0.6362287265953086,0.5208400121145293,0.6475488374484695,-0.02873095095291918,-1.0742084074147051,1.3325996930911825,0.3730501825206646,1.3763643287646814,0.7431507155923539,0.039128253353362535,0.13005516327728703,0.7355035126801759,0.5870119139970873,0.7532608695652167,0.438387106037983,1.0636187776351445,2.2094589234699256,-0.2810276816099623,-0.38373486948910657,0.7956120216859982,1.1270230722255634,0.3554136803782768,-0.9754566133222208,0.8151383807591543,0.5242750518522628
6944,Mattia De Sciglio,AC Milan,Serie A,22,1912.0,-0.14164880599182125,-0.3973651641479937,1.5211549551256835,-0.3538942985683382,-0.23295759527643617,0.32920686458545023,-0.4009048592139033,0.6935629874378386,-0.08012707925882387,0.15823427139352492,-0.04301584437072347,1.0673162024250236,-0.3347413860129749,0.26799859523379627,0.0036033873964818725,-0.07698579000649836,0.23432707612669954,-0.7003105590062113,-0.24148052704635856,-0.04989183663766448,0.0724534341964666,0.5446062053494096,0.5170523678413472,0.55512478986049,-0.3652049291532622,0.018835502003480973,-0.3372464408434541,0.892171130655001,1.528987268042881
7147,Andrea Bertolacci,AC Milan,Serie A,27,1878.0,0.032158212346690786,-0.07627890216716336,-0.3842269215275465,0.28613472058761696,-0.502792647720184,0.5592966246072254,0.46824949829166923,0.27582728764980663,0.5388508339410796,0.34358299119153757,-0.03597854849350139,-0.1314420900083055,0.3007675652785228,-0.5728955795130887,-0.3900934428277231,1.1375539438596824,0.9608422807133775,0.38809693513898713,-0.2725936576997812,0.9553422353108973,1.1252231733247207,-0.2299539469769183,-0.3400984584148494,0.9210964160970437,1.7910645259012776,0.13155585883873347,-0.6017012916802897,0.12513096705986473,0.13181621128358773
7137,Ervin Zukanović,Sampdoria,Serie A,25,1924.0,-0.20915662096469495,0.5428635260806969,-0.10974352669757874,-0.6138173537608832,2.163177670424047,0.011414689618011672,-0.22102177720290325,0.24558448493449517,0.5962719393969435,-0.5050336709089724,-0.045440213025014185,-0.24827531461646402,-0.3360314689322168,0.2740649332123825,0.4840842066837746,-0.8899520263203808,-0.9602285171905789,-0.4384057971014494,-0.02319561887170588,0.503405363000998,-0.10666289654963883,1.9080760914922175,0.6349885200092591,-0.31183165941108026,-0.6684313024611871,-0.6979061986224137,-1.2547336508213172,0.15574695272042186,-0.7267716946744072
6822,Carlos Joaquín Correa,Sampdoria,Serie A,25,1350.0,1.0518044282731218,0.9426348358520069,0.3348007100534986,1.8809205861076057,-0.358469442527414,0.7864569385610267,0.6043360156686045,0.07226244970812755,0.409558356528057,0.7826219409445997,0.11880148485524071,-0.11694688855047182,0.9231722803858704,-0.2970854378080855,-0.4087670178311015,0.9239208442432755,-0.20863450625862964,-1.4860248447204978,-0.03199650975976736,0.8590964199115673,0.5301486271312951,-0.33840129912766037,-0.4518865582756824,-0.17022765620419433,1.5643347585685035,0.4288519373851375,-0.8324112958773001,-0.24592725130349805,0.11225322359073783
25505,José Rodolfo Pires Ribeiro,Sampdoria,Serie A,17,1464.0,-0.09706624976539904,-0.3973651641479937,0.7595101269417724,0.8335644518592343,-0.02884236893898777,-0.1938375047449755,0.12826516618003764,-0.15642786577583334,0.07567118958233815,0.3010275788324857,0.07593277871119408,0.9643805170498619,-0.2714450772466745,-0.6204635890601091,-0.5568185642426863,-0.15331266140799893,-0.15074128788056637,-1.5842391304347827,0.7105012321255068,0.31370346598202775,0.0004605610242475169,0.1905720897730873,-0.319141381124033,-0.4171101937995926,0.5186861181336972,0.17457304906180754,-1.9858345602861496,1.1131923471582463,-1.0266694768611284
6991,Etrit Berisha,Lazio,Serie A,11,919.0,-0.5658964110424543,-0.3973651641479937,0.0,-0.6911632058351953,0.0,-1.518582323309883,-0.4798210963967663,-1.0085548973711176,-0.40225569708990877,-0.7789597780634512,-0.4317229519419891,-0.4659467390352356,-0.5415846807314204,1.0435699351845764,3.985933991231909,-1.6966337682619799,-1.2834346909296313,0.0,-1.050517656745049,0.0,-0.2981990518893438,-0.5439669083520798,-0.8851952301820702,-1.315841758099786,-1.05278011152739,-2.015695201100435,0.022018317972082656,-3.1999963185552107,-1.2867432461340362
26683,Abdoulay Konko,Lazio,Serie A,18,1592.0,-0.05637290547913111,-0.3973651641479937,0.7525002790194834,0.3059116309552659,0.37855609232420806,0.718416607780541,-0.18600682439283062,0.9611800715427058,0.07080693698422942,-0.31548781686288324,-0.4317229519419891,0.6191972684393755,-0.044745007990630935,-0.02598316518786962,-0.38057007595371256,0.5676953714284646,0.8866123438063286,-1.2267391304347828,0.4609498116925939,0.1578769077164457,0.9771296414215274,0.5673076044542397,-0.1196923157745856,0.9116174882679203,-0.5366668307880164,-0.052604063456819686,0.7732325917807246,0.6308184982803182,1.1645168307490543
3103,Milan Biševac,Lazio,Serie A,11,945.0,-0.43383919966975415,0.24073007394724447,-1.7644983400890597,-0.5336886879611462,2.163177670424047,-0.2015105130898993,-0.3520853541799332,0.03989707358685257,0.8904084497755486,-0.5558766753480154,-0.4317229519419891,-0.4659467390352356,-0.5415846807314204,0.21949244936247328,0.5857999416914988,-0.6462512215751102,-0.18669980861228275,-1.7217391304347827,0.6773307176049816,-0.9493117957495371,-0.44915268747504455,1.585105472900837,0.3528295466933233,-0.3440785629091791,-0.5310960842657502,-0.7352238128284769,0.9145805855148977,-1.129553727304478,-0.6688710934094864
7778,Ştefan Daniel Radu,Lazio,Serie A,13,1121.0,-0.17626284581925572,-0.3973651641479937,0.9751749523083526,0.016839978897371325,0.5407944176060117,0.6987588374056386,-0.3048396520241309,1.008435826145533,0.5971254384757126,0.5374494319834784,0.23126365793870715,0.374641660883464,0.5168034892106006,-0.10243771537008664,-0.15875896215677585,-0.37355527168215874,-0.42052642491366204,-1.4860248447204978,0.17606891634159677,0.8590964199115673,0.5470026411835045,0.4153239866124559,0.20194182578288558,0.10944975581998206,-0.17322363380705164,-0.14733677281966684,-1.836065977689428,-0.0028945186470613724,-0.9036599293986308
7771,Dario Dainelli,Chievo,Serie A,18,1435.0,-0.4789319059921396,0.022843895085455958,-1.893521455282487,-0.6220280516465884,-0.43263553408480965,-0.7130365831607225,-0.3010689449408932,-0.30423173501968437,0.21561904437091664,-0.5585972009908865,-0.4317229519419891,-0.3565042772107452,-0.2659858099985504,0.49282958599838217,1.0016811657048363,-0.7761372908532314,-0.32044796499244715,-0.8967391304347829,0.626315938901451,-1.2445621166737988,0.42470333388694786,1.2690573019242684,0.7114037960932085,-0.1082137657027212,-0.7092320935746028,-0.8609399695732373,0.660444490889546,-0.7251600007463828,-0.4285214088042471
7042,Ivan Radovanović,Chievo,Serie A,26,2152.0,-0.04398814769449215,-0.3973651641479937,1.4889188001652356,-0.3684575256193234,0.679855839276129,0.5107579080062448,-0.22039496799228392,0.7932436898855098,0.3333036081364609,-0.38711306418596625,-0.4317229519419891,-0.24701095922369695,0.009741127124065498,0.738213998552933,0.4213519236012494,0.255329831406462,-0.1596891446890393,1.1068322981366459,-0.17197217389587208,-0.479595376097302,0.8553762896641056,0.7133552716741385,0.47392815985887654,0.41697357369753363,0.16900775901102313,-0.30063235252290915,0.08816455211064571,-0.34924836934536924,0.06507152877688709
386657,Giampiero Pinzi,Chievo,Serie A,18,1032.0,-0.38450968902617283,-0.3973651641479937,0.4754877916044804,-0.40276510624027984,-1.2979066022544286,-0.1552113404839244,-0.30437011326463365,0.024020163062245477,0.6147724064160246,-0.2682680821669229,-0.4317229519419891,-0.31376657167269323,-0.5415846807314204,-0.15802289408761727,-0.12072796956179502,1.689958421985492,1.5954943751534088,-0.03336703741152741,-0.30106078078385895,-0.41348713925735747,-0.1250333924819651,0.19553146785495262,-0.17665997452118903,1.8435874615071066,0.06186453974384649,-0.20294943858796638,0.09496406853844826,-0.34021545873522147,0.18247107025706108
6949,Gianluigi Buffon,Juventus,Serie A,35,3264.0,-0.5658964110424543,-0.3973651641479937,0.0,-0.6911632058351953,0.0,-1.4727979381123781,-0.4798210963967663,-0.9356379017596916,0.4860867324333492,-0.7789597780634512,-0.4317229519419891,-0.4659467390352356,-0.5415846807314204,0.5201596831957139,2.7580082487623403,-1.731886929382582,-1.2834346909296313,0.0,-1.050517656745049,0.0,-0.26527024909756275,-0.5333390907795857,-0.8851952301820702,-1.5078450012324704,-1.05278011152739,-2.062628198275187,0.06469588264145203,-3.3903862036519183,-1.2741094731453146
6943,Andrea Barzagli,Juventus,Serie A,31,2833.0,-0.477796118245277,-0.1845165937279444,0.1383630540175486,-0.4460299111565662,0.30902538148914965,0.8249639118983499,-0.4105820568126773,1.0688176427264096,1.1268376449262285,-0.3696853600036285,-0.4317229519419891,-0.24420309947555516,-0.4019855351254663,0.7645285754021877,0.4274612677005973,-0.820833915888029,-0.3810382875827413,-0.3393066980023507,-0.23148536307196602,-0.1710902708442293,-0.1132057882834248,0.6682570447384455,0.07839270946150279,-1.249347480787257,-0.4147161671357268,-0.5838068695027872,0.9132011203711057,-0.46318757073616945,0.2446667175121535
7173,Leonardo Bonucci,Juventus,Serie A,36,3266.0,-0.06916559606584041,0.15652338453541104,0.21579834662827033,-0.38740035751721946,0.8652710681696187,1.0982668851730673,-0.12408428981348936,1.1823410900537963,0.9833501087769823,-0.3593982476196163,-0.20416386141037227,-0.4178604154840587,1.8802425054392378,1.819972408396225,1.1332645775290429,-0.8953277609127029,-0.3948981022548901,-0.11102484472049726,0.1598727908166852,0.503405363000998,-0.4047460321923109,1.2297917643226517,0.4133377233647056,-0.438928711220552,-0.2728896451755967,-0.785462139769698,0.2559945037186027,-0.9789227444378706,-0.5571413931336521
6954,Giorgio Chiellini,Juventus,Serie A,24,1845.0,-0.05860346491561849,-0.07053589585531093,-0.6374919586262293,-0.5567337393573485,1.1248523886205046,1.3368495863407983,-0.06273274299972902,1.4190025248519764,0.9417230516181553,-0.2076493930605057,-0.4317229519419891,-0.26732893794634566,0.530188705451963,1.1571267312375668,0.5804780939262829,-0.5846528925826968,0.28944362810110286,-0.5038819875776396,0.4400010949407288,-2.2087389459420907,0.20798704058917378,1.1293872886881646,0.9642930035647069,0.07464770628880253,0.10510394898015214,-0.5487162082191972,-1.293572540953976,-0.3497212108971635,-0.8454607678233972
20008,Patrice Evra,Juventus,Serie A,26,2119.0,-0.0653067223443827,0.17177122093931146,-0.8827210679734663,-0.22297563499682385,-1.2113794954374668,0.5609227283587179,0.3746641069650124,0.7502046254225425,0.6120752557717511,0.41488750121594614,0.6204827908748034,0.6704850534824002,-0.3549474086683396,-0.6204845007477147,-0.5886503197502116,-0.5189497095272455,0.7055941683179247,-0.017640769779045162,-0.1177344567128112,-0.9193588646412779,-0.7570139370811437,0.24181951671530966,0.3800701815313674,-0.18250346645229873,-0.4323724906216172,0.09351851356706241,-1.985377138035661,0.9072546344450073,-1.1546952682966078
8294,Claudio Marchisio,Juventus,Serie A,23,1994.0,0.24770581649697448,-0.3973651641479937,1.0760290355827435,-0.11899526100195297,0.5831174589838733,1.3606190814800185,-0.396583067287941,1.3807740938819848,1.0560591167233162,0.2782796004023808,0.31372137070220424,-0.12464798856116868,0.2517641246881751,1.6771311097861288,0.6105192498355012,0.1636629326103512,0.4144693119357929,0.5343833185448087,0.5010159360171339,0.49550111729187424,1.332765077505383,-0.0742536149575154,-0.5429378790022503,0.263015516704736,-0.18744915858462471,-0.11302795673496309,-0.06838529027147178,-0.5169074686629276,-0.04068446811587255
5566,Sami Khedira,Juventus,Serie A,20,1555.0,0.31689118524000076,1.5415415882635823,-0.443857394525733,-0.053163551425864757,0.34610842726784746,0.44106095989842276,0.5972561286703321,0.2720028707909677,0.7752973159124058,-0.23667416503171645,1.0021188287839162,0.17369928918442787,0.7300692726501502,-0.48199969383780705,-0.5017268101930169,0.19183235343496993,-0.5280629488319589,0.3164961636828644,-0.6083943292755538,-0.7770824418770504,-0.30906598071934205,-0.09780360858846836,-0.16417517323173048,-0.6148471575562108,-0.04883191115410567,0.1617926633867367,1.1337691112873036,0.03132537752862304,-0.3465365062184635
20004,Paul Pogba,Juventus,Serie A,35,3127.0,1.908434261911335,0.9524909279530616,0.7014978078421327,1.5931489562264816,0.0,1.304431389776489,0.9484744669583886,0.49372521593335167,0.38685575468565625,0.6705096621095159,1.9450214985737162,0.3878584596243241,1.4820002479627583,0.1298622807062152,0.01922318594276835,0.47147134101010285,0.41795990904525143,0.013975155279502632,-0.006183333904767981,0.772981742975324,1.0659621889156818,-0.27772427408316425,0.3619355811890489,1.6130298114002333,0.6814397360532773,0.28215196484581845,-0.9696781609227405,-0.021155216679672968,-0.16812109389462523
5743,Paulo Bruno Exequiel Dybala,Juventus,Serie A,34,2500.0,2.0797377615982198,2.738234835852007,0.06352290954195682,1.8287440291853374,-0.49395395623856203,0.8009191895711957,1.6688218234325831,0.11544999846995296,-0.054123472757456395,1.8772907259692435,2.2438258108925497,1.1045525881462015,1.5149340926772557,0.41242828350105903,0.11634127897976744,0.43227642928229615,-0.6754048721728931,1.3532608695652169,-0.74114185834827,0.31370346598202775,0.37833303796939505,-0.5023398724841349,-0.7097052180599832,-0.5946411821977381,1.5107751984363083,0.6013178379286902,0.37749616003181896,0.013465850288797557,0.40521545025075717
5472,Mario Mandžukić,Juventus,Serie A,27,2095.0,0.6254550423914512,2.480916458763702,-1.2002550922928872,-0.24128970250527476,-0.02277029126762162,-0.699573711318141,1.8969325557702617,-0.9538030109957688,-0.5251199979957194,0.3782505411537323,0.987289916174977,0.13376660785982383,0.4022921199885519,-1.1295106916362943,-1.0007801562903027,0.6702303757156538,-0.1620952551664997,0.5591432225063938,-0.5992933419260924,1.3053270185811905,-1.3856427041438226,-0.19624703833344662,1.3252994862854806,1.2053832025476872,0.319908766887784,0.6592314130066239,0.050939850451559916,0.1663221217193402,0.40849594371194053
3964,Marcos Alonso Mendoza,Fiorentina,Serie A,31,2444.0,0.8638228250138651,0.34281486858523025,0.25065944116284566,0.4657332624252592,-0.1138514563381081,1.28947030756726,0.8043307801448003,1.0961750248442772,0.42874795164132384,0.8168055014875338,0.7846567365625293,1.526094142414214,0.26750774869097826,0.23640170917165707,-0.033605070696644514,0.29628051156853347,0.18665674707021893,-1.055392976588629,0.039527095744057675,-0.03816295590799722,0.7724622752326639,0.3502308752269342,0.4910562287677393,0.057204754377848326,0.09027142938344529,0.18348659533571982,-1.9498082307448208,1.123554569829783,-0.7058864104266659
7139,Josip Iličić,Fiorentina,Serie A,30,1946.0,1.8068581602044416,1.4618331914532399,0.7301647386145697,0.9147370034199449,0.020601692099276567,0.9710455612097845,0.3808444148978577,0.4115386170657398,0.09683739598473041,1.4418405340407525,1.4778556443485071,0.5563035938338053,3.523002981156232,0.17109298193474848,-0.18880835400121967,0.5156379598401938,-0.6443301911619675,0.9365942028985503,-0.47642187920163664,1.9918356319190729,-0.6187561964268705,-0.49048921581874877,-0.8350953066574365,-0.3257085255550101,1.0583512937580235,0.4579605043021923,0.8422115149190987,-0.34498304206081204,-0.1586204463456341
7013,Stefano Sturaro,Juventus,Serie A,19,1067.0,0.07737196394312103,0.16777073088480823,-0.5124221274949977,0.006181777252791279,-0.9517981749865808,0.054073696704292046,0.4535057829453001,0.01259731865794297,-0.15266400540622269,0.40649588491360716,-0.4317229519419891,0.41718315441262027,-0.1709339033165487,-0.5200039789926695,-0.29230713242193523,0.9906901445896806,0.6592353442904146,0.20326086956521683,-0.08402031717372999,0.8590964199115673,0.26861807055493847,-0.12132440110177961,0.07421595761440694,1.2514556488139343,0.8723659590843315,0.19529309495951652,0.9716638867447407,0.6999033074264468,0.07039700141795226
6945,Alex Sandro Lobo Silva,Juventus,Serie A,22,1566.0,0.1513108576196238,0.3727497783807417,0.057380682965131664,0.8292804150176921,0.0,1.0014131069642527,0.51260853871462,0.9623800460089508,0.4426589750885181,1.7788033823807707,0.992047143223262,1.8406614681916522,-0.28904037709050867,0.08071651335434432,-0.25376794400456765,0.005918323405422122,0.43730452098207073,-0.7909698996655525,0.8701849372465922,0.25137284267579496,0.7434699395644672,0.4085461516317606,0.764615086702883,0.5588970516576593,1.0984169549106944,0.24575642908466705,-1.9923818661508355,0.9705029370074372,-1.011840307139292
3477,Álvaro Borja Morata Martín,Juventus,Serie A,34,1525.0,1.4389918422732435,1.9750938522454498,-0.4444169205602826,1.1629056259212311,-0.9335819419724841,0.2549368730873696,1.835441581997357,-0.6125172807266217,-0.0969835582506935,0.603424038763348,2.492374056620349,0.35792176046978064,0.2364173773046485,-1.0050905862557253,-0.8924180239122979,0.7182963830026405,-0.5585109129782296,-0.3811141304347829,-0.5996968211941868,1.6771858508058761,-0.47687541161503977,-0.33924378113267845,-0.022129596794756956,1.4906185058012125,2.179950418061132,0.6450755092958691,-0.5716828115700889,-0.17306425448877574,0.3051377958925725
40426,Guglielmo Stendardo,Atalanta,Serie A,15,1163.0,-0.24398566792843462,0.12112150825097415,-1.4020798989997914,-0.5632066973304864,2.163177670424047,-0.984406359970397,0.00021762099484683812,-0.5633663690433321,0.4984232579976945,-0.6883262733058902,-0.4317229519419891,-0.4209338606408121,-0.5415846807314204,-0.48623254516836284,0.40637660017482846,-0.3297528177331528,0.43946696856632406,-0.4700149925037485,-0.2376931171528613,-1.6695436392162968,-1.0312745435076365,1.1263641382263934,0.33034177935756015,0.1381970069592275,0.2189088113330993,-0.7988845271698728,0.7678031372066068,-0.5724515676933718,-0.6791880487146648
6952,Alberto Grassi,Atalanta,Serie A,13,982.0,0.45075584759055265,-0.3973651641479937,0.046163775616561716,0.16757003572848356,-1.1961100059991794,-0.21562972924057797,0.4267352054488967,-0.3816386733592568,0.11268080146604871,0.07975114684932634,-0.4317229519419891,-0.03947034333083994,-0.5415846807314204,-0.8513184838075882,-0.6966310535779962,0.6544983897463623,0.8977498560823665,-2.626577840112202,0.787254397546749,0.6253565825131934,0.7218642140799603,0.2685091820779387,0.4551052697320364,1.3884554857075784,1.1226741569414644,0.19303150424263593,1.2020867363654868,0.6784358483449525,-0.2821020060385025
12759,Maximiliano Nicol Moralez,Atalanta,Serie A,17,1407.0,0.5871404345251514,0.031206264423434712,-0.2107834943763044,0.33124597737691425,-0.5221463342402873,1.1377443319441336,1.2574803229329223,0.47805241030326534,-0.03292979419051489,1.9929310131395392,1.6811640123117737,1.9152889145921508,1.1449158715145007,-0.04459829376880342,-0.43436888773046384,1.3843054322266106,-0.2030689859603028,0.6032608695652166,-0.31757333455414816,0.8590964199115673,-0.162527912468311,-0.4206932887478838,-0.6773179355574704,0.21217946880546412,1.3999134494788275,0.6122262665514588,0.587324939063512,0.23482867406420363,0.8516744020029107
49439,Germán Gustavo Denis,Atalanta,Serie A,15,1015.0,0.9709763075191419,1.3849008457042238,-0.7039885939438614,0.09077922774628953,-0.43263553408480965,0.07392239916324225,2.523070015890336,-0.6632128214615204,-0.5459593797370349,0.8826247111273812,0.300501668428711,-0.10491241094754891,1.0169744503096376,-1.1587981901383075,-1.232717699362431,-0.8062396416730534,-1.0792150921532973,0.47826086956521674,-1.050517656745049,0.0,-0.8889734629164112,-0.23637797336726493,2.1404946339918443,0.5851245591347042,0.4043373439275354,0.5395193055608838,-0.15380861094636072,-0.26929413941246183,0.38268944422177426
19299,Maicon Douglas Sisenando,AS Roma,Serie A,15,1026.0,0.10307762025346075,0.1903541340976204,0.3099610470826884,0.03404838963739894,1.470960815888352,1.6414234696682215,0.3731511295906388,1.6767972639309086,0.46371830695953714,0.14566097661236851,1.0170255659454588,1.3198712093517133,0.22934003564610078,0.18155527282607992,-0.43284042039899234,-0.5003971167865718,-0.13859740149310068,1.7723785166240402,-0.3804379547810481,-0.7770824418770504,0.5477483940176731,0.23366615285871772,-0.26754032505235087,-0.3383597830833571,-0.17186629356365601,0.22950264179420377,2.0149451048008866,0.601943255957013,-1.1164958953007145
45590,Nicolò Cherubin,Atalanta,Serie A,14,1078.0,-0.3343675339604476,0.16200403807835118,-1.1628289023756033,-0.5531173622443081,-1.2979066022544286,-1.183395946163916,-0.1718867178383294,-0.7107852500052038,-0.19582078708846878,-0.6811798466784388,-0.4317229519419891,-0.4659467390352356,-0.5415846807314204,-0.138459005440097,0.8882257809855706,-0.06892751639793102,-0.7706755251708707,0.13451086956521707,-0.6519196893198026,-0.1226108971616035,-0.7627648601285159,1.258069276407442,1.149707507782761,-0.11053696339883029,-0.06191921559213253,-0.9021490936705499,-1.1547481602474756,-0.5395161122630999,-0.5949093174619613
8274,Pierluigi Gollini,Hellas Verona,Serie A,26,2417.0,-0.5658964110424543,-0.3973651641479937,0.0,-0.6911632058351953,0.0,-1.1130940175114437,-0.4798210963967663,-0.5689937215577382,-1.9050952972859385,-0.7789597780634512,-0.4317229519419891,-0.4659467390352356,-0.5415846807314204,2.8521603684398418,6.449022128883253,-1.7095468003866965,-1.2834346909296313,0.0,-1.050517656745049,0.0,0.24659723183174273,-0.5439669083520798,-0.8851952301820702,-1.5393035465059481,-0.8148170829564517,-2.0378406972372383,-0.006999913438545041,-3.307106132849739,-1.2367319447370861
5461,Šime Vrsaljko,Sassuolo,Serie A,35,3171.0,-0.38879981963204513,-0.3973651641479937,0.19041931822049935,-0.0967229728007055,0.25047320394383665,0.5872232306248482,-0.11818513747162637,0.8612555683863703,-0.16133496039238598,0.3844703106014877,0.2714066504007361,2.2085081227685364,-0.4168655449693052,0.32257844167588745,-0.11985817982480072,-0.274281928868681,0.3725623499204047,-1.3309496567505723,0.27743830890215154,-1.110996495303299,0.4496342725626268,0.9766254351894813,0.5598502461377186,0.43594785624729193,0.3982615537036614,-0.03551784603773357,2.024807411062071,1.8570728684129805,-1.2003229034680751
7113,Simone Missiroli,Sassuolo,Serie A,24,1901.0,-0.13919392768800373,0.2370377816699968,-1.0415288506627098,0.013371657141546957,-0.5287767638814344,0.3815162867202662,0.32978228289574685,0.2580090202747214,-0.0973804174123249,0.10820921537615694,-0.4317229519419891,-0.1905654787894988,1.5388171051795132,-0.2935907340217635,-0.26618421627171446,0.9608166482258838,0.6792649774783748,0.3254830917874392,0.7577458209379204,-0.2862287833404654,0.6799318089152361,0.29543500727367344,1.3457403964795656,0.45921596721702246,1.021881248860825,-0.003175174929881313,0.18199733433287402,0.3307715042032939,0.6857221740301049
7109,Matteo Politano,Sassuolo,Serie A,28,1096.0,1.882162340841519,2.353547244611131,0.227720312825012,1.6170741387328682,-1.0943134097439302,0.4147484376065654,0.8418242655912694,-0.2954350588284088,-0.416113130493704,0.7598251275284238,0.9244960073212605,0.5848739786652393,0.18010214317673354,-0.5597369259336358,-0.5077749559909918,0.45554598591639545,-0.6530122676997684,-0.8967391304347829,-0.34482468594947596,1.0408940712214136,0.5298435216834471,-0.3857132744258901,-0.573853460906267,-0.22768887057817302,0.4465854777738559,0.5530776026514336,1.1627098018217459,0.21309812503920453,0.41543373619608936
27110,Antonio Floro Flores,Sassuolo,Serie A,28,1328.0,2.2062609007364964,1.4188998960929708,0.4114287690394662,1.3258861533798454,-0.048070614898312373,0.265359616214001,1.3267427163658703,-0.4328913385386194,-0.9715041639206685,0.4910012584792408,0.6875661891367172,-0.07174510068648132,1.2452423350893709,-0.436542651114007,-0.21293145208697048,-0.04044309039529079,-0.24285792005624324,-0.07173913043478311,-0.6622448173916615,0.31370346598202775,-0.4765633399041523,-0.3088744618087161,0.4362657044721995,-0.37950657618254974,1.9170476340283307,0.6163808944120612,-0.8236491186977049,-0.19019955618847226,0.2383716863874931
7164,Ibrahima Mbaye,Bologna,Serie A,15,1018.0,-0.25942768622123225,-0.3973651641479937,-0.19264130690427328,0.08847487872787652,-1.0815888352120238,0.5926659909459153,-0.10927137760100483,0.7780434448203001,0.15019799577020157,-0.5718737937156252,-0.4317229519419891,0.30541835290063724,-0.5415846807314204,-0.2516043034096906,-0.24048907370684033,0.5488910143024881,0.8206156284866574,0.03471248246844297,-0.037499325386898326,-0.23168948794751096,0.5702235383715945,1.0575971762856191,0.31193702889132413,0.47799884588366975,1.3685922153991805,-0.04302803462205741,1.7946886391184182,0.8355813013869297,-0.47660261953512745
40350,Siniša Anđelković,Palermo,Serie A,23,1977.0,-0.471211991659145,-0.3973651641479937,-1.009399178352601,-0.6409816447524179,-0.43263553408480965,-1.337173007401341,-0.22032758366112856,-0.8071846892988801,0.20604615700062917,-0.6723267320006859,-0.05579579479668775,-0.439467235963554,-0.5415846807314204,-0.46977634810793045,0.34287356238598343,-0.48099112580951314,0.009680640725269862,0.5525851938895412,-0.3550176322482711,-0.368037726429896,-1.1476646581287833,1.193124876729083,0.7421780064921476,-0.5005509741980925,-0.1800082753271505,-0.8615807988660918,-1.0626164900307153,-0.2663596379739148,-0.5390201367437253
25954,Enzo Maresca,Palermo,Serie A,15,1034.0,0.09790180569797974,0.18580698285394034,0.571713557850079,-0.06750928833593912,-0.6323134728931834,0.5846710849473268,-0.1879683971827739,0.8839273540705511,0.512763150961377,0.13850723769804887,-0.4317229519419891,-0.16217510901948376,1.3708156069942492,0.717806191001295,0.30491659322581954,-0.05038387772455691,0.5207684375247309,1.3949275362318838,-0.4687342404605405,0.6253565825131934,1.0931879780350764,-0.00719017246626485,-0.08374181139970407,-0.24834707354249547,1.1721972194434336,-0.2421080578958722,-0.13870527517710016,-0.2404178804255318,-0.07735101815652234
7467,Nicolás Andrés Burdisso,Genoa,Serie A,28,2542.0,-0.32043208227140474,-0.3973651641479937,-0.8043238484042198,-0.6521352962125946,2.163177670424047,-0.6485383914062665,-0.23645360366509843,-0.2053976547122914,0.512763150961377,-0.6960276254017335,-0.4317229519419891,-0.44535272740159493,-0.5415846807314204,0.90461766026687,1.3390334953914367,-0.7717675947664829,-0.46800238267637034,-0.07173913043478311,0.23415324314541472,-0.9493117957495371,-0.003542494388257767,1.9396813108867026,0.7448260818182575,-0.004344346128293267,-0.5679341184488597,-0.893551134696478,-0.1365039826044264,-0.6831283001306468,-0.32466008066049684
7475,Tomás Eduardo Rincón Hernández,Genoa,Serie A,33,3034.0,-0.010616294336052979,0.1988774198994681,0.2342894372780648,0.4860029330518951,0.5768473787797456,0.6905422609446168,-0.08693580325249821,0.4608323120131581,0.8269996543820484,0.33277934950984794,1.038035761986015,-7.680018774276813e-05,0.7619234916537757,-0.2168955329240723,-0.11296539340937799,0.499856613661321,0.2879254057854361,0.47826086956521674,-0.059146443102692715,0.6253565825131934,1.3183037777856594,0.062007850217762644,-0.0015111802741024816,1.0666335881323603,0.6533536262786815,0.054869826001262244,0.6988087905153572,-0.059739279569539123,0.23266090114953897
7456,Diego Perotti,Genoa,Serie A,31,2358.0,0.4925774205707909,0.3698104083710904,0.17979642492121262,1.1811006230871817,0.47152412141827516,1.3762399092813813,0.7679791525963909,0.7252099786356637,-0.06741620487969585,1.8137426943354122,2.404948764379618,1.9539631657255314,0.129296370161995,-0.06617062866633729,-0.4350593867680923,1.1991986296637063,0.18166915949430779,-0.4017391304347825,-0.5038400372992275,0.31370346598202775,0.10002913333938396,-0.41156539477719134,-0.5337521279679198,-0.2329334221722134,1.1773195469956503,0.4950713875516931,-0.9022712734482015,0.37526672028061053,0.5601102223072226
15415,Matteo Mancosu,Carpi,Serie A,21,954.0,0.21897192070095217,0.23471030755011957,-0.8157747265375327,-0.11920387204737563,-0.1966525154930956,-0.8691827083511426,1.4497718962891204,-1.279001545034357,-1.2163885742134581,0.32593294764979247,-0.4317229519419891,0.02792097391490186,-0.5415846807314204,-1.2243869456688827,-1.0145051945855372,1.0301773043837967,-0.5591758063804387,-1.7217391304347827,-0.960436187377247,-4.0494401654542855,-1.176530654237415,-0.10762481330024588,0.39224778840987484,-0.14009076553717434,0.41138024800409934,0.6466406608945134,0.10057008661909148,0.050470869435346837,0.22431554981617852
6969,Juan Guilherme Nunes Jesus,Inter Milan,Serie A,19,1475.0,-0.396684119859808,-0.3973651641479937,0.7385277254014492,-0.11945063416364768,0.02544914906381223,0.6232985630328884,-0.3161461453528242,0.8389344392588443,0.559068925698626,-0.06433763546654644,-0.4317229519419891,0.06642591424660747,-0.005334674627463332,0.19790898225956485,0.006929767598031669,0.28152666252797465,0.6839961555867788,-0.8967391304347829,-0.4096261723072765,-0.479595376097302,0.10563628380917525,0.8200828545523312,0.3376165303673123,0.7579593880681815,-0.5514329192267972,-0.4354825281087701,-1.6442446284643304,0.28207209987703324,-0.7016364999746935
5660,Piotr Zieliński,Empoli,Serie A,35,3123.0,0.712813186111068,0.5680527032871653,0.7309593975226054,1.246635616418953,0.12057055867937297,0.6851152535387842,0.07097027043878554,0.4467232058028894,0.3997613683467552,0.8411250024636332,0.520192500733337,0.07046033183471834,0.8514118528959744,-0.39260439704027983,-0.6137041274071642,0.5814902978261497,0.2873930799975225,0.20713410900183715,-0.16995182361656364,0.2455293467408356,0.40535258556376186,-0.010799622179233886,-0.40131306775058534,0.07176078165893983,-0.13194014986239175,0.1467247941165505,0.880586402755596,0.19846182634409143,0.018746271360835093
7127,Francesco Magnanelli,Sassuolo,Serie A,34,3179.0,-0.21259456054707382,-0.20768287411968347,1.4073417900782343,-0.4415024414170741,0.8652710681696187,1.2203368341259162,-0.4560891295056631,1.3435334325295099,0.5903368101427852,0.18259927036632542,-0.19793622980412862,-0.38360956134930513,0.702468101595313,1.241485059342254,0.4683270684868739,1.067281339207416,0.5857410223120784,1.3096562184024265,0.38222825523192655,-0.0979138577383791,2.018939980355821,0.5363194896049691,0.08085548140538598,1.0123713984572138,1.4284600558824858,-0.28275522358693644,0.13630615928680928,-0.4557594765437921,0.0651895099458606
3034,Kamil Glik,Torino,Serie A,33,3102.0,-0.1635944615027973,-0.3973651641479937,-0.7270942704835749,-0.5952164492968482,0.43263553408480904,0.17294283179177963,-0.05177047088291082,0.3169855020429093,1.1328829618742073,-0.6770189985343957,-0.4317229519419891,-0.4490705373676938,-0.28659797570133133,0.6289253301121136,0.9616201068552855,-0.541257439388701,-0.25882550686912964,0.5380434782608692,-0.08087862960420149,-0.49659463699900197,-0.900572848111858,1.681419975841195,0.7177116073826618,0.2812760948527671,0.2716111569076241,-0.9924953776681437,0.011014372858952093,-1.071986368283591,-0.8195888572904219
7476,Emiliano Moretti,Torino,Serie A,35,3290.0,-0.3193427876817216,-0.2140824893759575,-1.263509404685593,-0.6459311634671173,0.43263553408480904,0.601796791689876,-0.2321632344923213,0.7405192365312611,1.0078791090765902,-0.3624588788447385,-0.20582386693400748,-0.3704756553159993,-0.18096062647458008,0.8594180500314523,0.7824421937409021,-0.5370797920553888,-0.044357621758328844,-0.9666543846720709,-0.4236163428711296,0.041006989017258404,-0.5970388745795824,0.5420474519311851,0.21124692593363747,-0.44695576169071893,-0.2785788157508074,-0.7715893727834918,-1.5697600970373224,-0.4206976156423704,-1.2193922429706334
7011,Fabio Quagliarella,Torino,Serie A,32,2670.0,1.7944407686330819,1.1835337122565006,-0.20399253485187216,-0.13380957515738123,-0.2595813204508859,-0.5967469350897306,2.181908312872958,-1.1726112850014074,-0.9385183692749018,-0.10783055613021583,-0.15336789962878297,-0.05420534239590756,0.05090128106883202,-0.9096358564075099,-0.5841274366233886,0.6544572018535936,-0.6623623530780091,0.8220108695652174,-0.9539584187934951,0.31370346598202775,-0.6721725264550028,-0.21916169714776532,-0.027098000704532763,0.152812722406332,0.4551211919901028,0.6829297253177259,-0.013888346781747996,0.014276114734181602,-0.21849933140041802
8193,Maximiliano Gastón López,Torino,Serie A,26,1184.0,0.8043086917562121,0.6212159169330876,-0.6874482841809504,0.021063182015761392,0.9416185153610553,-0.8471714952479306,2.591460218127374,-1.3881756019500022,-1.1694749983017503,0.11130007018860487,0.8236959495381814,-0.3333032147800467,1.4625591343108189,-1.0925496348224923,-0.8683758723053805,0.1287892063848826,-0.5831546478283511,0.47826086956521674,-0.9053525861759898,-0.7770824418770504,-0.8252266638035581,-0.4853702925469772,-0.020590722260751777,3.403939216196753,-0.1506280458025526,0.7830076720625954,-0.15302590648527747,-0.2511320942043185,-0.37704711134325647
6360,Cristian Eduardo Zapata Valencia,AC Milan,Serie A,16,1389.0,-0.4311296024601631,0.036760105830408084,-1.154987867506524,-0.47688902384674836,0.43263553408480904,-0.358360124249164,-0.2625599797752629,0.02810083768952059,0.5529381827501193,-0.5512993762642212,-0.4317229519419891,-0.4659467390352356,-0.25685870556823226,0.1956212526073924,0.6843285438646743,-0.005877947980364986,-0.23881248120619533,0.47826086956521674,-0.1843347158693372,1.092836257309941,0.09283433308304459,1.3540740839468264,1.0099452894948957,0.01310432046688319,-0.3429292752966488,-0.7994077915553157,0.587369884528684,-0.9144631419891157,-0.16028537048489735
6953,Daniele Rugani,Juventus,Serie A,17,1224.0,-0.4129625081659817,-0.3973651641479937,-0.2541386739494697,-0.448004023823796,1.2979066022544283,0.7416991965760299,-0.3195643977515667,0.840850889823353,1.2765058930255706,-0.692843139147566,-0.4317229519419891,-0.4659467390352356,-0.5415846807314204,-0.0843768960319729,0.17452692550057217,-0.0996521287509921,0.35360340547052876,-0.4700149925037485,-0.2079909726579596,-1.3224753958065896,-0.35747491017509636,0.816393740927167,0.5883728636172264,-0.1131828274416212,-0.11298168006340632,-0.681209191136905,-0.14716506422417502,-0.7574392025976651,0.668408626605564
5541,Stephan Lichtsteiner,Juventus,Serie A,26,1871.0,-0.032303403037316436,-0.3973651641479937,-0.06692751408307548,-0.107893078167018,-0.904601571268238,0.3209312298353609,0.20566617602220202,0.4895618416266555,-0.03808353181093411,0.1787713938027908,-0.034497944097916185,0.7371794157625872,0.09254313247275127,-0.17950012902215515,-0.292689300560778,-0.47938538828978483,-0.36020783916596244,-0.07173913043478311,-0.6371347085932862,-1.867868349736129,-0.5267451238945582,0.1976514039220151,-0.31200497739302185,-0.16730071683422773,-0.08664694505941471,0.16887459373730182,2.016804126901056,1.0652032422269113,-0.9994473237037249
6894,Ezequiel Muñoz,Genoa,Serie A,18,1454.0,-0.22258399083007022,-0.3973651641479937,-0.9176121378062556,-0.5546997309237084,0.8652710681696187,-0.5261114467481165,-0.07510129073983861,-0.1519871467332451,0.41637533451612,-0.7064654410393498,-0.4317229519419891,-0.4659467390352356,0.0024103392158536844,-0.2912026532576003,0.09988960789469874,0.659686874488667,0.5698511452833848,-0.5794314381270909,0.2497779960000877,0.1153787554621955,-0.5424930113854216,1.4600857125256,1.059329587004436,0.7205191059866302,-0.37466263455043036,-0.7506042758312236,0.6664677526872743,-0.1128959579984423,0.36398772749676767
10530,Jules Olivier Ntcham,Genoa,Serie A,17,1053.0,0.7970017319706687,-0.3973651641479937,0.9694636750326066,0.3452075528230762,0.7472795588737617,0.6802108806639878,-0.006953204536374581,0.19225811902955087,0.46206820005854093,1.0228652823304536,-0.4317229519419891,0.18034928038099368,2.087466275120127,0.03158993822708843,0.1504246283485147,1.0166320825564423,0.09451426377678117,1.2639751552795024,-0.642456299779792,1.186332192269291,0.6887721671457051,-0.34630766871321494,-0.5148459379543884,1.3860722874721587,-0.4285428139493594,0.3187571371496644,-0.36247603153323393,-0.3238274684084717,0.3740810199744266
7022,Jesús Joaquín Fernández Sáez de la Torre,Genoa,Serie A,20,1238.0,1.3997613131662947,2.525090409357662,0.6033048400523897,1.2321120043874392,0.21631776704240452,1.0026795977407423,0.2270848033310831,0.4316173057089252,-0.5340710084932463,2.030752079037061,0.16860660353156576,1.6483496088126872,1.055686641973218,0.4240508492864954,-0.1364161364081987,-0.048325424676640624,-0.725322432561352,-0.8967391304347829,-0.4951850442934618,0.041006989017258404,-0.05139714348347101,-0.48792620309098006,-0.6095647139249779,-0.29519177220104253,1.2037772115631442,0.5504326417642963,0.7237618891781096,-0.08742218274946335,0.663820079917523
3371,Mario Barwuah Balotelli,AC Milan,Serie A,20,902.0,2.4086849548830824,0.27114924826885783,0.7451385144061062,1.2886162095658202,0.2884236893898725,0.41488864589793206,1.3602745803548686,-0.3231537736160846,-1.1600600185529197,1.9087958968367698,0.39223269071461936,1.6814470194907505,0.33532081705498407,-0.005992613025954382,0.10216920202137564,-0.12756845955342844,-0.5174225225705074,1.5782608695652174,-1.050517656745049,0.0,-0.6105777270575505,-0.3901345511165109,-0.3988038440343789,1.4204503183370898,2.8641878204343127,0.756480169943273,-0.179272110742683,-0.7001688382556281,0.8221724340804638
25345,Anderson Hernanes de Carvalho Andrade,Juventus,Serie A,16,952.0,1.5970259296390859,0.23603819719654429,1.0486065669565021,0.4551586522185439,-0.43263553408480965,1.4082120772200797,0.027364938875953263,1.132563178048763,1.1379935467761964,0.5496969366387771,0.3489577094826547,-0.08102043335351083,1.5355391611891074,0.4796995050947613,0.1526767723249787,-0.06436056549409298,0.16812618272568305,0.34076086956521723,0.3035430855377729,0.31370346598202775,0.7226368338760129,-0.07026989654948494,0.0364960099549415,1.3728589302388539,-0.01708388093442854,0.07221606770763557,-0.05027978353218751,-0.5407549615561188,-0.3201984653661436
3167,Antonio Rüdiger,AS Roma,Serie A,30,2742.0,-0.15628788342581884,0.042459781147410995,-0.2024048911282339,-0.510257031034592,0.08652710681696159,0.37523463802132545,-0.07261101009009532,0.4987698971334013,1.0241236372750222,-0.5483103994353474,-0.4317229519419891,-0.3323034702500416,-0.10888842307095166,0.7023959040122711,0.6393324737419971,-0.4164460354700618,-0.12430351333821038,-0.7173913043478265,-0.39235129740349345,-0.6212558836114677,0.05855574877867697,0.9488577428810542,0.2348176115890906,0.10838078536705975,-0.573333084284745,-0.7175983591830205,-0.6812883419864157,-0.28426430956778476,0.15393768184547604
6979,Stephan El Shaarawy,AS Roma,Serie A,16,1211.0,1.8042633653288394,3.586119559221124,-0.22441424073816343,0.5786457677734659,-0.6838432635534091,0.5864580107094898,2.697420902024099,-0.12058514724569361,0.32701495446186996,0.17849226682794253,0.7957056024366418,0.09602659576682002,0.11156871233491895,-0.8999100968385496,-1.052635865105728,0.34591478580354684,-0.3705455403302197,1.681385869565217,-0.6247320822931095,0.31370346598202775,-0.03826861694516092,-0.08564556656353099,-0.24113609770354183,-0.7761935333319732,-0.3064402459363157,0.6289092515353011,-1.45891964576971,0.41742234476022877,-0.3545059252968934
16202,Nikola Maksimović,Torino,Serie A,16,1500.0,-0.4827003678776532,-0.3973651641479937,-1.4782833559402033,0.06943871549646155,0.3573945716352772,0.2908388233139565,-0.40940676849973706,0.4149308693921196,0.5470120143809323,0.2048367049116209,0.06374904117551823,-0.25654682874437734,1.5676653432774783,0.9595203063323905,0.9908619116973426,-0.27759219069227825,0.8354571017074861,0.1793478260869564,0.38177770620300305,-0.6461881329339609,-0.02494802046507907,0.8667270849504992,0.05725113121432312,-0.3071352452343696,-0.23112776859030731,-0.7467012699339114,1.5423011632150987,0.0583028952528115,-1.0414907274120782
40351,Alessandro Gazzi,Torino,Serie A,15,1025.0,-0.4441461039720137,-0.3973651641479937,-0.5311890103992326,-0.497584774107096,0.8652710681696187,0.15628687092107377,-0.3326134422566355,0.5989398736328275,0.765731293707712,0.24939891494185057,-0.4317229519419891,-0.4148735901838068,0.23009215732061544,0.3255623274995937,0.2253917374013023,-0.1936568024896744,-0.4071167703267937,0.6897993311036784,1.5485744165070257,0.5951966034940485,0.15415750967327502,0.6405422423618008,2.3012087839588053,1.4659849931808284,-0.4114904780155206,-0.3896495752287454,-0.2504191959315118,-0.5799478993533033,-0.2730141326370672
30704,Gastón Brugman,Palermo,Serie A,14,1006.0,0.4265017181599442,-0.3973651641479937,0.7309463467398597,0.09777473659542821,0.5407944176060117,0.778437874390681,-0.22484163582104272,0.6619794690589736,0.466612756769482,0.6879335862134957,0.30705238570836946,-0.2577957347699689,1.4240434480045068,0.1819952334552297,-0.11479976056166717,1.3382685875068752,0.5709848267858858,-0.1328502415458943,0.23085990454048477,0.31370346598202775,1.816208730098055,-0.2336261836904624,-0.6913692835042626,0.8082669413375168,-0.07267791319289767,-0.07589585318711548,-0.23761815775125017,-0.3290806974293476,-0.1261501816504409
7148,Mattia Perin,Genoa,Serie A,25,2337.0,-0.5658964110424543,-0.3973651641479937,0.0,-0.6911632058351953,0.0,-1.21141480508169,-0.4798210963967663,-0.648944803063584,-1.6767478422805793,-0.7338563266158502,-0.4317229519419891,-0.4659467390352356,-0.5415846807314204,2.493255582909574,5.489362768042266,-1.7272659544760305,-1.2834346909296313,0.0,-1.050517656745049,0.0,0.45009115092862284,-0.5142799622188999,-0.8851952301820702,-1.5393035465059481,-0.9824632657475798,-2.085186496040389,-0.028116154082107103,-3.4260863195640954,-1.1136653041474212
8644,Sergio Pellissier,Chievo,Serie A,19,995.0,0.8137364655597746,1.4207252881133137,-0.9724942945783962,-0.5914557221561492,-3.0284487385936663,-0.8838433522793068,1.491577889952222,-1.30401824582071,-0.3030497953991338,0.5982140495039505,-0.4317229519419891,-0.0976554395287009,0.6508305338464747,-1.2178944261232119,-1.093005626339828,0.03723125366025237,-1.075110175594979,-2.271739130434783,-1.050517656745049,0.0,-1.3594384050843686,-0.2650587953340232,0.3396094328699053,-0.4041401198738406,0.9290948865118047,0.7309870380131677,0.03192740179994896,-0.20802380501658435,-0.04079193037839399
26728,Alberto Facundo Costa,Genoa,Serie A,19,1255.0,0.37875985596823525,-0.3973651641479937,1.0765878717653914,-0.2563829632586375,1.2192455960571904,1.3696838532430369,-0.2634082502704385,1.3131957788360415,0.19044590899649302,0.6488609570455038,-0.4317229519419891,0.32660272222498504,1.0340502973628762,1.6649341423626483,0.613911791959986,0.772154936572677,-0.292440781329732,0.019927536231884146,0.04510270056979567,-0.7770824418770504,1.1769575898539937,-0.01879182104068929,-0.3414014785864043,0.9970322662044727,-0.13619582458562435,-0.015760521312698665,-0.537866297768877,-0.3762818099867753,0.05522963132703144
31268,Michel Morganella,Palermo,Serie A,14,1056.0,-0.2704559168492687,-0.3973651641479937,0.5133833897576652,-0.033528145395274704,-0.061805076297830275,-0.32153003348049297,0.03456928596789527,-0.004711632404161172,-0.6097967267602611,-0.37969172490798364,0.2720724928271972,0.5255301089328432,-0.1670729577184769,-0.01872859004361171,-0.055066264857067344,0.38500530529403876,0.22146004815923043,-1.7934782608695654,-0.23671347325183772,-0.7770824418770504,0.2955017350921648,0.14587506862617453,-0.23892519395805456,1.0860550499533812,-0.04127628026014798,0.06680731679066852,0.9584117710960953,1.207386511150768,0.9787632578795635
386509,Adriano Russo,Frosinone,Serie A,10,912.0,-0.49747861238719027,0.26381904637832176,-1.0743901821420223,-0.6911632058351953,0.0,-1.4373245184779468,-0.34746333719182415,-1.0358158411346752,0.04351750376472936,-0.20107180639106384,-0.4317229519419891,-0.3511441566389317,-0.5415846807314204,-0.270924593154864,0.7229952577106769,0.02061780392712493,0.9894040454517163,0.20326086956521683,-0.6735978243902986,0.8590964199115673,-1.569723559499724,2.4989450702988676,0.77178283261785,-0.5260072461181369,-0.6924062769058625,-1.0534379066556048,0.9072963891086673,-0.7883195605210249,-0.7363041541868095
296873,Roberto Crivello,Frosinone,Serie A,17,1487.0,-0.4400113423667297,-0.3973651641479937,1.270205368299347,-0.25749935197222906,-0.6323134728931834,-0.6864430673495374,-0.4493797018788845,-0.21751458985246,-0.05851556539763989,0.0007809256107101354,0.06808067258811244,-0.008280492602626775,-0.27562343022592717,-0.04452852861306445,0.23094047281850427,-0.1268921366380843,0.3893257079242669,0.019927536231884146,0.10533603225136151,-1.758789758950221,-0.36925627238406195,0.48247871941612125,-0.3606790167109889,-0.020154105350673152,-0.22394452685649274,-0.30880246627749974,-1.9898805192088902,1.7278652728309525,-1.0547492510436414
