player_id,player_name,primary_team,competitions_played,n_matches_played,total_minutes_played,shots_p90,np_goals_p90,avg_shot_distance,dribbles_p90,dribble_success_rate,touches_p90,touches_in_box_p90,passes_p90,pass_completion_pct,key_passes_p90,assists_p90,crosses_p90,through_balls_p90,long_balls_p90,avg_pass_length,pressures_p90,tackles_p90,tackle_success_rate,interceptions_p90,interception_success_rate,ball_recoveries_p90,clearances_p90,aerial_won_p90,fouls_committed_p90,fouls_won_p90,avg_location_x,avg_location_y,std_location_x,std_location_y
3339,Asmir Begović,Chelsea,Premier League,17,1472.0,0.0,0.0,19.71618752593094,0.0,0.5833333333333334,63.09782608695652,0.0,25.067934782608692,0.551219512195122,0.0,0.0,0.0,0.0,17.730978260869566,49.07480538853658,0.3668478260869565,0.0,0.6086956521739131,0.0,0.618734335839599,3.362771739130435,0.0,0.0,0.0,0.2445652173913043,9.588953488372091,40.16996124031008,6.030541941991262,7.832625862727931
5594,Branislav Ivanović,Chelsea,Premier League,33,3057.0,0.8243375858684986,0.0588812561334641,18.95652523316932,0.5299313052011777,0.5,118.26300294406282,3.768400392541708,46.19234543670265,0.8132568514977693,0.3532875368007851,0.0588812561334641,1.1187438665358196,0.0,7.74288518155054,20.389626589165072,11.422963689892052,2.208047105004907,0.6533333333333333,1.295387634936212,0.4772727272727273,3.562315996074583,3.856722276741904,2.796859666339549,1.1481844946025517,0.7065750736015702,60.06016928055763,59.56231018172766,27.42894678081582,20.427507811038904
3456,Kurt Happy Zouma,Chelsea,Premier League,23,2013.0,0.7153502235469449,0.044709388971684,16.91237977284459,0.3576751117734724,0.5,90.53651266766022,3.30849478390462,32.906110283159464,0.8288043478260869,0.0,0.0,0.1788375558867362,0.0,7.1087928464977646,22.78431888600543,6.8405365126676605,1.2518628912071534,0.5357142857142857,1.073025335320417,0.3333333333333333,2.369597615499255,7.555886736214605,3.979135618479881,0.4470938897168405,0.4023845007451565,41.31180246913581,52.834271604938266,21.91199308480712,12.956490942993064
3645,Gary Cahill,Chelsea,Premier League,23,2061.0,0.611353711790393,0.0873362445414847,12.114270974959291,0.1746724890829694,1.0,89.91266375545851,3.406113537117904,32.44541484716157,0.8654104979811574,0.0873362445414847,0.0,0.0,0.0436681222707423,5.895196506550218,20.430570595693137,8.384279475982533,1.353711790393013,0.6774193548387096,0.74235807860262,0.5882352941176471,3.5807860262008733,6.550218340611353,4.0174672489082965,1.0480349344978166,0.8733624454148471,41.63593977659058,44.8465274405051,22.27641008037928,17.782089895853233
3957,César Azpilicueta Tanco,Chelsea,Premier League,37,3351.0,0.2954341987466428,0.0537153088630259,17.036637770863447,0.6982990152193375,0.3076923076923077,146.0519247985676,1.960608773500448,59.03312444046553,0.8107370336669699,0.4565801253357207,0.1074306177260519,1.369740376007162,0.1074306177260519,8.540734109221127,18.896098142993637,16.94717994628469,3.5183527305282003,0.5114503816793893,1.504028648164727,0.3928571428571428,3.4109221128021483,3.3034914950760963,1.9337511190689345,1.2891674127126231,0.5908683974932856,61.35608679661641,28.466954762780432,26.82025774230289,28.88277709564453
3478,Francesc Fàbregas i Soler,Chelsea,Premier League,37,3030.0,1.4257425742574257,0.0891089108910891,20.31109251723117,1.2475247524752475,0.5714285714285714,242.73267326732676,7.96039603960396,87.53465346534654,0.8164234815066169,1.8415841584158412,0.2079207920792079,1.3366336633663365,1.5148514851485149,17.85148514851485,20.542909262266715,23.04950495049505,3.504950495049505,0.576271186440678,0.9801980198019802,0.696969696969697,5.673267326732673,0.6831683168316831,0.9207920792079208,1.2772277227722773,1.5148514851485149,66.0716960352423,38.34023494860499,23.234997220805155,20.668888998594813
3381,Nemanja Matić,Chelsea,Premier League,33,2510.0,1.2191235059760956,0.0717131474103585,23.867125195604903,1.1832669322709164,0.8181818181818182,169.13545816733068,3.6932270916334655,59.27091633466136,0.8644888082274652,0.50199203187251,0.0717131474103585,0.5378486055776893,0.3227091633466136,8.49800796812749,18.89767015400484,17.426294820717132,3.155378486055777,0.6818181818181818,1.6852589641434264,0.5319148936170213,6.992031872509961,2.079681274900399,1.7928286852589643,1.3625498007968129,0.7888446215139443,59.823934704261184,33.935022259910966,21.574291521332043,17.743111866984574
3958,Pedro Eliezer Rodríguez Ledesma,Chelsea,Premier League,29,2105.0,2.522565320665083,0.2992874109263658,19.471508483546508,4.232779097387173,0.5959595959595959,162.38479809976246,12.185273159144892,44.850356294536816,0.7959961868446139,1.6674584323040378,0.0855106888361045,2.009501187648456,0.1282660332541567,6.07125890736342,17.324156890276456,16.332541567695962,1.7529691211401424,0.6341463414634146,0.5985748218527316,0.6428571428571429,7.439429928741092,0.2565320665083135,0.2137767220902612,1.1116389548693586,2.4798099762470307,73.48064770932069,34.050763559768306,24.47704165315353,24.642344829811584
40122,Oscar dos Santos Emboaba Júnior,Chelsea,Premier League,27,1839.0,2.495921696574225,0.097879282218597,19.84747822354965,3.6215334420880914,0.527027027027027,178.14029363784667,11.941272430668842,53.63784665579119,0.8047445255474452,1.3213703099510603,0.1468189233278956,1.8597063621533445,0.4404567699836868,8.075040783034257,18.40272710296533,19.42903752039152,3.083197389885808,0.6349206349206349,0.7340946166394781,0.7333333333333333,5.040783034257749,0.9787928221859707,0.929853181076672,1.0766721044045675,2.0554649265905383,72.55758241758241,32.75686813186814,22.525469044922392,21.092862499745262
3621,Eden Hazard,Chelsea,Premier League,31,2302.0,1.4074717636837533,0.156385751520417,20.12539805402311,4.339704604691573,0.6756756756756757,203.26238053866203,11.0251954821894,57.706342311033886,0.8455284552845529,2.423979148566464,0.1172893136403127,1.993918331885317,0.4691572545612511,6.020851433536056,16.581417330826554,9.031277150304083,0.8210251954821894,0.6666666666666666,0.5082536924413553,0.6923076923076923,5.747176368375326,0.156385751520417,0.6255430060816681,0.6646394439617724,3.1277150304083405,78.76945566455088,30.13150605885749,21.323562012371795,23.06530656333152
5198,Diego da Silva Costa,Chelsea,Premier League,28,2468.0,2.552674230145867,0.4376012965964343,13.682799986268169,3.792544570502431,0.4519230769230769,137.0421393841167,21.73419773095624,29.829821717990274,0.784841075794621,0.7293354943273905,0.1823338735818476,0.6564019448946514,0.1094003241491085,1.7868719611021069,13.692627349987776,12.179902755267422,1.0575364667747162,0.6206896551724138,0.1823338735818476,0.4,2.6256077795786057,0.8022690437601296,2.2244732576985413,1.8233387358184765,2.151539708265802,83.241857370942,35.682490686535395,20.946785549651896,20.65799194396149
3461,Petr Čech,Arsenal,Premier League,34,3187.0,0.0,0.0,19.71618752593094,0.0564794477565108,1.0,71.78537809852526,0.0,29.25635393787261,0.6312741312741312,0.0564794477565108,0.0,0.0,0.0282397238782554,21.010354565422027,50.40957719913127,0.0847191716347662,0.0,0.6086956521739131,0.0,0.618734335839599,4.857232507059932,0.0564794477565108,0.0,0.0,0.141198619391277,9.55232100708104,38.82848151062155,7.207769687322364,8.813071838110424
3511,Héctor Bellerín Moruno,Arsenal,Premier League,36,3374.0,0.3467694131594546,0.0266745702430349,22.006879721936585,2.7474807350326023,0.6504854368932039,152.73858921161826,3.494368701837581,55.85655008891524,0.8285577841451767,0.5068168346176645,0.1333728512151748,2.1606401896858327,0.2133965619442797,5.228215767634855,16.711715405224446,9.7628927089508,1.6538233550681682,0.5483870967741935,1.066982809721399,0.45,4.054534676941316,2.2940130409010075,1.0403082394783638,0.6401896858328393,0.3734439834024896,66.4468739084876,69.42593433461404,26.017010405312416,9.405344743097997
6746,Gabriel Armando de Abreu,Arsenal,Premier League,21,1838.0,0.5875952121871599,0.0489662676822633,10.376832910352736,0.3427638737758433,0.7142857142857143,145.47878128400436,2.8400435255712733,52.58977149075081,0.9106145251396648,0.0489662676822633,0.0,0.0489662676822633,0.0489662676822633,8.66702937976061,20.530995824981375,6.512513601741023,2.20348204570185,0.5333333333333333,2.20348204570185,0.5111111111111111,3.770402611534277,6.659412404787813,3.1828073993471167,0.4896626768226333,0.6855277475516867,42.67229888926288,47.224705486368215,18.77637438390523,16.99142166420314
3394,Laurent Koscielny,Arsenal,Premier League,33,2962.0,0.6076975016880486,0.1215395003376097,11.363745859421584,0.2430790006752194,0.625,139.74004051316678,2.765023632680621,50.77312626603646,0.8725314183123878,0.2734638757596219,0.0,0.0607697501688048,0.1519243754220121,10.422012153950034,22.384387740335125,8.173531397704254,1.610398379473329,0.5849056603773585,1.853477380148548,0.6721311475409836,4.922349763673194,6.62390276839973,4.071573261309926,1.0330857528696826,0.7900067521944633,43.97582083061536,28.763839965209822,19.107596665512148,11.479066443944248
3498,Ignacio Monreal Eraso,Arsenal,Premier League,37,3387.0,0.3454384410983171,0.0,16.82468352830523,0.6908768821966342,0.4615384615384615,152.33835252435784,3.7201062887511074,60.02657218777679,0.8269145639663568,0.6643046944198405,0.0797165633303808,2.2054915854738706,0.1328609388839681,6.350752878653676,17.255343381053567,11.372896368467671,2.2054915854738706,0.6024096385542169,1.753764393268379,0.696969696969697,3.613817537643933,3.2683790965456154,2.1257750221434897,0.7971656333038087,1.2488928255093004,64.63971742543171,11.066387580673291,27.998474411923254,9.155302245082524
3437,Francis Joseph Coquelin,Arsenal,Premier League,26,1702.0,0.4759106933019976,0.0,28.066806646199595,1.9036427732079904,0.8333333333333334,170.1645123384254,0.8460634547591069,58.37837837837838,0.894927536231884,0.3172737955346651,0.0,0.2115158636897767,0.3701527614571093,7.614571092831962,18.18564978496377,19.30082256169213,4.124559341950646,0.7307692307692307,2.7497062279670974,0.7692307692307693,7.614571092831962,1.5334900117508814,1.3748531139835487,1.745005875440658,1.9036427732079904,60.397327532628935,39.202765692977,19.46498599074465,17.839882462410802
11386,Santiago Cazorla González,Arsenal,Premier League,15,1332.0,1.6216216216216215,0.0,22.127160270163728,3.040540540540541,0.7777777777777778,254.32432432432435,5.067567567567568,87.83783783783784,0.8676923076923077,2.4324324324324325,0.2027027027027027,1.5540540540540542,1.351351351351351,14.256756756756758,19.436891320384618,12.5,1.6891891891891893,0.92,0.7432432432432433,0.6363636363636364,8.04054054054054,1.148648648648649,0.1351351351351351,1.2162162162162162,1.0135135135135136,65.80839532412325,37.15852816153029,22.73355552804716,19.28843029136068
3517,Aaron Ramsey,Arsenal,Premier League,31,2732.0,2.207174231332357,0.164714494875549,18.782673919963685,2.240117130307467,0.6029411764705882,227.53660322108345,11.200585651537336,72.37554904831626,0.8443331816112881,1.1200585651537336,0.1317715959004392,1.1530014641288433,0.3953147877013177,9.026354319180088,18.35098860805644,22.928257686676428,2.898975109809663,0.6477272727272727,1.054172767203514,0.65625,7.675695461200585,1.0212298682284042,0.9553440702781844,2.0095168374816983,1.8777452415812592,67.9551179962357,40.98998117851455,22.786482581005856,20.70849421243221
3496,Mesut Özil,Arsenal,Premier League,35,3125.0,1.4112,0.1728,18.02637261220872,2.6496,0.5869565217391305,220.7232,10.3104,72.3168,0.8164078056551175,3.5424,0.5472,2.5632,0.9216,10.9152,17.51436784026285,13.4496,0.9792,0.7058823529411765,0.5472,0.8947368421052632,4.4352,0.1728,0.288,0.6912,1.5264,77.3063543841336,37.76730167014614,21.800784484546348,24.15013249454307
3385,Alexis Alejandro Sánchez Sánchez,Arsenal,Premier League,30,2510.0,3.980079681274901,0.4661354581673307,18.543080871146955,5.916334661354582,0.6242424242424243,201.98007968127493,17.677290836653388,53.354581673306775,0.7668010752688172,1.900398406374502,0.1434262948207171,1.9721115537848608,0.9681274900398408,7.709163346613546,18.085184273454303,14.342629482071716,1.398406374501992,0.6410256410256411,0.50199203187251,0.7857142857142857,7.135458167330678,0.2151394422310757,0.9681274900398408,1.3266932270916336,2.8326693227091635,79.65627551926151,30.97692171134388,22.513444710487647,22.4196823946304
3668,Theo Walcott,Arsenal,Premier League,28,1430.0,2.8951048951048954,0.3146853146853147,15.267859880621032,3.0209790209790213,0.5416666666666666,96.73426573426576,15.041958041958043,20.95804195804196,0.7477477477477478,0.8181818181818182,0.1258741258741259,1.2587412587412588,0.0629370629370629,1.7622377622377623,15.722685384384384,9.566433566433568,0.7552447552447553,0.5833333333333334,0.5664335664335665,0.7777777777777778,3.713286713286714,0.5664335664335665,0.5034965034965035,0.1888111888111888,1.7622377622377623,78.90761223162005,37.8772283669486,26.11195107414282,24.39992111233397
3525,Alex Oxlade-Chamberlain,Arsenal,Premier League,22,982.0,2.1079429735234214,0.0916496945010183,21.29445307429251,4.582484725050916,0.72,161.5784114052953,8.523421588594704,45.36659877800408,0.7636363636363637,1.5580448065173116,0.0,2.841140529531568,0.2749490835030549,8.24847250509165,19.62054586545455,17.230142566191446,2.19959266802444,0.75,1.0081466395112015,0.6363636363636364,5.957230142566191,0.4582484725050916,1.2830957230142566,0.9164969450101832,1.4663951120162932,73.55093590470788,52.44299489506524,23.900565024348843,22.139639098037502
3604,Olivier Giroud,Arsenal,Premier League,38,2541.0,3.648170011806376,0.5312868949232586,12.451824472200958,1.0271546635183,0.4827586206896552,117.34356552538372,22.73907910271547,29.220779220779225,0.6921212121212121,0.9208972845336484,0.2125147579693034,0.6375442739079104,0.2479338842975206,1.3813459268004724,13.01788682161212,15.088547815820544,1.4521841794569068,0.7073170731707317,0.1416765053128689,0.75,2.0188902007083827,0.8500590318772138,5.560802833530107,1.5938606847697758,1.2750885478158207,81.69468759432537,36.46622396619379,22.556408858506472,19.697060892584016
5475,John Michael Nchekwube Obinna,Chelsea,Premier League,25,1879.0,0.3352847259180415,0.0,21.95345725428624,0.8621607237892496,0.8333333333333334,165.29536987759448,0.9579563597658328,58.72272485364556,0.9094616639477976,0.1915912719531665,0.0478978179882916,0.1436934539648749,0.1915912719531665,7.663650878126663,18.33857641386623,18.87174028738691,2.6343799893560407,0.6,1.6764236295902075,0.5714285714285714,5.891431612559872,2.0596061734965407,1.0058541777541246,1.9638105375199573,0.7184672698243747,55.40307157345696,41.90767893364242,18.807349866338917,18.0860476401892
12608,Bradley Guzan,Aston Villa,Premier League,28,2646.0,0.0,0.0,19.71618752593094,0.0,0.5833333333333334,70.85034013605443,0.0,28.571428571428573,0.5785714285714286,0.0340136054421768,0.0,0.0,0.0,22.857142857142858,52.02247060476191,0.0680272108843537,0.0,0.6086956521739131,0.0,0.618734335839599,4.761904761904763,0.0,0.0,0.0,0.1020408163265306,8.845991358617379,38.9072971675468,6.672671028872236,8.679169501581592
9642,Alan Hutton,Aston Villa,Premier League,28,2451.0,0.4039167686658507,0.0,15.419104532864967,0.8812729498164015,0.4583333333333333,117.5030599755202,2.2031823745410035,45.23867809057528,0.711038961038961,0.8445532435740514,0.03671970624235,3.1946144430844554,0.0734394124847001,8.151774785801713,20.29556017418831,12.11750305997552,2.2031823745410035,0.5666666666666667,0.9179926560587516,0.68,3.6719706242350063,2.5336597307221544,1.6891064871481027,1.1015911872705018,1.3953488372093024,66.612625,69.41659375,27.020736770291368,9.29815083887439
24380,Tetchi Jores Charlemagne Ulrich Okore,Aston Villa,Premier League,12,1127.0,0.0,0.0,19.71618752593094,0.3194321206743567,0.75,79.13930789707187,0.7985803016858918,27.47116237799468,0.8052325581395349,0.0798580301685891,0.0,0.0,0.0798580301685891,8.385093167701864,24.91974179738372,10.541259982253772,2.9547471162378,0.5405405405405406,1.357586512866016,0.5882352941176471,2.8748890860692105,6.548358473824313,2.3158828748890863,0.7985803016858918,0.7985803016858918,38.36619576185672,53.72230070635722,17.99925487744733,13.281766640026104
20285,Joleon Lescott,Aston Villa,Premier League,32,2933.0,0.3375383566314354,0.0613706102966246,10.019817500118632,0.3068530514831231,0.9,85.27446300715991,2.055915444936925,32.00477326968974,0.7938638542665388,0.1227412205932492,0.0,0.1227412205932492,0.0613706102966246,8.10092055915445,22.83136371735379,8.49982952608251,1.3501534265257416,0.6590909090909091,1.1046709853392431,0.6944444444444444,3.252642345721105,7.118990794408456,3.7129219229457897,0.7057620184111831,0.2454824411864984,42.55422813961856,29.602914717524285,21.828357035283062,16.24688755744774
9533,Leandro Bacuna,Aston Villa,Premier League,31,2518.0,1.1437648927720414,0.0357426528991262,23.593664104095456,1.8586179507545677,0.5576923076923077,139.2176330420969,2.1088165210484515,49.64654487688642,0.7444204463642908,0.607625099285147,0.0,1.8943606036536933,0.250198570293884,12.188244638602066,22.37094031738661,14.868943606036538,2.1088165210484515,0.5423728813559322,1.0365369340746626,0.3793103448275862,4.610802223987292,2.359015091342336,1.1080222398729151,1.4297061159650517,0.5361397934868944,61.4463157894737,49.98572528883184,25.21394129429565,25.41582561341086
5685,Carlos Alberto Sánchez Moreno,Aston Villa,Premier League,20,1431.0,0.8176100628930818,0.0,25.62656442929771,1.8867924528301887,0.7333333333333333,139.874213836478,0.6918238993710691,50.0,0.8125786163522013,0.1886792452830188,0.0,0.1257861635220125,0.0,11.320754716981131,21.328719455597483,18.050314465408803,3.333333333333333,0.6415094339622641,1.069182389937107,0.5882352941176471,7.358490566037735,3.0817610062893084,2.5157232704402515,1.7610062893081762,0.5660377358490566,53.5365107913669,39.640107913669056,19.144592932335964,18.197228354134804
7153,Jordan Veretout,Aston Villa,Premier League,25,1900.0,0.9473684210526316,0.0,25.482025226428625,0.6631578947368422,0.7857142857142857,149.68421052631578,2.0842105263157897,51.631578947368425,0.7834862385321101,1.6578947368421053,0.2368421052631579,1.8947368421052635,0.2842105263157894,9.663157894736845,20.278953495963304,20.08421052631579,1.563157894736842,0.5757575757575758,0.6631578947368422,0.6428571428571429,5.589473684210526,1.231578947368421,0.8052631578947369,1.231578947368421,1.3263157894736843,68.5215506329114,41.25819620253164,22.259991373537567,24.49768671408081
3436,Idrissa Gana Gueye,Aston Villa,Premier League,35,3193.0,0.8455997494519261,0.0,26.192829593007097,3.044159098026934,0.6851851851851852,161.19949890385217,1.3529595991230818,53.72377074851237,0.8436516264428122,0.7328531161916693,0.0281866583150642,0.3664265580958346,0.0563733166301284,6.90573128719073,18.24157972628542,28.214844973379268,4.312558722204823,0.6535947712418301,2.2549326652051365,0.7875,8.31506420294394,1.4093329157532102,1.240212965862825,2.226746006890072,1.6066395239586595,60.14476307046687,34.78440286763419,21.19360657657569,19.289189703982643
11117,Scott Sinclair,Aston Villa,Premier League,27,1668.0,0.9172661870503596,0.0539568345323741,17.66887209827546,3.345323741007194,0.532258064516129,93.39928057553956,8.848920863309353,19.10071942446043,0.8050847457627118,0.2158273381294964,0.0,0.8093525179856115,0.0539568345323741,0.9172661870503596,13.519356694632764,11.06115107913669,0.9172661870503596,0.4705882352941176,0.3776978417266187,0.5714285714285714,3.4532374100719423,0.1079136690647482,0.4316546762589928,0.2697841726618705,1.2410071942446042,75.70335066435587,37.79145002888504,24.505073462433767,24.57446920993385
3450,Jordan Ayew,Aston Villa,Premier League,30,2450.0,2.2408163265306125,0.2204081632653061,20.444734684386543,5.8040816326530615,0.5379746835443038,139.29795918367347,9.918367346938776,30.269387755102045,0.7851941747572816,0.5142857142857143,0.0,1.542857142857143,0.1469387755102041,2.2775510204081635,15.48952240731796,25.677551020408167,1.579591836734694,0.6976744186046512,0.6612244897959184,0.6666666666666666,4.995918367346939,0.4040816326530612,2.3877551020408165,1.9469387755102043,1.8000000000000005,76.71635021097048,33.10770042194093,21.96968847238285,23.666394010736703
19362,Rudy Gestede,Aston Villa,Premier League,32,1799.0,3.1517509727626463,0.2501389660922735,13.98406220320918,1.000555864369094,0.65,106.50917176209006,16.008893829905503,29.71650917176209,0.5858585858585859,0.5503057254030017,0.0500277932184547,0.2501389660922735,0.2001111728738188,1.1006114508060034,13.565394607070708,9.505280711506392,0.500277932184547,0.4,0.1500833796553641,0.6666666666666666,1.9510839355197331,1.200667037242913,12.707059477487494,1.2506948304613674,0.7003891050583658,77.90821982151246,40.543400657585735,21.372304503494703,20.041442616744938
3475,Per Mertesacker,Arsenal,Premier League,24,2127.0,0.3385049365303244,0.0,9.01155968862683,0.0846262341325811,1.0,137.8138222849083,1.56558533145275,52.3836389280677,0.901453957996769,0.0423131170662905,0.0,0.0,0.0423131170662905,9.858956276445696,21.032868420678515,3.6812411847672775,0.8462623413258109,0.7,0.6770098730606487,0.6875,2.5811001410437235,5.754583921015515,3.469675599435825,0.3385049365303244,0.3808180535966149,41.48765735339269,56.46561252686522,18.02958561853758,12.13340123061503
6631,Mathieu Flamini,Arsenal,Premier League,16,1139.0,0.553116769095698,0.0,17.125377847071665,0.3950834064969271,0.4,131.1676909569798,1.975417032484636,49.54345917471466,0.8740031897926634,0.3160667251975417,0.0,0.1580333625987708,0.0790166812993854,5.689201053555751,17.92852932934609,15.092186128182616,2.686567164179104,0.4705882352941176,1.0272168568920106,0.6153846153846154,3.476733977172959,2.054433713784021,1.1852502194907817,1.501316944688323,0.6321334503950834,58.02439759036144,42.25614457831326,20.22880538757017,19.500505203917463
5581,Joel Nathaniel Campbell Samuels,Arsenal,Premier League,19,910.0,1.9780219780219777,0.2967032967032967,18.540304697682394,2.175824175824176,0.6363636363636364,132.82417582417582,12.857142857142856,34.61538461538461,0.76,1.0879120879120878,0.1978021978021978,0.8901098901098901,0.4945054945054944,3.758241758241758,16.041673125428574,22.35164835164835,2.769230769230769,0.5714285714285714,0.8901098901098901,0.5555555555555556,4.747252747252747,0.3956043956043956,0.5934065934065934,0.8901098901098901,2.868131868131868,79.60335070737155,52.32271034996277,22.519411249838004,23.70557957222403
6800,Carles Gil de Pareja Vicent,Aston Villa,Premier League,23,1479.0,1.0953346855983772,0.1217038539553752,24.461859290469175,3.833671399594321,0.5873015873015873,165.03042596348885,3.955375253549696,49.22920892494929,0.8096415327564895,1.3387423935091278,0.0608519269776876,2.0081135902636915,0.1217038539553752,8.032454361054766,18.446874419035847,17.647058823529413,1.399594320486815,0.6521739130434783,0.4259634888438134,0.7142857142857143,5.415821501014198,0.486815415821501,0.1825557809330628,0.486815415821501,1.8864097363083163,73.70051622418882,49.32422566371683,21.737476977290413,23.052141729966323
3291,Joe Hart,Manchester City,Premier League,35,3230.0,0.0,0.0,19.71618752593094,0.0278637770897832,1.0,56.56346749226006,0.0,23.628482972136226,0.5919811320754716,0.0557275541795665,0.0,0.0,0.0,16.21671826625387,48.06687995943396,0.1114551083591331,0.0,0.6086956521739131,0.0,0.618734335839599,4.012383900928793,0.0278637770897832,0.0,0.0,0.1114551083591331,9.528866995073892,40.27073891625614,7.056658400428581,9.4350640924889
7110,Bacary Sagna,Manchester City,Premier League,28,2544.0,0.1415094339622641,0.0,15.90611766182472,0.6014150943396226,0.5294117647058824,176.32075471698113,3.39622641509434,70.18867924528301,0.8185483870967742,0.955188679245283,0.1061320754716981,2.016509433962264,0.1061320754716981,7.004716981132075,17.189326717389115,10.08254716981132,1.8396226415094337,0.5769230769230769,0.8490566037735849,0.5,3.431603773584905,4.1745283018867925,3.714622641509434,0.7075471698113207,0.5660377358490566,66.01613162118782,68.05359149277687,25.713777929445204,15.028215809195755
3090,Nicolás Hernán Otamendi,Manchester City,Premier League,30,2776.0,0.9077809798270892,0.0324207492795389,16.589720266720324,0.3566282420749279,0.7272727272727273,143.78602305475505,2.690922190201729,50.60878962536023,0.8609865470852018,0.1296829971181556,0.0,0.0,0.0,9.823487031700289,22.457773971877,11.606628242074928,2.8854466858789625,0.5955056179775281,2.690922190201729,0.6385542168674698,4.44164265129683,7.294668587896253,3.922910662824208,1.1347262247838616,0.9726224783861672,46.13084554678693,44.58676437429537,19.36701457990528,18.180417956809425
3389,Eliaquim Mangala,Manchester City,Premier League,23,2083.0,0.2592414786365818,0.0,8.35886970623123,0.3456553048487758,0.75,121.36821891502642,1.7282765242438791,43.68218915026405,0.884272997032641,0.0,0.0,0.0,0.0,7.690830532885262,20.955042544708206,10.283245319251082,1.5986557849255882,0.6486486486486487,1.4258281325012003,0.6060606060606061,4.104656745079213,5.57369179068651,2.506000960153625,1.7714834373499762,0.3456553048487758,44.25453898184407,27.191206835172657,17.582178351830585,12.78092502253907
5596,Aleksandar Kolarov,Manchester City,Premier League,29,2383.0,1.5484683172471674,0.1133025597985732,26.7788715951687,1.624003357112883,0.4883720930232558,176.44985312631138,3.51237935375577,66.99958036088964,0.7547914317925591,1.321863197650021,0.1133025597985732,3.436844313890054,0.1133025597985732,12.19890893831305,20.650799222232244,8.762064624422996,1.2463281577843055,0.5454545454545454,0.9441879983214436,0.64,5.778430549727235,3.285774234158624,1.8506084767100293,0.906420478388586,1.2085606378514475,67.52003424657534,10.084738869863012,27.871829419147595,9.892121253942523
3089,Kevin De Bruyne,Manchester City,Premier League,25,2077.0,2.079922965816081,0.3033220991815118,22.127327116258684,3.163216177178623,0.589041095890411,182.0365912373616,8.796340876263843,56.937891189215215,0.7199391171993912,2.989889263360616,0.3899855560905151,3.85652383245065,0.6499759268175253,9.142994703899856,19.031128524406395,19.49927780452576,1.2999518536350505,0.6,0.7799711121810303,0.6666666666666666,5.459797785267212,0.6499759268175253,0.7366393837265287,0.8666345690900337,0.9966297544535389,79.47686265174958,42.61692454177577,22.231030074626403,26.22858994328548
3087,Gnégnéri Yaya Touré,Manchester City,Premier League,32,2397.0,2.778473091364205,0.1877346683354193,22.056893448369276,2.327909887359199,0.7096774193548387,213.2665832290363,6.458072590738424,70.17521902377973,0.8539325842696629,1.5018773466833544,0.1126408010012515,0.4130162703379224,0.788485607008761,11.113892365456822,19.43852834558588,12.503128911138925,1.576971214017522,0.6904761904761905,0.5632040050062579,0.6666666666666666,5.594493116395495,1.576971214017522,1.614518147684606,1.4267834793491867,1.3892365456821028,67.63987676056337,41.06517605633803,20.25573235641382,17.52689297718772
3054,Fernando Luiz Rosa,Manchester City,Premier League,33,2836.0,0.9520451339915372,0.0634696755994358,18.71066595186502,1.2693935119887163,0.65,173.811706629055,4.2524682651622,60.10578279266573,0.8722280887011615,0.7933709449929478,0.0634696755994358,0.2856135401974612,0.2221438645980253,7.616361071932299,18.409996505279832,22.37306064880113,3.554301833568406,0.6696428571428571,1.491537376586742,0.7659574468085106,6.093088857545839,1.3645980253878702,1.9675599435825104,2.253173483779972,1.3011283497884345,63.799580062077766,39.64228592295053,19.879055384649725,18.659013804651533
3064,David Josué Jiménez Silva,Manchester City,Premier League,24,1831.0,1.4254505734571272,0.0983069361004915,19.450369308110183,2.457673402512288,0.62,224.92626979792465,12.28836701256144,73.1403604587657,0.8239247311827957,2.457673402512288,0.4915346805024576,2.0644456581103223,0.4423812124522119,9.38831239759694,17.18233436686828,16.02403058438012,1.867831785909339,0.6052631578947368,0.8847624249044238,0.8333333333333334,6.14418350628072,0.2457673402512288,0.638995084653195,1.0813762971054068,1.9169852539595849,75.73887674825176,36.4920673076923,21.32698423401736,22.01423769485737
3237,Sergio Leonel Agüero del Castillo,Manchester City,Premier League,30,2412.0,4.402985074626866,0.7462686567164178,16.11528320240619,4.141791044776119,0.5765765765765766,141.00746268656715,23.619402985074625,27.61194029850746,0.8256756756756757,0.8955223880597014,0.0746268656716417,0.708955223880597,0.1492537313432835,1.828358208955224,14.029428523851356,10.373134328358208,0.8208955223880596,0.9090909090909092,0.335820895522388,0.6666666666666666,4.664179104477611,0.0373134328358208,0.3731343283582089,0.8208955223880596,1.716417910447761,85.32635617888329,39.52849960306959,19.930343072809677,20.894618339984824
3233,Raheem Sterling,Manchester City,Premier League,31,1981.0,2.317011610297829,0.2725896012115093,17.310743477394382,3.770822816759212,0.5783132530120482,161.91822311963654,16.80969207470974,41.07016658253407,0.8042035398230089,1.4992428066633012,0.0908632004038364,1.9989904088844015,0.2271580010095911,1.9989904088844015,14.04352150522124,14.129227662796566,1.5446744068652194,0.5882352941176471,1.2720848056537102,0.7857142857142857,5.497223624432105,0.3180212014134275,0.4997476022211004,1.226653205451792,2.6350328117112567,81.91228956228953,24.49486531986532,22.32599081343713,20.076443807843948
3598,Wilfried Guemiand Bony,Manchester City,Premier League,26,1291.0,4.252517428350116,0.278853601859024,14.770909406115624,1.7428350116189002,0.6,121.16189000774594,17.079783113865222,27.74593338497289,0.7964824120603015,0.557707203718048,0.209140201394268,0.209140201394268,0.418280402788536,1.0457010069713402,13.66030886494975,6.8319132455460885,0.69713400464756,0.7,0.139426800929512,1.0,3.3462432223082885,0.557707203718048,4.670797831138652,1.2548412083656082,1.603408210689388,79.27313003452242,41.213636363636375,19.95935535124265,19.87400715569784
6821,Jesús Navas González,Manchester City,Premier League,34,2377.0,1.1737484223811527,0.0,19.97054809609619,2.574673958771561,0.6617647058823529,174.47202355910812,8.594867480016827,54.9768615902398,0.759641873278237,1.8174169120740429,0.2650399663441312,4.354228018510728,0.2650399663441312,6.663862010938157,17.189982223140493,14.766512410601598,1.060159865376525,0.6785714285714286,0.4922170803533866,0.3846153846153846,6.020193521245267,0.719394194362642,0.340765671013883,0.7951198990323938,1.0980227177114008,81.23174913194444,67.303515625,23.103109407645764,12.53057184233566
3262,Łukasz Fabiański,Swansea City,Premier League,37,3481.0,0.0258546394714162,0.0,8.229823813423959,0.0,0.5833333333333334,78.75323182993392,0.0517092789428325,31.335823039356505,0.6336633663366337,0.0775639184142487,0.0258546394714162,0.0,0.0,20.554438379775927,45.62711570305281,0.1292731973570813,0.0,0.6086956521739131,0.0,0.618734335839599,4.2660155127836825,0.0517092789428325,0.0258546394714162,0.0258546394714162,0.2326917552427463,9.959225213394614,40.66582403151674,7.882490460964991,8.266086453294683
3340,Kyle Naughton,Swansea City,Premier League,27,1871.0,0.432923570283271,0.0,26.386219404868694,1.0582576162479955,0.5,173.07322287546768,1.2506680919294495,66.76643506146446,0.7795389048991355,0.7696419027258151,0.1443078567610903,1.8760021378941745,0.1924104756814537,9.476215927311598,19.63442284157061,13.997862105825762,2.308925708177445,0.4583333333333333,0.9139497594869056,0.7894736842105263,4.4735435595938,3.1747728487439875,2.260823089257082,1.1544628540887227,1.0582576162479955,61.976347971095066,66.38999444135631,24.92609541601441,16.564263150826207
3290,Federico Fernández,Swansea City,Premier League,32,3009.0,0.5084745762711864,0.0299102691924227,11.637734604844969,0.1495513459621136,0.8,143.86839481555333,2.422731804586241,52.193419740777664,0.8441260744985674,0.2392821535393818,0.0299102691924227,0.0598205383848454,0.0897308075772681,11.246261216350948,22.55028969340973,9.332003988035892,2.0338983050847457,0.7058823529411765,1.4656031904287137,0.6938775510204082,3.409770687936191,6.640079760717846,3.6191425722831503,1.1665004985044864,0.6879361914257228,42.03771309771311,55.64906444906445,18.585722835412547,12.51757368230346
3644,Ashley Williams,Swansea City,Premier League,36,3387.0,0.4251550044286979,0.0531443755535872,11.8094162757066,0.1594331266607617,0.8333333333333334,139.63684676705049,1.7803365810451728,50.06200177147919,0.8492569002123143,0.2657218777679362,0.0265721877767936,0.0531443755535872,0.0797165633303808,14.37555358724535,25.15125274623142,7.147918511957484,1.8866253321523472,0.6338028169014085,1.83348095659876,0.5942028985507246,3.188662533215235,8.609388839681134,2.896368467670505,0.9034543844109832,0.3985828166519043,42.51457659372026,26.3222835394862,19.14044374516265,12.283632644356048
9627,Neil Taylor,Swansea City,Premier League,34,3081.0,0.2629016553067186,0.0,28.44911478452184,0.8471275559883155,0.4137931034482758,123.15481986368064,1.314508276533593,47.87731256085687,0.7882855399633923,0.4381694255111977,0.0292112950340798,1.6066212268743916,0.0584225900681596,7.185978578383642,18.82258617834045,10.136319376825709,1.3437195715676729,0.5,0.9639727361246349,0.4242424242424242,3.242453748782862,2.6874391431353457,0.8471275559883155,1.139240506329114,0.8471275559883155,63.17056451612903,10.007898481973433,25.33468878156097,8.828408880625556
3057,Jonjo Shelvey,Swansea City,Premier League,31,2359.0,2.174650275540483,0.0,26.160617878112458,1.9838914794404408,0.7115384615384616,170.27130139889783,1.602373887240356,60.77575243747351,0.7727558066541117,1.4879186095803305,0.1526070368800339,1.5642221280203477,1.1445527766002543,20.18228062738449,25.888283618581287,12.666384061042814,1.4879186095803305,0.717948717948718,1.449766850360322,0.6052631578947368,5.989826197541331,0.9156422212802034,0.6104281475201356,1.1445527766002543,0.4578211106401017,60.4624915975801,39.949966390320405,21.258827909388263,18.291631097420325
3605,Sung-Yeung Ki,Swansea City,Premier League,28,1936.0,1.115702479338843,0.0929752066115702,18.80225593487806,0.9297520661157024,0.65,163.68285123966942,3.7190082644628095,55.27376033057851,0.9032800672834316,0.9762396694214877,0.0464876033057851,0.2789256198347107,0.371900826446281,10.97107438016529,20.86086887569386,15.43388429752066,1.4411157024793388,0.4838709677419355,0.8367768595041322,0.6666666666666666,5.764462809917355,1.0692148760330578,1.2086776859504131,1.0692148760330578,1.2086776859504131,61.37165577960808,36.107497869923314,22.014341787091585,19.967290506245867
3347,André Ayew Pelé,Swansea City,Premier League,34,3005.0,2.0665557404326123,0.3594009983361065,15.922201491949448,2.48585690515807,0.4939759036144578,126.11980033277872,10.602329450915144,32.88519134775375,0.8032786885245902,0.5091514143094842,0.059900166389351,0.4492512479201331,0.2396006655574043,2.9650582362728786,15.570722592076502,17.94009983361065,1.8868552412645592,0.6825396825396826,0.4792013311148086,0.875,3.414309484193012,0.4792013311148086,1.707154742096506,1.1381031613976706,2.425956738768719,73.66684872951794,49.88909997625269,22.00074291227795,20.973906789507257
3944,Gylfi Þór Sigurðsson,Swansea City,Premier League,36,3034.0,2.6400791034937376,0.2373104812129202,22.461348276003516,1.6018457481872117,0.5370370370370371,125.44825313117995,6.941331575477917,39.92748846407383,0.7199108469539376,1.6908371786420566,0.088991430454845,1.6908371786420566,0.5636123928806855,6.882003955174687,17.51047486123328,22.040210942649967,1.2162162162162162,0.6829268292682927,0.8009228740936057,0.6296296296296297,3.5893210283454184,0.5932762030323006,0.4152933421226104,1.127224785761371,0.978905735003296,75.99917238117757,38.90487112792621,21.9456879576508,20.37873406272422
7063,Jefferson Antonio Montero Vite,Swansea City,Premier League,23,1409.0,1.341376863023421,0.0,21.337891919438256,5.365507452093684,0.4642857142857143,127.0475514549326,9.00638750887154,31.42654364797729,0.6422764227642277,1.533002129169624,0.127750177430802,5.684882895670689,0.0,4.088005677785664,17.661668113211384,12.327892122072392,1.405251951738822,0.5454545454545454,0.319375443577005,0.4,4.088005677785664,0.319375443577005,0.830376153300213,0.830376153300213,2.746628814762243,80.69698340874811,11.88084464555053,23.776804269438667,9.652518386520136
20521,Bafétimbi Gomis,Swansea City,Premier League,33,1806.0,2.9401993355481726,0.2491694352159468,18.83333857762932,2.3421926910299,0.6808510638297872,117.35880398671095,14.850498338870432,24.867109634551497,0.7975951903807615,0.6976744186046512,0.0,0.2990033222591362,0.0498338870431893,1.8438538205980064,14.926148955911824,10.3156146179402,0.5481727574750831,0.4545454545454545,0.1993355481727574,1.0,2.740863787375415,0.8471760797342193,2.691029900332226,1.1461794019933556,1.2956810631229236,77.53622080679403,47.92963906581741,21.55935017046903,18.93698423869449
4631,Leon Britton,Swansea City,Premier League,25,1569.0,0.2868068833652007,0.0,25.41873131460928,1.2045889101338432,0.7619047619047619,166.2906309751434,0.6883365200764818,57.47609942638623,0.8822355289421158,0.2294455066921606,0.0,0.1147227533460803,0.1720841300191204,5.449330783938814,17.761906115868264,18.75717017208413,2.4091778202676863,0.5714285714285714,2.4091778202676863,0.7619047619047619,6.768642447418737,1.3193116634799231,0.6883365200764818,0.8604206500956022,1.2619502868068833,56.657295619179045,42.78509830976199,18.726963709631978,19.326736519128488
6871,Costel Fane Pantilimon,Sunderland,Premier League,17,1599.0,0.0,0.0,19.71618752593094,0.0,0.5833333333333334,78.06754221388367,0.0,31.51969981238274,0.5017857142857143,0.0562851782363977,0.0,0.0,0.0,25.215759849906192,53.11560149392857,0.3377110694183864,0.0,0.6086956521739131,0.0,0.618734335839599,5.009380863039399,0.0,0.0,0.1125703564727955,0.1688555347091932,9.167195385724584,41.6478731074261,6.990557922292374,9.0844631234878
6300,Sebastián Coates Nión,Sunderland,Premier League,16,1287.0,0.4895104895104895,0.0,10.099595712918267,0.5594405594405595,0.75,76.57342657342657,2.5874125874125875,29.160839160839163,0.7002398081534772,0.0699300699300699,0.0699300699300699,0.0699300699300699,0.1398601398601398,10.34965034965035,27.552956284892087,12.517482517482518,3.5664335664335667,0.5294117647058824,1.7482517482517483,0.48,3.8461538461538463,5.524475524475525,3.3566433566433567,1.3986013986013988,0.3496503496503497,40.38219178082191,52.74000000000001,21.244818712729383,13.119968676875375
16890,John O''Shea,Sunderland,Premier League,28,2110.0,0.3412322274881517,0.0,12.436168113667923,0.0426540284360189,1.0,67.30805687203792,1.8767772511848344,26.061611374407583,0.7332242225859247,0.0426540284360189,0.0,0.0426540284360189,0.0853080568720379,7.635071090047394,24.93861452543371,7.890995260663508,1.3649289099526067,0.59375,1.3222748815165877,0.6774193548387096,2.4739336492890995,7.464454976303318,3.497630331753555,0.981042654028436,0.5118483412322276,40.26400506970849,38.32046894803548,20.188498518360134,18.8492402655573
4746,Younes Kaboul,Sunderland,Premier League,23,2098.0,0.4718779790276453,0.0,14.150194969761584,0.6005719733079122,0.8571428571428571,82.40705433746425,1.844613918017159,29.68541468064824,0.6719653179190751,0.2144899904671115,0.0428979980934223,0.3002859866539561,0.0857959961868446,9.523355576739752,26.35978415549133,12.26882745471878,1.844613918017159,0.5813953488372093,1.67302192564347,0.6153846153846154,3.388941849380362,8.19351763584366,3.817921830314585,0.7292659675881792,0.3431839847473784,40.54419573138989,26.87829255596044,23.921618469147305,14.933538077094909
3658,DeAndre Yedlin,Sunderland,Premier League,23,1897.0,0.1897733263046916,0.0,20.52725540699315,1.9451765946230888,0.5609756097560976,91.85028993147074,1.47074327886136,37.81233526620981,0.6549560853199499,0.521876647337902,0.0474433315761729,1.2809699525566685,0.0474433315761729,8.302583025830259,21.50619378745295,17.554032683183976,1.992619926199262,0.5238095238095238,1.2335266209804956,0.5384615384615384,3.558249868212968,3.558249868212968,1.6605166051660518,1.4232999472851873,0.6167633104902478,61.94855371900826,68.01895661157023,28.55119401577549,10.799236043255725
3321,Patrick van Aanholt,Sunderland,Premier League,33,3106.0,1.3329040566645205,0.1159047005795235,25.06199909713489,1.9124275595621376,0.6212121212121212,110.08048937540244,3.882807469414037,41.0592401802962,0.7367678193366267,0.7533805537669027,0.1159047005795235,1.4198325820991629,0.0579523502897617,7.070186735350934,20.400464381439654,12.807469414037346,2.376046361880232,0.6707317073170732,1.5067611075338054,0.75,5.331616226658081,2.0862846104314228,0.5505473277527366,0.5215711526078557,0.463618802318094,62.056067386154254,14.115161884706506,29.52008510306893,12.904856103385118
4429,Yann Gérard M''Vila,Sunderland,Premier League,37,3327.0,0.8115419296663661,0.0270513976555455,25.37370039585199,1.0279531109107305,0.7368421052631579,135.66275924256087,1.623083859332732,48.66546438232642,0.7804335742078933,1.163210099188458,0.0811541929666366,0.9738503155996392,0.2434625788999098,11.253381424706944,21.771188566814896,17.04238052299369,2.948602344454464,0.6605504587155964,1.7583408476104598,0.676923076923077,6.30297565374211,2.759242560865645,1.2984670874661857,0.5410279531109107,1.4878268710550044,58.48007976071786,42.310927218344965,22.90866149906147,21.20518861423287
7171,Fabio Borini,Sunderland,Premier League,26,1953.0,2.2580645161290325,0.184331797235023,20.25372434138802,1.8433179723502304,0.425,109.67741935483872,9.953917050691244,27.649769585253456,0.6633333333333333,0.6912442396313364,0.0921658986175115,1.19815668202765,0.2304147465437788,4.516129032258065,19.1621318795,17.51152073732719,1.4746543778801844,0.59375,1.19815668202765,0.6153846153846154,4.746543778801843,1.3824884792626728,1.6129032258064515,1.4746543778801844,2.3963133640553,75.12113445378154,42.30445378151261,24.90662669521628,23.998161981350925
22281,Duncan Watmore,Sunderland,Premier League,23,1000.0,1.53,0.27,15.967644669188042,3.6,0.55,93.87,12.51,15.66,0.6494252873563219,0.8099999999999999,0.09,1.08,0.18,1.35,13.914342048563222,14.04,0.63,0.5714285714285714,0.36,0.5,6.029999999999999,0.63,0.72,0.72,1.62,81.52281879194634,45.29856184084372,25.375768424200388,24.44461499288337
9554,Steven Fletcher,Sunderland,Premier League,16,1038.0,1.9942196531791907,0.3468208092485549,14.468987211992578,2.254335260115607,0.5384615384615384,110.28901734104046,12.398843930635838,25.491329479768787,0.6326530612244898,0.8670520231213873,0.0,0.6936416184971098,0.1734104046242774,2.341040462427745,14.910113858503404,12.398843930635838,0.8670520231213873,0.6,0.0867052023121387,0.0,2.341040462427745,0.3468208092485549,7.456647398843931,1.560693641618497,1.3872832369942196,78.67806603773586,42.716037735849056,20.458353886470587,20.283233712479227
18751,Jack Rodwell,Sunderland,Premier League,22,1256.0,1.9347133757961783,0.071656050955414,19.045265286280696,0.8598726114649682,0.6666666666666666,97.45222929936304,4.729299363057325,33.10509554140128,0.7510822510822511,1.003184713375796,0.0,0.143312101910828,0.143312101910828,5.875796178343949,19.42984952445888,13.901273885350315,1.6480891719745223,0.6521739130434783,0.5732484076433121,0.625,3.6544585987261136,1.361464968152866,2.6512738853503186,1.6480891719745223,0.6449044585987261,63.28367647058823,32.00985294117647,22.779090606003237,17.349554324895237
42902,Adam Johnson,Sunderland,Premier League,19,1209.0,1.1910669975186103,0.0744416873449131,24.389377178733707,1.7866004962779156,0.5833333333333334,141.0669975186104,2.456575682382134,44.66501240694789,0.7383333333333333,1.8610421836228288,0.3722084367245657,1.6377171215880892,0.8188585607940446,14.516129032258064,24.981581582833343,10.198511166253102,0.8188585607940446,0.7272727272727273,0.7444168734491314,0.7,5.508684863523573,0.521091811414392,0.4466501240694789,0.5955334987593052,1.1910669975186103,65.71741424802111,44.457308707124014,23.39826375772124,21.8830908598434
16457,Jeremain Lens,Sunderland,Premier League,20,1349.0,1.8680504077094144,0.2001482579688658,22.447512847439743,4.269829503335805,0.53125,124.55893254262418,6.204595997034841,31.6234247590808,0.5843881856540084,0.9340252038547072,0.2001482579688658,3.269088213491476,0.5337286879169756,8.53965900667161,23.006241771518987,21.349147516679025,2.4017790956263902,0.6666666666666666,0.2668643439584878,0.25,4.670126019273536,0.6004447739065976,1.134173461823573,2.0014825796886586,2.268346923647146,74.39812533476164,39.23561863952865,24.317455046647627,24.88631679155507
3539,Simon Mignolet,Liverpool,Premier League,34,3201.0,0.0,0.0,19.71618752593094,0.1124648547328959,1.0,65.93252108716027,0.0,26.26054358013121,0.6595289079229122,0.0,0.0,0.0,0.0,15.463917525773196,43.23440174507496,0.0843486410496719,0.0,0.6086956521739131,0.0,0.618734335839599,4.526710402999063,0.0281162136832239,0.0,0.0,0.0843486410496719,9.779275053304902,41.18217484008528,6.913167583793735,8.872214236703764
4590,Nathaniel Edwin Clyne,Liverpool,Premier League,33,3106.0,0.8982614294913072,0.0289761751448808,25.11773722256529,0.927237604636188,0.5625,147.83644558918223,3.3612363168061816,56.30070830650354,0.7822954194544519,0.8113329040566645,0.0,1.5647134578235673,0.0869285254346426,7.012234385061172,18.43494824879053,12.836445589182228,2.1732131358660656,0.56,1.014166130070831,0.4857142857142857,4.375402446877012,2.7237604636188024,0.4925949774629748,0.6084996780424984,0.7533805537669027,65.14592316738533,66.29302234417874,25.78321448913545,16.518585280283123
18872,Martin Škrtel,Liverpool,Premier League,22,1973.0,0.456158134820071,0.0456158134820071,12.856036328378185,0.0912316269640142,1.0,142.04764318297012,2.0070957932083124,52.27572225038013,0.8769633507853403,0.2280790674100355,0.0,0.0456158134820071,0.0,10.21794221996959,22.47520064205934,6.203750633552965,1.41409021794222,0.4193548387096774,1.0947795235681703,0.625,3.831728332488596,8.80385200202737,3.831728332488596,0.9579320831221492,0.2736948808920426,40.582530507386,51.43355812459858,18.23711103496401,13.743534512791744
3471,Dejan Lovren,Liverpool,Premier League,24,1986.0,0.996978851963746,0.0,16.600552847638166,0.1359516616314199,0.6666666666666666,127.97583081570995,2.129909365558912,48.85196374622356,0.8506493506493507,0.3625377643504531,0.0,0.1359516616314199,0.1359516616314199,10.64954682779456,23.34913161948052,9.561933534743202,1.7220543806646524,0.5526315789473685,1.1782477341389728,0.4615384615384615,2.9909365558912384,7.658610271903322,5.120845921450151,1.0876132930513591,0.5891238670694864,42.446919263456095,39.976451841359776,19.242839008714235,19.86035797043161
7780,Lucas Pezzini Leiva,Liverpool,Premier League,27,2044.0,0.4403131115459882,0.0,23.59856624890445,0.8806262230919765,0.8,171.10567514677103,0.9246575342465752,65.07827788649706,0.8382949932341002,0.8806262230919765,0.0440313111545988,0.1761252446183953,0.4843444227005871,12.064579256360078,21.488160340345058,23.24853228962818,4.315068493150685,0.6938775510204082,1.4090019569471623,0.65625,5.812133072407045,2.862035225048924,3.214285714285714,2.641878669275929,0.9246575342465752,54.24683479155945,40.65193000514668,19.797104625064552,17.925482660063363
3473,James Philip Milner,Liverpool,Premier League,28,2495.0,1.406813627254509,0.1442885771543086,20.27917346636281,1.4789579158316637,0.5121951219512195,168.9619238476954,7.142284569138277,58.07615230460922,0.7279503105590062,1.8036072144288575,0.3967935871743487,3.1022044088176357,0.2885771543086172,13.599198396793588,20.976538524347824,22.94188376753507,2.164328657314629,0.5333333333333333,0.937875751503006,0.5384615384615384,5.735470941883768,1.1903807615230462,1.1903807615230462,1.911823647294589,1.3346693386773547,72.67034585824081,48.8888343296328,26.234109057079213,25.124458884756137
3493,Emre Can,Liverpool,Premier League,30,2599.0,1.073489803770681,0.0346287033474413,21.28690004244797,1.9738360908041557,0.7017543859649122,180.45017314351676,4.640246248557137,61.70834936514044,0.8170594837261503,0.9003462870334744,0.0,0.4155444401692958,0.2424009234320892,10.42323970757984,20.097332062766554,19.738360908041557,3.0819545979222776,0.7640449438202247,1.5582916506348594,0.6222222222222222,6.060023085802231,1.7660638707195075,2.112350904193921,1.731435167372066,1.2466333205078877,59.89124928036846,37.43264248704664,21.821144012969803,18.987797986302542
3535,Roberto Firmino Barbosa de Oliveira,Liverpool,Premier League,31,2036.0,2.87328094302554,0.4420432220039293,19.87886167610316,3.978388998035364,0.6111111111111112,169.56777996070727,15.69253438113949,46.19351669941061,0.7444976076555024,1.6355599214145384,0.3094302554027505,1.3703339882121808,0.5304518664047151,4.111001964636542,15.376499573808614,27.141453831041257,3.271119842829077,0.6756756756756757,0.574656188605108,0.5384615384615384,5.43713163064833,0.4862475442043222,1.4587426326129669,1.4145383104125735,1.0166994106090377,75.71616266944733,43.388086548488005,23.56019301645249,22.092273463995102
3501,Philippe Coutinho Correia,Liverpool,Premier League,26,2051.0,4.870794734275963,0.3510482691370063,23.04501275286378,4.080936128717698,0.5483870967741935,178.55192588980984,9.741589468551926,50.33154558751828,0.7602441150828247,1.886884446611409,0.2194051682106289,1.1847879083373962,1.0092637737688932,8.951730862993662,19.296197002266787,16.806435884934178,1.4041930765480253,0.59375,1.053144807411019,0.6666666666666666,6.099463676255485,0.3510482691370063,0.3949293027791321,0.614334470989761,1.66747927840078,76.33379208650776,27.01953797001721,20.736676391079747,17.418034404587285
3380,Christian Benteke Liolo,Liverpool,Premier League,29,1634.0,3.525091799265606,0.4406364749082007,14.009927036485886,1.156670746634027,0.5238095238095238,114.124847001224,22.63769889840881,27.15422276621787,0.6977687626774848,1.2668298653610772,0.1652386780905752,0.2753977968176254,0.055079559363525,1.762545899632803,14.518188281663283,8.922888616891065,0.6609547123623011,0.75,0.1652386780905752,0.6666666666666666,2.6438188494492043,0.7711138310893513,7.270501835985312,1.762545899632803,1.4871481028151774,82.30313706563709,37.6084942084942,21.160825720612102,19.211480169926137
3635,Jordon Ibe,Liverpool,Premier League,27,1251.0,2.158273381294964,0.0719424460431654,23.135579912369263,5.53956834532374,0.5714285714285714,150.28776978417267,6.618705035971223,40.21582733812949,0.7906976744186046,1.2949640287769784,0.0719424460431654,2.2302158273381294,0.0719424460431654,4.388489208633093,16.7711271019678,14.60431654676259,0.935251798561151,0.3846153846153846,0.3597122302158273,0.6,6.474820143884892,0.1438848920863309,0.2158273381294964,0.935251798561151,1.223021582733813,77.63044518908569,49.50521780756343,22.88886405010212,26.422893894221417
3515,Alberto Moreno Pérez,Liverpool,Premier League,32,2671.0,1.1456383377012354,0.0336952452265069,24.38766802367665,1.482590789966305,0.5227272727272727,153.01010857356795,4.414077124672407,58.73081242980157,0.7825588066551922,1.8195432422313735,0.1347809809060277,3.6053912392362406,0.1010857356795207,11.1868214152003,20.560832786689623,14.55634593785099,2.8640958442530886,0.5529411764705883,1.4488955447397978,0.4418604651162791,4.1782104080868585,2.4260576563084983,0.6739049045301384,1.1793335829277425,0.7749906402096592,65.91711076855317,11.196520590178372,27.9343536323847,10.829586910828018
20201,Maarten Stekelenburg,Southampton,Premier League,17,1598.0,0.0,0.0,19.71618752593094,0.0,0.5833333333333334,65.21902377972465,0.0,26.30162703379224,0.6188436830835118,0.0563204005006257,0.0,0.0,0.0,17.23404255319149,49.364849690149896,0.1689612015018773,0.0,0.6086956521739131,0.0,0.618734335839599,4.392991239048811,0.0,0.0,0.0,0.1126408010012515,8.690328151986181,41.30155440414507,6.816896593533432,7.614438221683988
3590,Rhu-endly Martina,Southampton,Premier League,15,1138.0,0.2372583479789103,0.0790861159929701,23.98342503588177,0.3954305799648506,0.6,116.57293497363796,1.977152899824253,45.94903339191564,0.7263339070567987,0.8699472759226713,0.0790861159929701,2.609841827768014,0.3163444639718805,9.490333919156416,21.37631723046472,13.84007029876977,2.688927943760984,0.5294117647058824,2.4516695957820738,0.4516129032258064,3.717047451669596,3.1634446397188047,0.4745166959578207,1.1862917398945518,0.9490333919156416,65.32069199457258,67.33548168249659,27.97047482500684,14.426582822420649
3960,José Miguel da Rocha Fonte,Southampton,Premier League,37,3301.0,0.6543471675249924,0.0545289306270827,11.864089832582886,0.1090578612541654,1.0,121.27234171463192,2.644653135413511,44.768252044834895,0.8373934226552984,0.1363223265677067,0.0,0.1908512571947894,0.0545289306270827,12.241744925780068,24.12307178781973,7.47046349591033,1.390487730990609,0.6470588235294118,1.5813389881853983,0.4827586206896552,3.489851560133293,6.24356255680097,3.0808845804301725,0.6543471675249924,0.3271735837624962,42.72839478417266,51.68995053956835,20.49347952834457,15.605699308164096
3669,Virgil van Dijk,Southampton,Premier League,34,3203.0,0.8148610677489854,0.0842959725257571,16.642420401775322,0.3652825476116141,0.7692307692307693,110.28723072119888,3.568529503590384,39.67530440212301,0.839943342776204,0.2247892600686856,0.0,0.1123946300343428,0.0280986575085857,11.351857633468622,24.991002803753545,7.6428348423353105,1.8545113955666563,0.6212121212121212,1.9388073680924132,0.5797101449275363,3.540430846081798,8.204807992507025,5.732126131751483,0.8710583827661567,0.3933812051201998,44.668585987261146,34.88129936305733,21.18104257944262,18.708811149225596
20045,Ryan Bertrand,Southampton,Premier League,32,3015.0,0.3880597014925373,0.0,24.45176439558064,1.3134328358208955,0.4545454545454545,119.34328358208955,2.388059701492537,46.71641791044776,0.7476038338658147,0.5671641791044776,0.0895522388059701,2.149253731343284,0.0298507462686567,8.507462686567164,19.56026110223642,11.164179104477611,1.5522388059701493,0.4807692307692308,1.4029850746268655,0.6595744680851063,3.492537313432836,2.955223880597015,1.9701492537313432,1.0746268656716418,0.8656716417910447,66.3715107553777,13.943896948474231,28.838541693578424,14.317123542620326
3098,Victor Wanyama,Southampton,Premier League,30,2589.0,1.0776361529548089,0.0347624565469293,19.695138266636988,1.4947856315179606,0.6976744186046512,138.6326767091541,2.5376593279258404,48.28505214368482,0.8214542836573074,0.4171494785631518,0.0347624565469293,0.1390498261877172,0.0695249130938586,7.925840092699884,20.070927967674585,21.48319814600232,3.093858632676709,0.651685393258427,1.4947856315179606,0.5581395348837209,7.369640787949016,2.850521436848204,3.0243337195828506,2.398609501738123,1.2166859791425262,57.53889167502508,39.91672517552659,20.16352207185855,17.591934432544186
16181,Jordy Clasie,Southampton,Premier League,22,1568.0,0.8035714285714286,0.0,25.28989323050766,0.6313775510204082,0.5454545454545454,122.37244897959184,1.090561224489796,47.525510204081634,0.8031400966183575,0.5739795918367347,0.0,0.5165816326530612,0.3443877551020408,8.954081632653061,21.2220029147343,24.853316326530614,2.4107142857142856,0.6904761904761905,1.6645408163265307,0.6896551724137931,4.591836734693878,1.7793367346938775,0.8035714285714286,1.3775510204081634,0.5165816326530612,59.41454033771107,36.16993433395873,20.077113640742983,17.347400641056172
3328,James Ward-Prowse,Southampton,Premier League,33,1653.0,1.5789473684210529,0.0544464609800363,24.49961725269258,0.7622504537205081,0.7142857142857143,120.81669691470054,3.593466424682396,43.938294010889294,0.7620817843866171,1.47005444646098,0.2177858439201452,2.123411978221416,0.2177858439201452,10.943738656987296,21.84059031796778,16.60617059891107,0.8711433756805808,0.5,0.5444646098003629,0.8,5.716878402903811,1.796733212341198,0.925589836660617,1.5789473684210529,0.4900181488203267,67.01919783686344,43.944479495268126,24.51287750682856,20.85104795770642
3629,Sadio Mané,Southampton,Premier League,37,2679.0,2.889137737961926,0.3695408734602464,17.4141913487454,4.938409854423292,0.54421768707483,149.16013437849944,14.109742441209407,35.03919372900336,0.7813998082454459,1.2430011198208286,0.2015677491601343,2.183650615901456,0.2687569988801792,3.6618141097424415,16.37456775659636,16.96528555431131,1.847704367301232,0.6181818181818182,0.7054871220604704,0.7619047619047619,7.726763717805151,0.4031354983202687,0.7054871220604704,1.780515117581187,2.9227323628219484,79.23572072072074,45.27018018018018,22.76682713343695,23.46513376629755
3828,Steven Davis,Southampton,Premier League,34,2686.0,0.6701414743112435,0.1675353685778108,18.238752140619773,1.2062546537602383,0.6388888888888888,158.52196574832467,4.959046909903202,54.7505584512286,0.795593635250918,1.5413253909158602,0.0670141474311243,1.5748324646314222,0.3015636634400596,10.78927773641102,20.22110721744186,18.596425912137008,2.14445271779598,0.609375,0.7036485480268058,0.7619047619047619,6.098287416232316,1.3737900223380493,0.6031273268801192,0.7371556217423679,0.8376768428890544,70.07841893891354,40.30238850137391,23.749834546804014,23.136508061641354
3842,Shane Long,Southampton,Premier League,28,2210.0,2.565610859728507,0.4072398190045249,15.170011026059418,1.1809954751131222,0.4137931034482758,109.75113122171946,14.823529411764708,26.429864253393667,0.6440677966101694,1.2217194570135748,0.1628959276018099,1.7918552036199096,0.2443438914027149,2.321266968325792,14.740615824252693,14.619909502262445,0.9773755656108598,0.75,0.6108597285067874,0.8,2.972850678733032,0.7330316742081449,5.009049773755656,1.7104072398190049,1.832579185520362,82.73614100185529,38.93922077922078,21.778983076501472,22.14429056410748
3272,Oriol Romeu Vidal,Southampton,Premier League,29,1708.0,1.5281030444964872,0.0526932084309133,21.514968326657147,1.4227166276346606,0.7037037037037037,124.51405152224824,2.107728337236534,43.73536299765808,0.844578313253012,0.5796252927400469,0.0,0.0526932084309133,0.2634660421545667,7.956674473067916,20.772800964578312,22.552693208430917,4.215456674473068,0.5875,1.370023419203747,0.5384615384615384,5.216627634660422,1.633489461358314,1.949648711943794,1.7388758782201406,1.159250585480094,57.83360135421076,37.835040203131605,20.507182892106936,17.47363116668837
3831,Dušan Tadić,Southampton,Premier League,34,2339.0,2.154766994442069,0.2308678922616502,19.52918032171332,2.3086789226165028,0.6333333333333333,143.56135100470289,11.120136810602824,42.47969217614365,0.644927536231884,2.539546814878153,0.4232578024796922,5.156049593843523,0.6926036767849508,8.157332193244978,19.10894403423913,14.775545104745618,1.3852073535699017,0.5833333333333334,0.5386917486105174,0.8571428571428571,5.23300555793074,0.500213766566909,0.6541256947413425,1.19281744335186,1.539119281744335,83.81822567676227,33.627928169391595,22.58185112375161,26.71164639324936
4090,Adam David Lallana,Liverpool,Premier League,30,2180.0,1.7339449541284404,0.1651376146788991,19.306155188570116,3.0137614678899083,0.589041095890411,152.6697247706422,13.74770642201835,43.18348623853211,0.7810707456978967,1.81651376146789,0.2889908256880734,1.7752293577981653,0.4954128440366973,4.004587155963303,15.209980448049713,25.05963302752294,2.518348623853212,0.6557377049180327,0.7018348623853211,0.7058823529411765,5.532110091743119,1.4036697247706422,0.8669724770642202,1.3623853211009176,1.4862385321100915,75.57401297998919,43.00100054083288,25.21095459619753,22.27139200070348
3449,Wayne Routledge,Swansea City,Premier League,28,1718.0,0.9429569266589056,0.1047729918509895,17.27130998165383,2.20023282887078,0.5714285714285714,136.62398137369033,6.443538998835856,37.823050058207215,0.6939058171745153,1.4144353899883586,0.0523864959254947,2.20023282887078,0.3667054714784633,4.662398137369034,16.6842198966759,17.339930151338766,1.466821885913853,0.6785714285714286,0.5762514551804424,0.5454545454545454,4.138533178114086,0.6286379511059371,0.6286379511059371,1.571594877764843,1.466821885913853,75.78224693251535,45.96276840490799,24.063200814692618,27.0488061126773
3532,Jordan Brian Henderson,Liverpool,Premier League,17,1338.0,1.748878923766816,0.1345291479820627,21.85158183153248,1.4798206278026906,0.5454545454545454,192.51121076233184,4.439461883408072,67.73542600896862,0.7745779543197616,1.0762331838565022,0.1345291479820627,2.1524663677130045,0.5381165919282511,15.874439461883409,22.14849974353525,20.44843049327354,2.8251121076233185,0.5238095238095238,1.210762331838565,0.6111111111111112,6.390134529147982,1.9506726457399104,1.6816143497757847,0.7399103139013453,0.8071748878923767,66.19807826694618,48.85251572327043,21.42398747884078,19.689794496082776
3462,Jack Frank Porteous Cork,Swansea City,Premier League,35,2667.0,0.641169853768279,0.0337457817772778,22.05444562207271,2.0584926884139483,0.6721311475409836,173.41957255343084,2.362204724409449,58.92013498312711,0.8356242840778924,0.9111361079865016,0.0337457817772778,0.4724409448818898,0.4049493813273341,8.335208098987627,18.49337926764032,20.75365579302587,2.8008998875140607,0.6626506024096386,2.159730033745782,0.734375,6.580427446569179,2.4634420697412827,2.935883014623172,1.5185601799775028,1.7885264341957257,60.03518194201206,49.86287215411559,21.181516958300545,19.779276561132576
3529,Daniel Andre Sturridge,Liverpool,Premier League,14,1020.0,4.235294117647059,0.7058823529411765,21.008361574427123,3.2647058823529416,0.5405405405405406,131.2058823529412,18.08823529411765,28.85294117647059,0.764525993883792,0.4411764705882353,0.088235294117647,1.0588235294117647,0.4411764705882353,3.4411764705882355,15.763497767370028,8.73529411764706,0.4411764705882353,0.2,0.3529411764705882,0.5,2.647058823529412,0.3529411764705882,0.6176470588235294,0.088235294117647,1.2352941176470589,82.36018829858774,43.04068594485542,19.88475104801705,21.22794260108295
3815,Kasper Schmeichel,Leicester City,Premier League,38,3581.0,0.0,0.0,19.71618752593094,0.0251326445127059,1.0,73.9653728008936,0.0,30.661826305501258,0.3909836065573771,0.1507958670762357,0.0,0.0,0.0251326445127059,28.324490365819607,63.403214982377015,0.1507958670762357,0.0,0.6086956521739131,0.0,0.618734335839599,5.353253281206367,0.2010611561016476,0.0,0.0,0.0251326445127059,10.757560312606184,41.45042473666327,9.060125910256383,8.782681831843146
3270,Danny Simpson,Leicester City,Premier League,30,2711.0,0.2323865732202139,0.0,19.87337515948308,0.5643673921062339,0.5882352941176471,91.6599040944301,0.6307635558834379,39.9372925119882,0.7065669160432253,0.1991884913316119,0.0,0.6307635558834379,0.0,6.639616377720399,19.405121057522862,11.386942087790484,1.6599040944300998,0.52,2.0250829952047216,0.5737704918032787,4.050165990409443,4.946514201401698,2.589450387310956,1.0623386204352638,0.4315750645518259,57.03694313654474,68.4315827598696,27.447215891518116,10.430298932164938
3813,Wes Morgan,Leicester City,Premier League,38,3581.0,0.527785534766825,0.0502652890254119,9.16420128491985,0.2764590896397654,0.8181818181818182,57.75481709019827,2.513264451270595,21.33761519128735,0.7632508833922261,0.0753979335381178,0.0,0.0251326445127059,0.0,4.498743367774365,22.152533585217903,6.861211951968724,1.3320301591734154,0.6226415094339622,1.1561016475844736,0.5652173913043478,2.4127338732197714,6.132365261100252,3.242111142139068,0.8042446244065904,0.4021223122032952,44.20966057441253,46.187815491731946,22.652058328859454,17.719514681189413
40123,Robert Huth,Leicester City,Premier League,35,3301.0,0.8179339594062405,0.081793395940624,10.384389658392202,0.1090578612541654,1.0,57.11905483186913,2.9172977885489244,21.647985458951837,0.7707808564231738,0.0272644653135413,0.0,0.0272644653135413,0.0,4.716752499242654,22.258665250377835,6.87064525901242,1.00878521660103,0.6486486486486487,1.254165404422902,0.391304347826087,2.2629506210239323,8.506513177824901,4.198727658285368,0.9815207512874886,0.4907603756437443,42.66463007159905,35.55050119331742,23.11687983306516,15.607844808232642
3812,Christian Fuchs,Leicester City,Premier League,32,2835.0,0.6031746031746031,0.0,22.73391788835548,0.5396825396825397,0.6470588235294118,118.03174603174602,1.2063492063492065,52.85714285714285,0.6774774774774774,1.3650793650793651,0.1269841269841269,2.793650793650793,0.0952380952380952,16.063492063492063,23.687389187117112,15.777777777777777,3.206349206349206,0.7029702970297029,2.317460317460317,0.4657534246575342,4.063492063492063,4.825396825396825,2.1904761904761902,1.2063492063492065,0.3809523809523809,57.38082302313071,12.58746637977407,28.719689135227185,14.067733214250667
3961,N''Golo Kanté,Leicester City,Premier League,37,3169.0,0.5964026506784474,0.0284001262227832,26.76886771701568,1.7892079520353423,0.7619047619047619,122.09214263174503,1.1076049226885454,41.918586304828025,0.8143631436314364,0.6816030293467972,0.0852003786683496,0.5680025244556642,0.0852003786683496,5.026822341432629,17.482367175745257,25.730514357841592,4.657620700536447,0.6219512195121951,3.1240138845061534,0.7090909090909091,8.520037866834963,2.1868097191543074,1.334805932470811,1.5336068160302936,0.8520037866834964,60.59444056757385,37.37534310304723,22.81613888886838,21.803650566686656
3814,Riyad Mahrez,Leicester City,Premier League,37,3091.0,2.5331607893885475,0.3785182788741508,18.646499198115155,6.3474603688126825,0.5642201834862385,136.76156583629893,8.152701391135555,34.18311226140408,0.6950596252129472,1.630540278227111,0.2911679068262698,2.2711096732449048,0.6988029763830476,5.79424134584277,18.388634639991484,17.09155613070204,1.5140731154966032,0.6730769230769231,0.9608540925266904,0.7272727272727273,6.08540925266904,0.7279197670656745,1.2229052086703334,0.8443869297961825,2.6787447428016824,76.135639770066,58.14500745156482,24.384190379257674,19.626908754263564
3662,Danny Drinkwater,Leicester City,Premier League,35,3152.0,1.199238578680203,0.0571065989847715,24.26968228341557,1.3134517766497462,0.6086956521739131,160.41243654822335,2.8267766497461926,58.0488578680203,0.765371372356124,0.9708121827411168,0.1998730964467005,1.056472081218274,0.399746192893401,12.363578680203045,20.986681074545004,22.243020304568528,3.1123096446700504,0.6880733944954128,1.056472081218274,0.7297297297297297,7.823604060913706,2.0558375634517767,1.5418781725888324,1.5418781725888324,0.799492385786802,62.412673549305815,42.87050551797793,22.313974223493265,20.77153590722734
3307,Marc Albrighton,Leicester City,Premier League,38,2821.0,1.3399503722084367,0.0638071605813541,23.05474957335297,3.1903580290677067,0.61,124.13683091102446,4.370790499822758,38.73094647288196,0.5527182866556837,1.7546969159872388,0.2233250620347394,4.530308401276144,0.5104572846508331,12.059553349875932,23.273948228912683,19.46118397731301,2.265154200638072,0.6197183098591549,0.7337823466855725,0.6956521739130435,5.646933711449841,1.020914569301666,0.478553704360156,0.8613966678482808,1.020914569301666,72.9188640452326,24.50904651760473,27.772332651479168,25.552092223612625
3671,José Leonardo Ulloa,Leicester City,Premier League,29,1078.0,2.7551020408163263,0.4174397031539889,12.540156975697467,2.504638218923933,0.5666666666666667,132.57884972170686,15.77922077922078,33.06122448979592,0.7070707070707071,0.75139146567718,0.0834879406307977,0.5844155844155844,0.3339517625231911,2.170686456400742,13.365097370707067,21.205936920222637,2.170686456400742,0.8076923076923077,0.1669758812615955,1.0,5.5102040816326525,1.836734693877551,6.01113172541744,1.7532467532467533,1.5862708719851577,78.85176322418135,43.13904282115869,25.216794325104484,23.831517392941127
10960,Jamie Vardy,Leicester City,Premier League,36,3253.0,3.2646787580694743,0.5256686135874578,15.11366971746898,2.102674454349831,0.5131578947368421,93.65201352597605,15.853058715032278,18.785736243467568,0.6273932253313697,0.9960036889025516,0.1383338456809099,1.3833384568090994,0.0553335382723639,1.743006455579465,15.542167615758466,13.63971718413772,1.1620043037196437,0.5,0.2490009222256378,0.5555555555555556,2.683676606209653,0.2490009222256378,3.0986781432523824,1.2173378419920071,0.9406701506301876,84.48070901033974,38.0909601181684,21.02872713535105,21.351803035676696
20074,Artur Boruc,AFC Bournemouth,Premier League,32,3010.0,0.0,0.0,19.71618752593094,0.0299003322259136,1.0,64.91362126245848,0.0,27.29900332225914,0.6308871851040526,0.0598006644518272,0.0,0.0,0.0,18.14950166112957,45.219385601204806,0.1196013289036544,0.0,0.6086956521739131,0.0299003322259136,0.0,4.724252491694353,0.0598006644518272,0.0,0.0299003322259136,0.0598006644518272,8.981114693689547,40.85149700598803,6.935330202798726,8.619043718276584
6409,Adam Smith,AFC Bournemouth,Premier League,31,2223.0,0.6072874493927125,0.0809716599190283,26.476576512920463,2.2672064777327936,0.625,142.71255060728743,3.076923076923077,51.578947368421055,0.8202511773940345,0.5668016194331984,0.0,1.7408906882591093,0.0404858299595141,5.82995951417004,17.111045783673465,21.781376518218625,2.712550607287449,0.6567164179104478,1.0931174089068827,0.4814814814814814,4.372469635627531,1.9838056680161944,1.3360323886639676,1.5384615384615383,2.2267206477732797,64.38558865248227,66.18411347517731,26.09678661723864,17.386517890478125
3608,Simon Francis,AFC Bournemouth,Premier League,38,3540.0,0.1525423728813559,0.0,23.570309152699146,1.2457627118644068,0.6938775510204082,161.03389830508476,2.3389830508474576,62.38983050847458,0.7828035859820701,0.8135593220338984,0.1016949152542373,2.1864406779661016,0.0762711864406779,14.97457627118644,22.726325552607985,10.245762711864408,2.7711864406779663,0.5871559633027523,1.5254237288135597,0.6166666666666667,3.864406779661017,5.415254237288136,3.483050847457627,0.9661016949152544,0.3305084745762712,53.18541206188824,64.63313861698771,26.3534573850739,12.856717212696848
3341,Steve Cook,AFC Bournemouth,Premier League,36,3335.0,0.7016491754122939,0.1079460269865067,12.190640669663148,0.0269865067466266,0.0,118.98350824587706,2.185907046476762,44.2848575712144,0.7995124923826935,0.1079460269865067,0.0,0.08095952023988,0.0269865067466266,13.35832083958021,26.07177969451554,5.100449775112444,1.0794602698650675,0.5,1.6191904047976011,0.6,3.562218890554723,6.8275862068965525,3.9940029985007497,0.5397301349325337,0.2698650674662669,39.6755046495804,31.84728963483784,19.26089241249681,17.33387043369417
3345,Charlie Daniels,AFC Bournemouth,Premier League,37,3431.0,0.6033226464587584,0.0262314194112503,21.41591851405258,1.7575051005537743,0.7014925373134329,154.5817545904984,3.357621684640047,58.732148061789566,0.788298347476552,0.8131740017487613,0.1311570970562518,2.439522005246284,0.0524628388225007,8.971145438647625,19.321909968570782,11.200816088603906,2.0985135529000294,0.4375,0.6295540658700087,0.625,4.957738268726319,2.255902069367532,0.9443310988050132,0.288545613523754,0.5246283882250073,61.68484642796537,10.292092312913622,27.71624503286002,9.358092924871396
3344,Andrew Surman,AFC Bournemouth,Premier League,38,3578.0,0.4024594745667971,0.0,23.307572470267612,0.6539966461710452,0.6538461538461539,153.38736724427054,1.7607602012297372,58.079932923420905,0.8531831961888263,1.0564561207378425,0.0754611514812744,0.1760760201229737,0.2263834544438233,12.249860257126889,21.59183706660892,13.557853549468977,1.2576858580212409,0.6,1.40860816098379,0.5357142857142857,5.48351034097261,2.0626048071548357,1.961989938513136,0.8049189491335942,0.553381777529346,57.467300754345686,39.57251557887832,20.41817297001995,19.144487013566877
3049,Matt Ritchie,AFC Bournemouth,Premier League,37,3094.0,2.2979961215255336,0.1163542340012928,23.291229912991167,1.4253393665158371,0.5306122448979592,149.74789915966386,5.3232062055591465,48.72333548804137,0.702089552238806,1.0180995475113122,0.1745313510019392,2.588881706528765,0.1745313510019392,11.024563671622497,21.22360414449552,18.06399482870071,1.54169360051713,0.6037735849056604,1.2217194570135748,0.5238095238095238,6.108597285067874,1.1926308985132514,0.9017453135100194,1.4253393665158371,1.8034906270200388,72.28651903651904,58.848115773115765,25.74399630685088,20.515103650765965
3343,Dan Gosling,AFC Bournemouth,Premier League,34,2562.0,1.4051522248243558,0.1053864168618266,19.735233652904576,2.072599531615925,0.576271186440678,136.05386416861825,5.023419203747072,43.20843091334894,0.8365853658536585,0.9836065573770492,0.0351288056206089,0.2107728337236533,0.1756440281030444,4.882903981264636,17.142193463089434,22.693208430913348,2.634660421545667,0.5866666666666667,0.9133489461358312,0.7307692307692307,4.882903981264636,1.018735362997658,1.4402810304449647,1.6159250585480092,1.686182669789227,64.8513038987865,41.3419571391686,22.422959628267414,20.234105031996798
3304,Harry Arter,AFC Bournemouth,Premier League,21,1693.0,1.9137625516834025,0.0531600708800945,27.264681156099662,2.020082693443592,0.5526315789473685,170.8033077377437,1.7542823390431188,55.39279385705848,0.8522072936660269,1.2758417011222682,0.0,0.318960425280567,0.425280567040756,9.728292971057297,20.007035823416505,24.87891317188423,3.0832841110454816,0.6551724137931034,0.9037212049616068,0.7647058823529411,6.591848789131719,0.7442409923213231,0.425280567040756,1.3821618428824571,1.2758417011222682,65.64733893557423,33.30270774976658,20.083060869233623,19.472788410148397
3463,Junior Stanislas,AFC Bournemouth,Premier League,21,1487.0,2.7841291190316078,0.1815736381977135,22.58587325898404,3.752521856086079,0.5483870967741935,157.54539340954943,6.112979152656354,46.96704774714189,0.7048969072164949,1.87626092804304,0.121049092131809,2.6025554808338938,0.484196368527236,6.4761264290517815,17.670164888530923,16.03900470746469,1.5131136516476125,0.48,0.9078681909885676,0.8666666666666667,5.023537323470074,0.968392737054472,0.968392737054472,0.968392737054472,0.968392737054472,76.16941990011526,30.000192086054557,23.677829836130915,24.75338407194922
3346,Joshua King,AFC Bournemouth,Premier League,31,1965.0,2.564885496183206,0.2748091603053435,15.703022892348216,4.717557251908397,0.5533980582524272,117.57251908396948,17.17557251908397,20.931297709923665,0.7396061269146609,0.9618320610687024,0.0916030534351145,1.0534351145038168,0.2290076335877862,1.236641221374046,13.670394578993436,27.16030534351145,1.5114503816793894,0.7272727272727273,0.4580152671755725,0.7,4.763358778625954,0.8702290076335878,1.83206106870229,1.6488549618320612,1.4198473282442747,81.33280093494349,43.089014413712505,23.1030588382279,22.163506771580494
3810,Shinji Okazaki,Leicester City,Premier League,36,2104.0,1.88212927756654,0.2138783269961977,12.66010134157541,1.9249049429657796,0.5111111111111111,100.8222433460076,13.00380228136882,22.2861216730038,0.746641074856046,0.7271863117870722,0.0,0.4277566539923954,0.0427756653992395,0.6844106463878327,11.66763244201536,22.029467680608363,1.582699619771863,0.5405405405405406,0.470532319391635,0.5454545454545454,3.6787072243346,0.7271863117870722,3.165399239543726,1.368821292775665,2.4382129277566538,76.72032244378448,41.24577853203223,24.191829325008555,22.584924916262768
5108,Glyn Oliver Myhill,West Bromwich Albion,Premier League,23,2171.0,0.0,0.0,19.71618752593094,0.0,0.5833333333333334,64.96084753569784,0.0,27.402118839244583,0.4689863842662632,0.0,0.0,0.0,0.0,23.795485951174573,59.19473780786688,0.0,0.0,0.6086956521739131,0.0,0.618734335839599,4.643021649009673,0.0,0.0,0.0,0.124366651312759,8.883343969368221,41.09489470325462,7.652591324134494,8.471854341927012
3523,Craig Dawson,West Bromwich Albion,Premier League,38,3538.0,0.966647823629169,0.1017524024872809,14.668709869455553,0.7631430186546071,0.5,98.5472018089316,3.332391181458451,42.17637083097795,0.6326899879372738,0.5850763143018655,0.0,1.958733747880158,0.0508762012436404,9.84454494064443,22.47063250904705,11.269078575466365,1.933295647258338,0.5131578947368421,1.1192764273600904,0.5227272727272727,3.103448275862069,4.807801017524024,4.019219898247597,0.9412097230073488,0.8140192198982475,63.84336602994322,66.82106350025812,30.53737629838559,14.008726917343472
3596,Gareth McAuley,West Bromwich Albion,Premier League,34,3195.0,0.2253521126760563,0.028169014084507,11.030851924627896,0.2253521126760563,1.0,66.59154929577466,1.887323943661972,23.859154929577464,0.6942148760330579,0.1690140845070422,0.0,0.028169014084507,0.056338028169014,9.774647887323944,29.22366067284533,9.91549295774648,1.4929577464788732,0.5094339622641509,1.0985915492957747,0.6410256410256411,3.830985915492958,7.380281690140845,3.830985915492958,0.9295774647887324,0.5070422535211268,41.23692893401015,53.09162436548223,21.074416191451583,14.78262450914438
11012,Jonathan Grant Evans,West Bromwich Albion,Premier League,30,2703.0,0.2996670366259711,0.0332963374028856,10.79945876166306,0.732519422863485,0.7727272727272727,92.19755826859048,1.165371809100999,36.65926748057714,0.7229791099000908,0.1664816870144284,0.0332963374028856,0.6326304106548281,0.0,10.321864594894562,24.54896814732061,11.88679245283019,2.763596004439512,0.4578313253012048,1.7647058823529411,0.660377358490566,5.327413984461709,5.160932297447281,3.2630410654827973,1.0987791342952276,0.6659267480577137,48.543084145901055,22.56031058143734,25.290231314678447,17.200353874143836
3541,Chris Brunt,West Bromwich Albion,Premier League,22,1878.0,0.8146964856230031,0.0,25.93389611744944,0.8146964856230031,0.6470588235294118,98.00319488817892,1.2460063897763578,40.78274760383386,0.6615746180963572,0.7667731629392971,0.1437699680511182,2.156549520766773,0.0958466453674121,12.124600638977634,25.469268093607525,9.824281150159743,1.437699680511182,0.4666666666666667,0.7188498402555911,0.5333333333333333,3.450479233226837,3.881789137380192,1.6293929712460062,1.1022364217252396,0.3354632587859424,60.50337408312958,17.055110024449878,29.270485035937423,17.969723233963673
2966,Stéphane Sessègnon,West Bromwich Albion,Premier League,25,1809.0,1.3930348258706469,0.099502487562189,23.985769388888794,4.179104477611941,0.5952380952380952,124.77611940298507,4.626865671641792,31.74129353233831,0.725705329153605,1.2935323383084578,0.099502487562189,2.537313432835821,0.1492537313432836,4.626865671641792,17.92879526238244,10.945273631840797,1.0447761194029852,0.6190476190476191,0.8955223880597015,0.6666666666666666,7.213930348258707,0.746268656716418,0.8955223880597015,1.0945273631840795,2.9353233830845773,76.54521531100477,57.863038277511976,25.89256274792816,20.10633617160873
4022,Darren Fletcher,West Bromwich Albion,Premier League,38,3523.0,0.5875674141356798,0.0255464093102469,16.52337525016633,1.7116094237865456,0.582089552238806,115.08657394266253,2.2736304286119786,38.72835651433437,0.7592348284960422,0.5875674141356798,0.0510928186204939,0.7919386886176554,0.3321033210332103,9.017882486517172,22.0458486253628,13.97388589270508,1.1495884189611127,0.5777777777777777,0.7408458699971615,0.8620689655172413,7.178541016179393,0.996309963099631,1.2517740562021005,0.5620210048254328,0.9196707351688902,62.73207547169814,47.67735849056605,22.978641992343245,17.24374679926769
3967,Claudio Ariel Yacob,West Bromwich Albion,Premier League,34,2943.0,0.2752293577981651,0.0,27.69598200770575,0.5504587155963303,0.5555555555555556,90.45871559633028,0.0,34.18960244648318,0.778175313059034,0.2446483180428134,0.0305810397553516,0.1529051987767584,0.0611620795107033,6.391437308868501,21.020129789051875,23.547400611620795,3.516819571865444,0.6608695652173913,1.8348623853211008,0.6166666666666667,6.207951070336391,2.8134556574923546,1.957186544342508,2.110091743119266,1.4984709480122325,54.117849898580126,37.92150101419879,19.54430792118527,16.52175888779035
3514,James McClean,West Bromwich Albion,Premier League,35,2524.0,1.1053882725832012,0.0713153724247226,19.166561611112776,2.4247226624405704,0.5147058823529411,99.48494453248811,4.350237717908082,29.310618066561013,0.5997566909975669,1.06973058637084,0.0713153724247226,3.8153724247226624,0.0713153724247226,6.561014263074485,20.3595631669708,19.647385103011093,2.6030110935023774,0.4931506849315068,0.6774960380348652,0.631578947368421,4.136291600633914,2.246434231378764,2.745641838351822,1.497622820919176,1.6045958795562598,74.68093189964155,22.829856630824377,28.79331952572989,23.17009940485923
4041,José Salomón Rondón Giménez,West Bromwich Albion,Premier League,34,2634.0,2.4601366742596813,0.3075170842824601,16.033706854443963,1.5034168564920274,0.4772727272727273,114.70387243735765,14.863325740318906,22.61958997722096,0.6404833836858006,0.8200455580865604,0.0683371298405467,0.8883826879271071,0.1366742596810934,1.8451025056947608,14.523600338066466,17.66514806378132,0.4100227790432802,0.6666666666666666,0.4441913439635535,0.6153846153846154,3.553530751708428,1.5375854214123008,4.817767653758542,1.264236902050114,1.366742596810934,82.47381590705987,42.16047065832589,22.114257612639516,21.93241252644979
4630,Saido Berahino,West Bromwich Albion,Premier League,31,1834.0,1.7666303162486368,0.1962922573609596,16.14240162706836,2.1592148309705563,0.6818181818181818,105.06543075245364,11.777535441657578,23.21155943293348,0.7526427061310782,0.8833151581243184,0.0,0.5888767720828789,0.0,3.0425299890948745,17.48629199471459,13.004362050163577,0.9323882224645584,0.5263157894736842,0.3925845147219193,0.75,3.729552889858233,0.3435114503816794,0.7360959651035986,0.9814612868047984,1.3740458015267176,78.64652031760859,37.72045773003269,23.94474749384177,21.01093845534121
10503,Billy Jones,Sunderland,Premier League,24,2119.0,0.5521472392638037,0.0424728645587541,16.63044937752071,0.7220386974988202,0.7058823529411765,85.45540349221332,3.3128834355828225,35.97451628126475,0.6942148760330579,0.4247286455875413,0.0,0.7645115620575744,0.0,5.181689476168004,18.982068407083823,22.17083529966966,3.440302029259085,0.5555555555555556,0.8069844266163285,0.6842105263157895,3.9499764039641354,2.5058990089664936,2.9731005191127893,1.6564417177914113,0.637092968381312,62.1008449304175,56.43658051689861,28.308047459617423,24.867037149955635
10783,Lee Cattermole,Sunderland,Premier League,31,2293.0,0.3924989097252507,0.0,22.285822566157947,0.7457479284779764,0.7368421052631579,103.81596162232884,0.510248582642826,38.07239424334932,0.7515463917525773,0.7849978194505015,0.0,0.3139991277802006,0.6279982555604012,8.988225032708243,22.17485302247424,17.269952027911035,2.2372437854339293,0.7894736842105263,1.4129960750109027,0.6111111111111112,4.984736153510685,1.4914958569559529,1.6877453118185783,1.8447448757086784,0.7849978194505015,59.44015122873346,41.49810964083177,20.25179546699167,17.90201022124366
3337,Jermain Defoe,Sunderland,Premier League,33,2667.0,2.96962879640045,0.4724409448818898,16.779536987019938,1.4510686164229472,0.4651162790697674,85.68053993250844,13.532058492688414,14.814398200224971,0.7266514806378133,0.6074240719910011,0.0337457817772778,0.202474690663667,0.1349831271091113,1.4173228346456694,16.04348965157175,11.743532058492688,0.7424071991001125,0.5909090909090909,0.1687289088863892,0.6,2.767154105736783,0.0337457817772778,0.6749156355455568,0.641169853768279,1.3160854893138358,82.33111461205199,36.40252067743205,20.23724744877944,19.13184519430009
9485,Craig Gardner,West Bromwich Albion,Premier League,34,2133.0,2.109704641350211,0.1265822784810126,22.585290290613333,0.9282700421940928,0.4090909090909091,95.23206751054852,5.611814345991561,31.434599156118143,0.5637583892617449,0.970464135021097,0.1265822784810126,1.8565400843881856,0.1687763713080168,9.240506329113924,22.36426437167785,21.56118143459916,2.4050632911392404,0.5789473684210527,0.8438818565400843,0.6,4.050632911392405,1.350210970464135,2.2362869198312234,2.0253164556962027,1.1392405063291138,72.0663712893221,39.95693398316349,26.487322667823108,23.97114490813871
3096,Rob Elliot,Newcastle United,Premier League,21,1976.0,0.0,0.0,19.71618752593094,0.0,0.5833333333333334,74.33198380566802,0.0,31.336032388663966,0.5552325581395349,0.0455465587044534,0.0,0.0,0.0,26.55364372469636,54.32919811177326,0.0910931174089068,0.0,0.6086956521739131,0.0,0.618734335839599,4.23582995951417,0.0,0.0,0.0,0.2277327935222672,9.11905637254902,39.550796568627455,7.75066479386266,8.01692751722619
3650,Daryl Janmaat,Newcastle United,Premier League,32,2865.0,0.6596858638743455,0.06282722513089,23.638791904054457,2.1047120418848166,0.6865671641791045,139.57068062827224,1.8534031413612564,54.37696335078534,0.7302137492778741,0.6910994764397905,0.1256544502617801,3.643979057591623,0.1570680628272251,10.146596858638745,19.97818002039284,12.94240837696335,2.858638743455497,0.5274725274725275,0.9738219895287956,0.5806451612903226,4.335078534031413,3.486910994764398,1.256544502617801,1.068062827225131,0.2513089005235602,65.40249831195138,70.26443844249381,28.34413691210384,9.018812474745662
3044,Chancel Mbemba Mangulu,Newcastle United,Premier League,33,3057.0,0.3532875368007851,0.0,16.961646330595382,0.7654563297350344,0.7692307692307693,99.21491658488716,1.0009813542688912,34.21000981354269,0.7822719449225474,0.1177625122669283,0.0,0.1177625122669283,0.0,10.009813542688912,25.098690064716,9.27379784102061,2.3846908734053,0.5679012345679012,1.8547595682041216,0.5396825396825397,3.562315996074583,8.390578999018647,2.3552502453385675,0.6476938174681061,0.3532875368007851,40.12608308605341,53.247596439169136,19.77649323459003,16.133091906397997
26207,Fabricio Coloccini,Newcastle United,Premier League,26,2393.0,0.3760969494358546,0.0376096949435854,14.879587615971198,0.3008775595486836,0.875,86.84078562473883,1.316339323025491,32.19389887170915,0.8434579439252337,0.1128290848307563,0.0,0.1128290848307563,0.0376096949435854,8.61262014208107,24.310269275934576,11.09486000835771,1.6924362724613458,0.7111111111111111,1.1282908483075638,0.6333333333333333,2.557459256163811,4.6636021730045965,2.1437526117843717,0.4889260342666109,0.3008775595486836,38.11749675184063,29.290168904287576,18.462610175829543,13.175608506670942
3065,Paul Dummett,Newcastle United,Premier League,23,1965.0,0.2290076335877862,0.0458015267175572,18.87115613832636,0.2748091603053435,1.0,94.21374045801528,0.5038167938931297,40.30534351145038,0.7193181818181819,0.1374045801526717,0.0,0.7786259541984732,0.0,9.114503816793894,21.727416002102277,14.65648854961832,2.7480916030534357,0.4,1.236641221374046,0.4074074074074074,1.8778625954198476,5.633587786259542,3.206106870229008,0.7786259541984732,0.5038167938931297,52.80106951871657,11.1569275644142,27.613830506102683,10.418188905892237
16072,Vurnon Anita,Newcastle United,Premier League,28,2180.0,0.3302752293577982,0.0412844036697247,23.127647565240597,0.9908256880733946,0.5416666666666666,119.6422018348624,0.6605504587155964,46.816513761467895,0.7619047619047619,0.3715596330275229,0.1238532110091743,0.6605504587155964,0.0412844036697247,8.091743119266056,20.003387667195767,22.045871559633028,3.302752293577982,0.575,1.610091743119266,0.6153846153846154,5.903669724770642,2.4357798165137616,0.9495412844036698,1.4036697247706422,0.6192660550458716,54.70300207039337,51.00200138026224,23.05453150705208,22.426186633624443
9649,Jack Colback,Newcastle United,Premier League,29,2459.0,0.5856039040260268,0.0366002440016266,19.64221369102815,0.7320048800325335,0.7,115.14436762911753,1.8300122000813337,43.00528670191135,0.8212765957446808,0.6222041480276534,0.0366002440016266,0.8784058560390402,0.0,9.076860512403416,20.592172751489365,21.630744204961363,3.367222448149654,0.6304347826086957,1.573810492069947,0.627906976744186,5.380235868239121,2.1594143960959737,1.6104107360715738,2.342415616104107,1.7568117120780804,56.661729179911006,35.992911633820725,24.59808377550929,21.855889704837693
3091,Moussa Sissoko,Newcastle United,Premier League,37,3347.0,1.0487003286525247,0.0268897520167314,18.695225634219103,3.979683298476248,0.527027027027027,145.44666865850016,5.2972811472960855,42.37824917836869,0.7246192893401016,1.34448760083657,0.1882282641171198,3.06543172990738,0.134448760083657,5.216611891245892,16.845519680329947,16.214520466089034,1.5864953689871526,0.5932203389830508,0.7529130564684792,0.6785714285714286,6.0501942037645655,1.2907080968031073,2.1242904093217807,1.559605616970421,1.0218105766357932,71.46073211314477,51.15076723978554,25.52168523021855,24.636112596638995
3567,Georginio Wijnaldum,Newcastle United,Premier League,38,3293.0,1.4758578803522624,0.2733070148800486,16.033185885528457,3.1976920740965684,0.6923076923076923,121.94959003947768,7.65259641664136,34.54600668083814,0.8346518987341772,1.038566656544185,0.1093228059520194,0.5466140297600972,0.191314910416034,3.7169754023686608,16.398141550427216,11.287579714546006,1.147889462496204,0.7380952380952381,0.6286061342241117,0.8260869565217391,6.122077133313088,0.765259641664136,1.120558761008199,0.5192833282720923,1.721834193744306,67.79894666069029,34.53713581353653,24.650103783771687,19.71399342254653
30289,Papiss Demba Cissé,Newcastle United,Premier League,21,1104.0,1.9565217391304348,0.2445652173913043,14.526383510269204,1.7934782608695652,0.7272727272727273,137.20108695652175,13.45108695652174,33.17934782608696,0.7297297297297297,0.8152173913043479,0.0,0.4891304347826087,0.0,3.5869565217391304,15.838310444717443,15.652173913043478,0.9782608695652174,0.5,0.2445652173913043,0.6666666666666666,3.5869565217391304,0.7336956521739131,3.342391304347826,0.9782608695652174,0.8152173913043479,76.66369578134284,41.71711229946525,21.78811583340693,23.52900824209702
3583,Ashley Westwood,Aston Villa,Premier League,32,2837.0,1.205498766302432,0.0634473034896016,22.490342034570418,0.8565385971096228,0.5925925925925926,144.43778639407824,2.3475502291152623,51.582657737046176,0.8007380073800738,1.2689460697920338,0.0634473034896016,0.8882622488544236,0.3172365174480084,12.689460697920335,22.80009579741697,20.747268241099757,1.7765244977088472,0.6607142857142857,1.1420514628128304,0.6388888888888888,4.8219950652097285,1.459287980260839,0.4441311244272118,1.2689460697920338,0.5075784279168135,62.41559411377114,38.9461893257193,21.897565937471796,20.3325011546376
4269,Aleksandar Mitrović,Newcastle United,Premier League,34,2216.0,3.249097472924188,0.2842960288808664,13.46217965145635,1.421480144404332,0.5142857142857142,125.90252707581227,17.017148014440433,28.998194945848372,0.726890756302521,0.8935018050541517,0.1624548736462094,0.2436823104693141,0.1624548736462094,1.3402527075812274,12.780449110490196,15.879963898916968,1.0153429602888089,0.56,0.3655234657039711,0.5555555555555556,2.964801444043321,1.2184115523465704,5.442238267148015,2.1525270758122743,2.3962093862815883,77.95441935483872,40.83283870967742,22.361541506206965,20.94988965264153
3076,Ayoze Pérez Gutiérrez,Newcastle United,Premier League,34,2147.0,2.1378667908709827,0.2515137401024686,19.661050612042253,4.527247321844435,0.5370370370370371,118.63064741499768,9.976711690731252,27.582673497904054,0.7036474164133738,1.089892873777364,0.0838379133674895,1.425244527247322,0.2095947834187238,4.149976711690732,17.4924500162614,24.312994876571963,2.431299487657196,0.603448275862069,1.425244527247322,0.6176470588235294,5.994410805775501,0.712622263623661,0.5868653935724266,1.7186772240335353,2.179785747554728,73.0483038869258,32.68554770318021,25.3387019927614,20.79381600534108
13042,Tim Howard,Everton,Premier League,25,2348.0,0.0,0.0,19.71618752593094,0.0383304940374787,1.0,74.85945485519592,0.0,30.85604770017036,0.6881987577639752,0.0,0.0,0.0,0.0,17.632027257240207,41.962281894658375,0.2299829642248722,0.0,0.6086956521739131,0.0,0.618734335839599,5.442930153321976,0.0766609880749574,0.0,0.0766609880749574,0.0766609880749574,8.530824372759858,41.03507424475166,5.390897316067232,7.68618791047305
3244,John Stones,Everton,Premier League,33,2903.0,0.2480192903892525,0.0,11.056006757350506,0.5580434033758181,0.6111111111111112,137.58870134343783,1.3951085084395454,49.47984843265587,0.8859649122807017,0.1240096451946262,0.0,0.1860144677919393,0.1240096451946262,10.29280055115398,22.32800853890977,9.176713744402342,1.3641060971408887,0.75,1.1160868067516363,0.5833333333333334,5.115397864278333,3.658284533241474,1.9531519118153635,0.4030313468825353,0.9610747502583534,42.493375394321774,55.05252365930599,20.94740212960556,13.316807281846597
3518,Leighton Baines,Everton,Premier League,18,1553.0,0.463618802318094,0.0579523502897617,23.74048106149533,0.927237604636188,0.5,152.29877656149387,1.7965228589826143,59.28525434642627,0.7751710654936461,1.159047005795235,0.0579523502897617,3.187379265936896,0.0579523502897617,12.285898261429493,21.283431132160317,16.632324533161622,1.7385705086928525,0.6,1.390856406954282,0.5416666666666666,3.187379265936896,3.419188667095943,0.927237604636188,0.3477141017385705,1.159047005795235,61.94493911719941,10.758866057838654,27.20236933656562,12.467093115017963
3607,James McCarthy,Everton,Premier League,29,2520.0,0.6071428571428571,0.0714285714285714,23.312207408880823,0.5714285714285714,0.5625,139.2142857142857,2.0,49.60714285714285,0.8603311735061195,0.5,0.0714285714285714,0.3214285714285714,0.1071428571428571,8.392857142857142,20.329148113102956,20.46428571428571,2.9285714285714284,0.6341463414634146,1.2142857142857142,0.5,4.964285714285714,1.9642857142857144,0.7142857142857142,1.7142857142857142,1.2857142857142856,59.889917906618784,45.89948691636737,21.370405982713898,18.7879346987554
3953,Aaron Lennon,Everton,Premier League,25,1614.0,1.003717472118959,0.2788104089219331,18.55978960549336,2.174721189591078,0.4871794871794871,102.26765799256503,7.41635687732342,28.77323420074349,0.7790697674418605,1.1710037174721188,0.0,1.449814126394052,0.1115241635687732,2.3420074349442377,16.227180437984504,18.234200743494423,1.6728624535315986,0.5,0.7806691449814126,0.6428571428571429,3.513011152416357,0.6691449814126393,0.0,0.8921933085501859,1.449814126394052,76.5081788440567,53.57851690294439,23.98323861852753,22.202799709078786
4275,Ross Barkley,Everton,Premier League,38,3170.0,2.697160883280757,0.1703470031545741,21.82766128917149,4.116719242902208,0.6482758620689655,183.94637223974763,6.416403785488959,54.53943217665615,0.8292555960437272,1.5331230283911672,0.2271293375394321,1.0220820189274449,0.7097791798107256,8.772870662460567,19.22172381671005,11.952681388012618,0.9936908517350158,0.6571428571428571,0.3123028391167192,0.6363636363636364,6.899053627760252,0.6246056782334385,1.0504731861198735,0.9652996845425869,2.441640378548896,70.52304367958017,34.181710140453774,22.22697431122241,19.160904056804345
3683,Tom Cleverley,Everton,Premier League,22,1681.0,1.2849494348602022,0.1070791195716835,20.11000818081504,1.2314098750743605,0.6086956521739131,150.7674003569304,4.443783462224866,52.14753123140987,0.7885010266940452,0.9637120761451516,0.214158239143367,2.302201070791196,0.3212373587150505,9.7441998810232,19.979873021457905,23.34324806662701,2.944675788221297,0.6181818181818182,0.8566329565734682,0.6875,5.246876859012493,1.124330755502677,1.0172516359309935,0.7495538370017847,1.1778703152885188,69.40017755681818,36.67251420454546,24.29199291356706,24.515485688950555
9626,Tommy Elphick,AFC Bournemouth,Premier League,12,1064.0,0.4229323308270676,0.0845864661654135,8.44899696072717,0.0,0.5833333333333334,101.50375939849624,2.0300751879699246,39.07894736842105,0.816017316017316,0.0845864661654135,0.0,0.0,0.0,7.866541353383458,21.632731452813857,5.328947368421052,1.1842105263157894,0.5714285714285714,1.3533834586466165,0.5,2.3684210526315788,4.483082706766917,3.637218045112782,0.8458646616541353,0.5075187969924811,41.08616666666667,56.70383333333335,18.938423252888693,12.970944528916156
3646,Marc Pugh,AFC Bournemouth,Premier League,26,1406.0,1.4082503556187769,0.1920341394025604,16.59307884637429,3.840682788051209,0.4666666666666667,131.47937411095307,6.273115220483642,35.526315789473685,0.7333333333333333,0.7681365576102419,0.1280227596017069,2.048364153627312,0.0,3.7126600284495024,16.449155815135132,14.402560455192036,1.9203413940256049,0.5333333333333333,0.7681365576102419,0.3333333333333333,4.4807965860597445,1.0241820768136558,1.0241820768136558,0.7681365576102419,1.7923186344238975,72.42171372930866,13.97025316455696,26.68522443778346,11.310335823066987
3289,Romelu Lukaku Menama,Everton,Premier League,37,3290.0,3.1732522796352582,0.4650455927051671,15.150492444786297,2.407294832826748,0.5227272727272727,132.8662613981763,19.832826747720365,30.419452887537997,0.7230215827338129,1.17629179331307,0.1641337386018237,0.7659574468085106,0.3282674772036474,1.8875379939209729,14.150560950602516,8.343465045592705,0.4650455927051671,0.7058823529411765,0.0820668693009118,0.3333333333333333,2.6534954407294835,0.1367781155015197,3.4468085106382977,0.9574468085106383,0.9574468085106383,82.46528721432982,43.32476837554045,19.612569382659988,18.952524859539327
3278,Benik Afobe,AFC Bournemouth,Premier League,15,953.0,1.3221406086044072,0.3777544596012592,11.147920179624998,1.888772298006296,0.4,103.88247639034628,14.16579223504722,21.154249737670515,0.84375,1.038824763903463,0.0,0.1888772298006296,0.0944386149003148,1.1332633788037776,13.257984960267857,18.604407135362017,0.5666316894018888,0.6666666666666666,0.2833158447009444,0.6666666666666666,2.455403987408185,0.8499475341028332,1.6998950682056664,1.5110178384050368,1.038824763903463,80.02009090909091,41.884999999999984,22.349987309146485,23.05494114856157
3488,Wayne Hennessey,Crystal Palace,Premier League,29,2726.0,0.0,0.0,19.71618752593094,0.0,0.5833333333333334,67.8136463683052,0.0,28.690388848129125,0.4959723820483314,0.0,0.0,0.0,0.0,23.27586206896552,58.00123054177216,0.099046221570066,0.0,0.6086956521739131,0.0,0.618734335839599,4.391049156272927,0.0,0.066030814380044,0.0,0.0,9.343719571567672,41.37526777020447,7.971769627528642,9.132593107435698
3443,Joel Ward,Crystal Palace,Premier League,30,2808.0,0.5448717948717948,0.0641025641025641,20.220753008910343,0.9935897435897436,0.5483870967741935,107.53205128205128,1.3782051282051282,42.56410256410256,0.7394578313253012,0.4166666666666666,0.032051282051282,1.41025641025641,0.032051282051282,8.173076923076922,19.838416286671688,13.78205128205128,2.115384615384615,0.5757575757575758,1.5064102564102564,0.6170212765957447,5.448717948717948,3.846153846153846,2.243589743589744,1.442307692307692,1.0256410256410255,59.6954396423249,65.5727868852459,27.538725045228546,14.574974831507705
3407,Scott Dann,Crystal Palace,Premier League,35,3293.0,0.8745824476161554,0.1366535074400243,12.013589997748245,0.3006377163680534,0.7272727272727273,81.47282113574248,4.946856969328879,30.3644093531734,0.7533753375337534,0.2186456119040388,0.0,0.0546614029760097,0.0273307014880048,10.003036744609778,26.93251912007201,5.821439416945035,0.8745824476161554,0.59375,1.038566656544185,0.5263157894736842,3.470999088976617,5.73944731248102,4.263589432128758,0.8199210446401457,0.4099605223200728,43.420932572962094,52.488929889298895,24.47559405605912,14.631300223203628
3693,Damien Delaney,Crystal Palace,Premier League,32,3006.0,0.6287425149700598,0.059880239520958,12.078063765064808,0.1197604790419161,1.0,85.23952095808383,2.694610778443114,32.09580838323353,0.7322761194029851,0.1497005988023952,0.0898203592814371,0.059880239520958,0.029940119760479,11.467065868263472,28.459452605037317,7.125748502994012,1.2275449101796407,0.4878048780487805,1.1377245508982037,0.4736842105263157,2.7245508982035926,6.556886227544911,3.9520958083832336,0.688622754491018,0.4491017964071856,37.45925535651563,25.368001404987705,21.3748299567538,13.120184699540273
4884,Pape N''Diaye Souaré,Crystal Palace,Premier League,34,3144.0,0.3148854961832061,0.0,25.330394895834456,1.2881679389312977,0.6444444444444445,125.2385496183206,1.2595419847328244,48.23473282442748,0.7091988130563798,0.7442748091603053,0.0286259541984732,2.6622137404580157,0.1145038167938931,10.190839694656487,21.44147324278932,7.900763358778626,0.916030534351145,0.34375,1.7175572519083968,0.5,4.522900763358779,3.8072519083969465,0.9732824427480916,0.916030534351145,1.0019083969465647,60.36214857142858,10.602194285714283,28.59990861844913,9.61251825408463
5489,Mile Jedinak,Crystal Palace,Premier League,27,1640.0,0.7682926829268293,0.0,14.809631602002666,0.3292682926829268,0.8333333333333334,111.51219512195122,4.280487804878049,45.4390243902439,0.7294685990338164,0.4939024390243902,0.0,0.4390243902439024,0.1646341463414634,8.396341463414634,20.56960560821257,21.621951219512194,3.018292682926829,0.5636363636363636,2.25,0.6341463414634146,5.213414634146342,4.445121951219512,6.640243902439025,2.359756097560976,1.0426829268292683,57.88873031496063,38.52770669291338,23.338351643657692,19.986309414999088
3507,Wilfried Zaha,Crystal Palace,Premier League,34,2581.0,1.150716776443239,0.0697404106935296,17.43026372906008,6.904300658659435,0.601010101010101,124.62611390933746,9.27547462223944,24.37427353738861,0.698140200286123,1.2204571871367689,0.0348702053467648,2.9988376598217745,0.1046106160402944,3.382409918636188,17.813442069098713,18.06276636962418,1.708640061991476,0.6938775510204082,1.2901975978302984,0.7027027027027027,7.357613328167377,0.4881828748547074,0.4881828748547074,1.4994188299108873,3.556760945370012,75.72786793508675,51.12744823726919,27.249308295095894,24.78872029736409
3277,Yohan Cabaye,Crystal Palace,Premier League,33,2758.0,2.2516316171138504,0.0652646845540246,24.510603050359464,1.2726613488034806,0.4871794871794871,130.5620014503263,2.8716461203770844,46.76214648295866,0.7752965806001396,1.5663524292965916,0.0326323422770123,1.40319071791153,0.2936910804931109,12.139231327048584,22.260661524982552,22.222625090645398,3.3284989122552573,0.5490196078431373,2.904278462654097,0.651685393258427,6.559100797679477,0.6852791878172588,0.5873821609862219,1.598984771573604,1.3379260333575054,61.133266683329175,40.99517620594852,24.478688772075017,21.14841578824772
20641,Connor Wickham,Crystal Palace,Premier League,21,1366.0,2.3060029282576866,0.2635431918008785,13.942229034639196,1.581259150805271,0.7083333333333334,115.1683748169839,13.374816983894585,26.947291361639824,0.6503667481662592,0.6588579795021963,0.1976573938506588,1.1859443631039532,0.0,3.294289897510981,16.911632713447432,16.998535871156662,1.1200585651537336,0.5882352941176471,0.0658857979502196,1.0,3.0966325036603224,1.383601756954612,5.797950219619326,2.108345534407028,1.5153733528550513,78.58146453089245,38.50892448512586,21.92979696917309,22.282939271921187
3522,Heurelho da Silva Gomes,Watford,Premier League,38,3542.0,0.0,0.0,19.71618752593094,0.0,0.5833333333333334,66.67419536984754,0.0,28.76341050254094,0.523851590106007,0.0,0.0,0.0,0.0,24.265951439864484,57.18520688392227,0.1778656126482213,0.0,0.6086956521739131,0.0,0.618734335839599,5.640880858272163,0.0508187464709203,0.0,0.0508187464709203,0.1270468661773009,9.148170731707316,40.58044969512196,6.499625083568146,8.581351800893653
3991,Allan Romeo Nyom,Watford,Premier League,32,2567.0,0.2454226723802103,0.0,25.18014529918587,1.2621737436696534,0.6111111111111112,108.7222438644332,1.156992598363849,43.05414881184262,0.6539087947882736,0.2454226723802103,0.0350603817686014,2.033502142578886,0.1402415270744059,9.781846513439811,21.574689122679157,11.990650564861706,3.330736268017141,0.6,1.086871834826646,0.6129032258064516,4.7331515387612,3.2255551227113366,0.6310868718348267,1.3322945072068564,0.9816906895208416,59.44517897452433,68.95524024508225,29.41557752896722,10.121871481036646
3309,Sebastian Prödl,Watford,Premier League,21,1860.0,0.5806451612903225,0.0967741935483871,10.114051538089765,0.0483870967741935,0.0,65.95161290322581,2.758064516129032,26.032258064516128,0.7379182156133829,0.0967741935483871,0.0,0.0483870967741935,0.0,8.370967741935484,26.010902004089218,6.048387096774193,1.4516129032258065,0.6666666666666666,1.1129032258064515,0.4782608695652174,1.596774193548387,5.17741935483871,2.7096774193548385,1.1129032258064515,0.2903225806451612,41.986206896551735,51.63242846661775,21.10799504100873,12.949415288662696
3263,Craig Cathcart,Watford,Premier League,35,3176.0,0.1700251889168765,0.028337531486146,16.26220405504322,0.1416876574307304,0.8,77.19143576826197,0.878463476070529,29.7544080604534,0.7133333333333334,0.0850125944584382,0.0,0.0566750629722921,0.0566750629722921,11.051637279596976,27.66248978612381,4.902392947103275,1.4168765743073046,0.46,0.6517632241813602,0.5652173913043478,2.663727959697733,6.149244332493702,2.5787153652392947,0.3400503778337531,0.3683879093198992,41.53825256975037,42.898164464023495,18.31443840840361,20.23152236894254
3306,Nathan Aké,Watford,Premier League,24,1969.0,0.7770441848654138,0.0457084814626714,20.21565511330204,0.5485017775520569,0.5833333333333334,98.7760284408329,2.148298628745556,41.36617572371762,0.6795580110497238,0.3199593702386998,0.0,1.0055865921787708,0.0457084814626714,5.393600812595226,18.94965213163536,13.803961401726763,3.610970035551041,0.4936708860759494,1.0970035551041135,0.625,3.610970035551041,5.119349923819197,2.1940071102082275,1.4169629253428135,0.5485017775520569,57.39389171679777,11.68125867653864,28.97724329619789,10.78650696566384
3626,Ben Watson,Watford,Premier League,35,2951.0,0.4879701796001355,0.0304981362250084,24.613549654686228,0.5184683158251441,0.7058823529411765,118.36326668925788,0.6709589969501863,48.76651982378855,0.7417135709818636,1.0674347678752965,0.0,0.9454422229752626,0.1219925449000338,12.56523212470349,22.398194748993124,18.542866824805152,2.1043713995255846,0.6666666666666666,1.280921721450356,0.7619047619047619,4.239240935276178,2.7448322602507624,2.0128769908505597,1.4334124025753985,0.5184683158251441,58.00430301468693,36.14810615820665,22.991584101244086,19.186445554405797
3721,Etienne Capoue,Watford,Premier League,33,2922.0,1.0780287474332648,0.0,24.71616749094051,2.864476386036961,0.5806451612903226,148.79876796714578,2.063655030800821,49.12731006160164,0.780564263322884,0.677618069815195,0.0308008213552361,0.6160164271047228,0.2156057494866529,8.7782340862423,19.7547086996489,19.37371663244353,2.9260780287474333,0.6736842105263158,1.8788501026694044,0.7049180327868853,7.084188911704312,1.7248459958932236,1.35523613963039,1.9712525667351128,2.002053388090349,62.44967915545436,39.7882425998758,23.04544221204364,23.02492611407058
5540,Valon Behrami,Watford,Premier League,21,1330.0,0.0676691729323308,0.0,25.843567865138123,0.6090225563909775,0.3333333333333333,96.22556390977444,0.6090225563909775,35.1203007518797,0.791907514450867,0.2706766917293233,0.0676691729323308,0.0676691729323308,0.1353383458646616,3.1127819548872178,15.739658701541426,29.36842105263158,4.330827067669173,0.609375,1.6240601503759398,0.625,5.616541353383458,1.218045112781955,1.218045112781955,2.706766917293233,1.2857142857142856,57.87194092827005,34.191490857946555,19.72906839037425,20.983255112232943
3454,Troy Deeney,Watford,Premier League,38,3439.0,2.460017446932248,0.1831927886013376,17.81725134104493,1.3085199185809828,0.58,127.63303285838906,12.875835998836871,34.07385867984879,0.6082949308755761,1.282349520209363,0.1831927886013376,0.7851119511485897,0.6280895609188717,3.847048560628089,16.462334749447002,15.93777260831637,1.151497528351265,0.6136363636363636,0.2093631869729572,0.625,4.239604536202385,1.3346903169526023,7.955801104972376,1.51788310555394,1.1776679267228845,76.45585400861185,36.59161369694485,22.77450022372492,19.754316222842775
3302,Nordin Amrabat,Málaga,"La Liga, Premier League",25,1555.0,2.02572347266881,0.0,21.036753129776148,3.2990353697749195,0.6666666666666666,135.89710610932477,12.32797427652733,29.286173633440512,0.6521739130434783,1.0996784565916398,0.0578778135048231,4.340836012861736,0.2315112540192926,4.919614147909968,18.43614109466403,16.321543408360128,1.0418006430868167,0.6666666666666666,0.7524115755627009,0.7692307692307693,5.32475884244373,0.2893890675241157,0.4630225080385852,3.2411575562700965,3.530546623794212,82.98701022146506,40.97001703577512,22.638526374533804,25.625099569335944
5458,Odion Jude Ighalo,Watford,Premier League,37,3271.0,3.054111892387649,0.4127178232956282,15.163719258696984,2.5313359828798534,0.5760869565217391,109.59033934576584,18.324671354325893,19.45276673800061,0.7524752475247525,0.8529501681442984,0.0550290431060837,0.2751452155304188,0.0825435646591256,1.155609905227759,12.769007718585575,13.702231733414855,0.7428920819321309,0.7037037037037037,0.4952613879547539,0.8333333333333334,3.439315194130236,0.7428920819321309,0.6603485172730053,1.2656679914399267,1.650871293182513,81.1205372834547,39.98418277680141,22.00383471503911,17.86715367358257
43081,Almen Abdi,Watford,Premier League,32,2028.0,1.7307692307692306,0.0887573964497041,22.953814985692564,0.9319526627218936,0.7142857142857143,136.10946745562129,4.215976331360946,45.26627218934911,0.7980392156862746,1.331360946745562,0.0,1.1094674556213018,0.2662721893491124,6.301775147928994,17.22235131343137,22.36686390532544,3.7721893491124256,0.6352941176470588,0.8875739644970414,0.65,6.301775147928994,1.1094674556213018,1.5976331360946745,1.863905325443787,1.198224852071006,68.34825562438864,42.78268666449298,24.282459263827548,23.81142653166888
23488,Mario Suárez Mata,Watford,"Premier League, Serie A",24,1276.0,1.128526645768025,0.0705329153605015,23.132007213143464,1.1990595611285266,0.6470588235294118,181.0579937304075,1.6927899686520376,62.91536050156739,0.8621076233183856,0.4937304075235109,0.0,0.2821316614420062,0.2821316614420062,9.663009404388712,19.611060994764568,16.010971786833853,1.3401253918495295,0.6842105263157895,1.622257053291536,0.5652173913043478,5.924764890282131,1.763322884012539,1.6927899686520376,1.763322884012539,0.987460815047022,61.688663809894805,39.220802493182696,19.623109136928203,18.157878469281805
18672,Mark Bunn,Aston Villa,Premier League,10,938.0,0.0,0.0,19.71618752593094,0.0,0.5833333333333334,57.66524520255864,0.0,25.906183368869936,0.4851851851851851,0.0,0.0,0.0,0.0,22.547974413646056,55.62690800518518,0.1918976545842217,0.0,0.6086956521739131,0.0959488272921108,1.0,4.701492537313433,0.0,0.0,0.0959488272921108,0.0,9.255407653910147,40.89567387687188,7.937529061104692,9.064631010758127
27146,Aly Cissokho,Aston Villa,Premier League,18,1662.0,0.2166064981949458,0.0,25.071917594107617,0.5956678700361011,0.5454545454545454,128.1768953068592,2.057761732851985,50.57761732851986,0.7034261241970021,0.4873646209386281,0.0,3.51985559566787,0.1083032490974729,9.04332129963899,19.645268193040685,11.209386281588449,1.5703971119133573,0.4827586206896552,1.516245487364621,0.5714285714285714,3.1407942238267146,4.548736462093863,1.9494584837545128,0.8664259927797834,0.3249097472924188,62.17621461765949,9.989015631601182,29.02632075424829,8.981110402780343
42700,Micah Richards,Aston Villa,Premier League,24,2139.0,0.5890603085553997,0.0420757363253856,9.96630069621352,1.262272089761571,0.7333333333333333,92.3562412342216,2.861150070126227,32.945301542777,0.8352490421455939,0.2524544179523141,0.0420757363253856,0.0841514726507713,0.0841514726507713,6.143057503506311,20.19312728850574,8.330995792426368,1.8092566619915849,0.7209302325581395,1.1781206171107994,0.6785714285714286,3.3660589060308554,5.511921458625526,3.6185133239831697,0.7152875175315567,1.3043478260869563,45.84487471526196,55.44505694760821,23.366419354665965,12.806924270847256
4053,Ben Foster,West Bromwich Albion,Premier League,15,1406.0,0.0,0.0,19.71618752593094,0.0,0.5833333333333334,60.618776671408256,0.0,26.116642958748223,0.4950980392156863,0.0,0.0,0.0,0.0,23.044096728307256,60.19793744362744,0.2560455192034139,0.0,0.6086956521739131,0.0,0.618734335839599,4.608819345661451,0.1920341394025604,0.0,0.0,0.0,8.780675818373812,40.20982048574445,8.022140453299007,9.596737976980531
20527,Jonas Olsson,West Bromwich Albion,Premier League,28,2101.0,0.2570204664445502,0.042836744407425,6.940556095404272,0.1285102332222751,0.6666666666666666,64.38362684435982,1.6706330318895763,24.631128034269395,0.6939130434782609,0.1285102332222751,0.042836744407425,0.0,0.1285102332222751,8.695859114707282,26.89263282886956,6.81104236078058,0.7710613993336506,0.6111111111111112,0.7710613993336506,0.6666666666666666,2.0133269871489765,7.0680628272251305,3.469776297001428,0.9852451213707758,0.3426939552594003,39.940984697272135,27.11124417831004,21.21199988254441,14.2793752967183
9628,James Grant Chester,West Bromwich Albion,Premier League,13,1009.0,0.0,0.0,19.71618752593094,0.624380574826561,0.5714285714285714,87.6808721506442,0.4459861248761149,36.03567888999009,0.7400990099009901,0.3567888999008919,0.0,1.070366699702676,0.0891972249752229,6.957383548067393,20.977629291336637,14.182358771060455,3.3002973240832505,0.4054054054054054,1.3379583746283448,0.3333333333333333,2.9435084241823586,5.797819623389494,2.497522299306244,1.070366699702676,0.624380574826561,57.5701932858596,31.877924720244145,27.3078303017969,28.64665913007625
3099,Hugo Lloris,Tottenham Hotspur,Premier League,37,3470.0,0.0,0.0,19.71618752593094,0.0,0.5833333333333334,80.04034582132564,0.0,31.56484149855908,0.6713229252259655,0.0778097982708933,0.0,0.0,0.0259365994236311,19.478386167146976,42.58354278159408,0.0259365994236311,0.0,0.6086956521739131,0.0,0.618734335839599,4.61671469740634,0.0518731988472622,0.0,0.0,0.1296829971181556,9.635320803629297,38.904439403758914,6.541457848348893,9.260176990412676
3205,Kyle Walker,Tottenham Hotspur,Premier League,33,3060.0,0.5882352941176471,0.0294117647058823,24.852404959803188,1.4117647058823528,0.4166666666666667,130.6764705882353,2.5294117647058822,50.94117647058823,0.7592378752886836,0.9411764705882352,0.0588235294117647,1.8823529411764703,0.1176470588235294,11.882352941176473,22.584846935450344,14.323529411764708,2.617647058823529,0.5617977528089888,1.9117647058823528,0.5384615384615384,5.323529411764706,3.294117647058824,1.7352941176470589,0.9705882352941176,0.9705882352941176,61.13916272788655,69.0804186360567,27.89767203214756,10.578930648758757
20005,Toby Alderweireld,Tottenham Hotspur,Premier League,38,3558.0,1.0370994940978078,0.1011804384485666,15.777162280029222,0.3035413153456998,0.5833333333333334,148.10286677908937,2.5295109612141653,53.676222596964585,0.8030160226201697,0.1770657672849915,0.0505902192242833,0.3541315345699831,0.2782462057335582,19.12310286677909,28.365929437653158,5.994940978077572,1.011804384485666,0.625,1.163575042158516,0.5217391304347826,3.718381112984823,6.526138279932546,2.251264755480607,0.2276559865092748,0.1770657672849915,43.301759180187865,54.52167378309138,20.702011403576,13.067927372252916
3594,Danny Rose,Tottenham Hotspur,Premier League,24,2205.0,1.0612244897959182,0.0408163265306122,25.458395250740068,2.1224489795918364,0.5192307692307693,155.95918367346937,3.7959183673469385,58.48979591836734,0.7515701325889742,0.8163265306122448,0.1224489795918367,2.2857142857142856,0.1224489795918367,10.36734693877551,20.431087438199583,12.20408163265306,2.8571428571428568,0.6142857142857143,1.3061224489795915,0.59375,5.142857142857142,3.183673469387754,1.346938775510204,1.7142857142857142,2.0408163265306123,63.05074587804242,10.508741167233708,26.798041927195047,9.881189890238666
10956,Eric Dier,Tottenham Hotspur,Premier League,37,3383.0,0.7981081879988176,0.0798108187998817,20.3053732300666,0.3458468814661543,0.6923076923076923,151.2947088383092,1.3035767070647355,56.160212828850135,0.8365703458076741,0.5054685190659178,0.0532072125332545,0.3724504877327815,0.212828850133018,11.013892994383683,21.330451898555197,16.015370972509608,2.154892107596808,0.5802469135802469,1.1439550694649718,0.6511627906976745,3.4052616021282884,2.5539462015962164,2.8199822642624888,1.569612769731008,0.7449009754655631,55.897907508352375,43.7640056268683,19.17444331492767,19.094774325264027
3037,Mousa Sidi Yaya Dembélé,Tottenham Hotspur,Premier League,29,2339.0,0.8465156049593844,0.1154339461308251,23.6209325446006,3.886276186404447,0.801980198019802,166.80205215904235,1.7699871740059856,53.21504916631039,0.8951554591467824,0.9619495510902096,0.0384779820436083,0.1923899102180419,0.1154339461308251,4.77126977340744,17.275202704844542,22.240273621205645,4.117144078666096,0.7476635514018691,1.5006412997007268,0.7435897435897436,7.156904660111159,1.3852073535699017,1.4236853356135102,2.1932449764856776,1.8469431380932024,62.80876585928489,38.36025374855825,19.80769570073359,20.595834797557387
3585,Erik Lamela,Tottenham Hotspur,Premier League,34,2430.0,2.185185185185185,0.1851851851851851,17.356489885864,2.814814814814815,0.4736842105263157,144.2222222222222,9.962962962962962,41.37037037037037,0.7403760071620412,2.3703703703703702,0.2962962962962963,1.3333333333333333,0.5185185185185185,5.518518518518518,17.347062489794094,23.96296296296296,2.7777777777777777,0.64,0.6666666666666666,0.6666666666666666,5.185185185185185,0.4444444444444444,0.9629629629629628,2.6296296296296293,1.7037037037037035,77.93721109399075,45.48777606574217,23.00848159927066,23.87109857624825
3094,Bamidele Alli,Tottenham Hotspur,Premier League,33,2529.0,2.5978647686832743,0.3558718861209964,20.18100134088941,3.7722419928825626,0.3962264150943396,149.11032028469754,9.644128113879004,38.93238434163701,0.7404021937842779,1.6725978647686834,0.2846975088967972,0.604982206405694,0.604982206405694,3.7722419928825626,16.72868994886655,24.519572953736656,2.277580071174377,0.671875,1.1387900355871887,0.75,6.975088967971531,1.2455516014234878,1.5658362989323844,1.9572953736654808,2.6690391459074734,73.37257756563245,33.88250596658711,24.457093202476614,20.26977956585941
3043,Christian Dannemann Eriksen,Tottenham Hotspur,Premier League,35,3032.0,2.938654353562005,0.1781002638522427,25.303277346935676,2.2559366754617414,0.5131578947368421,183.2651715039578,6.055408970976253,60.58377308707124,0.7638412542871141,2.819920844327177,0.3562005277044854,2.1965699208443272,0.6827176781002638,10.71569920844327,19.4723141811857,16.741424802110817,1.5435356200527703,0.6346153846153846,0.8905013192612137,0.7333333333333333,6.886543535620053,0.8311345646437994,0.8608179419525066,0.5046174142480211,0.7124010554089709,74.8673631357305,33.72055393586005,21.51460534671996,22.85424309024428
10955,Harry Kane,Tottenham Hotspur,Premier League,38,3473.0,4.0944428448027645,0.5182839044054132,18.693675620606843,2.4877627411459837,0.5833333333333334,122.10768787791535,15.911315865246186,26.04376619637201,0.7164179104477612,1.0106536135905555,0.0259141952202706,1.0106536135905555,0.3627987330837892,3.420673769075727,17.138211876666666,12.723869853152896,0.8292542470486611,0.5,0.3109703426432479,0.5833333333333334,4.483155773106824,0.8033400518283905,2.4877627411459837,1.140224589691909,1.5807659084365102,81.45668505942277,36.34316638370118,20.765581981690996,21.76044048129677
4416,Max-Alain Gradel,AFC Bournemouth,Premier League,14,902.0,1.7960088691796008,0.0997782705099778,19.13511216284502,4.490022172949002,0.4444444444444444,131.80709534368071,9.279379157427938,33.824833702882486,0.6607669616519174,0.7982261640798226,0.1995565410199556,2.694013303769401,0.0997782705099778,5.48780487804878,18.25005241622419,21.35254988913525,2.494456762749446,0.56,1.197339246119734,0.5,6.984478935698448,0.8980044345898004,0.8980044345898004,1.197339246119734,2.5942350332594235,77.64738834216503,18.65450416351249,24.91503705654431,16.464453847601302
4831,Nacer Chadli,Tottenham Hotspur,Premier League,29,1041.0,2.2478386167146973,0.2593659942363112,16.160761977672035,2.9394812680115274,0.3823529411764705,127.17579250720462,12.01729106628242,33.544668587896254,0.8118556701030928,1.6426512968299714,0.1729106628242075,0.9510086455331412,0.1729106628242075,2.853025936599424,15.875889155412375,14.870317002881846,1.037463976945245,0.4166666666666667,0.6051873198847263,0.5714285714285714,3.7175792507204615,1.037463976945245,2.07492795389049,1.4697406340057635,0.69164265129683,77.47641060503061,33.637389530931344,23.80377823422848,23.71060228013212
3665,Andrew Philip King,Leicester City,Premier League,25,1165.0,1.4678111587982834,0.1545064377682403,15.314682400663484,0.7725321888412018,0.5,101.8197424892704,5.562231759656653,37.69957081545065,0.7684426229508197,0.6180257510729614,0.0772532188841201,0.5407725321888412,0.1545064377682403,6.180257510729614,18.827501287704926,14.600858369098711,1.4678111587982834,0.5789473684210527,0.6952789699570816,0.4444444444444444,4.712446351931331,2.703862660944206,1.699570815450644,0.6180257510729614,0.6952789699570816,66.39931714719272,39.56183611532625,25.20979091455465,21.584284283707664
19688,Jason Puncheon,Crystal Palace,Premier League,31,2693.0,1.7712588191607874,0.0668399554400297,20.999471860558973,2.773858150761233,0.6265060240963856,147.68288154474564,6.282955811362793,47.05532862978092,0.7428977272727273,1.8046787968808025,0.1002599331600445,1.8046787968808025,0.2339398440401039,9.825473449684369,20.39356251752131,19.24990716672856,1.904938730040847,0.6666666666666666,0.6349795766802823,0.7894736842105263,7.753434831043447,0.7686594875603417,0.7352395098403268,1.4370590419606388,1.3367991088005944,70.90878026702873,40.701154107264095,24.53296021646173,24.1818622737474
3589,Yannick Bolasie Yala,Crystal Palace,Premier League,26,2166.0,2.409972299168975,0.2077562326869806,22.39041417468365,5.609418282548476,0.5407407407407407,122.40997229916896,9.09972299168975,27.132963988919663,0.6156202143950995,0.9556786703601108,0.1246537396121883,4.529085872576177,0.1246537396121883,4.903047091412742,18.417969649617152,11.67590027700831,1.080332409972299,0.7307692307692307,0.4155124653739612,0.6,5.56786703601108,1.1634349030470914,1.454293628808864,1.329639889196676,1.6620498614958448,80.01113374066527,32.35461642905635,25.28732925088524,25.15231956101825
16309,Joel Robles Blázquez,Everton,Premier League,13,1228.0,0.0,0.0,19.71618752593094,0.0732899022801303,1.0,88.02117263843648,0.0,34.81270358306189,0.5263157894736842,0.0,0.0,0.0,0.0,25.43159609120521,51.75327068210527,0.1465798045602606,0.0,0.6086956521739131,0.0,0.618734335839599,5.130293159609121,0.0732899022801303,0.0,0.0,0.1465798045602606,7.194754371357201,41.23455453788509,5.188461302243557,7.333654926211881
4589,Séamus Coleman,Everton,Premier League,28,2477.0,0.944691158659669,0.0363342753330641,20.156270753719635,2.616067823980622,0.5694444444444444,147.80783205490513,5.413807024626565,50.795316915623744,0.8047210300429185,0.4723455793298345,0.0726685506661283,2.616067823980622,0.0726685506661283,7.811869196608802,19.46528483018597,12.099313685910376,2.3617278966491724,0.6307692307692307,1.308033911990311,0.6388888888888888,5.63181267662495,2.434396447315301,0.7630197819943481,0.8356883326604765,1.1626968106580542,63.53485742379548,67.57728613569321,28.548970405492632,10.682761884667194
4629,José Ramiro Funes Mori,Everton,Premier League,28,2306.0,0.9366869037294016,0.1561144839549002,17.244269558373123,0.4293148308759757,0.4545454545454545,143.50823937554208,2.77103209019948,50.69817866435386,0.8352578906851424,0.1951431049436253,0.0,0.1170858629661752,0.0780572419774501,11.903729401561144,23.46822474280216,8.352124891587165,1.6392020815264527,0.5,2.0685169124024285,0.5471698113207547,5.190806591500434,7.844752818733738,3.473547267996531,0.4293148308759757,0.4683434518647008,41.42167527875985,25.36127277672015,20.901663530473265,12.90261050976349
3633,Gareth Barry,Everton,Premier League,33,2965.0,0.5160202360876897,0.0,16.35164434034225,0.7588532883642496,0.76,172.1079258010118,2.0640809443507586,63.68296795952782,0.8150619637750238,1.0016863406408094,0.0,0.6070826306913997,0.2731871838111298,13.659359190556492,22.08042637054337,20.00337268128162,3.126475548060708,0.6504854368932039,1.1838111298482292,0.6153846153846154,5.949409780775716,2.6711635750421583,2.4586846543001686,1.7301854974704889,0.8802698145025295,56.59202821869489,37.24834215167549,21.492561691330348,19.4341069092687
26696,Arouna Koné,Everton,Premier League,25,1515.0,2.1980198019801978,0.297029702970297,16.27689792677566,3.386138613861386,0.5789473684210527,140.79207920792078,10.99009900990099,35.168316831683164,0.8361486486486487,0.5346534653465347,0.1782178217821782,0.5346534653465347,0.1188118811881188,2.1980198019801978,14.743304659459458,10.693069306930692,1.7227722772277227,0.7586206896551724,0.594059405940594,0.4,4.930693069306931,0.594059405940594,1.6633663366336633,1.1287128712871286,1.0693069306930694,75.00746835443037,36.973164556962026,22.61439571579948,22.403602155984597
5836,Bryan Oviedo,Everton,Premier League,14,1038.0,0.4335260115606936,0.0,24.25311519330594,1.1271676300578035,0.4615384615384615,131.09826589595374,1.4739884393063585,49.50867052023121,0.7653239929947461,0.953757225433526,0.0867052023121387,1.8208092485549128,0.0867052023121387,8.0635838150289,19.10381090122592,13.872832369942197,3.2947976878612715,0.6578947368421053,2.6878612716763004,0.7419354838709677,4.07514450867052,2.514450867052023,0.2601156069364161,1.4739884393063585,1.213872832369942,58.56276455026455,30.70568783068783,28.866551120183917,29.016009208709328
3469,Bakary Sako,Crystal Palace,Premier League,20,1118.0,2.817531305903399,0.1610017889087656,22.45685710810049,3.300536672629696,0.5121951219512195,125.09838998211092,7.647584973166368,34.051878354203936,0.6926713947990544,0.6440071556350626,0.0805008944543828,2.334525939177102,0.0805008944543828,7.325581395348837,20.518821034160755,14.490161001788907,1.6100178890876564,0.65,0.7245080500894454,0.5555555555555556,5.152057245080501,1.0465116279069768,1.4490161001788908,1.2880143112701252,0.8855098389982111,74.99864864864867,32.152187902187904,26.988109626961844,25.84698884604204
4317,Kevin Mirallas,Everton,Premier League,23,1083.0,3.407202216066482,0.3324099722991689,20.882234111737056,3.074792243767313,0.5675675675675675,125.3185595567867,10.470914127423825,31.745152354570635,0.774869109947644,1.1634349030470914,0.1662049861495844,1.994459833795014,0.0831024930747922,6.3988919667590025,20.13478864790576,12.548476454293628,1.2465373961218835,0.4,1.4127423822714682,0.5882352941176471,4.903047091412742,0.4986149584487535,0.3324099722991689,1.2465373961218835,1.745152354570637,76.49761273209549,31.10729442970823,25.854884913233477,23.22353460443501
23635,John Ruddy,Norwich City,Premier League,27,2542.0,0.0,0.0,19.71618752593094,0.035405192761605,1.0,77.00629425649096,0.0,32.04169944925256,0.5569060773480663,0.0,0.0,0.0,0.035405192761605,25.63335955940205,52.4496941722652,0.2124311565696302,0.0,0.6086956521739131,0.0,0.618734335839599,5.700236034618412,0.035405192761605,0.0,0.0,0.07081038552321,9.690620689655171,40.04027586206897,6.848224156487798,8.626267605254505
9930,Ryan Bennett,Norwich City,Premier League,22,1917.0,0.4225352112676056,0.0,11.593388751505262,0.0469483568075117,1.0,70.8450704225352,2.0187793427230045,28.450704225352112,0.7376237623762376,0.1877934272300469,0.0,0.0,0.0469483568075117,9.436619718309858,26.740650548184824,5.633802816901408,1.07981220657277,0.4347826086956521,1.0328638497652582,0.3636363636363636,1.3145539906103283,7.230046948356807,3.708920187793427,0.7511737089201878,0.3286384976525821,41.28820410868124,52.77773359840954,20.66565534464888,13.312868950298094
21212,Russell Martin,Norwich City,Premier League,30,2813.0,0.607891930323498,0.0959829363668681,15.306416791032117,0.3199431212228937,0.1,107.7568432278706,2.4955563455385708,42.61642374688944,0.7304804804804805,0.2879488091006043,0.0,0.7038748666903661,0.0639886242445787,11.581940988268752,24.32913023130631,6.686811233558478,1.2797724848915748,0.4,1.119800924280128,0.4571428571428571,3.711340206185567,6.238890863846427,2.4955563455385708,1.0238179879132598,0.2559544969783149,50.22523752969121,58.31431116389549,26.15815021531621,17.57474376003722
10967,Robert Brady,Norwich City,Premier League,36,3106.0,1.5647134578235673,0.0869285254346426,24.45630852985489,2.2891178364455893,0.6075949367088608,129.00193174500964,3.1584030907920155,46.59368963296845,0.6318407960199005,1.4777849323889245,0.0579523502897617,3.30328396651642,0.2897617514488087,12.227945911139727,22.41887663208954,15.357372826786865,2.752736638763683,0.5684210526315789,1.3039278815196391,0.6,4.983902124919511,2.433998712169993,1.7385705086928525,1.4777849323889245,0.5215711526078557,69.47138364779873,18.178414195867024,28.50477897810227,20.04619572571626
9463,Alexander Banor Tettey,Norwich City,Premier League,23,2031.0,0.8862629246676513,0.0886262924667651,26.24429879861625,1.0635155096011817,0.7916666666666666,129.3943870014771,0.5760709010339734,48.61152141802068,0.8386508659981768,0.2658788774002954,0.0,0.0443131462333825,0.0443131462333825,7.223042836041358,19.064841516681863,15.731166912850812,2.259970457902511,0.6078431372549019,0.7090103397341211,0.875,6.026587887740029,2.968980797636632,1.7725258493353029,2.082717872968981,0.4874446085672082,56.82825342465755,43.93777397260275,19.953263707120986,18.26801384870035
9578,Jonathan Howson,Norwich City,Premier League,36,3080.0,1.0227272727272727,0.0876623376623376,21.29245769382641,1.5487012987012987,0.6226415094339622,117.49675324675324,4.353896103896104,39.0974025974026,0.7466367713004485,0.788961038961039,0.1168831168831168,0.788961038961039,0.1168831168831168,6.077922077922078,18.855225923729453,19.022727272727277,2.396103896103896,0.6707317073170732,1.1103896103896105,0.631578947368421,4.938311688311688,2.103896103896104,1.3149350649350648,0.9935064935064934,0.7012987012987013,67.48450634170605,39.5191743347426,24.95460232613772,22.36378598462202
3286,Nathan Redmond,Norwich City,Premier League,35,2458.0,1.9406021155410904,0.2196908055329536,22.442088304696924,3.515052888527258,0.6354166666666666,140.34580960130185,6.261187957689177,39.69080553295362,0.7020295202952029,1.3547599674532138,0.1098454027664768,2.6729048006509357,0.549227013832384,6.261187957689177,18.1479425550738,15.744507729861676,1.4646053702196906,0.775,0.6224572823433685,0.5882352941176471,4.83319772172498,0.5858421480878763,0.6224572823433685,1.0252237591537834,1.5378356387306753,77.58285937907644,52.69136446647536,23.487963866868583,22.31383197381289
9528,Steven Naismith,Norwich City,Premier League,23,1364.0,1.7155425219941347,0.2639296187683284,17.153522208213325,2.0454545454545454,0.3548387096774194,126.75219941348972,11.54692082111437,33.387096774193544,0.733201581027668,1.1876832844574778,0.0659824046920821,0.5938416422287389,0.4618768328445747,1.5835777126099706,14.01759516660079,19.530791788856305,1.6495601173020529,0.64,0.9237536656891496,0.6428571428571429,3.4310850439882694,0.5938416422287389,2.1114369501466275,2.0454545454545454,2.8372434017595305,78.20364393545027,32.397917751171256,21.97207108117674,20.974507613675467
4807,Cameron Jerome,Norwich City,Premier League,34,1859.0,2.372243141473911,0.1452393760086067,13.487057386070878,1.888111888111888,0.3846153846153846,98.375470683163,15.346960731576116,21.01129639591178,0.619815668202765,0.2904787520172135,0.0968262506724045,0.6293706293706294,0.193652501344809,1.113501882732652,13.547046549078344,10.89295320064551,0.6777837547068317,0.5714285714285714,0.193652501344809,1.0,2.1301775147929,0.5809575040344271,5.422270037654654,1.7912856374394837,0.5325443786982249,83.32790354330709,41.65752952755905,21.25321013118868,21.556596958705548
3520,Jeffrey Schlupp,Leicester City,Premier League,24,1467.0,1.5337423312883436,0.0613496932515337,20.46177649620136,3.0061349693251533,0.6326530612244898,113.43558282208588,6.07361963190184,34.171779141104295,0.7001795332136446,0.9202453987730062,0.1226993865030674,2.085889570552147,0.1226993865030674,6.932515337423313,20.19532852614003,11.96319018404908,2.8834355828220857,0.3404255319148936,0.7975460122699386,0.5384615384615384,4.846625766871165,1.7791411042944785,1.7177914110429449,1.1042944785276074,1.5337423312883436,69.51433207138994,18.273661438615463,28.500621288761018,16.00853455640535
22594,Matt Jarvis,Norwich City,Premier League,22,1150.0,0.782608695652174,0.0782608695652174,18.71593859195192,1.173913043478261,0.6,101.03478260869566,8.060869565217391,28.721739130434784,0.6457765667574932,1.0956521739130436,0.0782608695652174,3.991304347826088,0.0782608695652174,4.773913043478261,18.181158611716626,13.069565217391306,1.0173913043478262,0.6923076923076923,0.7043478260869566,0.8888888888888888,2.739130434782609,0.6260869565217392,0.782608695652174,0.3130434782608696,0.6260869565217392,80.76692486444615,31.324709527498065,26.389120556151934,27.230909525593734
23663,Dieumerci Mbokani Bezua,Norwich City,Premier League,29,1697.0,1.962286387743076,0.3712433706540954,12.663142329617555,2.068355922215675,0.6410256410256411,121.23747790218032,15.698291101944609,25.032410135533294,0.6970338983050848,1.1137301119622864,0.0530347672362993,0.4773129051266941,0.2121390689451974,1.060695344725987,13.894921376673732,8.379493223335297,0.901591043017089,0.7058823529411765,0.2651738361814967,0.4,3.818503241013553,1.219799646434885,7.159693576900413,0.9546258102533884,2.704773129051267,81.73840769903761,41.300131233595806,21.162564214875825,22.63541799568313
9539,Vito Mannone,Sunderland,Premier League,19,1791.0,0.0,0.0,19.71618752593094,0.0,0.5833333333333334,75.22613065326634,0.050251256281407,31.809045226130653,0.4375987361769352,0.0,0.0,0.0,0.0,27.035175879396988,57.34641341548184,0.100502512562814,0.0,0.6086956521739131,0.0,0.618734335839599,5.577889447236181,0.0,0.0,0.0,0.2512562814070352,10.00754843019372,40.625317301269206,8.37364909304337,8.758054617944724
13286,Lamine Koné,Sunderland,Premier League,15,1375.0,0.6545454545454545,0.1309090909090909,10.637735101375364,0.3272727272727272,0.8,73.76727272727274,2.9454545454545458,26.50909090909091,0.6419753086419753,0.1309090909090909,0.0654545454545454,0.1309090909090909,0.0654545454545454,7.985454545454546,26.837747785679017,8.836363636363638,1.6363636363636365,0.56,2.749090909090909,0.6428571428571429,3.7309090909090914,7.527272727272728,4.385454545454546,0.3927272727272727,0.3927272727272727,41.85732031943213,53.02191659272406,23.98545435265775,15.576034097541338
13846,Jan Kirchhoff,Sunderland,Premier League,15,1099.0,0.7370336669699727,0.0,14.239107519287822,1.3102820746132848,0.875,134.22202001819838,5.48680618744313,46.59690627843494,0.6836555360281195,1.064604185623294,0.0,0.2456778889899909,0.3275705186533212,10.400363967242948,21.546508381370824,21.12829845313922,4.012738853503185,0.7959183673469388,2.948134667879891,0.6944444444444444,8.1073703366697,3.767060964513194,4.995450409463149,2.211101000909918,1.5559599636032757,58.009212934716295,41.03081147040879,23.012850627668897,20.56882810121764
3196,Wahbi Khazri,Sunderland,Premier League,14,1101.0,2.043596730245232,0.1634877384196185,28.485823843645047,2.861035422343324,0.4857142857142857,119.01907356948227,5.55858310626703,34.4141689373297,0.6437054631828979,2.4523160762942777,0.0817438692098092,2.20708446866485,0.2452316076294278,11.11716621253406,23.809320109857484,23.542234332425068,2.779291553133515,0.5588235294117647,1.4713896457765667,0.5,5.231607629427793,0.7356948228882834,0.7356948228882834,1.7166212534059946,1.3079019073569482,75.02850274725274,27.59457417582417,26.214521381759315,23.958785398225725
3448,Martin Kelly,Crystal Palace,Premier League,13,1094.0,0.0822669104204753,0.0,30.8111992626058,0.4936014625228519,0.6666666666666666,101.51736745886654,0.4113345521023765,44.424131627056674,0.7277777777777777,0.2468007312614259,0.0,1.0694698354661791,0.0822669104204753,8.144424131627057,19.71517046074074,11.76416819012797,2.879341864716636,0.5142857142857142,0.9872029250457038,0.4166666666666667,3.5374771480804386,4.113345521023766,1.6453382084095065,0.9049360146252284,0.2468007312614259,56.34959481361426,51.17795786061587,26.91064939553316,29.85871431366394
4817,Joe Ledley,Crystal Palace,Premier League,19,1029.0,0.6122448979591837,0.0874635568513119,20.513691385711716,0.5247813411078717,0.6666666666666666,93.32361516034985,3.2361516034985423,34.63556851311953,0.8131313131313131,0.2623906705539358,0.0,0.0874635568513119,0.1749271137026239,4.635568513119534,17.920965569949495,18.2798833819242,1.749271137026239,0.65,1.661807580174927,0.631578947368421,3.411078717201166,3.411078717201166,1.661807580174927,1.3994169096209912,0.4373177842565597,57.206654170571696,33.15304592314902,23.521358073438726,19.768912328669515
31296,Sébastien Aymar Bassong Nguena,Norwich City,Premier League,32,2917.0,0.6170723345903326,0.0308536167295166,11.697817316195716,0.4010970174837162,0.9230769230769232,77.44257799108674,2.56085018854988,29.3109358930408,0.7757894736842105,0.0617072334590332,0.0,0.0925608501885498,0.0308536167295166,7.003770997600275,22.854137041052635,7.713404182379157,0.8639012684264655,0.6428571428571429,0.7404868015083991,0.5833333333333334,3.332190606787796,7.188892697977375,4.473774425779912,0.8330476516969489,0.6787795680493658,41.30278884462151,26.45167330677292,20.88237557731942,14.233391915043132
3576,Martin Olsson,Norwich City,Premier League,24,1867.0,0.337439742903053,0.048205677557579,26.36338983460057,0.7712908409212641,0.375,88.69844670594537,1.205141938939475,34.85270487412962,0.6168741355463347,0.289234065345474,0.096411355115158,2.41028387787895,0.048205677557579,8.532404927691484,22.127775492116186,9.73754686663096,1.6871987145152652,0.4857142857142857,1.3497589716122125,0.6785714285714286,4.338510980182111,3.760042849491162,1.9282271023031603,1.3497589716122125,0.9641135511515802,60.80239130434782,11.035054347826089,30.591203174654144,10.514861351257885
9452,Gary O''Neil,Norwich City,Premier League,27,1858.0,0.5328310010764262,0.0,22.350288500953976,1.5984930032292788,0.6666666666666666,130.010764262648,0.8719052744886975,47.325080731969855,0.7512794268167861,0.38751345532831,0.0,0.77502691065662,0.1453175457481162,12.351991388589882,22.56741268761515,18.64908503767492,2.761033369214209,0.6491228070175439,1.5016146393972012,0.8064516129032258,6.58772874058127,2.5672766415500536,1.6469321851453176,2.082884822389666,0.9203444564047364,60.957712369597616,43.85171385991058,22.23412485081213,19.90119204725513
12325,Abdul Rahman Baba,Chelsea,Premier League,15,1070.0,0.5046728971962616,0.0,21.203255863075302,1.0934579439252337,0.6923076923076923,146.27102803738316,2.102803738317757,54.75700934579439,0.804915514592934,0.1682242990654205,0.0841121495327102,1.9345794392523363,0.0841121495327102,5.214953271028037,16.873913532181263,19.766355140186917,4.037383177570093,0.5833333333333334,2.102803738317757,0.6,5.299065420560748,2.94392523364486,1.3457943925233644,1.514018691588785,0.5046728971962616,60.76635997699828,11.12547441058079,27.324109486050336,10.303318287360456
3472,Willian Borges da Silva,Chelsea,Premier League,35,2840.0,1.869718309859155,0.1584507042253521,24.23506633472181,3.295774647887324,0.6730769230769231,173.2183098591549,7.573943661971831,55.29929577464789,0.7467048710601719,2.408450704225352,0.2218309859154929,3.137323943661972,0.380281690140845,11.94718309859155,20.15595544670488,15.338028169014084,1.5211267605633805,0.6666666666666666,0.6971830985915493,0.5909090909090909,5.735915492957746,0.4119718309859155,0.1901408450704225,0.9190140845070424,2.313380281690141,75.39244420051226,50.70175631174534,24.2732096765796,23.491498034418747
3483,Mamadou Sakho,Liverpool,Premier League,22,1934.0,0.2792140641158221,0.046535677352637,10.247231530187056,0.139607032057911,1.0,156.8717683557394,1.6752843846949328,57.890382626680456,0.8778135048231511,0.186142709410548,0.0,0.0,0.0,9.07445708376422,20.654125256511254,5.816959669079628,1.5822130299896586,0.5,1.489141675284385,0.71875,6.282316442605998,6.980351602895553,5.258531540847984,0.4653567735263702,0.7445708376421923,42.248798576090174,24.84603975081578,17.769615845477006,11.928762577620803
3537,Jack Butland,Stoke City,Premier League,31,2910.0,0.0,0.0,19.71618752593094,0.0309278350515463,1.0,76.60824742268042,0.0,31.329896907216497,0.543928923988154,0.0309278350515463,0.0,0.0,0.0,23.164948453608247,53.0279769621915,0.1855670103092783,0.0,0.6086956521739131,0.0,0.618734335839599,5.907216494845361,0.0,0.0,0.0309278350515463,0.0618556701030927,8.97908760597497,40.53867581752119,6.650990824039471,8.210858994810067
4724,Glen Johnson,Stoke City,Premier League,25,2271.0,0.71334214002642,0.0,22.247969347618746,2.85336856010568,0.5277777777777778,128.63936591809775,2.298546895640687,47.75429326287978,0.7842323651452282,0.6340819022457067,0.11889035667107,1.4663143989431968,0.23778071334214,6.895640686922061,19.80734678758506,8.520475561426684,1.822985468956407,0.6739130434782609,1.1889035667107,0.7,5.112285336856011,1.6248348745046235,0.6340819022457067,0.5548216644649934,0.47556142668428,62.59796672828097,67.94177449168208,26.31022836521612,10.75664942695012
4035,Ryan Shawcross,Stoke City,Premier League,20,1767.0,0.4074702886247878,0.0,9.345231767610551,0.3565365025466893,0.5714285714285714,81.18845500848897,1.7317487266553482,30.0509337860781,0.7593220338983051,0.0509337860780984,0.0,0.1018675721561969,0.0,8.149405772495756,24.612358175762708,9.219015280135824,2.241086587436333,0.5454545454545454,1.3242784380305603,0.6538461538461539,2.1901528013582343,6.723259762308999,3.66723259762309,1.0186757215619695,0.1018675721561969,39.15194479297365,53.22854454203262,19.91793544593844,14.490942769481636
40121,Philipp Wollscheid,Stoke City,Premier League,31,2800.0,0.0964285714285714,0.0,20.734739657806244,0.2892857142857142,0.8888888888888888,104.625,0.8035714285714285,38.53928571428571,0.841534612176814,0.1285714285714285,0.0,0.0,0.0,9.675,24.14180099101751,11.34642857142857,2.571428571428571,0.5875,2.121428571428571,0.6212121212121212,3.5357142857142856,6.364285714285714,2.7642857142857142,0.6749999999999999,0.6107142857142857,38.13975422427036,29.96725038402458,17.622831126073894,15.7526320322007
3467,Erik Pieters,Stoke City,Premier League,35,3222.0,0.1396648044692737,0.0,29.55875826499306,0.6983240223463687,0.48,136.2290502793296,0.5865921787709497,54.63687150837988,0.7489775051124744,0.5027932960893855,0.0279329608938547,1.9273743016759772,0.1396648044692737,9.664804469273742,20.810968866104293,16.731843575418992,3.324022346368715,0.5042016806722689,2.067039106145251,0.5,4.720670391061452,3.4636871508379885,2.1229050279329607,1.8435754189944131,1.3687150837988826,55.69423826122616,11.434836989952842,25.825982803329524,10.270260922724104
3480,Geoff Cameron,Stoke City,Premier League,30,2449.0,0.587995100040833,0.0,16.346170342920303,1.139240506329114,0.6774193548387096,121.67823601469988,1.3964883625969784,43.6218864842793,0.7624262847514743,0.3307472437729685,0.0,0.3307472437729685,0.1837484687627603,9.297672519395672,21.915338375821403,14.663127807268271,1.8374846876276032,0.66,1.9477337688852596,0.660377358490566,5.255206206614945,4.63046141282156,3.1237239689669254,1.0657411188240098,0.5144957125357289,48.84173965569313,52.20549682875265,22.417112883668565,18.27160103539842
9625,Glenn Whelan,Stoke City,Premier League,37,3276.0,0.3021978021978022,0.0,29.146103224983797,0.6318681318681318,0.782608695652174,154.72527472527472,0.3021978021978022,55.96153846153846,0.8615611192930781,0.5769230769230769,0.0274725274725274,0.2197802197802197,0.0274725274725274,10.43956043956044,21.005219586617574,15.604395604395604,2.197802197802198,0.6125,1.6483516483516485,0.5166666666666667,6.785714285714286,2.8846153846153846,1.456043956043956,0.8241758241758241,0.6868131868131868,54.17659801136363,41.09856178977273,19.964408474984147,17.455694922244824
3533,Xherdan Shaqiri,Stoke City,Premier League,27,2049.0,1.7130307467057102,0.1317715959004392,24.848310014925477,3.777452415812592,0.4883720930232558,133.92386530014642,4.260614934114202,36.67642752562226,0.6910179640718563,1.888726207906296,0.219619326500732,3.55783308931186,0.6149341142020498,8.872620790629576,21.719158474730538,11.112737920937043,0.8345534407027819,0.3157894736842105,0.4831625183016105,0.7272727272727273,5.446559297218156,0.219619326500732,0.219619326500732,1.3177159590043923,1.4494875549048316,76.99527714004591,58.02676287307314,24.371928241097024,19.98086634897523
4891,Ibrahim Afellay,Stoke City,Premier League,31,2173.0,1.6152784169351126,0.082834790612057,22.974348430586957,2.443626323055683,0.6779661016949152,174.9056603773585,2.6092959042797976,55.12655315232398,0.8610067618332081,0.7869305108145421,0.082834790612057,1.242521859180856,0.2070869765301426,11.431201104463875,21.17548748129227,14.330418775885873,1.159687068568799,0.75,0.4555913483663139,0.3636363636363636,6.543948458352508,0.5384261389783709,0.5798435342843995,1.0354348826507134,1.7395306028531985,64.74788065356383,36.380274686242,21.21586625488724,20.69679414592668
3325,Marko Arnautović,Stoke City,Premier League,34,2888.0,2.2437673130193905,0.2493074792243767,18.741158258620946,4.17590027700831,0.5746268656716418,135.5921052631579,10.751385041551249,36.18074792243768,0.7708871662360034,1.371191135734072,0.1869806094182825,1.4646814404432134,0.6232686980609419,4.300554016620499,17.45429559112834,15.270083102493077,1.8074792243767317,0.7241379310344828,0.997229916897507,0.90625,4.830332409972299,0.5297783933518005,0.4986149584487535,1.5270083102493075,1.028393351800554,74.96233049873592,18.371316938634795,25.32254969115712,16.190202498481575
4913,Bojan Krkíc Pérez,Stoke City,Premier League,27,1741.0,1.9126938541068352,0.2584721424468696,22.28728092803153,4.549109707064905,0.5,148.8799540493969,7.392303273980471,39.18437679494544,0.8034300791556728,1.344055140723722,0.0516944284893739,0.9821941412981046,0.5686387133831131,5.479609419873636,18.40841547229552,14.732912119471568,0.5686387133831131,0.4545454545454545,0.6203331418724871,0.8333333333333334,4.962665134979897,0.2067777139574957,0.3101665709362435,0.5169442848937392,1.8093049971280872,73.30673611111115,33.871493055555554,21.541070827667276,21.784233193443853
3333,David de Gea Quintana,Manchester United,Premier League,34,3190.0,0.0,0.0,19.71618752593094,0.0,0.5833333333333334,66.10344827586208,0.0,26.9717868338558,0.6234309623430963,0.0,0.0,0.0,0.0564263322884012,19.467084639498434,48.58767709466527,0.0282131661442006,0.0,0.6086956521739131,0.0,0.618734335839599,3.752351097178684,0.0282131661442006,0.0,0.0,0.0,7.53674775928297,40.70806658130602,5.316900072795352,7.4087816744124035
3612,Ashley Young,Manchester United,Premier League,18,1114.0,0.5655296229802513,0.0807899461400359,19.44833039866136,3.070017953321364,0.3684210526315789,172.9712746858169,3.393177737881508,62.69299820466786,0.7358247422680413,0.6463195691202872,0.1615798922800718,4.847396768402154,0.2423698384201077,12.03770197486535,19.951946122164948,11.22980251346499,1.77737881508079,0.4090909090909091,1.2118491921005383,0.6666666666666666,6.220825852782764,2.1005385996409336,1.131059245960503,1.4542190305206462,1.615798922800718,72.21139654367117,51.06548341896308,26.556681266841498,30.05841268910334
10958,Chris Smalling,Manchester United,Premier League,35,3280.0,0.5762195121951219,0.0,10.813663476851586,0.2195121951219512,0.875,112.03353658536584,2.9359756097560976,41.76219512195122,0.8409986859395532,0.1371951219512195,0.0274390243902439,0.0274390243902439,0.0,10.564024390243905,23.81297782887648,11.332317073170731,1.975609756097561,0.6388888888888888,1.3170731707317074,0.5416666666666666,3.6219512195121952,6.640243902439025,5.460365853658536,1.2896341463414631,0.4115853658536585,44.74778349253001,45.32245897624297,19.70929547327988,16.49039523708145
3311,Daley Blind,Manchester United,Premier League,35,3237.0,0.1112140871177015,0.0278035217794253,26.361911220206657,0.4726598702502317,0.7647058823529411,159.6200185356812,0.5560704355885079,61.584800741427244,0.8063205417607223,0.7506950880444856,0.0278035217794253,0.6950880444856349,0.1390176088971269,17.93327154772938,24.803331807295717,15.041705282669138,2.5301204819277108,0.4945054945054945,1.8628359592215011,0.6567164179104478,4.504170528266914,4.170528266913809,1.3345690454124188,0.917516218721038,0.4726598702502317,47.13805957150322,21.71492771294199,23.90016304884341,15.078365640234226
4751,Michael Carrick,Manchester United,Premier League,28,2051.0,0.3071672354948805,0.0,24.074285144868394,0.5265724037055095,0.5833333333333334,187.45977571916137,0.6582155046318868,68.54217454900048,0.8661971830985915,0.3510482691370063,0.0,0.2632862018527547,0.3949293027791321,13.471477328132618,21.77436072298336,11.803998049731838,1.886884446611409,0.5813953488372093,1.6235982447586543,0.5945945945945946,4.651389566065334,2.0185275475377864,1.0970258410531448,0.7020965382740126,0.83373963920039,58.62059925093634,42.050046816479394,19.27809848737258,18.1873260702563
3606,Ander Herrera Agüera,Manchester United,Premier League,27,1592.0,1.35678391959799,0.1130653266331658,21.44631013174347,1.9786432160804024,0.6,195.03768844221105,4.805276381909548,63.42964824120603,0.8190730837789661,1.1306532663316584,0.1130653266331658,1.2437185929648242,0.3391959798994975,8.819095477386934,17.96308716203209,20.57788944723618,3.222361809045226,0.7543859649122807,1.4133165829145728,0.72,5.483668341708543,1.526381909547739,0.3957286432160804,1.7525125628140703,1.6394472361809045,69.82159420289855,45.49588405797101,22.66324625449432,20.83150360582049
3294,Juan Manuel Mata García,Manchester United,Premier League,38,2982.0,1.7505030181086518,0.1509054325955734,18.41210125901198,1.841046277665996,0.6557377049180327,179.75855130784709,9.627766599597583,57.76659959758551,0.8537095088819227,1.3883299798792756,0.1509054325955734,1.5694164989939638,0.6338028169014085,8.933601609657948,18.34337708597178,11.951710261569415,0.9356136820925554,0.4838709677419355,0.6941649899396378,0.8695652173913043,4.798792756539235,0.5130784708249497,0.3018108651911468,0.8148893360160966,1.2374245472837022,74.99998321020823,50.35565815983882,23.094114718989395,21.37058336431405
3296,Marouane Fellaini-Bakkioui,Manchester United,Premier League,18,1106.0,1.790235081374322,0.081374321880651,12.117582444916248,1.7088607594936709,0.5714285714285714,161.03978300180833,14.972875226039784,48.90596745027125,0.8219633943427621,0.8137432188065099,0.0,0.162748643761302,0.0,4.882459312839059,16.692575946921792,18.227848101265824,1.790235081374322,0.7727272727272727,0.8137432188065099,0.8,7.32368896925859,1.7088607594936709,5.045207956600362,3.092224231464738,1.2206148282097649,69.29449216776149,38.62334512379989,24.345574515016303,21.934004802537924
2988,Memphis Depay,Manchester United,Premier League,29,1576.0,3.197969543147208,0.1142131979695431,23.56906511886878,3.769035532994924,0.5,162.63959390862942,11.706852791878172,42.88705583756345,0.7283621837549934,0.6852791878172588,0.0,3.597715736040609,0.2855329949238578,5.539340101522843,17.10516895486019,10.678934010152284,0.6852791878172588,0.75,0.4568527918781725,0.875,4.968274111675127,0.5710659898477157,0.5710659898477157,1.2563451776649746,2.2271573604060912,82.28662219101126,17.949367977528087,21.726478792598492,16.331183968875823
20039,Anthony Martial,Manchester United,Premier League,31,2741.0,1.871579715432324,0.3611820503465888,16.965976101749614,4.465523531557825,0.5367647058823529,141.81320685881064,14.447282013863552,30.79897847500912,0.7601279317697228,1.0507114191900766,0.0985041955490696,1.543232396935425,0.1970083910981393,2.002918642831084,14.556065740938168,12.21452024808464,1.1492156147391464,0.7714285714285715,0.4596862458956585,0.7142857142857143,4.334184604159066,0.7223641006931777,2.1999270339292227,1.280554542137906,2.101422838380153,82.10845103033107,29.17089604075017,21.721169966497097,24.920936389571487
3538,Wayne Mark Rooney,Manchester United,Premier League,28,2496.0,2.5600961538461537,0.2524038461538461,21.00643543833005,1.8028846153846152,0.6,153.89423076923077,12.51201923076923,43.08894230769231,0.799163179916318,1.2620192307692306,0.1802884615384615,1.5504807692307692,0.360576923076923,9.08653846153846,20.65900809007531,10.348557692307692,0.9375,0.5384615384615384,0.3245192307692307,0.8888888888888888,4.182692307692308,0.5408653846153846,1.298076923076923,1.2259615384615383,0.7932692307692307,76.05890346766635,35.329358013120896,20.720440896915424,19.22044629119832
3603,Mame Biram Diouf,Stoke City,Premier League,26,1360.0,2.117647058823529,0.3308823529411764,13.355809783232962,1.3897058823529411,0.5714285714285714,84.375,13.301470588235292,18.0,0.7316176470588235,0.4632352941176471,0.0661764705882353,0.3308823529411764,0.0,2.051470588235294,15.919862287316178,14.029411764705882,1.1911764705882353,0.6666666666666666,0.5294117647058824,0.625,3.5073529411764706,1.125,3.044117647058824,1.5220588235294117,1.8529411764705883,77.90847058823532,42.35090196078431,24.658196561405227,23.692413387572905
3636,Charlie Adam,Stoke City,Premier League,22,1104.0,2.282608695652174,0.0815217391304347,30.813480061783896,1.548913043478261,0.5263157894736842,140.3804347826087,1.875,48.09782608695652,0.7322033898305085,0.7336956521739131,0.0815217391304347,1.3043478260869563,0.4076086956521739,16.54891304347826,26.54386389661017,16.71195652173913,1.7934782608695652,0.5454545454545454,0.5706521739130435,1.0,7.336956521739131,1.3043478260869563,1.7119565217391304,2.8532608695652173,2.364130434782609,58.97874564459931,32.699593495934955,22.50593162348009,18.70348725170856
3265,José Luis Sanmartín Mato,Stoke City,Premier League,22,1164.0,2.242268041237113,0.3092783505154639,16.88350044753715,1.9329896907216493,0.4,113.659793814433,12.603092783505154,29.072164948453608,0.7127659574468085,0.6185567010309279,0.0773195876288659,0.9278350515463918,0.2319587628865979,2.8608247422680413,15.308017745744683,20.489690721649485,0.8505154639175259,0.6363636363636364,0.3092783505154639,0.5,3.634020618556701,0.6958762886597938,4.407216494845361,1.7010309278350515,1.6237113402061856,76.75217687074829,41.79238095238095,21.930528655232425,22.673482588663184
3288,Miguel Ángel Britos Cabrera,Watford,Premier League,24,2162.0,0.2913968547641073,0.0,8.93445802833953,0.3330249768732655,0.875,84.29694727104533,1.4986123959296946,32.13691026827012,0.6852331606217616,0.0,0.0,0.0416281221091581,0.0416281221091581,11.822386679000925,27.76056830621761,7.11840888066605,1.2488436632747455,0.4666666666666667,1.123959296947271,0.5185185185185185,3.0388529139685474,7.409805735430157,3.704902867715079,0.8741905642923219,0.7493061979648473,38.49688888888888,26.40671604938272,19.17252471379905,14.4066642442922
40118,Ikechi Anya,Watford,Premier League,28,1781.0,0.5053340819764177,0.0,21.506478362310315,1.4149354295339696,0.6071428571428571,123.7563166760247,4.396406513194834,43.761931499157775,0.7159353348729792,0.7580011229646266,0.0505334081976417,2.375070185289163,0.0505334081976417,5.861875350926446,17.916532919110853,10.157215047725996,0.8085345311622684,0.5625,0.8590679393599101,0.7058823529411765,5.053340819764177,2.0718697361033125,1.111734980348119,0.1516002245929253,1.0106681639528354,69.35185790118415,34.583217639853,28.82737100265448,29.076695728390806
3670,Jonathan Walters,Stoke City,Premier League,27,1821.0,1.6309719934102145,0.2471169686985173,13.374002672048173,1.6803953871499178,0.4705882352941176,109.07742998352552,14.184514003294892,26.54036243822076,0.638733705772812,0.9390444810543658,0.0988467874794069,1.3344316309719937,0.1482701812191104,2.7182866556836904,15.97687510837989,10.971993410214168,0.4448105436573311,0.5555555555555556,0.4942339373970346,0.6,3.410214168039539,0.9390444810543658,5.28830313014827,0.6919275123558485,1.28500823723229,79.04888989578615,46.94304485727231,24.96535410633789,22.231779940022065
19288,Martín Gastón Demichelis,Manchester City,Premier League,20,1082.0,0.4158964879852125,0.0,12.965253445152287,0.499075785582255,0.8333333333333334,128.5951940850277,2.578558225508318,47.1626617375231,0.8606701940035273,0.33271719038817,0.0,0.0,0.0,7.818853974121996,20.607648361552027,9.89833641404806,1.9131238447319776,0.5217391304347826,2.162661737523105,0.5384615384615384,3.659889094269871,6.238447319778189,3.659889094269871,1.0813308687615526,0.6654343807763401,49.46558861578266,41.08525226390686,19.94354174297514,18.0339629235171
16003,Fernando Francisco Reges,Manchester City,Premier League,24,1792.0,0.8035714285714286,0.1004464285714285,11.571870465769187,1.1049107142857144,0.9090909090909092,131.98660714285714,3.264508928571429,45.703125,0.889010989010989,0.2511160714285714,0.0,0.0,0.1004464285714285,7.633928571428572,18.913266761648348,20.892857142857142,3.063616071428572,0.7377049180327869,2.310267857142857,0.6521739130434783,5.072544642857143,1.8080357142857144,1.8582589285714288,1.6573660714285714,0.8035714285714286,62.0228310502283,41.17001522070016,19.87964174889233,17.606210173732872
20287,John Terry,Chelsea,Premier League,24,2076.0,0.4335260115606936,0.0433526011560693,9.23382498863852,0.130057803468208,0.3333333333333333,98.6271676300578,2.03757225433526,40.44797687861272,0.9142550911039656,0.130057803468208,0.0,0.0,0.0,5.158959537572255,19.51771537867095,5.028901734104046,1.213872832369942,0.6071428571428571,1.1705202312138727,0.7037037037037037,1.8208092485549128,5.202312138728324,2.8179190751445087,0.4335260115606936,0.2601156069364161,42.23815384615386,26.922857142857147,18.339880381722526,12.075632924118432
4587,Matteo Darmian,Manchester United,Premier League,28,1984.0,0.3175403225806452,0.0453629032258064,25.45350722568827,0.8618951612903226,0.5263157894736842,137.1320564516129,1.7237903225806452,52.484879032258064,0.7847882454624028,0.498991935483871,0.0,1.7691532258064515,0.0453629032258064,7.80241935483871,19.111358568150397,15.74092741935484,3.991935483870968,0.5909090909090909,1.6784274193548387,0.4594594594594595,2.993951612903226,3.356854838709677,1.3155241935483872,1.40625,1.0433467741935485,63.96569632815085,53.50258021832617,27.27945341219568,28.85701011378938
3600,Morgan Schneiderlin,Manchester United,Premier League,29,2306.0,0.4293148308759757,0.039028620988725,17.79283864319705,1.0147441457068518,0.7307692307692307,162.82740676496098,2.575888985255854,57.918473547268,0.8901617250673854,0.3512575888985256,0.0,0.1951431049436253,0.039028620988725,9.24978317432784,19.397187133659035,19.904596704249784,2.6539462272333045,0.6029411764705882,2.45880312228968,0.5555555555555556,5.659150043365135,1.9904596704249784,1.4830875975715525,2.341717259323504,0.7025151777970512,58.14937679769894,41.31438159156279,20.046037308855663,19.052155525778534
18414,Bastian Schweinsteiger,Manchester United,Premier League,18,1250.0,0.8639999999999999,0.072,18.044872731549344,1.656,0.7391304347826086,227.16,3.384,78.192,0.850828729281768,0.6479999999999999,0.0,0.504,0.36,11.88,19.718770399079187,17.496,3.024,0.5476190476190477,0.72,0.6,6.335999999999999,1.656,1.872,1.7999999999999998,1.7279999999999998,63.0224088748019,30.11610142630745,20.99203732286027,18.9926401797548
3293,Jesse Lingard,Manchester United,Premier League,25,1695.0,1.646017699115044,0.2123893805309734,19.63132181851605,1.8584070796460177,0.3428571428571428,142.24778761061947,7.486725663716814,40.93805309734513,0.8236057068741893,0.7433628318584071,0.0530973451327433,1.168141592920354,0.3185840707964602,2.920353982300885,15.09596026095979,20.97345132743363,2.0707964601769917,0.5384615384615384,1.0619469026548671,0.6,4.513274336283186,0.6902654867256637,0.3185840707964602,1.4336283185840708,1.2212389380530972,76.60873460246361,47.36405375139978,23.979718284255817,25.282694534356967
3623,Adrián San Miguel del Castillo,West Ham United,Premier League,32,3012.0,0.0,0.0,19.71618752593094,0.0298804780876494,1.0,73.74501992031873,0.0,29.820717131474105,0.5571142284569138,0.0,0.0,0.0,0.0,23.24701195219124,51.13719811803608,0.0597609561752988,0.0,0.6086956521739131,0.0,0.618734335839599,5.079681274900398,0.1195219123505976,0.0,0.0298804780876494,0.0597609561752988,9.704983792544567,40.38253646677471,7.174382909874596,8.615358805219556
3316,James Tomkins,West Ham United,Premier League,25,2042.0,0.3525954946131244,0.0,22.160171709450918,0.3966699314397649,0.5555555555555556,103.9275220372184,1.4985308521057787,42.44368266405485,0.7757009345794392,0.4407443682664055,0.0,0.5729676787463271,0.0881488736532811,9.299706170421157,21.776482280166142,11.94417238001959,2.9529872673849167,0.4925373134328358,0.9255631733594516,0.6190476190476191,3.437806072477963,5.685602350636631,2.556317335945152,0.7933398628795298,0.7051909892262488,48.58698049194233,62.093850720949966,25.19499114078058,15.228351767519769
4280,Winston Reid,West Ham United,Premier League,24,2235.0,0.7248322147651006,0.0402684563758389,11.035639864206926,0.0805369127516778,1.0,90.68456375838926,2.4966442953020134,33.261744966442954,0.8365617433414043,0.1610738255033557,0.0402684563758389,0.0,0.0,9.664429530201344,25.617603832203383,9.986577181208052,1.9731543624161072,0.7551020408163265,1.6510067114093958,0.5853658536585366,2.577181208053691,7.127516778523489,2.657718120805369,0.9664429530201342,1.1677852348993287,40.89622557726464,42.28552397868561,20.58750200636499,18.156728712783117
3843,Angelo Obinze Ogbonna,West Ham United,Premier League,28,2441.0,0.2212208111429742,0.0,15.474194654981028,0.3318312167144613,0.6666666666666666,95.53052027857436,0.9217533797623924,35.1741089717329,0.7955974842767296,0.0737402703809914,0.0,0.0,0.1474805407619828,8.000819336337567,22.87189120345912,8.775092175337976,1.7697664891437936,0.6458333333333334,1.6960262187628024,0.6739130434782609,3.576403113478083,6.341663252765261,3.2445718967636217,0.8480131093814012,0.6267922982384269,40.52863759166343,23.999614048629876,19.02787302330677,12.358277556600592
3062,Aaron Cresswell,West Ham United,Premier League,37,3472.0,0.6998847926267281,0.0518433179723502,24.91370297640236,0.8813364055299538,0.4705882352941176,128.338133640553,2.980990783410138,48.57718894009216,0.7481323372465315,1.0627880184331795,0.1036866359447004,2.4107142857142856,0.0518433179723502,10.9389400921659,22.149754268089644,8.735599078341014,1.140552995391705,0.5454545454545454,0.9850230414746544,0.5526315789473685,4.380760368663594,2.773617511520737,1.5034562211981566,0.6739631336405529,0.907258064516129,62.69739446576451,10.89731367400525,28.20341480786682,9.748086257003363
3963,Victor Moses,West Ham United,Premier League,21,1020.0,1.8529411764705883,0.088235294117647,20.71085890216133,4.147058823529412,0.4893617021276595,116.64705882352942,8.470588235294118,27.0,0.7549019607843137,1.2352941176470589,0.1764705882352941,2.117647058823529,0.0,2.647058823529412,16.558582187254906,11.823529411764708,1.5,0.5882352941176471,0.5294117647058824,0.3333333333333333,5.029411764705882,0.1764705882352941,0.7941176470588236,1.6764705882352942,2.2058823529411766,80.02186081694401,44.04417549167928,23.539284417958083,27.427882609512803
3874,Mark Noble,West Ham United,Premier League,37,3316.0,0.9227985524728588,0.1085645355850422,21.14482778754465,1.0856453558504222,0.7,149.5747889022919,1.9813027744270204,52.73522316043425,0.8553782810087494,1.1670687575392038,0.1085645355850422,0.4342581423401688,0.1628468033775633,9.987937273823883,20.377828767400928,16.366103739445112,2.5241254523522314,0.5161290322580645,1.2484921592279854,0.5434782608695652,6.622436670687575,0.7056694813027744,0.4885404101326899,1.275633293124246,1.6284680337756332,62.15988023952095,42.61264743240791,21.758133773926293,22.0338749135927
3684,Cheikhou Kouyaté,West Ham United,Premier League,34,3141.0,1.318051575931232,0.1432664756446991,14.990853147760188,1.2893982808022924,0.7111111111111111,110.08595988538684,5.587392550143266,35.95988538681949,0.7952191235059761,0.4011461318051576,0.0573065902578796,0.4297994269340974,0.0859598853868194,4.068767908309456,17.156509156334664,15.530085959885389,2.636103151862464,0.5217391304347826,1.346704871060172,0.5319148936170213,5.759312320916906,2.722063037249284,3.2378223495702008,1.1461318051575933,1.375358166189112,60.58880791254554,41.44698073919832,23.837491733938844,21.09230877173901
27853,Mauro Matías Zárate,West Ham United,"Premier League, Serie A",30,1570.0,4.012738853503185,0.4012738853503185,21.766432983602748,4.757961783439491,0.5542168674698795,138.2675159235669,8.48407643312102,34.45222929936306,0.7603993344425957,1.5477707006369428,0.0,1.7197452229299364,0.2292993630573248,4.70063694267516,17.087564790682194,16.96815286624204,1.605095541401274,0.7857142857142857,0.3439490445859873,0.8333333333333334,5.101910828025478,0.4012738853503185,0.3439490445859873,2.121019108280255,2.2929936305732483,76.78262852404642,34.930431177446096,23.201062569800836,23.907316080417285
4271,Andy Carroll,West Ham United,Premier League,27,1531.0,3.233180927498367,0.4702808621815806,14.045781468908542,1.2932723709993468,0.4545454545454545,102.63879817112998,16.636185499673417,25.453951665578053,0.6143187066974596,0.8229915088177662,0.0587851077726975,0.4702808621815806,0.2351404310907903,2.3514043109079035,15.378332482101618,9.640757674722405,0.5290659699542782,0.6666666666666666,0.2939255388634879,0.8,3.233180927498367,1.822338340953625,9.581972566949704,2.5277596342259963,1.70476812540823,76.99318442153493,38.468843069873984,23.530444914086896,19.673867938120928
3349,Michail Antonio,West Ham United,Premier League,26,2133.0,2.3628691983122363,0.3375527426160337,16.802481207093074,3.9662447257383966,0.6276595744680851,114.43037974683544,8.523206751054852,29.873417721518987,0.6497175141242938,0.8016877637130801,0.1265822784810126,2.3628691983122363,0.1265822784810126,6.919831223628692,20.82407216991525,14.38818565400844,2.109704641350211,0.64,2.151898734177215,0.5686274509803921,5.274261603375527,2.531645569620253,2.4894514767932487,1.1392405063291138,1.561181434599156,71.97061209439528,57.51755162241887,29.120097975711147,21.25594385501828
3897,Pedro Mba Obiang Avomo,West Ham United,Premier League,24,1173.0,0.690537084398977,0.0,23.30345175455736,1.1508951406649617,0.6,103.58056265984656,0.690537084398977,36.67519181585678,0.7761506276150628,0.1534526854219949,0.0767263427109974,0.3069053708439898,0.2301790281329923,6.368286445012788,19.92339114497908,21.943734015345267,3.29923273657289,0.6046511627906976,1.3043478260869563,0.7058823529411765,5.3708439897698215,2.378516624040921,2.6854219948849107,1.7647058823529411,1.227621483375959,56.88466666666668,40.48125925925927,21.02394706219725,20.523539797551308
21254,Carl Jenkinson,West Ham United,Premier League,20,1302.0,0.4838709677419355,0.1382488479262673,22.324662476784702,0.967741935483871,0.2857142857142857,122.55760368663596,2.0737327188940093,48.80184331797236,0.7322946175637394,0.4147465437788019,0.0,1.5898617511520738,0.0,8.640552995391706,20.755695168413595,9.746543778801843,2.004608294930876,0.4827586206896552,0.5529953917050692,0.625,4.907834101382489,3.870967741935484,1.7281105990783412,1.036866359447005,0.3456221198156682,60.654596728708405,65.73333333333335,27.17268205994552,16.94128775159839
3490,James Morrison,West Bromwich Albion,Premier League,18,1392.0,1.5517241379310347,0.1939655172413793,19.57160459232194,2.327586206896552,0.5555555555555556,126.46551724137932,5.625,39.76293103448276,0.8065040650406504,1.0344827586206895,0.1293103448275862,0.4525862068965517,0.5172413793103449,5.689655172413794,19.02491179121952,16.293103448275865,1.9396551724137927,0.6,1.0344827586206895,0.625,6.65948275862069,1.0344827586206895,1.0344827586206895,0.646551724137931,0.8405172413793104,68.09447852760734,38.63282208588957,24.64769679388744,19.85827614118695
3464,James McArthur,Crystal Palace,Premier League,28,2254.0,0.6388642413487134,0.0798580301685891,21.70758002117883,1.3176574977817217,0.6060606060606061,121.62377994676132,1.836734693877551,42.60425909494233,0.8434864104967198,0.7586512866015972,0.0798580301685891,0.2395740905057675,0.0798580301685891,7.30700976042591,19.706262230459227,20.60337178349601,2.036379769299024,0.7450980392156863,1.5173025732031944,0.7105263157894737,7.30700976042591,1.1579414374445431,1.637089618456078,1.7968056787932565,1.1579414374445431,59.20922521339461,38.52311227839789,21.834085850228245,19.78524567582932
3329,Cédric Ricardo Alves Soares,Southampton,Premier League,24,2039.0,0.4413928396272683,0.0,24.90221393522968,1.6331535066208926,0.7567567567567568,134.97793035801865,1.9421284943599808,50.98087297694949,0.6675324675324675,1.015203531142717,0.0882785679254536,4.193231976459049,0.1765571358509073,12.579695929377149,21.52895946709956,15.492888670917118,3.0456105934281514,0.6086956521739131,0.9269249632172636,0.7619047619047619,5.031878371750858,3.2221677292790587,1.3683178028445315,1.015203531142717,0.7062285434036293,66.08943754087639,70.85634401569654,29.23926582640021,8.895965126307575
11062,Graziano Pellè,Southampton,Premier League,30,2286.0,3.228346456692913,0.4330708661417323,14.877210868109772,1.141732283464567,0.4827586206896552,134.4488188976378,19.88188976377953,35.0,0.6456692913385826,1.0236220472440944,0.2362204724409448,0.4724409448818897,0.4724409448818897,4.251968503937007,15.861575928683912,10.196850393700789,0.4330708661417323,0.7272727272727273,0.2362204724409448,0.5,2.9133858267716537,1.1023622047244095,6.0236220472440944,1.7322834645669292,1.3385826771653544,80.44732064421669,38.2684626647145,21.02448473599352,19.308679675569728
3726,Gerard Deulofeu Lázaro,Everton,Premier League,26,1445.0,0.7474048442906573,0.1245674740484429,16.8178653798012,4.110726643598616,0.5454545454545454,152.22145328719722,7.598615916955016,43.03806228373702,0.6193921852387844,1.7439446366782003,0.560553633217993,5.480968858131488,0.3737024221453286,10.027681660899653,20.68541694364689,12.705882352941176,0.8719723183391003,0.9285714285714286,0.8719723183391003,0.7857142857142857,5.5432525951557095,0.1868512110726643,0.0622837370242214,0.2491349480968858,1.0588235294117647,80.55630114566286,64.76419803600656,23.07885430306371,17.48430857568993
16334,Graham Dorrans,Norwich City,Premier League,21,1341.0,1.0738255033557047,0.0,26.98420850616007,1.2080536912751678,0.7222222222222222,151.4765100671141,1.476510067114094,51.07382550335571,0.8501971090670171,1.0067114093959733,0.0671140939597315,0.3355704697986577,0.2684563758389262,9.798657718120806,20.29942013161629,15.906040268456376,1.476510067114094,0.6818181818181818,1.0067114093959733,0.9333333333333332,6.510067114093959,1.0067114093959733,1.2080536912751678,1.5436241610738255,0.4697986577181208,61.3308817013735,45.03190075321221,21.301716110114143,19.706910315886464
10966,Wes Hoolahan,Norwich City,Premier League,30,2032.0,1.1515748031496065,0.1328740157480314,20.958613564706507,2.524606299212598,0.5789473684210527,174.64074803149606,6.776574803149606,52.26377952755905,0.7949152542372881,1.6830708661417322,0.3100393700787401,2.170275590551181,0.5757874015748031,6.55511811023622,16.740530379042376,20.77263779527559,1.4173228346456692,0.46875,0.6643700787401574,0.8,7.130905511811023,0.2657480314960629,0.3543307086614173,0.9744094488188976,2.125984251968504,73.98704032462594,39.26066446867867,22.69979865953681,23.529679667920284
3267,Luis Antonio Valencia Mosquera,Manchester United,Premier League,14,905.0,0.4972375690607734,0.0,23.963770655595606,2.585635359116022,0.8461538461538461,192.3314917127072,4.773480662983426,70.50828729281767,0.8533145275035261,0.4972375690607734,0.2983425414364641,2.7845303867403315,0.0994475138121546,8.850828729281767,17.3837497045134,14.41988950276243,2.7845303867403315,0.5,1.1933701657458564,0.5833333333333334,5.370165745856354,1.9889502762430935,1.6906077348066295,1.889502762430939,0.7955801104972375,70.1113753877973,70.02094105480869,26.26445443117872,8.894605277588065
3602,Faustino Marcos Alberto Rojo,Manchester United,Premier League,16,1286.0,0.5598755832037325,0.0,21.20207475796592,0.1399688958009331,0.5,153.82581648522552,1.6796267496111976,63.12597200622084,0.7195121951219512,0.6298600311041991,0.0699844479004665,3.0093312597200623,0.0,11.61741835147745,20.53369074645233,15.746500777604975,3.079315707620529,0.6363636363636364,1.3297045101088647,0.631578947368421,3.639191290824261,3.849144634525661,3.219284603421462,1.5396578538102643,0.9097978227060654,63.21637852593267,10.100773430391264,26.934002093590816,9.82277739367722
3101,Vincent Kompany,Manchester City,Premier League,14,1226.0,0.8075040783034257,0.1468189233278956,11.621010593266869,0.8075040783034257,0.7272727272727273,138.89070146818923,3.00978792822186,49.84502446982055,0.8424153166421208,0.2202283849918433,0.0,0.0734094616639478,0.0,14.168026101141924,25.468478087628867,7.047308319738988,1.5415986949429037,0.6666666666666666,1.5415986949429037,0.6666666666666666,4.33115823817292,6.6068515497553015,2.862969004893964,1.101141924959217,0.367047308319739,45.29873150105707,51.513266384778,19.711319026302185,12.694658050948815
6560,Marc Muniesa Martínez,Stoke City,Premier League,15,1162.0,0.2323580034423408,0.0,25.738413717730705,0.9294320137693632,0.5,116.41135972461274,0.4647160068846816,43.218588640275385,0.8207885304659498,0.3098106712564544,0.0,0.774526678141136,0.0,9.449225473321858,21.64897874480287,14.251290877796905,2.2461273666092945,0.6206896551724138,2.0137693631669538,0.6923076923076923,3.7951807228915664,3.485370051635112,1.3166953528399312,0.8519793459552496,0.5421686746987951,45.80359281437125,21.35608782435129,22.503374192162195,14.70104349486556
3077,Jan Vertonghen,Tottenham Hotspur,Premier League,29,2697.0,0.3003337041156841,0.0,16.25515228608616,0.3337041156840934,1.0,138.08676307007786,1.0344827586206895,50.923248053392655,0.8748361730013107,0.1668520578420467,0.0,0.0333704115684093,0.1334816462736373,11.21245828698554,23.213281956487556,6.273637374860956,1.6017797552836486,0.75,0.9343715239154616,0.4285714285714285,3.4371523915461624,5.372636262513904,2.7697441601779755,0.7007786429365962,0.8008898776418243,40.73373610439827,24.783204446592556,17.238734039668806,12.28457325845504
3041,Ciaran Clark,Aston Villa,Premier League,18,1520.0,0.5921052631578947,0.0592105263157894,12.088025471532008,0.4736842105263157,0.75,96.92763157894736,2.901315789473684,34.57894736842105,0.761986301369863,0.1776315789473684,0.0,0.1184210526315789,0.1184210526315789,8.822368421052632,24.177039383561645,10.302631578947368,1.3618421052631575,0.391304347826087,1.894736842105263,0.5625,3.375,7.282894736842104,3.7302631578947367,1.006578947368421,0.5921052631578947,42.29828955406231,25.708552229688447,21.12578027115712,15.7522386976665
42699,Gabriel Imuetinyan Agbonlahor,Aston Villa,Premier League,15,1062.0,0.9322033898305084,0.0847457627118644,15.989213050849258,1.1016949152542372,0.4615384615384615,84.91525423728814,10.169491525423728,19.745762711864405,0.6866952789699571,0.9322033898305084,0.1694915254237288,0.847457627118644,0.0,1.4406779661016949,14.958660153605148,15.423728813559322,0.6779661016949152,0.75,0.2542372881355932,1.0,2.542372881355932,0.6779661016949152,3.0508474576271185,2.0338983050847457,1.4406779661016949,77.76886227544911,36.94381237524951,22.31860810998436,19.7580147874235
3086,Ben Davies,Tottenham Hotspur,Premier League,17,1359.0,0.5960264900662252,0.0,22.66029958153304,0.6622516556291391,0.6,144.10596026490066,1.9205298013245036,58.94039735099338,0.7528089887640449,0.9271523178807948,0.1324503311258278,1.854304635761589,0.0662251655629139,8.410596026490067,19.54608638775281,12.8476821192053,1.9205298013245036,0.3793103448275862,0.728476821192053,0.7272727272727273,4.304635761589404,4.56953642384106,2.7152317880794703,1.2582781456953644,0.6622516556291391,63.06778492647059,10.641911764705878,25.444665594693944,11.068954532086176
3300,Maya Yoshida,Southampton,Premier League,20,1094.0,0.1645338208409506,0.0822669104204753,7.021742647841146,0.6581352833638026,0.75,119.3692870201097,1.7276051188299817,46.64533820840951,0.7777777777777778,0.1645338208409506,0.0,0.3290676416819013,0.0,11.846435100548446,23.858572307936505,8.226691042047532,1.3162705667276051,0.5625,1.563071297989031,0.7368421052631579,3.043875685557587,5.10054844606947,1.6453382084095065,0.6581352833638026,0.5758683729433273,46.80923501033771,43.55589248793934,22.742146973556007,25.17609349658139
3595,Manuel Lanzini,West Ham United,Premier League,26,1967.0,2.196237925775292,0.2287747839349262,23.8074732893205,3.934926283680732,0.5930232558139535,171.80986273512963,5.765124555160142,51.1997966446365,0.8659517426273459,1.464158617183528,0.0915099135739705,1.098118962887646,0.2745297407219115,6.039654295882054,17.028175651206432,12.7198779867819,1.6471784443314692,0.6388888888888888,1.1438739196746313,0.72,6.908998474834774,0.2287747839349262,0.2745297407219115,0.5948144382308083,1.784443314692425,68.2705725699068,32.79411451398136,23.093258498696294,22.121097171285463
3491,Dimitri Payet,West Ham United,Premier League,30,2677.0,2.3197609264101606,0.3025775121404557,23.78952652023146,3.698169592827792,0.6818181818181818,166.04781471796787,5.345536047814718,52.850205453866266,0.7016539440203562,3.3619723571161746,0.4034366828539409,4.202465446395219,0.9077325364213672,13.582368322749346,21.501845524109417,10.18677624206201,1.0085917071348525,0.4333333333333333,0.6051550242809114,0.7222222222222222,5.816212177810982,0.134478894284647,0.134478894284647,0.5042958535674262,1.5128875607022787,76.61429439157726,30.722474185057703,23.07941048337153,24.147185701782128
3962,Diafra Sakho,West Ham United,Premier League,21,1567.0,2.6419910657306955,0.2871729419272495,14.190528646283765,2.871729419272495,0.44,109.18315252074026,15.966815571155074,20.676451818761965,0.6305555555555555,0.6892150606253988,0.0574345883854499,1.3209955328653478,0.0574345883854499,2.1825143586470963,15.325151267138889,14.645820038289726,0.8615188257817485,0.8666666666666667,0.3446075303126994,0.5,4.422463305679642,1.206126356094448,4.422463305679642,1.148691767708998,1.780472239948947,80.83682272488161,45.00210415570753,23.90422458210654,21.636597033391453
3651,Matt Targett,Southampton,Premier League,14,1104.0,0.2445652173913043,0.0,26.281764083053773,0.4076086956521739,0.6,115.27173913043478,0.5706521739130435,45.244565217391305,0.7423423423423423,0.3260869565217391,0.0815217391304347,2.2010869565217392,0.0,8.641304347826088,20.207740010630623,10.027173913043478,1.3858695652173914,0.4705882352941176,1.3858695652173914,0.5294117647058824,4.728260869565218,3.1793478260869565,1.7934782608695652,0.3260869565217391,1.059782608695652,63.954596888260255,8.968953323903818,27.58638848502197,8.220471008425692
6870,José Manuel Jurado Marín,Watford,Premier League,27,2036.0,1.5913555992141457,0.0,25.212302611975385,3.801571709233792,0.6046511627906976,154.18467583497053,4.597249508840864,45.75147347740669,0.8028985507246377,1.7239685658153243,0.0,1.5029469548133596,0.4420432220039293,5.392927308447938,16.82399000666667,15.162082514734774,1.5029469548133596,0.5588235294117647,0.7514734774066798,0.6470588235294118,6.895874263261297,0.3978388998035363,0.5304518664047151,0.6630648330058939,1.9449901768172888,71.24291857798165,24.80905963302752,23.729989186261065,21.26205279960815
3509,Thibaut Courtois,Chelsea,Premier League,23,2114.0,0.0,0.0,19.71618752593094,0.0,0.5833333333333334,66.7123935666982,0.0,27.16177861873226,0.5799373040752351,0.0,0.0,0.0,0.0,18.56196783349101,48.431508497962376,0.1702932828760643,0.0,0.6086956521739131,0.0,0.618734335839599,4.768211920529801,0.0851466414380321,0.0,0.0851466414380321,0.1277199621570482,7.867708998085514,39.100638162093176,5.111465026097752,7.736575517723601
30702,Brendan Joel Zibusiso Galloway,Everton,Premier League,15,1268.0,0.638801261829653,0.0,16.14582469112803,0.9936908517350158,0.2142857142857142,102.98895899053628,3.05205047318612,37.40536277602524,0.8045540796963947,0.2839116719242902,0.0709779179810725,0.4258675078864353,0.0709779179810725,2.7681388012618298,15.754876129981028,17.247634069400632,3.548895899053628,0.6,0.7807570977917981,0.7272727272727273,4.613564668769716,2.058359621451104,0.7807570977917981,0.8517350157728707,2.1293375394321767,61.60923501033769,10.348518263266714,27.40444907777348,8.869659770709934
3973,Àngel Rangel Zaragoza,Swansea City,Premier League,23,1896.0,0.6645569620253164,0.0,22.606277022282224,1.0443037974683544,0.6363636363636364,187.73734177215192,2.373417721518988,75.18987341772153,0.8005050505050505,0.6170886075949368,0.0,1.708860759493671,0.1424050632911392,12.341772151898734,20.124364639898992,10.253164556962028,1.9462025316455696,0.7560975609756098,1.708860759493671,0.6111111111111112,4.462025316455697,4.319620253164557,2.420886075949367,0.8544303797468356,0.8069620253164558,58.78465233881163,69.46900126422251,24.24837939974076,9.857814185690009
3297,Andros Townsend,Newcastle United,Premier League,16,1205.0,2.16597510373444,0.2987551867219917,23.456946290283334,5.452282157676349,0.6301369863013698,141.23651452282158,5.228215767634855,35.9253112033195,0.6943866943866944,2.091286307053942,0.1493775933609958,3.5103734439834025,0.0,4.854771784232365,16.836002403950104,20.688796680497926,2.240663900414938,0.4,1.7178423236514522,0.5652173913043478,5.526970954356846,0.896265560165975,0.2240663900414937,0.7468879668049793,1.1950207468879668,76.45314648334214,56.49254362771021,24.081906428440146,23.46854353435865
3482,James Collins,West Ham United,Premier League,19,1508.0,0.7758620689655172,0.0,12.68342532394052,0.2387267904509283,0.75,89.16445623342175,3.163129973474801,33.12334217506631,0.7837837837837838,0.059681697612732,0.0,0.059681697612732,0.0,8.952254641909814,25.76324535081081,6.266578249336869,1.0742705570291775,0.5,1.4323607427055702,0.5,2.26790450928382,10.26525198938992,4.655172413793103,0.7758620689655172,0.4177718832891246,40.866198125836696,45.6702141900937,20.906417399709248,16.432840981966383
3052,Pablo Javier Zabaleta Girod,Manchester City,Premier League,13,1106.0,0.244122965641953,0.0,20.29629700712028,0.7323688969258589,0.4444444444444444,152.41410488245933,2.766726943942134,58.75226039783002,0.8365650969529086,0.0,0.081374321880651,0.8137432188065099,0.0,6.021699819168174,15.928286532548476,13.91500904159132,3.1735985533453888,0.6923076923076923,1.301989150090416,0.5625,3.4177215189873418,3.25497287522604,1.790235081374322,1.301989150090416,0.7323688969258589,65.66337426588362,69.46465563267485,25.01685184806337,9.520998239479908
3081,Jamaal Lascelles,Newcastle United,Premier League,18,1221.0,0.2948402948402948,0.1474201474201474,8.127635435272726,0.3685503685503685,0.6,95.52825552825551,1.769041769041769,33.98034398034398,0.8308026030368764,0.1474201474201474,0.0,0.1474201474201474,0.0737100737100737,7.002457002457002,21.353282703036875,7.297297297297297,0.8845208845208845,0.3333333333333333,2.285012285012285,0.5806451612903226,3.611793611793612,7.592137592137592,4.717444717444717,0.8845208845208845,0.2211302211302211,40.35177469135802,31.811805555555555,20.608708603579736,18.671615361204267
42900,Cheik Ismaël Tioté,Newcastle United,Premier League,20,1258.0,0.1430842607313195,0.0,30.48477657170971,1.5023847376788553,0.6666666666666666,163.6168521462639,0.3577106518282988,60.81081081081081,0.86,0.5723370429252782,0.0,0.0,0.1430842607313195,10.302066772655008,20.011265376117645,21.248012718600958,3.720190779014308,0.6923076923076923,2.7901430842607318,0.6410256410256411,6.796502384737678,3.29093799682035,3.21939586645469,2.7901430842607318,1.0015898251192368,52.79221687800613,41.91578487101005,18.085150117447977,19.24135113307773
20046,Phil Jagielka,Everton,Premier League,21,1929.0,0.5132192846034215,0.0,16.3878458364596,0.2799377916018662,0.6666666666666666,134.04354587869364,1.3530326594090205,49.548989113530325,0.8427495291902072,0.1399688958009331,0.0,0.093312597200622,0.0,16.283048211508554,26.280432275047083,9.004665629860032,1.7262830482115086,0.4594594594594595,1.3530326594090205,0.5172413793103449,4.152410575427683,8.118195956454121,3.6858475894245726,0.4665629860031104,0.6531881804043546,40.97650539505742,37.95140967629654,19.20358824909689,18.44157816882963
3083,Heung-Min Son,Tottenham Hotspur,Premier League,28,1166.0,2.9331046312178386,0.3087478559176672,19.91697201376722,3.782161234991424,0.4897959183673469,136.31217838765008,12.041166380789022,35.12006861063465,0.789010989010989,1.3121783876500857,0.0771869639794168,0.5403087478559176,0.0771869639794168,2.0840480274442537,14.05777292857143,23.00171526586621,2.3156089193825045,0.7333333333333333,0.6174957118353345,0.875,4.785591766723842,0.4631217838765008,0.7718696397941681,1.0806174957118353,1.1578044596912522,78.32434881087201,40.82763306908267,23.49662553783888,22.651096432531176
9014,Declan Rudd,Norwich City,Premier League,11,1034.0,0.0,0.0,19.71618752593094,0.0,0.5833333333333334,72.33075435203095,0.0,29.0715667311412,0.4461077844311377,0.0,0.0,0.0,0.0,24.545454545454547,55.81362212724552,0.3481624758220503,0.0,0.6086956521739131,0.0,0.618734335839599,4.700193423597679,0.0,0.0,0.1740812379110251,0.0,8.71468110709988,40.74440433212995,6.23154129955846,8.768717747012353
28559,Enner Remberto Valencia Lastra,West Ham United,Premier League,19,1070.0,2.7757009345794392,0.3364485981308411,19.846957453608905,3.02803738317757,0.4444444444444444,109.26168224299064,10.345794392523365,21.785046728971963,0.7374517374517374,0.5887850467289719,0.1682242990654205,0.5887850467289719,0.0,1.8504672897196264,14.984935962162163,17.327102803738317,1.8504672897196264,0.5,0.6728971962616822,0.875,4.794392523364485,1.3457943925233644,2.1869158878504678,1.1775700934579438,1.7663551401869158,75.56658968437259,38.85150115473442,25.598637888252476,23.176569699653903
19847,Alessandro Diamanti,Atalanta,"Premier League, Serie A",19,967.0,2.326783867631851,0.093071354705274,26.57726487882196,2.885211995863495,0.5806451612903226,207.45604963805584,4.932781799379525,61.24095139607032,0.6474164133738601,2.047569803516029,0.093071354705274,6.421923474663909,0.186142709410548,18.335056876938985,23.52432728358663,16.194415718717682,1.5822130299896586,0.5294117647058824,0.2792140641158221,0.0,6.88728024819028,0.5584281282316442,0.3722854188210961,2.140641158221303,4.8397104446742505,74.40085240017945,42.81121579183492,23.55150887696016,25.99930788675038
3725,José Holebas,Watford,Premier League,11,982.0,1.1914460285132382,0.0,21.66533980725545,3.207739307535641,0.4857142857142857,135.54989816700612,1.5580448065173116,48.66598778004073,0.7269303201506592,0.6415478615071283,0.0,1.5580448065173116,0.0916496945010183,8.798370672097759,19.37225524387947,10.90631364562118,2.3828920570264764,0.5769230769230769,1.64969450101833,0.8333333333333334,6.232179226069246,3.84928716904277,2.19959266802444,1.0081466395112015,0.4582484725050916,57.796686950642346,11.115551048005408,26.793045450146447,10.4021478748221
20302,Gaël Clichy,Manchester City,Premier League,14,1130.0,0.1592920353982301,0.0,28.99075264845921,1.1150442477876106,0.8571428571428571,173.86725663716814,1.5132743362831858,66.82300884955752,0.7890345649582837,0.7964601769911505,0.079646017699115,2.0707964601769917,0.079646017699115,10.035398230088497,19.69988738235996,12.584070796460177,2.3893805309734515,0.6,3.345132743362832,0.5238095238095238,4.061946902654867,3.504424778761062,0.8761061946902655,0.7964601769911505,0.6371681415929203,62.27040769583141,11.45125973431058,25.265349723033527,10.977791140363916
5689,Juan Guillermo Cuadrado Bello,Juventus,"Premier League, Serie A",29,1831.0,1.8186783178590933,0.196613872200983,22.163335644254392,4.866193336974331,0.6464646464646465,180.68814855270344,8.208629164391043,53.233205898416166,0.8254847645429363,1.9169852539595849,0.196613872200983,2.703440742763517,0.0491534680502457,6.488257782632441,18.00660600175438,15.385035499726923,2.015292190060076,0.6097560975609756,0.9830693610049152,0.55,5.11196067722556,0.5898416166029492,0.4915346805024576,1.7695248498088476,4.767886400873839,74.67018498367788,64.99202937976061,24.394782127929705,15.622265127017004
3970,Fraser Forster,Southampton,Premier League,18,1697.0,0.0,0.0,19.71618752593094,0.0530347672362993,1.0,62.36888626988804,0.0,25.827931644077783,0.5256673511293635,0.0,0.0,0.0,0.0,21.956393635827933,57.68465897043121,0.0530347672362993,0.0,0.6086956521739131,0.0,0.618734335839599,2.863877430760165,0.0,0.0,0.0,0.0,8.315901360544219,40.91692176870748,6.202916025125604,8.360533157290417
4346,Gilbert Gianelli Imbula Wanga,Stoke City,Premier League,14,1316.0,1.4361702127659577,0.1367781155015197,26.00145179874939,4.171732522796352,0.6557377049180327,171.58814589665653,3.487841945288753,53.27507598784194,0.8754813863928113,0.7522796352583586,0.0,0.2735562310030395,0.547112462006079,7.044072948328267,18.3340303296534,16.55015197568389,1.025835866261398,0.8666666666666667,0.8206686930091185,0.8333333333333334,6.565349544072948,0.4787234042553191,0.9574468085106382,1.641337386018237,1.5045592705167172,63.536907134316486,36.221163810283,19.581317121963725,16.459918177729964
6950,Alberto Paloschi,Chievo,"Premier League, Serie A",31,2404.0,2.096505823627288,0.3369384359400998,13.984266694026696,1.3103161397670549,0.3428571428571428,103.7396006655574,15.162229617304494,21.863560732113147,0.6643835616438356,0.5241264559068219,0.0748752079866888,0.3743760399334442,0.0748752079866888,1.5349417637271214,14.434392121678083,17.895174708818637,0.7487520798668885,0.6,0.2620632279534109,0.5714285714285714,2.9201331114808653,0.4118136439267887,1.0108153078202995,1.9093178036605656,1.1605657237936773,77.86860339227715,40.74301696138578,23.280453127741307,20.272985870587966
5597,Keylor Navas Gamboa,Real Madrid,La Liga,34,3152.0,0.0,0.0,19.71618752593094,0.0,0.5833333333333334,65.32994923857868,0.0,25.840736040609137,0.6928176795580111,0.0285532994923857,0.0,0.0,0.0,15.932741116751268,41.874937189944745,0.1142131979695431,0.0,0.6086956521739131,0.0,0.618734335839599,4.140228426395939,0.0571065989847715,0.0,0.0571065989847715,0.1713197969543147,8.85367132867133,40.54659090909092,6.250522676076213,7.678599398832357
5721,Daniel Carvajal Ramos,Real Madrid,La Liga,22,1675.0,0.4298507462686567,0.0,23.794400176362,2.31044776119403,0.4883720930232558,181.07462686567163,4.244776119402985,65.9820895522388,0.8672638436482085,1.5044776119402985,0.2149253731343283,3.116417910447761,0.1611940298507462,7.038805970149253,17.740302133387623,15.098507462686568,1.7731343283582088,0.5151515151515151,2.2567164179104475,0.7380952380952381,4.244776119402985,1.826865671641791,1.6656716417910449,1.8805970149253728,1.5582089552238805,64.78160237388724,66.01501483679522,27.18247908020442,15.233107979299051
20016,Kléper Laveran Lima Ferreira,Real Madrid,La Liga,21,1936.0,0.6043388429752066,0.0464876033057851,13.040005838717969,0.6973140495867768,0.8,147.8305785123967,2.7427685950413223,54.715909090909086,0.864910790144435,0.2789256198347107,0.0464876033057851,0.2324380165289256,0.2324380165289256,9.71590909090909,20.86338888759558,8.274793388429751,1.3481404958677683,0.7241379310344828,1.952479338842975,0.6190476190476191,4.044421487603306,3.7190082644628095,3.300619834710744,0.9297520661157024,1.162190082644628,44.41503144654088,54.92232704402516,20.11501614924893,14.201598975213695
5485,Raphaël Varane,Real Madrid,La Liga,26,2253.0,0.4793608521970706,0.0,10.29546173788289,0.3595206391478029,0.7777777777777778,134.94007989347537,1.6378162450066578,50.25299600532623,0.8839427662957074,0.0399467376830892,0.0,0.0,0.0,12.74300932090546,23.68028652750397,6.4713715046604525,1.318242343541944,0.4545454545454545,1.877496671105193,0.5957446808510638,2.9161118508655126,5.07323568575233,3.315579227696405,0.9587217043941412,0.4793608521970706,40.4897572528123,42.664239194789815,18.51877933771432,18.16225860633696
5552,Marcelo Vieira da Silva Júnior,Real Madrid,La Liga,30,2548.0,0.7064364207221351,0.0706436420722135,19.60375703417305,3.5321821036106757,0.6,208.9992150706437,4.874411302982732,73.71664050235479,0.8183996166746527,1.5894819466248038,0.1059654631083202,3.426216640502355,0.282574568288854,12.221350078492936,19.77259557287973,9.996075353218211,2.578492935635793,0.684931506849315,2.437205651491366,0.5652173913043478,5.580847723704867,0.8124018838304553,0.4945054945054945,0.7417582417582418,1.4835164835164836,64.53508534730436,11.786462734493831,26.23624098000405,8.939363511309422
5574,Toni Kroos,Real Madrid,La Liga,32,2808.0,0.641025641025641,0.032051282051282,26.184453562289928,0.8974358974358974,0.6785714285714286,223.6217948717949,0.8333333333333333,81.79487179487178,0.9130094043887148,1.4743589743589742,0.2884615384615384,1.0256410256410255,0.3205128205128205,19.39102564102564,21.95284235125392,21.538461538461537,2.083333333333333,0.8461538461538461,1.6987179487179485,0.7169811320754716,5.032051282051282,0.2884615384615384,0.4487179487179487,1.25,1.8589743589743588,58.80646409631647,35.21244087716784,19.8910449804096,16.933435600611432
5463,Luka Modrić,Real Madrid,La Liga,32,2675.0,1.177570093457944,0.0672897196261682,23.26480355233268,2.1869158878504678,0.7230769230769231,224.34392523364485,2.1869158878504678,76.37383177570094,0.892511013215859,1.9850467289719629,0.1345794392523364,0.8074766355140187,0.7401869158878505,13.390654205607476,19.62632716535242,14.130841121495328,1.6485981308411215,0.673469387755102,2.119626168224299,0.7777777777777778,6.224299065420561,0.1682242990654205,0.3364485981308411,1.1102803738317757,2.355140186915888,62.98954709058188,49.01588182363528,20.368202166193644,18.19996888579052
4926,Francisco Román Alarcón Suárez,Real Madrid,La Liga,31,1870.0,2.021390374331551,0.1443850267379679,18.732857227232586,6.593582887700535,0.635036496350365,212.2941176470588,11.16577540106952,61.74866310160427,0.8534684333593141,1.6844919786096255,0.3368983957219251,2.7433155080213902,0.5294117647058824,6.689839572192513,16.84525198168355,16.50802139037433,1.39572192513369,0.7931034482758621,1.1550802139037433,0.6666666666666666,5.342245989304812,0.1443850267379679,0.481283422459893,1.6844919786096255,2.935828877005348,72.4935162094763,35.49700748129676,22.78803501155732,22.97678394446138
6399,Gareth Frank Bale,Real Madrid,La Liga,23,1771.0,4.116318464144551,0.9655561829474872,17.827474857454376,3.5064935064935066,0.5072463768115942,146.56126482213438,14.889892715979672,40.19762845849802,0.7458912768647282,1.981931112365895,0.5081874647092038,4.116318464144551,0.4573687182382834,5.590062111801243,17.966229015676358,10.062111801242237,0.4573687182382834,0.5555555555555556,1.2196499153020892,0.5833333333333334,3.303218520609825,0.2540937323546019,1.6261998870694525,0.7114624505928854,1.5753811405985318,79.55062413314839,47.396636615811374,22.588732177476672,22.7379737411383
5207,Cristiano Ronaldo dos Santos Aveiro,Real Madrid,La Liga,36,3274.0,6.26756261453879,0.7971899816737935,18.94087484540574,2.611484422724496,0.5684210526315789,128.56750152718388,22.07391569945021,31.50274893097129,0.7661431064572426,0.9346365302382408,0.2748930971288943,1.594379963347587,0.1649358582773366,1.841783750763592,14.01880208287958,4.700671960904093,0.3023824068417837,0.7272727272727273,0.2199144777031154,0.625,2.116676847892486,0.384850335980452,1.7318265119120342,0.6597434331093464,1.3194868662186927,84.17126363053241,31.178255291853755,19.997905266782663,20.312844308692185
19677,Karim Benzema,Real Madrid,La Liga,27,2008.0,4.392430278884462,1.0756972111553784,13.306069340704834,2.196215139442231,0.5510204081632653,120.6125498007968,20.84163346613546,30.79183266932271,0.7787481804949054,1.4342629482071714,0.2241035856573705,1.3894422310756973,0.6274900398406374,2.644422310756972,14.881504925473068,10.129482071713149,0.5378486055776892,0.5833333333333334,0.2689243027888446,0.8333333333333334,2.913346613545817,0.5826693227091634,0.851593625498008,0.7619521912350598,1.2101593625498008,83.13771832032702,36.21389817911556,20.77342102373934,19.863876411839453
6610,Iván Cuéllar Sacristán,Sporting Gijón,La Liga,32,2972.0,0.0,0.0,19.71618752593094,0.0,0.5833333333333334,75.0706594885599,0.0,30.85800807537012,0.4317958783120706,0.0302826379542395,0.0605652759084791,0.0,0.0302826379542395,26.01278600269179,56.83962700019625,0.0908479138627187,0.0,0.6086956521739131,0.0,0.618734335839599,4.875504710632571,0.0302826379542395,0.0,0.0302826379542395,0.2422611036339165,10.370552642194436,39.24989915288423,7.51888815192095,8.29847639983436
26633,Alberto Lora Ramos,Sporting Gijón,La Liga,31,2507.0,0.2153968887116075,0.0,27.752120190667085,0.6820901475867571,0.5789473684210527,120.58635819704828,1.0051854806541685,47.8540087754288,0.7494373593398349,0.6102911846828879,0.1076984443558037,1.3282808137215796,0.0358994814519345,8.472277622656561,20.359914394261065,12.99561228560032,2.4770642201834865,0.5217391304347826,2.261667331471879,0.6190476190476191,4.020741922616674,2.8360590347028323,1.2564818508177105,1.1846828879138414,0.9692859992022338,56.66734147067579,67.25495683239059,24.991908588523074,10.732193377196712
6561,Luis Hernández Rodríguez,Sporting Gijón,La Liga,36,3331.0,0.2431702191534073,0.0,14.295102736406673,0.2972080456319423,0.9090909090909092,107.8595016511558,0.837586310417292,44.040828580006,0.7791411042944786,0.3782647853497448,0.0,1.053737616331432,0.0270189132392674,11.320924647253078,23.192332774969334,5.511858300810567,1.161813269288502,0.5581395348837209,3.5394776343440406,0.6793893129770993,3.9177424196937856,5.4848393875713,1.918342839987992,0.6754728309816872,0.4863404383068147,44.120816633266514,54.09133266533068,21.660716477325213,15.076353767187223
8818,Jorge Meré Pérez,Sporting Gijón,La Liga,25,2238.0,0.3217158176943699,0.0,9.698914905358553,0.3619302949061662,0.8888888888888888,83.28418230563003,1.2466487935656836,31.72922252010724,0.7870722433460076,0.0402144772117962,0.0,0.0,0.0402144772117962,8.36461126005362,24.233904414195187,8.806970509383378,2.292225201072386,0.543859649122807,1.8900804289544235,0.6170212765957447,3.136729222520107,4.906166219839142,2.332439678284182,0.8847184986595173,0.4825737265415549,42.163544181554805,27.80183486238532,17.949417602456144,14.217691406373186
24263,Ismael López Blanco,Sporting Gijón,La Liga,31,2579.0,0.6630476929042265,0.0697944939899185,20.876883509769492,1.6750678557580458,0.5416666666666666,117.1849554090733,2.7219852656068246,44.49398991857309,0.7137254901960784,0.6630476929042265,0.0,1.7797595967429236,0.0348972469949592,8.165955796820473,20.270706889019607,14.482357502908105,2.5823962776269878,0.6486486486486487,1.919348584722761,0.6909090909090909,5.164792555253975,2.1287320666925167,0.9073284218689416,0.97712291585886,0.8375339278790229,59.99830256104825,15.039219773674809,26.05430131726069,14.217073227642778
13107,Sergio Álvarez Díaz,Sporting Gijón,La Liga,27,2253.0,0.199733688415446,0.0798934753661784,19.020101723605315,1.318242343541944,0.7575757575757576,122.11717709720372,1.2383488681757655,43.94141145139813,0.7563636363636363,0.5193075898801598,0.0798934753661784,0.3595206391478029,0.0798934753661784,7.270306258322237,19.90236917340909,25.44607190412783,4.513981358189081,0.6106194690265486,1.6777629826897469,0.7380952380952381,5.552596537949401,1.837549933422104,3.03595206391478,2.676431424766977,1.5579227696404794,57.09983644095518,43.92662741249592,19.63429694669122,18.35582632307301
18925,Ignacio Cases Mora,Sporting Gijón,La Liga,24,2032.0,0.9744094488188976,0.0442913385826771,20.563786501295866,1.1072834645669292,0.68,121.04822834645668,2.9232283464566926,42.65255905511811,0.8161993769470405,0.2657480314960629,0.0,0.4872047244094488,0.0885826771653543,6.422244094488189,18.76845748992731,20.108267716535437,2.170275590551181,0.7142857142857143,1.373031496062992,0.5806451612903226,5.713582677165354,1.1072834645669292,1.1072834645669292,2.3031496062992125,1.6830708661417322,61.34562751555067,34.13293084522502,21.65500511061089,18.39402073007267
6581,Jonathan Rodríguez Menéndez,Sporting Gijón,La Liga,36,2937.0,1.7160367722165475,0.153217568947906,24.71524573528836,4.290091930541369,0.4214285714285714,123.24821246169562,4.504596527068437,34.38202247191011,0.5900178253119429,1.1031664964249237,0.2145045965270684,4.657814096016343,0.0919305413687436,8.794688457609807,21.687748784491976,14.187946884576098,1.164453524004086,0.6842105263157895,1.440245148110317,0.7872340425531915,4.749744637385087,0.2145045965270684,0.4596527068437181,1.164453524004086,1.9611848825331968,75.5847588264545,20.27506215813029,25.51381932518036,22.63201268543189
6926,Alen Halilović,Sporting Gijón,La Liga,36,2428.0,2.186985172981878,0.1112026359143327,21.82267683035754,4.855848434925865,0.5419847328244275,122.91598023064248,5.041186161449753,32.80477759472817,0.7604519774011299,0.8525535420098846,0.1853377265238879,1.2602965403624382,0.1482701812191103,6.709225700164744,19.89518944564972,10.267710049423393,0.6672158154859966,0.4444444444444444,0.4077429983525535,0.6363636363636364,4.892915980230642,0.2224052718286655,0.3706754530477759,0.4448105436573311,2.186985172981878,71.4462605548854,58.43525331724969,21.494659642189223,17.89683771022974
23994,Alejandro Menéndez Díez,Sporting Gijón,La Liga,21,1092.0,1.4835164835164836,0.1648351648351648,22.40167749060716,2.5549450549450547,0.4838709677419355,104.17582417582418,3.6263736263736255,32.30769230769231,0.6096938775510204,0.989010989010989,0.0824175824175824,2.6373626373626373,0.0824175824175824,8.571428571428571,22.238913191581634,16.813186813186814,2.2252747252747254,0.6296296296296297,2.142857142857143,0.6153846153846154,4.285714285714286,1.978021978021978,1.401098901098901,0.989010989010989,0.412087912087912,67.801582278481,12.649287974683546,29.67911452972525,11.304509971491536
6602,Miguel Ángel Guerrero Martín,Sporting Gijón,La Liga,23,1122.0,1.7647058823529411,0.160427807486631,16.94422109688007,2.085561497326203,0.6923076923076923,96.6577540106952,11.550802139037431,22.219251336898395,0.7545126353790613,0.9625668449197862,0.0802139037433155,0.5614973262032086,0.160427807486631,1.2834224598930482,14.557648137545128,23.58288770053476,1.4438502673796791,0.7222222222222222,0.7219251336898396,0.7777777777777778,2.085561497326203,0.5614973262032086,2.165775401069519,3.93048128342246,1.2032085561497323,77.90082987551867,44.31311203319501,21.378183690400785,20.85555206991595
5695,James David Rodríguez Rubio,Real Madrid,La Liga,26,1556.0,2.2557840616966582,0.4048843187660668,21.87235619064231,2.834190231362468,0.5306122448979592,220.2570694087404,9.890745501285348,70.21850899742931,0.8138385502471169,3.065552699228792,0.4627249357326478,4.048843187660669,0.6362467866323908,12.724935732647817,19.342982744093906,17.75706940874036,1.9087403598971724,0.6363636363636364,1.3303341902313626,0.5652173913043478,4.974293059125964,0.3470437017994858,0.6362467866323908,0.9254498714652956,1.5038560411311055,73.2297268907563,40.04619222689076,23.28275768433794,23.35728120502856
27526,Rachid Aït-Atmane,Sporting Gijón,La Liga,18,1107.0,0.4878048780487805,0.0,21.924540783599053,1.1382113821138211,0.5714285714285714,120.8130081300813,0.975609756097561,41.54471544715447,0.7514677103718199,0.8943089430894309,0.08130081300813,0.7317073170731707,0.2439024390243902,8.699186991869919,20.68234775655577,20.0,3.089430894308943,0.6842105263157895,2.113821138211382,0.7307692307692307,8.617886178861788,0.6504065040650406,0.975609756097561,2.357723577235772,1.5447154471544715,60.63189771197847,37.8271197846568,22.2339135074696,20.309706639032928
5456,Mateo Kovačić,Real Madrid,La Liga,25,1088.0,0.8272058823529411,0.0,17.5426919439552,2.068014705882353,0.6,195.71691176470588,3.0606617647058822,63.94301470588235,0.9003880983182406,1.40625,0.1654411764705882,0.2481617647058823,0.4136029411764705,5.790441176470588,16.56332145239328,19.27389705882353,2.8125,0.7352941176470589,0.9926470588235294,0.5833333333333334,5.128676470588236,0.4963235294117647,0.4963235294117647,1.571691176470588,1.8198529411764703,64.30300084530852,31.173922231614547,20.273040373209845,20.340175080781854
6880,Arnaldo Antonio Sanabria Ayala,Sporting Gijón,La Liga,29,2298.0,2.036553524804177,0.391644908616188,13.991603326099677,2.154046997389034,0.509090909090909,108.79895561357702,10.848563968668408,24.43864229765013,0.7259615384615384,0.4699738903394256,0.0391644908616188,0.391644908616188,0.1566579634464752,1.8798955613577024,15.236830190384618,15.939947780678851,0.587467362924282,0.4666666666666667,0.4308093994778068,0.9090909090909092,3.328981723237598,0.2741514360313316,3.485639686684073,1.6449086161879896,1.6840731070496084,77.42775377969762,38.19820014398848,20.39809974159959,21.46195061811281
6730,Rubén Iván Martínez Andrade,Levante UD,La Liga,15,1396.0,0.0,0.0,19.71618752593094,0.0,0.5833333333333334,62.53581661891117,0.0,26.62607449856733,0.5520581113801453,0.0,0.0,0.0,0.0,21.210601719197708,50.726134788861984,0.0,0.0,0.6086956521739131,0.0,0.618734335839599,4.319484240687679,0.0644699140401146,0.0,0.0644699140401146,0.0644699140401146,9.54896907216495,40.51948453608247,7.019284479723761,7.696262430842712
6647,Zouhair Feddal,Levante UD,La Liga,28,2606.0,0.3798925556408288,0.0345356868764389,12.728475362926872,0.3108211818879509,1.0,100.0153491941673,2.0030698388334613,39.26707597851113,0.7458223394898856,0.1726784343821949,0.0345356868764389,0.0,0.0345356868764389,14.435917114351495,27.918792668293754,7.252494244052187,1.3123561013046814,0.5789473684210527,2.935533384497314,0.5176470588235295,3.591711435149654,6.872601688411359,3.4881043745203377,1.3814274750575597,0.5525709900230238,37.98321823204421,27.2462361878453,20.110142025727107,14.657383858641854
26023,Juan Francisco García García,Levante UD,La Liga,20,1562.0,0.1728553137003841,0.0,23.82941586954723,1.2099871959026889,0.5238095238095238,108.78361075544174,0.4609475032010243,44.078104993597954,0.6470588235294118,0.2304737516005121,0.057618437900128,1.4980793854033292,0.1728553137003841,16.133162612035854,27.495418013333328,8.23943661971831,1.9590268886043531,0.6764705882352942,2.0166453265044817,0.7142857142857143,4.263764404609475,3.111395646606914,1.267605633802817,1.094750320102433,1.0371318822023048,49.582309322033886,14.516419491525424,23.00587214477229,11.963429244936547
6668,José Luis Morales Nogales,Levante UD,La Liga,35,2743.0,2.362376959533358,0.2296755377324097,21.266039006337675,5.545023696682465,0.5207100591715976,126.1246810061976,7.776157491797303,32.87641268683923,0.6726546906187625,1.6733503463361286,0.1312431644185198,3.445133065986147,0.1312431644185198,6.135617936565804,19.10764026247505,16.700692672256654,1.148377688662049,0.4857142857142857,1.4108640174990887,0.7209302325581395,5.348158950054685,0.4265402843601896,0.6890266131972294,0.7546481954064893,1.3124316441851989,75.44560353798127,38.86805411030176,26.488212168754007,27.190672163761523
6784,Antonio García Aranda,Levante UD,La Liga,27,2463.0,0.4019488428745432,0.0,28.05627699697517,2.302070645554202,0.5555555555555556,131.2911084043849,2.009744214372716,49.54933008526188,0.7234513274336283,0.7673568818514007,0.0730816077953715,3.361753958587089,0.1096224116930572,7.783191230207064,19.1709459405236,10.92570036540804,1.4981729598051157,0.6341463414634146,2.2289890377588306,0.5081967213114754,5.225334957369062,2.302070645554202,1.753958587088916,1.936662606577345,1.6808769792935443,62.41781241302533,10.584080155858612,28.65608010185036,11.2504053102597
24149,José Antonio García Rabasco,Levante UD,La Liga,29,2204.0,1.0208711433756803,0.0408348457350272,25.304762021708694,0.7758620689655172,0.6842105263157895,146.39292196007258,1.0617059891107077,55.61705989110708,0.7701908957415565,1.6742286751361162,0.1225045372050816,1.510889292196007,0.2450090744101633,15.108892921960072,23.18157406747431,18.334845735027223,1.715063520871143,0.8571428571428571,1.3883847549909256,0.6764705882352942,5.104355716878403,1.265880217785844,0.8166969147005444,1.7558983666061705,1.306715063520871,58.56147838214782,44.363737796373776,23.42241884113336,20.89863592482576
5678,Jefferson Andrés Lerma Solís,Levante UD,La Liga,33,2766.0,1.2039045553145336,0.0325379609544468,24.56242184586513,1.106290672451193,0.5,113.55748373101952,2.342733188720173,39.40347071583514,0.7398843930635838,0.7809110629067244,0.0650759219088937,1.2039045553145336,0.2603036876355748,7.060737527114967,20.18999594830718,15.422993492407809,1.822125813449024,0.625,1.724511930585683,0.6226415094339622,5.466377440347071,1.9197396963123643,2.472885032537961,1.789587852494577,0.9110629067245118,62.25189111747849,50.52541547277938,25.07156651892889,20.95308564817644
27250,Nabil Ghilas,Levante UD,La Liga,20,1059.0,1.7847025495750708,0.0,17.55145900327431,3.144475920679887,0.4864864864864865,99.09348441926346,11.13314447592068,19.971671388101985,0.6212765957446809,0.7648725212464589,0.0849858356940509,0.594900849858357,0.0,1.274787535410765,14.407699644680852,14.277620396600566,0.3399433427762039,1.0,0.6798866855524079,0.625,2.464589235127479,0.7648725212464589,3.739376770538244,2.039660056657224,0.934844192634561,78.19837049742709,35.399828473413386,22.76007810068283,21.47081468720969
23791,Víctor Casadesús Castaño,Levante UD,La Liga,23,1013.0,1.0661401776900297,0.2665350444225074,18.69524115651303,1.688055281342547,0.7894736842105263,116.74234945705824,5.686080947680158,34.38302073050345,0.6770025839793282,0.9772951628825272,0.0888450148075024,0.6219151036525172,0.3553800592300098,2.665350444225074,16.04824690206719,11.372161895360316,0.8884501480750246,0.4,0.7107601184600197,0.625,3.8203356367226062,0.6219151036525172,4.442250740375124,2.1322803553800598,1.4215202369200397,74.97488584474888,38.80159817351598,21.546800700353497,23.429568776053884
10763,Asier Riesgo Unamuno,Eibar,La Liga,34,3159.0,0.0,0.0,19.71618752593094,0.0,0.5833333333333334,71.5954415954416,0.0284900284900284,30.37037037037037,0.474671669793621,0.0284900284900284,0.0,0.0,0.0,27.97720797720798,57.3336785633208,0.0854700854700854,0.0,0.6086956521739131,0.0,0.618734335839599,6.011396011396012,0.1709401709401709,0.0,0.0284900284900284,0.2849002849002849,10.943851969757262,40.90187027457223,7.7698297076580705,8.171075742774262
6699,Ander Capa Rodríguez,Eibar,La Liga,36,3223.0,0.4467887061743717,0.0558485882717964,24.020164394724087,1.6475333540179955,0.576271186440678,123.2578343158548,1.1728203537077255,50.76636673906299,0.6254125412541254,0.4467887061743717,0.1116971765435929,2.150170648464164,0.0837728824076947,12.063295066708037,21.83732888573158,13.012721067328576,2.959975178405213,0.5660377358490566,2.9878994725411108,0.5514018691588785,5.724480297859138,2.485262178094943,1.2286689419795225,1.6475333540179955,0.8935774123487434,61.14576347983689,70.40052106932487,27.49578398203678,8.873077866756818
6837,Mauro Javier Dos Santos,Eibar,La Liga,31,2773.0,0.3570140641904075,0.0,14.095280359826724,0.3570140641904075,0.4545454545454545,76.75802380093761,1.8824377930039669,31.839163360980887,0.6707441386340469,0.0649116480346195,0.0324558240173097,0.1622791200865488,0.0649116480346195,11.586729174179588,27.34745665178389,8.925351604760188,1.6877028489001082,0.6538461538461539,1.849981968986657,0.5789473684210527,3.7973314100252433,5.290299314821493,3.8946988820771726,1.168409664623152,0.5517490082942661,42.87209302325582,53.33839323467232,19.237283855119053,13.868034242085589
27239,Aleksandar Pantić,Eibar,La Liga,20,1734.0,0.5190311418685121,0.0,11.581038978509111,0.1557093425605536,0.6666666666666666,66.7993079584775,1.4013840830449826,27.50865051903114,0.6377358490566037,0.0519031141868512,0.0,0.0,0.0,8.56401384083045,25.277704744339623,6.539792387543252,1.3494809688581315,0.4615384615384615,2.3356401384083045,0.5111111111111111,3.5813148788927336,5.813148788927335,3.8927335640138407,1.4013840830449826,0.0519031141868512,40.92268842268841,36.934887334887335,19.683182537985743,18.21990218716657
6776,David Juncà Reñé,Eibar,La Liga,31,2426.0,0.3338829348722176,0.0,24.39597919184209,1.6323165704863971,0.5454545454545454,118.52844187963726,1.74361088211047,47.522671063478974,0.6705698672911787,0.5935696619950536,0.1483924154987634,2.708161582852432,0.1112943116240725,11.01813685078318,22.44272843044497,13.244023083264633,2.59686727122836,0.5857142857142857,1.966199505358615,0.5849056603773585,3.5243198680956307,1.966199505358615,0.9274525968672712,1.5952184666117064,1.3726298433635613,61.90341158059468,10.51715179968701,26.00947830613003,9.976395617107324
6712,Gonzalo Escalante,Eibar,La Liga,34,2893.0,0.7466297960594539,0.0933287245074317,18.885814870163205,1.9599032146560664,0.6031746031746031,114.35879709643967,2.7065330107155203,40.255789837538885,0.7295208655332303,0.435534047701348,0.0311095748358105,0.5288627722087799,0.1555478741790529,7.155202212236433,19.34546639590418,24.7010024196336,3.670929830625648,0.6779661016949152,2.302108537849983,0.7027027027027027,6.533010715520222,1.555478741790529,2.1154510888351195,3.297614932595921,1.0888351192533705,62.41618607181721,49.90837867247008,22.07997339113897,17.728045641523025
6775,Daniel García Carrillo,Eibar,La Liga,35,3141.0,0.5730659025787966,0.0,27.240273103515914,0.830945558739255,0.6206896551724138,130.83094555873927,0.3438395415472779,50.45845272206304,0.7512776831345827,0.4011461318051576,0.0,0.3151862464183381,0.0573065902578796,15.38681948424069,24.68659825718342,16.017191977077363,2.722063037249284,0.631578947368421,1.8051575931232091,0.746031746031746,6.389684813753582,1.5472779369627507,2.063037249283668,1.8624641833810889,1.4326647564469914,56.96681997371879,36.67864651773981,18.155912358666047,18.12355842914952
6742,Sergio Gontán Gallardo,Eibar,La Liga,29,2361.0,1.372299872935197,0.1143583227445997,21.165916517915644,3.12579415501906,0.4878048780487805,135.59085133418043,8.386277001270647,35.06988564167725,0.6489130434782608,1.4485387547649302,0.1143583227445997,3.9644218551461248,0.3049555273189326,6.02287166454892,18.69625552358696,26.64548919949174,3.163913595933926,0.6867469879518072,0.9911054637865312,0.5769230769230769,6.937738246505719,0.3049555273189326,0.7623888182973316,1.905972045743329,2.6302414231257942,77.80792802923811,62.74411020522913,24.881455895185,14.968652739387991
6557,Adrián González Morales,Eibar,La Liga,32,2282.0,1.8536371603856263,0.1971954425942156,19.293422138868227,1.1437335670464504,0.4137931034482758,115.67484662576686,4.456617002629272,40.622261174408415,0.7106796116504854,0.670464504820333,0.0,1.1437335670464504,0.1971954425942156,6.744084136722173,18.89892339462136,15.026292725679228,1.340929009640666,0.6176470588235294,1.0648553900087645,0.7037037037037037,4.969325153374233,0.9465381244522348,3.312883435582822,1.8536371603856263,0.670464504820333,67.34030003409478,26.18465734742584,22.560680432571683,15.809971838682596
5687,Takashi Inui,Eibar,La Liga,27,1670.0,1.9401197604790417,0.1616766467065868,21.173206616187198,2.4251497005988023,0.6222222222222222,112.36526946107784,8.838323353293413,30.449101796407188,0.6849557522123894,1.0778443113772456,0.1616766467065868,2.37125748502994,0.2155688622754491,4.850299401197605,17.958870647256635,17.78443113772455,1.6706586826347305,0.5483870967741935,1.0778443113772456,0.7,3.4491017964071857,0.1077844311377245,0.5389221556886228,1.2934131736526946,1.18562874251497,80.40191846522782,22.350119904076735,23.009478521580583,22.04621647033989
6566,Borja González Tomás,Eibar,La Liga,36,2642.0,3.202119606358819,0.5109765329295988,14.43570132155422,0.8856926570779712,0.5769230769230769,96.74489023467068,15.124905374716125,22.04012112036336,0.6939721792890263,0.5450416351249053,0.1021953065859197,0.4769114307342921,0.0681302043906131,1.226343679031037,14.015657725270476,18.76987130961393,0.6813020439061317,0.6,0.2725208175624526,0.375,2.657077971233913,0.3747161241483724,3.133989401968205,1.3966691900075698,1.1922785768357305,82.03401408450705,39.954119718309855,20.32232289456069,22.11894694631363
6659,Víctor Camarasa Ferrando,Levante UD,La Liga,34,2189.0,1.1512105984467793,0.0822293284604842,22.535003891338995,1.9735038830516216,0.5208333333333334,144.10689812699863,4.111466423024212,45.143901324805846,0.8351548269581056,0.7400639561443582,0.1233439926907263,0.5344906349931475,0.0,6.78391959798995,18.26860398615664,18.99497487437186,1.767930561900411,0.6976744186046512,1.3156692553677478,0.8125,5.756052992233896,1.2745545911375058,1.809045226130653,1.767930561900411,1.3156692553677478,65.36981455064193,35.8466191155492,22.450918451990653,20.15967346861916
23943,Rubén García Santos,Levante UD,La Liga,22,1076.0,1.338289962825279,0.0836431226765799,23.54994755358525,4.182156133828997,0.56,131.98884758364312,6.942379182156135,38.81040892193309,0.665948275862069,1.7565055762081785,0.0,2.0910780669144984,0.2509293680297398,6.524163568773234,18.574103854741377,22.75092936802974,2.342007434944238,0.5357142857142857,1.0873605947955391,0.7692307692307693,5.185873605947956,0.8364312267657993,0.9200743494423792,2.258364312267658,2.425650557620818,76.44011406844108,34.83257287705957,24.402380864896216,25.23265590060932
24070,Saúl Berjón Pérez,Eibar,La Liga,29,1450.0,2.1103448275862067,0.0620689655172413,21.15880044458268,3.724137931034482,0.2833333333333333,136.3655172413793,7.324137931034483,42.4551724137931,0.5730994152046783,2.1103448275862067,0.2482758620689655,3.289655172413793,0.3724137931034482,12.475862068965515,22.59978036535088,13.593103448275862,2.0482758620689654,0.4242424242424242,1.1172413793103448,0.7222222222222222,5.275862068965517,0.496551724137931,1.3655172413793104,1.8,0.7448275862068965,77.98857532999543,28.754802002731,24.10615295909716,26.02974176703053
6700,Sergio Enrich Ametller,Eibar,La Liga,38,2498.0,1.5852682145716572,0.3242594075260208,14.696146113975844,1.5852682145716572,0.5,121.84947958366692,15.240192153722978,30.87670136108887,0.6791131855309218,0.7566052842273818,0.2522017614091273,0.6485188150520416,0.1801441152922338,1.5852682145716572,13.849615326674446,20.64451561248999,1.945556445156125,0.5925925925925926,0.3242594075260208,0.6666666666666666,3.638911128903122,0.6485188150520416,6.953562850280224,2.233787029623699,2.161729383506805,79.22191011235957,42.14671791839148,20.909842416760352,21.079586585128038
25134,Deyverson Brum Silva Acosta,Levante UD,La Liga,33,2228.0,2.9084380610412923,0.3635547576301615,15.490944898898668,1.736983842010772,0.3953488372093023,105.51166965888687,13.168761220825852,25.852782764811487,0.5625,0.807899461400359,0.0403949730700179,0.807899461400359,0.1211849192100538,2.3025134649910237,15.892843122124996,19.228007181328543,1.3734290843806105,0.5882352941176471,0.8886894075403949,0.6818181818181818,3.999102333931777,1.131059245960503,7.715439856373428,2.1409335727109515,3.070017953321364,77.18472434915773,36.893032159264926,22.645103156666924,21.82500719812131
26753,Javier Varas Herrera,Las Palmas,La Liga,31,2803.0,0.0,0.0,19.71618752593094,0.0963253656796289,1.0,97.22440242597216,0.0,39.204423831608985,0.6240786240786241,0.0,0.0,0.0,0.0,26.32893328576525,43.46478352244063,0.2247591865858009,0.0,0.6086956521739131,0.0,0.618734335839599,5.651088119871566,0.0642169104530859,0.0,0.0642169104530859,0.2568676418123439,11.054326287978869,40.26301188903567,7.261297245678729,8.878354805891904
8440,Aythami Artiles Oliva,Las Palmas,La Liga,31,2730.0,0.2967032967032967,0.0,8.323649059507414,0.1978021978021978,0.5,140.63736263736263,2.274725274725274,53.27472527472528,0.8316831683168316,0.1318681318681318,0.0329670329670329,0.0329670329670329,0.0329670329670329,12.89010989010989,23.6702866003094,7.681318681318682,1.5824175824175826,0.6666666666666666,1.6153846153846154,0.5306122448979592,3.032967032967033,6.626373626373627,3.989010989010989,1.054945054945055,0.5604395604395604,39.940107829348335,46.52775433661512,18.20791680303474,17.954984693955655
7907,Pedro Bigas Rigo,Las Palmas,La Liga,27,2433.0,0.5548705302096177,0.1109741060419235,13.06250815307852,0.7768187422934649,0.7619047619047619,131.80024660912454,1.6646115906288534,47.49691738594328,0.8364485981308412,0.1849568434032059,0.0,0.1479654747225647,0.0,10.32059186189889,22.43279432492212,8.988902589395808,1.8865598027127004,0.6078431372549019,2.7003699136868065,0.6575342465753424,2.8483353884093714,6.066584463625155,2.6633785450061653,0.9247842170160296,1.0357583230579532,39.811086163345486,23.66087566657312,19.57972233792792,12.28057967372172
7906,David Simón Rodríguez Santana,Las Palmas,La Liga,27,2343.0,0.4609475032010243,0.0384122919334186,15.860884754834556,1.7669654289372598,0.4347826086956521,143.6619718309859,4.225352112676056,54.19974391805377,0.784549964564139,0.7298335467349552,0.0768245838668373,1.8437900128040967,0.0,5.531370038412291,17.55461686548547,14.63508322663252,1.882202304737516,0.7346938775510204,1.2676056338028168,0.3636363636363636,4.571062740076824,1.7669654289372598,1.997439180537772,1.882202304737516,0.9603072983354672,65.06021390374333,69.76802139037433,26.4900114351919,9.67935886635648
6932,Dani Castellano Betancor,Las Palmas,La Liga,27,2319.0,0.3104786545924967,0.0,21.480371699322298,2.2509702457956013,0.6896551724137931,148.137128072445,2.3285899094437257,53.67399741267787,0.8026030368763557,0.426908150064683,0.0,1.0090556274256144,0.038809831824062,5.705045278137128,17.37136836999277,11.216041397153944,2.2509702457956013,0.5517241379310345,2.910737386804657,0.6533333333333333,4.075032341526519,2.7166882276843465,1.7464424320827945,1.125485122897801,1.9404915912031049,58.01946554886036,11.91708147760021,23.3287638859376,10.019223679798609
15805,Hernán Daniel Santana Trujillo,Las Palmas,La Liga,18,967.0,0.8376421923474664,0.093071354705274,20.32700510192737,1.1168562564632885,0.5,149.00723888314374,1.3960703205791107,52.30610134436401,0.8434163701067615,0.093071354705274,0.0,0.093071354705274,0.186142709410548,5.584281282316443,18.02923874051601,15.822130299896587,1.9544984488107549,0.8571428571428571,2.326783867631851,0.68,6.235780765253361,1.0237849017580145,2.512926577042399,1.9544984488107549,1.5822130299896586,52.67307932542163,43.99581511555278,20.26274153194311,18.682407660772583
3610,Roque Mesa Quevedo,Las Palmas,La Liga,34,2883.0,1.0301768990634754,0.0312174817898022,25.70029464798231,2.0915712799167534,0.582089552238806,197.13839750260144,1.841831425598335,64.74505723204994,0.8688524590163934,0.437044745057232,0.0624349635796045,0.2809573361082206,0.1560874089490114,8.366285119667014,18.36934715115718,15.046826222684702,1.5608740894901143,0.82,1.5608740894901143,0.76,7.429760665972944,0.9677419354838708,0.8428720083246618,1.5296566077003122,2.0291363163371487,57.95865399841647,44.07846397466349,20.25239293431648,16.95081175568448
6626,Mubarak Wakaso,Las Palmas,La Liga,20,971.0,1.761071060762101,0.0926879505664263,28.083301988603885,3.429454170957776,0.5675675675675675,157.94026776519053,3.244078269824923,46.0659114315139,0.7927565392354124,0.741503604531411,0.0,1.5756951596292483,0.0926879505664263,7.971163748712668,20.420241564989936,18.537590113285276,2.595262615859938,0.6785714285714286,1.483007209062822,0.375,6.858908341915551,1.2049433573635429,1.483007209062822,3.05870236869207,3.1513903192584967,65.3717723004695,27.85223004694835,23.67802402527661,21.39965434988371
10755,Jonathan Viera Ramos,Las Palmas,La Liga,36,3196.0,2.4780976220275344,0.1689612015018773,22.27907215808992,3.8297872340425534,0.5294117647058824,189.5744680851064,6.9837296620775975,55.08135168961201,0.7914110429447853,1.830413016270338,0.253441802252816,1.6051314142678348,0.5632040050062579,6.786608260325407,17.089605399115538,18.416770963704632,1.4080100125156445,0.78,0.8448060075093867,0.7333333333333333,4.702753441802253,0.4224030037546933,0.7884856070087609,0.9011264080100124,2.7033792240300376,72.88743315508023,27.58251633986929,21.01625688845284,20.87801352211009
8167,Sergio Ezequiel Araújo,Las Palmas,La Liga,30,1893.0,2.9001584786053884,0.2377179080824089,18.242710889096607,2.472266244057052,0.5,112.29793977812996,12.123613312202853,24.912836767036453,0.7251908396946565,0.7606973058637084,0.1426307448494453,0.2852614896988906,0.2852614896988906,1.9968304278922344,14.108440018797712,13.312202852614895,1.0935023771790808,0.7391304347826086,0.3328050713153724,0.5714285714285714,3.755942947702061,0.8557844690966719,2.757527733755943,2.0443740095087164,1.1410459587955626,78.66303979678237,34.025063505503816,21.232986050062383,19.622817122870675
6823,Sergio Rico González,Sevilla,La Liga,34,3166.0,0.0,0.0,19.71618752593094,0.0,0.5833333333333334,75.07580543272267,0.0,28.99557801642451,0.6647058823529411,0.0,0.0,0.0,0.0,18.022741629816803,42.8312885209804,0.1137081490840176,0.0,0.6086956521739131,0.0568540745420088,0.5,4.548325963360708,0.0284270372710044,0.0,0.0,0.2274162981680353,8.210223400227186,41.33612268080272,5.891994709263781,7.514931593556446
6672,Jorge Andújar Moreno,Sevilla,La Liga,21,1794.0,1.605351170568562,0.0501672240802675,15.056892992671024,1.705685618729097,0.5294117647058824,119.49832775919732,6.37123745819398,43.44481605351171,0.7240184757505773,0.3511705685618729,0.0501672240802675,1.705685618729097,0.0501672240802675,7.324414715719063,19.84086572494226,13.745819397993312,2.157190635451505,0.5348837209302325,1.6555183946488294,0.6060606060606061,3.361204013377926,1.7558528428093645,2.2073578595317724,1.7558528428093645,1.605351170568562,65.15457598656593,64.8408900083963,28.68673812436119,16.10440846488488
10476,Timothée Kolodziejczak,Sevilla,La Liga,29,2465.0,0.255578093306288,0.0,11.947723210341843,0.2920892494929006,0.625,121.58215010141988,2.117647058823529,46.07707910750507,0.8185419968304279,0.1460446247464503,0.0,0.2920892494929006,0.1825557809330628,11.427991886409735,24.097420025118858,7.22920892494929,1.4969574036511155,0.4878048780487805,1.6795131845841784,0.6521739130434783,3.578093306288032,3.24949290060852,2.117647058823529,1.1683569979716024,0.3651115618661257,38.78336336336336,22.840930930930934,20.819025417113497,13.735920458603395
27483,Benoît Trémoulinas,Sevilla,La Liga,24,2227.0,0.5253704535249214,0.0,16.951047288664462,1.2528064660978897,0.4193548387096774,124.43197126178715,2.990570273911091,47.88953749438707,0.7316455696202532,0.6466097889537494,0.121239335428828,3.1522227211495286,0.121239335428828,8.284687920969915,20.02341364949367,6.910642119443197,1.21239335428828,0.6,1.0507409070498428,0.5769230769230769,3.3947013920071845,2.1014818140996856,1.171980242478671,0.4849573417153121,1.21239335428828,63.78678142253978,9.510035725885029,30.370297599665857,8.271758436062807
3637,Grzegorz Krychowiak,Sevilla,La Liga,26,2344.0,0.8447098976109215,0.0,15.445829199694389,0.6143344709897611,0.75,131.160409556314,2.9948805460750854,47.22696245733788,0.8300813008130081,0.1919795221843003,0.0,0.2303754266211604,0.0767918088737201,9.368600682593858,21.63139700471544,13.899317406143345,2.764505119453925,0.625,2.841296928327645,0.6216216216216216,5.183447098976109,3.225255972696246,3.724402730375427,1.996587030716724,2.3805460750853245,50.4003512880562,38.9435011709602,22.988520195230645,18.693844367866078
7154,Sebastián Carlos Cristóforo Pepe,Sevilla,La Liga,21,1485.0,0.1818181818181818,0.0,26.73817087826912,1.1515151515151516,0.7368421052631579,143.8181818181818,0.4242424242424242,49.21212121212121,0.8596059113300493,0.1818181818181818,0.0606060606060606,0.2424242424242424,0.0606060606060606,6.484848484848485,18.65247934076355,26.78787878787879,4.0,0.7272727272727273,1.878787878787879,0.7419354838709677,5.757575757575758,1.0303030303030305,0.9696969696969696,3.2121212121212124,3.333333333333333,52.13046776232618,39.70678466076695,21.45425957155125,19.88785139921532
3497,Vicente Iborra De La Fuente,Sevilla,La Liga,29,1778.0,1.6197975253093364,0.3543307086614173,12.261351216913257,0.5568053993250844,0.5454545454545454,101.54105736782904,14.021372328458945,32.902137232845895,0.68,0.5568053993250844,0.1012373453318335,0.6580427446569179,0.1518560179977502,3.897637795275591,17.37493521523077,13.76827896512936,1.4173228346456694,0.6071428571428571,0.9111361079865016,0.5555555555555556,2.632170978627672,1.4173228346456694,6.276715410573678,2.530933633295838,1.4173228346456694,67.38948155533399,38.817298105682944,26.634297936134114,19.213645991871616
6356,Michael Krohn-Dehli,Sevilla,La Liga,27,1736.0,1.2960829493087558,0.0518433179723502,18.644341493637675,1.866359447004608,0.4722222222222222,139.147465437788,6.065668202764977,46.03686635944701,0.8051801801801802,1.607142857142857,0.1555299539170506,1.3997695852534562,0.2592165898617511,8.709677419354838,20.422618529504508,13.84216589861751,1.2960829493087558,0.76,1.0368663594470044,0.65,3.888248847926267,0.466589861751152,0.5184331797235022,1.555299539170507,0.9850230414746544,70.00253353204172,35.15614754098361,24.988510793434976,22.83738836240236
3486,Fernando Llorente Torres,Sevilla,"La Liga, Serie A",24,1205.0,2.3153526970954355,0.2987551867219917,10.741344189229826,1.4937759336099583,0.5,108.37344398340248,22.55601659751037,29.352697095435683,0.638676844783715,1.045643153526971,0.2240663900414937,0.5975103734439834,0.1493775933609958,1.7178423236514522,13.83544606659033,15.236514522821576,0.896265560165975,0.75,0.6721991701244813,0.5555555555555556,2.091286307053942,0.896265560165975,9.41078838174274,2.8381742738589213,0.5975103734439834,81.5053756030324,39.154583046175055,23.17925291564173,17.115423963143314
7788,Ciro Immobile,Torino,"La Liga, Serie A",22,1370.0,3.3503649635036497,0.3284671532846716,15.9343871113366,2.562043795620438,0.4615384615384615,112.5985401459854,19.708029197080293,22.072992700729927,0.6547619047619048,1.3138686131386863,0.1313868613138686,2.167883211678832,0.3941605839416058,2.759124087591241,17.017280022619047,16.94890510948905,0.7226277372262774,0.7272727272727273,0.1313868613138686,1.0,3.9416058394160585,0.5912408759124088,1.1824817518248176,2.102189781021898,1.6423357664233578,81.92357059509916,35.13471411901984,23.835793854993863,20.378176954284108
6401,Kevin Gameiro,Sevilla,La Liga,31,2152.0,3.052973977695168,0.5018587360594796,13.806097650617868,2.049256505576208,0.4285714285714285,90.12546468401489,21.2453531598513,18.35966542750929,0.7198177676537585,0.8782527881040892,0.1254646840148699,0.8364312267657993,0.1254646840148699,1.0455390334572492,13.85190099307517,13.717472118959108,0.6691449814126395,0.75,0.5436802973977696,0.8461538461538461,3.1784386617100373,0.4600371747211896,1.338289962825279,0.6273234200743495,0.9618959107806692,85.9938747099768,41.635220417633406,23.392440716317637,20.788115656827237
23816,José Antonio Reyes Calderón,Sevilla,La Liga,24,1220.0,1.6967213114754098,0.0737704918032786,19.40436436460184,2.80327868852459,0.4210526315789473,145.10655737704917,9.147540983606556,44.778688524590166,0.6227347611202636,2.2868852459016398,0.0737704918032786,3.6885245901639343,0.5163934426229508,9.885245901639344,19.844441631795718,22.721311475409838,1.180327868852459,0.625,0.9590163934426228,0.9230769230769232,5.754098360655737,0.5901639344262295,1.5491803278688523,1.9918032786885245,3.172131147540984,77.42318251143877,49.083426537874935,25.058339686381103,23.89502610055659
6841,Víctor Machín Pérez,Sevilla,La Liga,28,2117.0,1.0203117619272557,0.0850259801606046,16.81482764191915,3.48606518658479,0.4878048780487805,127.45394426074634,11.265942371280111,34.69059990552669,0.7254901960784313,1.4029286726499763,0.1700519603212092,1.8280585734529995,0.2550779404818138,2.593292394898441,15.350107348566176,21.001417099669343,2.21067548417572,0.6730769230769231,0.8502598016060463,0.6,5.399149740198394,0.5951818611242324,0.9777987718469532,2.550779404818139,2.975909305621162,74.9378252168112,49.45380253502335,27.046770763733868,22.59664612638656
6608,Nabil El Zhar,Las Palmas,La Liga,30,1760.0,1.431818181818182,0.1022727272727272,19.591947757895195,3.784090909090909,0.4054054054054054,122.88068181818184,6.392045454545455,32.31818181818182,0.7784810126582279,0.7159090909090909,0.2045454545454545,1.7386363636363638,0.1534090909090909,2.4034090909090917,15.69324824800633,12.375,1.431818181818182,0.5,1.125,0.4545454545454545,4.244318181818182,0.4090909090909091,1.1761363636363638,1.4829545454545456,1.840909090909091,74.1694964627549,56.95547232625884,24.42037733126876,20.704976730192158
6929,José Vicente Gómez Umpiérrez,Las Palmas,La Liga,21,1515.0,0.4158415841584158,0.0594059405940594,26.115713741697625,1.6633663366336633,0.5714285714285714,176.97029702970295,2.673267326732673,61.66336633663366,0.8747591522157996,0.3564356435643564,0.0594059405940594,0.4158415841584158,0.0594059405940594,6.712871287128713,17.530853298651248,14.792079207920793,2.495049504950495,0.5476190476190477,1.188118811881188,0.6,4.811881188118812,1.782178217821782,2.613861386138613,1.7227722772277227,2.673267326732673,55.3667673716012,34.05427995971803,19.387283910644992,17.79079625338557
23800,Laureano Sanabria Ruiz,RC Deportivo La Coruña,La Liga,23,1603.0,0.0561447286338116,0.0,16.278820596099706,1.122894572676232,0.5,112.40174672489084,0.8421709295071741,45.196506550218345,0.7440993788819876,0.4491578290704928,0.0,1.5159076731129133,0.0,6.232064878353088,19.136455425093164,12.464129756706177,2.6388022457891456,0.7021276595744681,2.3580786026200875,0.5,4.379288833437305,3.2002495321272617,1.572052401746725,1.5159076731129133,0.7860262008733625,60.192857142857136,65.56788211788212,27.29061974383448,17.904832012635243
6869,Alejandro Arribas Garrido,RC Deportivo La Coruña,La Liga,31,2821.0,0.3828429634881248,0.0638071605813541,9.59249150674192,0.3828429634881248,0.5833333333333334,96.02977667493796,1.8504076568592696,36.49769585253456,0.7351398601398601,0.1276143211627082,0.0,0.031903580290677,0.0638071605813541,11.166253101736974,25.30256918277972,9.34774902516838,1.8504076568592696,0.6896551724137931,2.424672102091457,0.618421052631579,3.254165189649061,5.710740872031195,4.0836582772066645,1.1166253101736974,1.1485288904643745,41.72697674418605,53.59435215946843,18.855103466709547,15.302866688932523
6777,Sidnei Rechel da Silva Júnior,RC Deportivo La Coruña,La Liga,33,2985.0,0.1809045226130653,0.0,11.009838634592136,0.6934673366834171,0.6521739130434783,105.5577889447236,1.507537688442211,38.35175879396985,0.7751572327044025,0.1507537688442211,0.0,0.0904522613065326,0.2110552763819095,12.693467336683415,26.54359875251572,6.663316582914573,1.628140703517588,0.7222222222222222,2.5628140703517586,0.6823529411764706,5.035175879396984,5.306532663316583,2.2311557788944723,0.4522613065326633,0.6934673366834171,40.8889745786918,27.042245072836344,19.85314359496561,13.926630921725836
6913,Fernando Navarro i Corbacho,RC Deportivo La Coruña,La Liga,35,3036.0,0.0296442687747035,0.0,26.771066471098983,0.9486166007905138,0.625,118.5177865612648,0.3853754940711462,48.23122529644269,0.7449293177627535,0.2964426877470356,0.0592885375494071,1.007905138339921,0.0889328063241106,9.367588932806324,20.934626867670563,11.59090909090909,2.9051383399209487,0.5612244897959183,2.2233201581027666,0.6666666666666666,3.705533596837944,2.0454545454545454,1.897233201581028,1.245059288537549,1.2154150197628455,56.5496248124062,12.756903451725863,25.105923948701125,11.145271178890557
6733,Pedro Mosquera Parada,RC Deportivo La Coruña,La Liga,37,3390.0,0.7964601769911505,0.0,25.81967720648606,0.6106194690265486,0.6086956521739131,142.53982300884957,0.504424778761062,51.55752212389381,0.8202883625128733,0.504424778761062,0.0530973451327433,0.1592920353982301,0.1327433628318584,12.0,22.483878083213185,23.54867256637168,3.4513274336283186,0.7076923076923077,1.831858407079646,0.5942028985507246,5.336283185840708,1.911504424778761,1.4336283185840708,2.309734513274336,1.4867256637168142,57.17602905569006,36.45185323151425,19.010273197512053,18.417216451202847
5582,Celso Borges Mora,RC Deportivo La Coruña,La Liga,24,1965.0,0.916030534351145,0.1374045801526717,16.283531247179226,0.8244274809160306,0.8333333333333334,123.57251908396948,4.809160305343512,44.51908396946565,0.8096707818930041,0.8702290076335878,0.0916030534351145,0.2748091603053435,0.183206106870229,5.954198473282442,18.05093480812757,14.061068702290076,1.7404580152671756,0.7105263157894737,1.83206106870229,0.7,3.984732824427481,1.3282442748091603,4.076335877862595,1.1908396946564883,0.9618320610687024,65.28295033358043,38.07820607857673,20.165688366444776,20.472715380770907
6728,Federico Nicolás Cartabia,RC Deportivo La Coruña,La Liga,26,1390.0,3.366906474820144,0.1942446043165467,25.956261608190506,4.2086330935251794,0.676923076923077,160.83453237410072,5.503597122302159,42.539568345323744,0.7442922374429224,1.2949640287769784,0.1942446043165467,2.6546762589928057,0.1294964028776978,8.093525179856115,19.9185952261796,24.215827338129497,3.0431654676258995,0.6382978723404256,1.8129496402877696,0.75,6.215827338129497,0.5827338129496403,0.9064748201438848,1.4244604316546765,4.014388489208633,76.24323671497584,59.17185990338163,24.68412700006952,20.32982886374912
5724,Fayçal Fajr,RC Deportivo La Coruña,La Liga,38,2934.0,1.3803680981595092,0.1533742331288343,25.490807366006564,1.503067484662577,0.4897959183673469,150.61349693251535,2.8220858895705523,50.24539877300614,0.7509157509157509,1.5950920245398772,0.0920245398773006,2.638036809815951,0.3067484662576687,11.932515337423313,21.04914598681319,16.288343558282207,1.7484662576687116,0.5087719298245614,1.3803680981595092,0.6444444444444445,4.631901840490798,0.6134969325153374,1.0429447852760736,1.0429447852760736,1.134969325153374,73.24144602851324,36.44999999999999,22.707526658616327,24.9235695833067
7782,Luis Alberto Romero Alconchel,RC Deportivo La Coruña,La Liga,29,2151.0,3.305439330543933,0.2510460251046025,20.126226458201742,3.01255230125523,0.5138888888888888,131.5062761506276,10.96234309623431,33.22175732217573,0.6486146095717884,1.1297071129707112,0.2510460251046025,1.8828451882845187,0.8368200836820083,4.518828451882845,16.9416855604534,15.857740585774058,1.5899581589958158,0.7894736842105263,0.5857740585774058,0.7142857142857143,4.644351464435147,0.502092050209205,1.1297071129707112,0.5857740585774058,1.0460251046025104,80.82023544384347,28.932707604199813,21.81819167751817,21.266205534208275
6732,Lucas Pérez Martínez,RC Deportivo La Coruña,La Liga,36,3233.0,2.7281163006495515,0.4454067429631921,19.089343994127045,2.060006186204764,0.5540540540540541,121.70739251469224,12.41571296009898,28.47819362820909,0.7321603128054741,1.6702752861119703,0.1948654500463965,1.3640581503247755,0.222703371481596,4.064336529539128,17.30794041593353,15.310856789359727,0.3897309000927931,0.5714285714285714,0.3618929786575935,0.5384615384615384,3.2291988864831427,0.055675842870399,0.4175688215279926,1.0021651716671822,1.69811320754717,84.82987191216833,41.02982616651418,18.790915946927463,22.60070110537915
6625,Vicente Guaita Panadero,Getafe,La Liga,38,3534.0,0.0,0.0,19.71618752593094,0.0254668930390492,1.0,71.91850594227505,0.0,29.36332767402377,0.5281873373807459,0.0509337860780984,0.0,0.0,0.0764006791171477,22.563667232597624,51.91276889249784,0.0509337860780984,0.0,0.6086956521739131,0.0,0.618734335839599,4.431239388794567,0.0,0.0,0.0,0.1018675721561969,9.889128895184138,41.00722379603399,6.58982487443614,8.36281591489391
27403,Santiago Vergini,Getafe,La Liga,26,2278.0,0.3160667251975417,0.0,13.996015145899996,0.5926251097453907,0.6666666666666666,99.32396839332748,0.9877085162423178,36.62423178226514,0.8306364617044228,0.0395083406496927,0.0,0.0,0.0,10.311676909569798,24.302611912837104,7.822651448639157,1.501316944688323,0.631578947368421,2.884108867427568,0.6301369863013698,4.780509218612818,3.990342405618964,1.9359086918349429,1.0272168568920106,0.276558384547849,38.3868337311058,54.91734287987271,17.772258939897608,14.352523330579515
6856,Carlos Martín Vigaray,Getafe,La Liga,14,1228.0,0.2931596091205212,0.0732899022801303,13.937984929850694,1.6856677524429968,0.5217391304347826,96.22964169381108,1.026058631921824,37.15798045602606,0.7554240631163708,0.5130293159609121,0.0,1.026058631921824,0.0732899022801303,6.302931596091206,20.516297764497047,14.87785016286645,3.444625407166124,0.5531914893617021,1.8322475570032573,0.56,3.5912052117263844,2.638436482084691,1.5390879478827362,1.6856677524429968,0.732899022801303,56.03541507996951,35.40540746382332,28.49884062791684,29.053730873848668
6627,Damián Nicolás Suárez Suárez,Getafe,La Liga,31,2720.0,0.2977941176470588,0.0,35.49648560377573,1.6875,0.3725490196078431,133.34558823529412,1.3235294117647058,55.72058823529412,0.7595011876484561,0.8272058823529412,0.0992647058823529,1.224264705882353,0.0330882352941176,9.397058823529411,20.052452163859854,16.113970588235293,2.5808823529411766,0.5769230769230769,1.786764705882353,0.6296296296296297,4.466911764705882,1.8198529411764703,1.025735294117647,1.6544117647058825,1.1580882352941178,60.24230769230768,66.26642679900745,25.68128059186941,17.56052156130869
6745,Mehdi Lacen,Getafe,La Liga,31,2744.0,0.4591836734693877,0.0,27.071942625361967,0.7543731778425655,0.6956521739130435,130.83454810495627,0.4591836734693877,47.4271137026239,0.8125864453665284,0.3607871720116617,0.0,0.1967930029154518,0.0655976676384839,8.29810495626822,20.229494371542184,21.77842565597668,2.6567055393586,0.6790123456790124,1.738338192419825,0.6792452830188679,6.986151603498541,1.508746355685131,1.8367346938775508,2.197521865889213,1.410349854227405,56.263975933818,29.92767610930057,19.07122742649762,17.87774367380474
6907,Pedro León Sánchez Gil,Getafe,La Liga,31,1879.0,2.1075039914848324,0.0957956359765832,24.29509247790017,4.598190526875998,0.5833333333333334,131.00053219797766,7.56785524215008,36.59393294305482,0.5942408376963351,1.4369345396487494,0.1915912719531665,3.4486428951569983,0.0,8.47791378392762,20.31304739829843,17.578499201703035,1.197445449707291,0.6,1.2932410856838743,0.7407407407407407,4.1671101649813735,0.4310803618946248,1.8201170835550824,2.3469930814262905,2.011708355508249,76.25257769652649,54.12712979890311,25.18202152654803,24.36520105925129
6736,Álvaro Medrán Just,Getafe,La Liga,20,1528.0,1.825916230366492,0.1178010471204188,21.08763273491189,1.7670157068062826,0.5333333333333333,119.03795811518324,3.769633507853403,36.16492146596859,0.8175895765472313,0.412303664921466,0.0589005235602094,0.1178010471204188,0.0,7.244764397905759,21.38395946856677,17.846858638743456,1.7081151832460733,0.7931034482758621,1.531413612565445,0.6153846153846154,6.243455497382199,1.2958115183246073,1.943717277486911,2.1204188481675392,1.7081151832460733,61.240771895101446,39.9911924789708,21.51366044051195,18.58265171319149
11675,Moisés Gómez Bordonado,Getafe,La Liga,22,970.0,1.4845360824742269,0.1855670103092783,20.809560486215464,2.8762886597938144,0.6774193548387096,132.4020618556701,4.453608247422681,39.896907216494846,0.813953488372093,0.4639175257731959,0.2783505154639175,1.11340206185567,0.2783505154639175,5.938144329896907,17.87235016,19.48453608247423,1.4845360824742269,0.6875,1.11340206185567,0.5833333333333334,6.494845360824742,0.1855670103092783,0.4639175257731959,1.9484536082474229,0.5567010309278351,67.62711983181501,30.57743517869656,24.11157492105079,24.357327865588104
6720,Pablo Sarabia García,Getafe,La Liga,31,2592.0,2.2569444444444446,0.2430555555555555,21.22112800469824,3.888888888888889,0.4017857142857143,154.09722222222223,8.541666666666668,41.94444444444444,0.6341059602649006,2.2569444444444446,0.2083333333333333,3.888888888888889,0.4166666666666667,9.618055555555555,19.504136109379143,21.875,1.701388888888889,0.6938775510204082,1.25,0.6388888888888888,6.006944444444445,0.4166666666666667,0.763888888888889,1.6666666666666667,2.291666666666667,76.20775123929698,47.96430824695808,25.198727289251217,26.17032850926087
24035,Álvaro Vázquez García,Getafe,La Liga,34,2040.0,2.117647058823529,0.1764705882352941,15.00245903261236,1.6323529411764708,0.3513513513513513,89.69117647058825,14.11764705882353,18.308823529411764,0.6746987951807228,0.8823529411764707,0.1764705882352941,1.0588235294117647,0.088235294117647,1.897058823529412,14.785555128072287,15.882352941176473,0.4411764705882353,0.5,0.7058823529411765,0.4375,2.3823529411764706,0.6176470588235294,1.6764705882352942,1.2794117647058825,1.5,81.26822429906541,43.49847515986227,22.67524189132641,23.52339423587271
23416,Stefan Šćepović,Getafe,La Liga,34,1902.0,1.419558359621451,0.2839116719242902,12.1003444331398,0.8990536277602523,0.3684210526315789,94.1167192429022,10.220820189274448,23.280757097791795,0.693089430894309,0.946372239747634,0.0473186119873817,0.473186119873817,0.0946372239747634,1.5141955835962144,13.305439463414634,9.700315457413248,0.3785488958990536,0.75,0.3785488958990536,1.0,1.5141955835962144,0.946372239747634,2.22397476340694,0.804416403785489,2.034700315457413,77.38129713423831,42.40749120160884,22.329140376004595,24.083391221348204
25921,Rubén Gracia Calmache,RC Deportivo La Coruña,La Liga,18,904.0,0.995575221238938,0.0,29.48262259045016,3.086283185840708,0.4516129032258064,138.18584070796462,3.584070796460177,41.51548672566372,0.7146282973621103,0.7964601769911505,0.0,1.095132743362832,0.3982300884955752,7.367256637168142,18.46135738321343,16.52654867256637,1.7920353982300885,0.7777777777777778,2.09070796460177,0.5714285714285714,4.579646017699115,0.3982300884955752,0.8960176991150443,1.1946902654867255,1.095132743362832,71.68962536023055,39.992363112391935,23.65565304922466,25.523680294953262
6738,Juan Francisco Moreno Fuertes,RC Deportivo La Coruña,La Liga,35,2746.0,0.6554989075018208,0.032774945375091,27.20015311717982,1.8353969410050983,0.5357142857142857,135.19664967225054,1.7370721048798252,49.65404224326293,0.6996699669966997,0.5899490167516388,0.0,3.080844865258558,0.1310997815003641,9.43918426802622,20.32953176594059,10.68463219227968,1.9337217771303716,0.6101694915254238,2.7203204661325566,0.5421686746987951,5.702840495265841,2.261471230881282,1.9009468317552805,0.4260742898761835,1.048798252002913,65.81095757575758,62.62642424242424,28.095094297188147,20.405581409714944
6861,Juan Torres Ruiz,Getafe,La Liga,22,1979.0,0.2728650833754421,0.045477513895907,7.59938832438711,0.4092976250631632,0.6666666666666666,93.27438100050531,1.68266801414856,35.6088933804952,0.7496807151979565,0.136432541687721,0.045477513895907,0.045477513895907,0.1819100555836281,13.688731682668015,29.859188174776506,10.141485598787266,2.228398180899444,0.673469387755102,2.364830722587165,0.6923076923076923,3.865588681152097,4.957049014653866,2.4103082364830724,1.637190500252653,1.1824153612935826,38.50794734275962,32.41370063383714,19.27020548245624,16.764795673370553
25881,Juan Antonio Rodríguez Villamuela,Getafe,La Liga,32,2575.0,0.6640776699029126,0.0,18.60606059356035,0.5592233009708738,0.6875,105.79805825242718,1.712621359223301,40.08932038834951,0.7855274629468177,0.2097087378640776,0.0349514563106796,0.2446601941747573,0.1048543689320388,8.772815533980582,21.747935682737577,15.937864077669904,1.81747572815534,0.6538461538461539,2.341747572815534,0.5223880597014925,3.739805825242719,2.236893203883495,3.2155339805825243,2.062135922330097,1.083495145631068,54.91803766105056,48.13412619755533,20.72487015308278,17.765651212035774
5577,Francisco Guillermo Ochoa Magaña,Málaga,La Liga,11,985.0,0.0,0.0,19.71618752593094,0.0,0.5833333333333334,64.96446700507614,0.0,26.86294416243655,0.5680272108843537,0.0,0.0,0.0,0.0,20.83248730964467,50.18542354081633,0.182741116751269,0.0,0.6086956521739131,0.0,0.618734335839599,4.934010152284264,0.0,0.0,0.0,0.0,8.636427566807313,40.711251758087215,6.049461684739658,7.874348140005394
6569,Roberto José Rosales Altuve,Málaga,La Liga,35,3176.0,0.5100755667506297,0.0,25.87812820141253,1.501889168765743,0.5094339622641509,125.05352644836272,1.7285894206549115,48.59886649874056,0.721865889212828,0.4534005037783375,0.0850125944584382,2.8620906801007555,0.1700251889168765,10.711586901763225,21.54881151865889,12.468513853904282,3.1454659949622163,0.5405405405405406,1.9269521410579344,0.6617647058823529,5.6675062972292185,2.181989924433249,1.7285894206549115,1.1051637279596978,1.1335012594458438,62.79576251982778,69.77432585542714,28.174438865466204,9.546828554297257
6727,Raúl Albentosa Redal,Málaga,La Liga,29,2644.0,0.5786686838124054,0.0680786686838124,9.816872882569728,0.2042360060514372,0.8333333333333334,90.27231467473524,2.723146747352496,36.62632375189107,0.7118959107806692,0.2723146747352496,0.0,0.1361573373676248,0.0340393343419062,12.90090771558245,26.50626092481413,7.250378214826021,1.361573373676248,0.6,2.0763993948562782,0.6065573770491803,3.7443267776096825,4.799546142208775,4.186838124054463,1.1232980332829046,0.4425113464447806,42.1628959276018,53.06941930618402,21.424550599390656,14.712626423729072
6878,Miguel Torres Gómez,Málaga,La Liga,23,2021.0,0.0445324096981692,0.0,30.146973314082462,0.2671944581890153,0.5,89.15388421573479,0.4453240969816923,40.12370113805047,0.7036625971143174,0.3562592775853538,0.0890648193963384,0.9351806036615538,0.0445324096981692,7.659574468085107,20.9405898917869,10.732310737258784,2.582879762493815,0.5344827586206896,1.4695695200395844,0.3939393939393939,2.1375556655121226,2.761009401286492,1.7367639782285995,1.1133102424542307,0.2671944581890153,57.89165834165834,22.516233766233768,25.877032568140816,24.89181168401341
8234,Ignacio Camacho Barnola,Málaga,La Liga,23,2072.0,1.0424710424710426,0.0868725868725868,17.989187870592577,0.781853281853282,0.8333333333333334,137.25868725868727,3.7789575289575295,50.69015444015445,0.7403598971722365,0.4343629343629344,0.0434362934362934,0.3474903474903475,0.4777992277992278,8.252895752895753,18.98819500976864,19.1988416988417,2.9536679536679538,0.6911764705882353,2.77992277992278,0.671875,6.211389961389962,2.736486486486487,4.951737451737452,2.475868725868726,2.0415057915057915,58.49028481012658,41.551962025316456,21.815098213060296,21.33299939621862
6764,Pablo Fornals Malla,Málaga,La Liga,27,1357.0,1.4591009579955785,0.0663227708179808,23.182034270362777,2.188651436993368,0.4848484848484848,152.277081798084,2.7855563743551954,48.94620486366986,0.7642276422764228,0.9285187914517318,0.0,0.2652910832719233,0.2652910832719233,8.091378039793662,18.91932020074526,15.187914517317612,1.9233603537214443,0.6206896551724138,1.5917464996315402,0.625,6.831245394252027,0.9285187914517318,1.3264554163596167,1.0611643330876934,1.0611643330876934,63.45753484320557,38.98671602787456,22.713331378734683,21.44951780237037
6563,Juan Pablo Añor Acosta,Málaga,La Liga,29,1668.0,1.7266187050359711,0.2158273381294964,21.5481807617748,5.017985611510791,0.4408602150537634,138.99280575539566,5.773381294964029,36.906474820143885,0.7383040935672515,1.4568345323741003,0.0539568345323741,0.9172661870503596,0.5935251798561151,4.748201438848921,16.88547031410819,21.097122302158272,1.1870503597122302,0.6363636363636364,1.4028776978417266,0.5384615384615384,6.636690647482014,0.6474820143884892,0.5935251798561151,1.4568345323741003,2.5899280575539567,70.64239130434783,53.74219720496893,23.475533640055744,19.73281097228532
6740,Gonzalo Castro Irizábal,Málaga,La Liga,24,1444.0,1.2465373961218835,0.0623268698060941,20.27202598153321,3.86426592797784,0.5967741935483871,141.91828254847647,8.04016620498615,41.57202216066482,0.6206896551724138,2.0567867036011083,0.1869806094182825,4.799168975069252,0.2493074792243767,10.09695290858726,20.69202839017991,13.27562326869806,1.4335180055401662,0.5217391304347826,1.1218836565096952,0.8333333333333334,5.921052631578948,0.1246537396121883,0.8102493074792244,1.1218836565096952,1.745152354570637,75.31357048748357,18.15797101449275,25.796666065464173,18.74563298962872
8419,Duje Čop,Málaga,La Liga,31,2074.0,2.1263259402121504,0.2603664416586306,14.372334411060384,2.082931533269045,0.3333333333333333,112.9122468659595,10.675024108003855,29.942140790742528,0.6768115942028986,0.6509161041465766,0.1301832208293153,1.0414657666345226,0.2603664416586306,2.1697203471552555,13.925492976811595,17.097396335583415,0.9546769527483124,0.5909090909090909,0.6509161041465766,0.8,3.211186113789778,0.2603664416586306,2.516875602700096,1.518804243008679,1.0414657666345226,76.6435818601076,30.248616448885475,22.56391875537537,20.880427120831445
6707,Charles Días Barbosa de Oliveira,Málaga,La Liga,35,3092.0,2.503234152652005,0.3201811125485123,15.746662653344368,0.7567917205692108,0.5769230769230769,100.01293661060802,15.048512289780078,25.41073738680465,0.7101947308132875,0.9023285899094438,0.0873221216041397,0.4948253557567917,0.203751617076326,1.426261319534282,14.300034833562432,12.079560155239326,0.6694695989650712,0.7391304347826086,0.5821474773609314,0.5,2.503234152652005,1.076972833117723,4.104139715394567,2.03751617076326,1.4553686934023284,78.65424912689176,41.820896391152495,22.679038980289302,19.310939853677223
23843,Diego Mariño Villar,Levante UD,La Liga,23,2144.0,0.0,0.0,19.71618752593094,0.0419776119402985,1.0,88.11100746268657,0.0,34.79944029850746,0.6996381182147166,0.083955223880597,0.0,0.0,0.0,22.87779850746269,44.24731453884198,0.083955223880597,0.0,0.6086956521739131,0.0,0.618734335839599,5.499067164179105,0.0,0.0,0.0,0.2518656716417911,9.67713196760362,40.305526441162456,6.6992175040434105,7.719960328073172
6787,Pedro López Muñoz,Levante UD,La Liga,17,1338.0,0.4035874439461883,0.0672645739910313,20.189755827658576,2.085201793721973,0.6129032258064516,122.48878923766816,1.883408071748879,47.55605381165919,0.7779349363507779,0.2017937219730941,0.0,1.883408071748879,0.0,8.542600896860986,20.574672811315413,14.260089686098654,1.9506726457399104,0.4827586206896552,2.219730941704036,0.5151515151515151,4.7757847533632285,2.42152466367713,0.8071748878923767,1.748878923766816,1.4798206278026906,60.403898956617255,69.10840197693577,26.62207284177669,10.382157990049024
27656,Carl Medjani,Levante UD,La Liga,14,1307.0,0.4131599081866871,0.0688599846977811,11.624028745381224,0.2065799540933435,0.6666666666666666,95.71537872991584,1.514919663351186,35.18745218056618,0.7690802348336595,0.2065799540933435,0.0,0.0688599846977811,0.0,10.948737566947209,26.1194669,5.6465187452180565,0.8951798010711554,0.7692307692307693,1.1017597551644989,0.375,1.6526396327467483,5.2333588370313695,2.4789594491201226,0.6197398622800306,0.5508798775822494,38.84438848920863,54.60589928057556,18.84068250971314,16.20048564033372
7141,Giuseppe Rossi,Levante UD,"La Liga, Serie A",28,1574.0,2.801778907242693,0.2858958068614993,18.32393787314874,3.2020330368487926,0.6428571428571429,119.27573062261752,11.493011435832274,27.789072426937736,0.779835390946502,1.4866581956797966,0.1715374841168996,0.5717916137229987,0.2858958068614993,2.6302414231257942,15.34343737078189,16.524777636594663,0.8576874205844981,0.6666666666666666,0.4002541296060991,0.7142857142857143,4.40279542566709,0.4574332909783989,1.0864040660736975,1.0292249047013975,1.7153748411689962,78.13082454458294,38.08518696069032,20.18546352380933,18.233606517978963
25859,Sérgio Paulo Barbosa Valente,Málaga,La Liga,26,1136.0,1.8221830985915493,0.079225352112676,24.66326808823492,3.644366197183099,0.5652173913043478,177.14788732394368,6.496478873239437,57.83450704225353,0.6109589041095891,2.772887323943662,0.079225352112676,3.565140845070423,0.7922535211267606,15.448943661971832,21.91911538150685,14.10211267605634,1.8221830985915493,0.782608695652174,2.059859154929577,0.7307692307692307,5.783450704225353,0.3961267605633803,0.7922535211267606,1.5845070422535212,3.802816901408451,75.48931127012521,47.65863148479427,23.582186950877038,23.02642764393337
26211,Joan Verdú Fernández,Levante UD,"La Liga, Serie A",18,1139.0,1.0272168568920106,0.1580333625987708,20.883879563573863,1.5803336259877083,0.7,160.08779631255487,5.294117647058823,52.94117647058823,0.8567164179104477,1.659350307287094,0.0790166812993854,0.948200175592625,0.2370500438981562,6.163301141352063,17.516270830149253,13.66988586479368,1.4223002633889377,0.7222222222222222,1.0272168568920106,0.6153846153846154,5.53116769095698,0.3950834064969271,0.8691834942932397,0.7111501316944688,1.501316944688323,69.76860809476804,40.41717670286279,22.31165021194241,22.13557461417868
6792,Pau López Sabata,Espanyol,La Liga,36,3306.0,0.0,0.0,19.71618752593094,0.0,0.5833333333333334,65.22686025408349,0.0,26.65154264972777,0.5526046986721144,0.0,0.0,0.0,0.0,20.362976406533576,50.62893272880491,0.190562613430127,0.0,0.6086956521739131,0.0,0.618734335839599,4.655172413793103,0.0272232304900181,0.0,0.0,0.190562613430127,9.696828046744574,39.53860601001668,7.051957657285549,7.858937867212032
6791,Javier López Rodríguez,Espanyol,La Liga,31,2510.0,0.1792828685258964,0.0,27.17788246841921,1.3266932270916336,0.5675675675675675,115.35059760956176,0.5737051792828686,44.1394422310757,0.7173030056864338,0.250996015936255,0.0717131474103585,1.4701195219123506,0.1792828685258964,8.53386454183267,20.33169833858651,15.776892430278886,3.119521912350598,0.6091954022988506,2.366533864541833,0.7424242424242424,4.948207171314741,2.8685258964143427,2.00796812749004,2.043824701195219,1.254980079681275,56.72822505439849,65.9104445135219,25.101719560383025,15.22724180828822
6762,Álvaro González Soberón,Espanyol,La Liga,36,3334.0,0.4859028194361128,0.0,10.469433347289367,0.2969406118776245,0.8181818181818182,104.874025194961,2.564487102579484,41.24775044991002,0.7454188481675392,0.2699460107978404,0.026994601079784,0.3239352129574085,0.053989202159568,13.740251949610078,26.55887476204189,6.721655668866227,1.214757048590282,0.7111111111111111,1.4307138572285545,0.5471698113207547,3.2663467306538694,5.533893221355729,2.7534493101379725,0.8908218356328734,0.9448110377924416,43.56023166023165,55.81287001287,21.08307149536419,13.895880860544258
16456,Enzo Pablo Roco Roco,Espanyol,La Liga,33,2570.0,0.3852140077821012,0.0700389105058365,11.017818643590912,0.2801556420233463,0.75,93.60700389105058,1.9961089494163424,34.459143968871594,0.8048780487804879,0.0700389105058365,0.0,0.2101167315175097,0.0350194552529182,11.696498054474707,26.37076208034553,8.439688715953308,1.1206225680933852,0.5,1.7859922178988328,0.6862745098039216,2.626459143968872,5.147859922178989,2.4863813229571985,1.3657587548638133,0.3501945525291828,40.891806958473616,28.34826038159372,19.94652569327476,15.656321708231486
6612,Rubén Duarte Sánchez,Espanyol,La Liga,22,1925.0,0.4675324675324676,0.0,21.6961036585654,0.4675324675324676,0.4,100.8,1.8701298701298703,40.72207792207792,0.7210103329506314,0.4207792207792208,0.0467532467532467,2.0571428571428574,0.1402597402597402,7.433766233766234,20.328737636969,14.306493506493506,2.898701298701299,0.5806451612903226,2.851948051948052,0.4262295081967213,3.3662337662337665,2.150649350649351,1.2623376623376623,1.72987012987013,1.0285714285714287,60.822634508348784,11.777736549165123,27.865768856249183,10.121996367377625
5598,Óscar Esau Duarte Gaitán,Espanyol,La Liga,14,1239.0,0.6537530266343825,0.072639225181598,8.34335391095341,0.1452784503631961,1.0,85.8595641646489,1.9612590799031475,33.99515738498789,0.7457264957264957,0.072639225181598,0.072639225181598,0.072639225181598,0.2905569007263922,9.152542372881356,24.046968043162394,9.66101694915254,1.162227602905569,0.5,2.106537530266344,0.5172413793103449,3.995157384987893,5.956416464891041,4.358353510895883,1.6707021791767551,0.3631961259079903,46.03747884940778,35.692470389170886,21.845954871234547,16.580302539659918
6758,Víctor Sánchez Mata,Espanyol,La Liga,29,2355.0,0.9171974522292994,0.0382165605095541,21.005410365349924,1.2993630573248407,0.7941176470588235,117.93630573248409,3.401273885350318,39.51592356687898,0.7620889748549323,0.6496815286624203,0.1910828025477706,0.6878980891719745,0.267515923566879,6.64968152866242,18.960356870986462,27.286624203821656,3.859872611464968,0.6633663366336634,1.7579617834394905,0.6304347826086957,4.777070063694267,0.9171974522292994,1.2611464968152866,2.8662420382165603,1.719745222929936,63.25758263123785,45.31289695398574,22.959317323600697,22.017692958355894
6867,Papa Kouly Diop,Espanyol,La Liga,30,2560.0,0.7734375,0.10546875,21.28057910479719,0.87890625,0.72,117.38671875,1.6171875,42.3984375,0.7719734660033167,0.10546875,0.0,0.03515625,0.10546875,8.859375,21.679628322222214,17.47265625,2.8125,0.625,2.6015625,0.6891891891891891,5.80078125,2.21484375,3.05859375,3.12890625,2.0390625,56.34791853848457,43.58969751422582,19.142722674603498,17.69953887615206
6838,Hernán Arsenio Pérez González,Espanyol,La Liga,32,2525.0,1.6752475247524752,0.2495049504950494,17.073391654141663,6.023762376237623,0.5680473372781065,140.29306930693068,8.304950495049503,36.32079207920792,0.6751717369970559,0.891089108910891,0.0356435643564356,3.065346534653465,0.0712871287128712,4.918811881188119,17.485852288616286,19.96039603960396,1.8534653465346531,0.5576923076923077,1.3188118811881189,0.7027027027027027,5.667326732673267,0.6772277227722772,2.6019801980198016,3.6,2.2099009900990096,73.3182418699187,58.06712398373984,26.243856860706277,22.050918335799704
5719,Marco Asensio Willemsen,Espanyol,La Liga,34,2900.0,1.831034482758621,0.1241379310344827,19.718725444849778,3.475862068965517,0.5446428571428571,138.72413793103448,6.3310344827586205,40.810344827586206,0.7186311787072244,1.7689655172413792,0.2793103448275862,2.2655172413793103,0.4655172413793103,8.1,19.562013928365012,17.59655172413793,1.7379310344827583,0.5714285714285714,0.6827586206896552,0.7272727272727273,6.020689655172414,0.2172413793103448,0.496551724137931,1.489655172413793,2.203448275862069,73.21836689038031,40.682460850111866,23.45479464765842,24.6065846888917
6766,Gerard Moreno Balaguero,Espanyol,La Liga,32,1978.0,2.457027300303337,0.2730030333670374,16.254508544674163,4.686552072800809,0.5533980582524272,134.95449949443883,15.288169868554096,30.25783619817998,0.7127819548872181,0.5915065722952477,0.1365015166835187,0.910010111223458,0.2730030333670374,4.413549039433772,16.84963655609022,15.925176946410517,1.3195146612740145,0.6206896551724138,0.8645096056622852,0.631578947368421,3.4580384226491407,0.7735085945399394,2.957532861476239,2.0930232558139537,1.1830131445904954,78.03189480782198,42.14868509777477,22.1123969613577,21.473894121695576
6675,Antonio Manuel Luna Rodríguez,Eibar,La Liga,15,1036.0,0.1737451737451737,0.0,18.567696171508203,0.9555984555984556,0.7272727272727273,110.15444015444017,1.563706563706564,45.521235521235525,0.7137404580152672,0.3474903474903475,0.0868725868725868,1.8243243243243248,0.0,8.774131274131275,20.67666744122137,12.596525096525095,2.866795366795367,0.5454545454545454,2.6061776061776065,0.5666666666666667,3.996138996138997,2.084942084942085,0.8687258687258688,0.694980694980695,0.694980694980695,60.19629337539432,10.883123028391166,28.085622417464645,10.198253965142534
26669,Weligton Róbson Pena de Oliveira,Málaga,La Liga,30,2687.0,0.1339784145887607,0.0,8.243304437819315,0.1339784145887607,0.5,98.00521027167844,0.7368812802381839,39.8920729438035,0.7237615449202351,0.1339784145887607,0.0669892072943803,0.1004838109415705,0.1339784145887607,13.330852251581687,26.503391312426533,8.641607740975065,1.7082247860066988,0.6862745098039216,2.143654633420171,0.484375,4.488276888723483,5.325641979903238,3.5169333829549685,1.172311127651656,0.8708596948269445,37.45485304169514,25.151674641148333,18.65657820951183,14.630261837954736
6580,José Luis García del Pozo,Málaga,La Liga,33,2822.0,1.1481218993621545,0.0,25.067795776961024,1.913536498936924,0.6,137.9978738483345,2.9340892983699502,47.29624379872431,0.7916385704652731,0.956768249468462,0.1275690999291282,0.7016300496102055,0.031892274982282,8.706591070163004,19.664739854888747,18.81644223954642,2.806520198440822,0.6363636363636364,1.3713678242381289,0.5813953488372093,6.378454996456413,0.988660524450744,0.988660524450744,2.551381998582565,1.4989369241672572,63.83824820892071,32.2408366073492,22.762026080156627,19.857162423369687
6927,David García Santana,Las Palmas,La Liga,19,1654.0,0.4897218863361547,0.1088270858524788,11.499571460616458,0.3264812575574365,0.5,132.87787182587667,1.90447400241838,53.37968561064087,0.7961264016309888,0.3808948004836759,0.0544135429262394,0.4353083434099153,0.1088270858524788,10.610640870616686,21.721368648216107,7.998790810157195,2.0133010882708584,0.5405405405405406,2.339782345828295,0.5581395348837209,2.82950423216445,3.5912938331318016,2.82950423216445,0.7073760580411125,0.9250302297460702,50.90814905814906,64.37411957411958,22.725080292425638,13.328684965069485
6928,Pedro Taunausú Domínguez Placeres,Las Palmas,La Liga,27,2152.0,1.296468401486989,0.2091078066914498,20.430733947375263,2.634758364312268,0.5396825396825397,168.28996282527882,7.653345724907064,48.09479553903346,0.8278260869565217,1.212825278810409,0.1254646840148699,0.5018587360594796,0.4182156133828996,4.223977695167287,15.95436783426087,21.62174721189591,1.5892193308550189,0.8157894736842105,0.9618959107806692,0.6956521739130435,5.185873605947956,0.2091078066914498,0.3345724907063197,1.296468401486989,2.551115241635688,68.5687624254473,46.24165009940359,22.40188417015368,19.82008439408124
6934,Jerónimo Figueroa Cabrera,Las Palmas,La Liga,23,1422.0,1.0126582278481011,0.0,21.255183492117688,3.670886075949367,0.7068965517241379,176.51898734177217,5.949367088607596,55.31645569620254,0.8180778032036613,1.518987341772152,0.189873417721519,1.9620253164556964,0.2531645569620253,9.050632911392404,18.873294517620145,13.354430379746836,1.708860759493671,0.6296296296296297,1.7721518987341771,0.6071428571428571,5.443037974683545,0.4430379746835443,0.6962025316455697,0.8227848101265823,2.0253164556962027,69.52223019003227,38.36116887773396,23.47339164577882,27.700835752636976
6721,Willian José da Silva,Las Palmas,La Liga,30,1809.0,2.6865671641791047,0.4477611940298507,18.23317514473139,1.9402985074626864,0.6666666666666666,107.46268656716418,11.293532338308458,27.363184079601997,0.7381818181818182,0.9950248756218906,0.0497512437810945,0.6965174129353234,0.1492537313432836,3.681592039800995,16.662928139636364,12.985074626865671,0.7960199004975125,0.75,0.1492537313432836,0.3333333333333333,2.388059701492537,0.945273631840796,3.2338308457711444,1.492537313432836,1.791044776119403,76.34435185185183,34.63564814814816,21.863882053944547,18.75674563956421
23848,Carlos Carmona Bonet,Sporting Gijón,La Liga,20,1235.0,1.0931174089068825,0.145748987854251,15.690752488296226,3.060728744939271,0.4761904761904761,138.0971659919028,7.724696356275303,41.97570850202429,0.6840277777777778,1.3846153846153846,0.2186234817813765,2.769230769230769,0.0728744939271255,6.121457489878542,17.748210874826388,27.10931174089069,3.716599190283401,0.5490196078431373,2.1133603238866394,0.5517241379310345,5.82995951417004,0.582995951417004,2.331983805668016,2.623481781376518,1.5303643724696354,71.52828496042217,61.02707124010554,24.964768250213535,16.08756548363285
6772,Mario Gaspar Pérez Martínez,Villarreal,La Liga,33,2974.0,0.9986550100874244,0.0605245460659045,18.687589955422265,0.6960322797579018,0.4782608695652174,127.0712844653665,3.056489576328177,50.96166778749159,0.745249406175772,0.242098184263618,0.0302622730329522,0.8776059179556153,0.0605245460659045,8.110289172831203,20.239773769210213,9.865501008742434,2.4815063887020847,0.4512195121951219,1.7552118359112303,0.3793103448275862,3.994620040349697,3.1775386684599862,1.573638197713517,0.9986550100874244,0.4236718224613315,58.92700643010239,68.29480828768753,26.482659505012016,9.34618585319923
3324,Eric Bertrand Bailly,Villarreal,La Liga,25,2073.0,0.1736613603473227,0.0,12.193671737018986,0.6078147612156295,0.7857142857142857,99.03039073806076,0.8248914616497829,36.38205499276411,0.7756563245823389,0.130246020260492,0.0,0.0,0.0434153400868306,8.422575976845152,22.658548208949885,8.162083936324168,2.2141823444283646,0.5294117647058824,1.9971056439942112,0.5217391304347826,4.167872648335745,5.557163531114327,2.821997105643994,1.5629522431259044,1.215629522431259,40.86900482244629,51.33748355984218,20.039207936712383,17.314294372980104
6827,Daniele Bonera,Villarreal,La Liga,14,1011.0,0.1780415430267062,0.0,11.16953711696961,0.0890207715133531,1.0,114.21364985163206,0.6231454005934719,44.86646884272997,0.8571428571428571,0.0890207715133531,0.0,0.0,0.0890207715133531,12.55192878338279,25.38010172718254,7.477744807121662,1.0682492581602374,0.4166666666666667,1.3353115727002969,0.6,1.869436201780416,3.026706231454006,1.602373887240356,1.42433234421365,0.6231454005934719,41.338971161340616,47.75713172252533,17.64744039037902,16.659483201747005
5588,Antonio Rukavina,Villarreal,La Liga,18,1406.0,0.1280227596017069,0.0,28.106477662277044,0.6401137980085349,0.5,100.36984352773828,1.1522048364153628,41.2873399715505,0.7767441860465116,0.1920341394025604,0.0,0.7681365576102419,0.0640113798008534,6.081081081081082,19.202785455395343,8.513513513513514,1.984352773826458,0.4516129032258064,1.7283072546230442,0.4814814814814814,2.6884779516358464,2.496443812233286,1.3442389758179232,1.2162162162162162,0.4480796586059744,58.5533163265306,39.71932397959184,26.94695662120004,30.33868224914233
6771,Manuel Trigueros Muñoz,Villarreal,La Liga,31,2184.0,1.2362637362637363,0.0824175824175824,24.60012105416206,0.782967032967033,0.6842105263157895,144.97252747252747,1.565934065934066,50.10989010989011,0.8067434210526315,0.5769230769230769,0.0412087912087912,0.0824175824175824,0.4945054945054945,9.807692307692308,21.363052767023028,16.936813186813186,2.142857142857143,0.6153846153846154,1.112637362637363,0.6666666666666666,5.398351648351648,1.4835164835164836,1.6071428571428572,1.6895604395604396,1.2774725274725274,58.06770892552587,46.745679363274576,20.57742331107924,15.543695395592836
6357,Jonathan dos Santos Ramírez,Villarreal,La Liga,26,1808.0,0.8462389380530974,0.0,22.42336568314844,2.140486725663717,0.5813953488372093,144.20907079646017,4.231194690265487,48.23561946902655,0.7791537667698658,1.1449115044247788,0.0497787610619469,1.6924778761061947,0.3982300884955752,7.914823008849558,19.29112014602683,22.251106194690266,2.7876106194690267,0.625,1.7422566371681416,0.6571428571428571,5.724557522123894,1.045353982300885,1.1946902654867255,1.8915929203539823,1.2444690265486726,67.1008629616845,54.85702450811185,24.591046917232596,19.00309005586004
18867,Matías Nahuel Leiva Esquivel,Villarreal,La Liga,20,1040.0,0.8653846153846154,0.0,20.84957375519393,3.6346153846153846,0.4761904761904761,121.41346153846152,5.019230769230769,32.625,0.6843501326259946,1.0384615384615383,0.0865384615384615,1.3846153846153846,0.173076923076923,4.673076923076923,17.641222316710873,18.692307692307693,1.6442307692307692,0.7368421052631579,1.2115384615384617,0.7142857142857143,4.932692307692308,0.6057692307692307,0.6923076923076923,2.0769230769230766,1.471153846153846,73.32972202423377,51.81846044191018,24.658507436938027,24.221741614479328
6829,Samuel Castillejo Azuaga,Villarreal,La Liga,28,1749.0,1.2864493996569468,0.0514579759862778,20.742027145877,4.322469982847341,0.4166666666666667,132.29845626072043,6.277873070325901,35.506003430531734,0.6550724637681159,1.1320754716981132,0.0514579759862778,2.521440823327616,0.2572898799313893,6.020583190394511,18.85376407,23.00171526586621,1.3893653516295026,0.6666666666666666,1.4408233276157805,0.5,5.866209262435678,0.7204116638078902,0.9777015437392796,1.4408233276157805,2.6758147512864494,71.74352392065346,30.56487747957993,26.67946896846399,24.65910244723184
6761,Leonardo Carrilho Baptistão,Villarreal,La Liga,26,1325.0,2.1735849056603773,0.2037735849056604,18.301154177593776,3.328301886792453,0.4081632653061224,125.4566037735849,11.954716981132076,26.150943396226413,0.6467532467532467,0.4754716981132075,0.0679245283018867,1.9018867924528304,0.2716981132075471,2.513207547169811,15.593106419662336,19.0188679245283,0.8830188679245283,0.7692307692307693,0.3396226415094339,0.6,3.5320754716981133,1.018867924528302,2.7849056603773583,1.562264150943396,3.056603773584905,79.8969139144559,45.34537087168383,22.53087026730948,21.79204091086037
6752,Víctor Ruíz Torre,Villarreal,La Liga,35,3102.0,0.1450676982591876,0.0,12.41141892234449,0.2030947775628626,0.8571428571428571,119.47775628626692,0.5512572533849129,45.55125725338491,0.8,0.0,0.0,0.0290135396518375,0.058027079303675,12.823984526112184,25.563468997286627,5.048355899419729,0.9284332688588008,0.59375,2.437137330754352,0.7023809523809523,3.974854932301741,4.729206963249516,2.7562862669245645,1.0735009671179885,0.4352030947775628,39.87870325400681,27.11248178727537,16.815153396513193,12.628060662054953
24173,Carlos Castro García,Sporting Gijón,La Liga,25,1071.0,2.100840336134454,0.5882352941176471,14.715837190260952,1.8487394957983196,0.4545454545454545,84.28571428571429,9.15966386554622,17.058823529411764,0.7832512315270936,0.3361344537815126,0.0,0.1680672268907563,0.1680672268907563,0.8403361344537816,12.595701809359603,11.680672268907564,0.5882352941176471,0.4285714285714285,0.3361344537815126,0.5,2.857142857142857,0.5042016806722689,1.596638655462185,0.8403361344537816,2.016806722689076,76.81365902293122,40.0480558325025,22.3868387946519,21.110212233118137
6609,Denis Suárez Fernández,Villarreal,La Liga,33,2460.0,1.3536585365853655,0.1463414634146341,22.149344197036164,3.695121951219512,0.495049504950495,137.890243902439,5.7073170731707314,40.7560975609756,0.6786355475763016,1.5,0.1463414634146341,2.195121951219512,0.548780487804878,6.219512195121951,18.582865770017957,17.926829268292682,1.902439024390244,0.6346153846153846,1.3902439024390243,0.5526315789473685,4.682926829268292,0.6219512195121951,0.7317073170731707,1.0609756097560974,1.7560975609756095,74.2437516582648,29.577951711329263,25.164178000310176,25.51173031371422
6862,Cédric Bakambu,Villarreal,La Liga,34,1924.0,2.2920997920997923,0.5613305613305614,15.189168608301378,2.0582120582120584,0.5681818181818182,108.43035343035343,12.20893970893971,24.090436590436592,0.7126213592233009,0.6081081081081081,0.1403326403326403,1.075883575883576,0.0467775467775467,1.7775467775467777,14.186140177398062,17.775467775467778,0.5613305613305614,0.8333333333333334,0.3742203742203742,0.75,2.946985446985447,0.2338877338877339,1.7307692307692308,2.853430353430354,1.683991683991684,76.98912855910267,39.21686798964626,22.79308345016946,20.428980819349334
24138,Joaquín José Marín Ruiz,Rayo Vallecano,La Liga,27,2120.0,0.7641509433962264,0.0,25.16116917606062,1.4433962264150944,0.6470588235294118,115.25943396226414,1.6556603773584904,46.95283018867924,0.6754068716094033,0.3820754716981132,0.0424528301886792,2.292452830188679,0.0849056603773584,8.320754716981131,20.20529603056058,18.08490566037736,4.117924528301886,0.6391752577319587,2.1226415094339623,0.56,4.245283018867925,2.4198113207547167,1.9528301886792447,1.910377358490566,0.8490566037735848,58.08968692449354,67.53046040515655,28.580702392653283,12.681322106110551
27144,Antonio Amaya Carazo,Rayo Vallecano,La Liga,17,1074.0,0.2513966480446927,0.0837988826815642,10.51734499508401,0.5027932960893855,0.8333333333333334,108.60335195530726,1.759776536312849,43.15642458100558,0.7553398058252427,0.0,0.0,0.0837988826815642,0.0,9.972067039106143,23.11776742776699,10.055865921787708,1.759776536312849,0.3809523809523809,2.430167597765363,0.5172413793103449,2.346368715083799,5.027932960893854,4.35754189944134,1.759776536312849,0.5027932960893855,39.72183641975309,45.5784722222222,18.24358613890945,18.50916834407622
6914,Roberto Román Triguero,Rayo Vallecano,La Liga,29,2556.0,0.4225352112676056,0.0352112676056338,20.087849758398864,0.8802816901408451,0.52,112.42957746478874,1.4788732394366195,45.563380281690144,0.7797527047913446,0.4929577464788732,0.1056338028169014,1.1619718309859155,0.0704225352112676,7.077464788732395,19.7071161566306,12.359154929577466,1.4788732394366195,0.5952380952380952,1.619718309859155,0.5652173913043478,3.380281690140845,3.309859154929577,2.147887323943662,1.4084507042253522,1.3732394366197185,55.69217037269025,36.47049796429689,26.6620653055506,28.810249555629305
11298,José Ignacio Martínez García,Rayo Vallecano,La Liga,22,1743.0,0.774526678141136,0.0,26.168143761006224,0.8777969018932874,0.4705882352941176,136.00688468158347,1.7039586919104992,57.26333907056799,0.7294860234445446,0.5163511187607573,0.0,1.910499139414802,0.0516351118760757,11.204819277108433,20.96745249702435,16.213425129087778,2.426850258175559,0.6382978723404256,1.910499139414802,0.5675675675675675,3.614457831325301,2.426850258175559,1.497418244406196,1.7555938037865748,0.8777969018932874,58.56598329536825,24.678321943811696,26.25059996496468,25.923599801050447
26848,Roberto Trashorras Gayoso,Rayo Vallecano,La Liga,36,3209.0,0.9255219694608912,0.0280461202866936,24.398079049263004,1.6547210969149266,0.576271186440678,206.1389841071985,1.1779370520411343,75.16360236833904,0.8171641791044776,1.5986288563415394,0.1963228420068557,1.6547210969149266,0.1963228420068557,21.67965098161421,23.41958369477612,13.013399813025863,1.8510439389217823,0.7272727272727273,1.2620754129012153,0.7111111111111111,6.02991586163914,1.1498909317544406,1.093798691181053,1.486444375194765,2.3558741040822686,59.91712925170069,38.54,23.483327573742056,22.49193191703513
6713,Diego Javier Llorente Ríos,Rayo Vallecano,La Liga,33,2965.0,0.4553119730185497,0.0607082630691399,16.51394404003033,1.2141652613827991,0.725,121.59865092748734,1.3052276559865092,44.74198988195615,0.8181818181818182,0.2124789207419898,0.0303541315345699,0.1821247892074199,0.0303541315345699,10.229342327150084,23.02472367815468,13.234401349072511,2.0337268128161887,0.4626865671641791,2.3069139966273187,0.618421052631579,5.160202360876897,4.097807757166947,3.278246205733558,1.851602023608769,1.0320404721753793,45.3809785322017,42.81650024962556,20.62998614029624,20.80049612088766
4711,Pablo Hernández Domínguez,Rayo Vallecano,La Liga,27,1957.0,1.6096065406234032,0.1379662749105774,20.55005292744184,2.4833929483903936,0.4444444444444444,146.56617271333675,6.346448645886562,46.77056719468575,0.7502458210422812,1.195707715891671,0.1379662749105774,1.7475728155339807,0.229943791517629,7.266223811957078,18.888679304129795,15.590189064895249,1.8395503321410325,0.55,1.287685232498723,0.75,5.058763413387839,0.7358201328564129,0.5978538579458355,0.7818088911599387,1.1037301992846194,68.97888296203324,40.02601192343897,24.181392027162275,25.661075178068668
6852,Jozabed Sánchez Ruiz,Rayo Vallecano,La Liga,27,2119.0,1.911278905143936,0.3822557810287872,20.167874393311894,1.613968853232657,0.6052631578947368,143.94053798961775,5.861255309108071,45.82822085889571,0.8202038924930491,1.1467673430863616,0.0849457291175082,0.6795658329400661,0.1698914582350165,7.560169891458235,18.60293159347544,17.328928739971687,1.274185936762624,0.7,1.0618216139688532,0.76,5.394053798961775,0.8494572911750826,0.637092968381312,0.9344030202925908,1.4016045304388864,64.81121274712304,37.18270876364709,23.099563032861035,20.963246137468992
11539,Adrián Embarba Blázquez,Rayo Vallecano,La Liga,28,1889.0,1.9057702488088937,0.0952885124404446,20.326804146798796,3.335097935415564,0.4285714285714285,133.64213869772368,7.575436739015353,36.2572789835892,0.6307490144546649,1.1434621492853363,0.1905770248808893,4.4309158284806776,0.1905770248808893,6.956061408152462,18.61901809973719,16.818422445738488,2.1439915299100054,0.5555555555555556,1.2863949179460032,0.5925925925925926,5.097935415563791,1.1434621492853363,1.6199047114875598,1.4769719428268926,1.667548967707782,76.18666666666665,43.362139037433145,26.532332015610177,28.2606240756088
11542,Javier Guerra Rodríguez,Rayo Vallecano,La Liga,30,2150.0,2.972093023255814,0.5023255813953489,14.42897126466226,1.9674418604651165,0.4680851063829787,116.95813953488371,17.49767441860465,27.753488372093024,0.7194570135746606,1.0046511627906978,0.0,0.5441860465116279,0.041860465116279,1.9674418604651165,14.184980768476622,15.655813953488371,0.9627906976744186,0.782608695652174,0.4186046511627906,0.6,2.5953488372093023,0.3767441860465116,4.018604651162791,1.9674418604651165,2.7209302325581395,77.59212598425198,38.132856120257706,22.730690018310867,21.83016901219473
8801,Iván López Mendoza,Levante UD,La Liga,13,990.0,0.5454545454545454,0.0,27.930971878866057,2.1818181818181817,0.7083333333333334,103.81818181818184,0.3636363636363636,40.27272727272727,0.7020316027088036,0.3636363636363636,0.0,1.5454545454545454,0.0909090909090909,11.90909090909091,23.941494948984204,11.818181818181818,3.090909090909091,0.6470588235294118,1.5454545454545454,0.5882352941176471,4.181818181818182,2.636363636363636,1.0,1.7272727272727273,0.7272727272727273,58.29334500875658,68.25551663747812,27.503510195047703,11.031676260903346
26012,David Navarro Pedrós,Levante UD,La Liga,20,1736.0,0.4147465437788018,0.0,10.227776319342691,0.3629032258064516,0.7142857142857143,88.963133640553,1.3997695852534562,35.305299539170505,0.8076358296622613,0.0,0.0,0.0,0.0,10.524193548387096,25.47090457312775,5.443548387096774,1.1923963133640552,0.5652173913043478,1.9700460829493087,0.4736842105263157,2.540322580645161,5.599078341013825,2.695852534562212,0.9850230414746544,0.5184331797235022,40.30751748251749,44.81083916083917,18.09248503061498,17.33009660907742
27122,Simão Mate,Levante UD,La Liga,30,2233.0,0.5239587998208688,0.0403045230631437,12.6442512707111,0.5642633228840126,0.6428571428571429,104.14688759516346,1.4509628302731752,40.22391401701747,0.7635270541082164,0.1209135691894312,0.0,0.0,0.1209135691894312,7.859381997313032,21.331960045591188,13.582624272279446,1.9346171070309004,0.6458333333333334,2.377966860725482,0.559322033898305,5.199283475145545,4.030452306314376,4.433497536945813,2.337662337662338,1.5315718763994628,50.78421052631579,40.55499226006192,20.3549707892652,18.167595412298127
26685,Nicolás Ladislao Fedor Flores,Rayo Vallecano,La Liga,22,1590.0,2.3773584905660377,0.5094339622641509,11.69793113214562,2.0943396226415096,0.4324324324324324,100.18867924528304,14.49056603773585,23.150943396226417,0.7408312958435208,1.2452830188679245,0.169811320754717,0.5094339622641509,0.1132075471698113,1.4716981132075473,13.691228454523223,19.92452830188679,1.358490566037736,0.625,0.5660377358490566,0.5,3.79245283018868,0.5094339622641509,2.490566037735849,2.3773584905660377,1.4716981132075473,76.8475141242938,42.080677966101696,23.124556786861515,22.007896107210826
7900,Tiago Manuel Dias Correia,Rayo Vallecano,La Liga,34,2288.0,3.1468531468531467,0.118006993006993,28.32532618224489,4.366258741258742,0.5405405405405406,130.16171328671328,5.113636363636363,33.12062937062937,0.6235154394299287,0.944055944055944,0.236013986013986,4.366258741258742,0.0786713286713286,6.293706293706293,19.881574105059386,12.587412587412588,1.3374125874125875,0.5882352941176471,0.9833916083916084,0.6,5.428321678321678,1.4947552447552448,1.8094405594405596,1.4554195804195804,0.9833916083916084,73.58773043215474,23.396796615291628,26.31140076413473,24.57953720992836
6593,Martín Montoya Torralbo,Real Betis,"La Liga, Serie A",16,1468.0,0.0613079019073569,0.0,26.30684321616716,1.9005449591280652,0.5806451612903226,143.58310626703,1.5326975476839235,57.87465940054496,0.7997881355932204,0.3678474114441417,0.0613079019073569,0.9196185286103544,0.0613079019073569,5.2111716621253406,16.41428795243644,18.147138964577657,2.82016348773842,0.391304347826087,2.145776566757493,0.4285714285714285,3.494550408719346,2.636239782016349,2.0844686648501365,1.0422343324250682,1.7166212534059946,58.00209222886423,47.36994022203247,24.6923609624712,30.39628362121023
7161,Germán Alejandro Pezzella,Real Betis,La Liga,25,2240.0,0.6830357142857143,0.1205357142857143,12.60507727127582,0.0803571428571428,1.0,86.82589285714286,2.571428571428572,32.504464285714285,0.7379480840543882,0.0,0.0401785714285714,0.1205357142857143,0.0401785714285714,9.642857142857144,24.87711245166873,8.919642857142858,1.8883928571428568,0.6595744680851063,2.410714285714286,0.5833333333333334,3.0937500000000004,6.026785714285714,4.178571428571429,1.0044642857142858,0.5625,38.824016658954186,54.72082369273485,20.218796304101925,14.595029088759066
27349,Heiko Westermann,Real Betis,La Liga,20,1678.0,0.8045292014302742,0.0536352800953516,12.938929714872096,0.3754469606674612,0.7142857142857143,92.78903456495829,2.038140643623361,34.70202622169249,0.7712519319938176,0.1072705601907032,0.0,0.0536352800953516,0.0,8.206197854588796,23.413205743276663,9.01072705601907,2.3599523241954707,0.6136363636363636,2.091775923718713,0.5641025641025641,3.1108462455303934,7.938021454112038,4.773539928486294,1.1799761620977354,0.7508939213349225,40.25583815028902,28.23115606936416,20.92153391897775,15.464492813211232
27347,Juan Manuel Vargas Risco,Real Betis,La Liga,20,1776.0,0.9121621621621622,0.1013513513513513,28.059158165206583,1.114864864864865,0.7272727272727273,116.0472972972973,1.6722972972972974,46.6722972972973,0.6959826275787188,1.1655405405405406,0.1013513513513513,3.2432432432432434,0.0506756756756756,10.641891891891891,20.894894431704664,6.587837837837839,1.266891891891892,0.4,1.9763513513513515,0.5128205128205128,5.625,3.3952702702702706,1.8243243243243243,1.418918918918919,0.4560810810810811,60.35030567685588,11.630393013100436,29.51057707492706,11.91534449117428
5671,Alfred John Momar N''Diaye,Real Betis,La Liga,34,3107.0,0.7531380753138075,0.0579336981010621,15.58189452805501,1.3035082072738975,0.5777777777777777,102.45574509172836,3.099452848406824,34.47055037013196,0.7941176470588235,0.0869005471515931,0.0,0.2317347924042484,0.0,5.793369810106212,19.539111071848744,19.118120373350497,2.664950112648857,0.6413043478260869,1.8249114901834569,0.6349206349206349,5.011264885741873,1.9407788863855808,2.983585452204699,1.7959446411329256,0.984872867718056,55.48467627933277,39.95038167938933,22.610289674552764,19.53434838296807
27346,Petros Matheus dos Santos Araújo,Real Betis,La Liga,30,2406.0,0.3366583541147132,0.0374064837905236,21.052783259001647,1.4962593516209477,0.625,125.27431421446384,1.982543640897756,44.700748129675816,0.8242677824267782,0.5985037406483791,0.0374064837905236,0.1496259351620947,0.1496259351620947,5.199501246882793,17.690458481673637,27.867830423940152,3.8154613466334166,0.6568627450980392,1.6832917705735662,0.6888888888888889,6.28428927680798,1.3840399002493766,1.084788029925187,2.3940149625935163,2.9551122194513715,54.88375634517766,42.66655718124813,20.659557100660603,20.19213558112305
6651,Joaquín Sánchez Rodríguez,Real Betis,La Liga,30,2010.0,1.2985074626865671,0.044776119402985,20.96171842772732,3.9402985074626864,0.5681818181818182,145.97014925373134,5.1940298507462686,43.02985074626866,0.7273673257023934,2.149253731343284,0.2238805970149253,2.194029850746269,0.1791044776119403,8.82089552238806,19.39625223933403,11.238805970149253,1.388059701492537,0.6451612903225806,0.9850746268656716,0.6363636363636364,5.507462686567163,0.8955223880597014,1.6567164179104477,0.582089552238806,2.149253731343284,75.23889570552147,52.57377300613498,24.742413276223783,25.204360731326897
6697,Daniel Ceballos Fernández,Real Betis,La Liga,34,2197.0,0.6964041875284479,0.0,24.782473408737275,4.424214838416022,0.5462962962962963,171.97086936731907,2.416932180245789,51.00136549840692,0.7991967871485943,0.8602639963586709,0.0819299044151115,0.6554392353208921,0.3686845698680018,6.882111970869367,17.33394213991968,21.096950386891216,2.70368684569868,0.6212121212121212,1.679563040509786,0.6097560975609756,7.086936731907146,0.9012289485662266,0.9012289485662266,1.9253527537551205,3.932635411925353,66.58075273939971,35.00893282515483,21.8306730552692,22.819391629800958
6630,Jorge Molina Vidal,Real Betis,La Liga,23,963.0,1.2149532710280373,0.0934579439252336,12.855143423761156,0.8411214953271028,0.6666666666666666,106.72897196261682,11.214953271028037,28.03738317757009,0.6166666666666667,0.7476635514018691,0.0934579439252336,0.3738317757009345,0.4672897196261682,1.7757009345794392,13.707460783666669,12.05607476635514,1.308411214953271,0.5714285714285714,0.1869158878504672,0.5,3.2710280373831773,0.4672897196261682,3.2710280373831773,1.4018691588785046,2.2429906542056077,78.63450087565673,42.17530647985989,20.41749663178245,22.144250926012297
6832,Rubén Castro Martín,Real Betis,La Liga,38,3481.0,2.6630278655558746,0.4136742315426601,17.691415068161117,1.4737144498707269,0.4385964912280701,103.16001149095088,11.582878483194484,26.42344153978741,0.7191780821917808,0.6722206262568228,0.103418557885665,1.1376041367423153,0.3102556736569951,2.2493536340132145,14.685442318835614,6.205113473139902,0.1551278368284975,0.5,0.3878195920712439,0.6666666666666666,2.8440103418557885,0.0775639184142487,1.1376041367423153,0.6463659867854065,1.7581154840563056,81.0574185463659,35.21398496240601,20.509006490340056,23.089407240693543
3601,Charly Musonda Junior,Real Betis,La Liga,16,1267.0,0.9944751381215468,0.0710339384372533,22.79337897075712,6.393054459352801,0.5777777777777777,120.6156274664562,3.5516969218626677,27.98737174427782,0.7208121827411168,0.7813733228097869,0.0710339384372533,2.202052091554854,0.21310181531176,4.119968429360695,17.237598756345175,17.261247040252563,1.7048145224940805,0.375,1.0655090765588002,0.6,4.830307813733228,0.3551696921862667,0.2841357537490134,1.420678768745067,4.048934490923441,73.54393404004709,37.93851590106007,23.431747142673736,28.482284712399807
27092,Abdoul Karim Yoda,Getafe,La Liga,18,1031.0,0.6983511154219205,0.0,18.12953228445328,5.848690591658585,0.5970149253731343,142.02715809893309,3.666343355965082,45.91658583899128,0.7452471482889734,0.8729388942774007,0.0,2.3569350145489816,0.08729388942774,7.594568380213386,19.36738289304183,15.014548981571291,2.1823472356935016,0.76,1.9204655674102813,0.7727272727272727,5.848690591658585,1.7458777885548014,0.9602327837051408,1.396702230843841,0.8729388942774007,62.223724646588806,18.71272280270437,26.42666609976601,20.037764080076805
24132,Francisco Miguel Varela Martín,Real Betis,La Liga,14,953.0,0.5666316894018888,0.0,23.597815336556483,0.7555089192025184,0.375,123.71458551941238,2.0776495278069254,51.18572927597062,0.7287822878228782,0.8499475341028332,0.0,2.1720881427072403,0.0944386149003148,10.388247639034628,20.667262282841328,8.782791185729277,1.416579223504722,0.4666666666666667,1.6054564533053517,0.4705882352941176,2.833158447009444,1.794333683105981,1.038824763903463,0.5666316894018888,0.3777544596012592,63.01786259541984,11.648473282442746,27.452979954981224,13.251720094213924
23806,Alejandro Bergantiños García,RC Deportivo La Coruña,La Liga,22,1802.0,0.7991120976692564,0.099889012208657,18.107257028121044,0.4994450610432852,0.7,120.71587125416204,3.39622641509434,43.75138734739178,0.7842465753424658,0.9988901220865704,0.0,0.099889012208657,0.1997780244173141,6.692563817980022,18.546453131164387,17.830188679245282,2.746947835738069,0.6545454545454545,1.4983351831298557,0.5666666666666667,5.943396226415095,1.897891231964484,2.247502774694784,1.148723640399556,0.5493895671476138,62.75755068266445,46.93851882498966,22.18243988153863,18.001333374709674
5201,Sergio Ramos García,Real Madrid,La Liga,23,1991.0,0.8588648920140634,0.0904068307383224,14.056074394205227,0.1808136614766449,0.75,158.98041185334003,2.8478151682571573,58.71923656454043,0.8929946112394149,0.2712204922149673,0.0452034153691612,0.1808136614766449,0.0904068307383224,11.526870919136112,22.031816149807547,8.995479658463085,1.627322953289804,0.6666666666666666,2.57659467604219,0.6666666666666666,4.339527875439478,4.203917629331994,2.757408337518835,1.8985434455047716,1.356102461074837,44.59513790162068,25.0166334944555,20.50818117893835,12.73783437216187
5539,Carlos Henrique Casimiro,Real Madrid,La Liga,23,1582.0,1.1378002528445006,0.056890012642225,26.999777760177302,0.6826801517067004,0.75,165.77749683944376,0.9102402022756004,60.07585335018963,0.8683712121212122,0.2844500632111251,0.11378002528445,0.11378002528445,0.2844500632111251,14.336283185840708,22.456041965909098,23.097345132743364,4.323640960809103,0.75,2.616940581542352,0.7391304347826086,5.461441213653603,1.7635903919089762,2.5031605562579013,2.7876106194690267,2.5031605562579013,55.12549759780369,39.49862731640357,19.655655223569628,16.87133426474548
6576,Gorka Iraizoz Moreno,Athletic Club,La Liga,37,3352.0,0.0,0.0,19.71618752593094,0.0,0.5833333333333334,91.423031026253,0.0,36.48866348448687,0.6019131714495953,0.0805489260143198,0.0,0.0,0.0,27.84307875894988,49.68321610846212,0.0268496420047732,0.0,0.6086956521739131,0.0,0.618734335839599,5.289379474940334,0.0805489260143198,0.0,0.0268496420047732,0.0805489260143198,13.117092511013215,40.97750367107194,8.105543238678385,9.407712285656569
6392,Íñigo Lekue Martínez,Athletic Club,La Liga,20,1204.0,0.8222591362126246,0.074750830564784,21.78587848457469,3.4385382059800667,0.391304347826087,130.21594684385383,3.2890365448504983,44.40199335548173,0.7424242424242424,0.8222591362126246,0.0,3.2142857142857144,0.1495016611295681,6.428571428571429,17.90646828872054,15.772425249169435,3.2142857142857144,0.6511627906976745,1.8687707641196012,0.6,4.933554817275748,0.9717607973421928,1.719269102990033,0.9717607973421928,0.7475083056478405,68.15281285878301,27.4345579793341,27.639902365334216,27.99488307773335
6386,Eneko Bóveda Altube,Athletic Club,La Liga,23,1530.0,0.2941176470588235,0.0,15.36318367987874,1.0588235294117647,0.6666666666666666,144.11764705882354,1.4705882352941175,56.23529411764706,0.7583682008368201,0.5882352941176471,0.0,1.7058823529411764,0.1764705882352941,12.235294117647058,21.51869256223849,14.882352941176473,2.3529411764705883,0.5,2.764705882352941,0.574468085106383,4.588235294117647,4.117647058823529,3.764705882352941,1.2941176470588236,0.4705882352941176,55.8778775510204,64.8781224489796,23.43788630996585,11.906695207340883
26087,Carlos Gurpegi Nausia,Athletic Club,La Liga,15,1181.0,0.3810330228619814,0.0,11.773587741333849,0.1524132091447925,1.0,102.6502963590178,1.905165114309907,41.45639288738358,0.7959558823529411,0.1524132091447925,0.0,0.2286198137171888,0.0,10.66892464013548,23.1156291078125,7.773073666384421,1.371718882303133,0.5555555555555556,2.133784928027096,0.6785714285714286,3.124470787468248,5.486875529212532,3.9627434377646074,1.2193056731583405,0.9144792548687554,43.96028210838901,45.107646622123234,18.25532160654194,18.00746548228302
6789,Mikel Balenziaga Oruesagasti,Athletic Club,La Liga,34,2999.0,0.2400800266755585,0.0,30.209424242790043,1.4404801600533512,0.5,113.46782260753584,0.8702900966988997,45.25508502834278,0.7645888594164456,0.6002000666888964,0.0900300100033344,2.43081027009003,0.0600200066688896,6.8122707569189735,19.36171617440318,14.64488162720907,2.250750250083361,0.52,2.280760253417806,0.6447368421052632,4.981660553517839,1.9806602200733576,1.5005001667222408,1.2904301433811272,0.7802600866955652,62.044882306268185,11.265617561491672,27.175234407596346,10.347238275599285
6389,Mikel San José Domínguez,Athletic Club,La Liga,34,2770.0,0.8447653429602887,0.0649819494584837,16.65957546896792,0.9097472924187724,0.5357142857142857,132.66064981949458,3.11913357400722,50.06859205776173,0.791693705386113,0.3574007220216606,0.0974729241877256,0.3574007220216606,0.3574007220216606,8.740072202166065,20.197516988578847,19.36462093862816,2.306859205776173,0.704225352112676,2.2418772563176894,0.6231884057971014,5.101083032490974,1.8844765342960288,3.736462093862816,1.9819494584837545,1.03971119133574,55.547048738672544,43.87195689444036,19.461852082719773,17.18263907952036
6396,Beñat Etxebarria Urkiaga,Athletic Club,La Liga,36,2976.0,0.907258064516129,0.0302419354838709,27.75011879012165,1.4213709677419355,0.574468085106383,170.71572580645162,0.5745967741935484,65.23185483870968,0.7547519703291609,1.7842741935483872,0.1209677419354838,1.814516129032258,0.4838709677419355,18.961693548387096,23.63055458887344,19.38508064516129,2.3588709677419355,0.6666666666666666,1.7540322580645162,0.6896551724137931,6.834677419354839,0.3629032258064516,0.8770161290322581,1.5725806451612905,2.086693548387097,64.45091231178033,37.12938883968114,20.93444442289392,19.26665032569568
6393,Iñaki Williams Arthuer,Athletic Club,La Liga,25,1638.0,2.4725274725274726,0.4395604395604395,19.263580636237617,3.131868131868132,0.5614035087719298,118.021978021978,11.538461538461538,26.64835164835165,0.6185567010309279,0.5494505494505495,0.1648351648351648,2.417582417582417,0.3846153846153846,2.912087912087912,16.274026461567008,15.769230769230768,1.3186813186813189,0.625,0.8791208791208791,0.5,5.0,0.1648351648351648,1.2637362637362637,1.2087912087912087,2.5824175824175826,80.47928305400376,55.04874301675978,24.04559495866448,18.781121739708286
6391,Raúl García Escudero,Athletic Club,La Liga,31,2445.0,2.9079754601226995,0.2576687116564417,22.297499445977486,1.6564417177914113,0.4666666666666667,128.24539877300614,8.981595092024541,35.77914110429448,0.6213991769547325,0.6257668711656442,0.2208588957055214,1.030674846625767,0.3680981595092025,4.564417177914111,17.35464652541152,23.52147239263804,2.7607361963190185,0.7333333333333333,1.3619631901840492,0.7027027027027027,4.306748466257669,1.0674846625766872,4.822085889570553,2.94478527607362,3.202453987730061,72.89816303099884,46.42709529276692,21.896358054514295,21.00377284328293
6390,Markel Susaeta Laskurain,Athletic Club,La Liga,28,1956.0,1.1503067484662577,0.1380368098159509,22.86267472745661,4.003067484662576,0.4022988505747126,128.7883435582822,8.88036809815951,35.65950920245399,0.6967741935483871,1.7484662576687116,0.3680981595092024,2.9907975460122698,0.4141104294478527,5.107361963190184,17.199957913806454,21.901840490797547,2.3006134969325154,0.52,1.1503067484662577,0.56,5.475460122699387,0.3680981595092024,1.012269938650307,1.196319018404908,1.8404907975460123,77.25359056806003,46.737692032868864,23.28985707231824,24.71848496418841
6394,Aritz Aduriz Zubeldia,Athletic Club,La Liga,34,2866.0,3.0146545708304258,0.5338450802512212,13.813709548784711,2.0097697138869504,0.390625,109.09281228192604,16.329378925331472,23.834612700628053,0.6271409749670619,0.8164689462665736,0.1884159106769016,0.5652477320307048,0.3454291695743196,1.3817166782972783,14.746525219631094,9.829030006978366,0.7222609909281228,0.6956521739130435,0.2198185624563852,0.4285714285714285,2.920446615491975,0.7222609909281228,6.092114445219818,1.9783670621074667,2.166782972784368,81.81974668969487,41.92464018422568,19.980044343208096,18.087655745999516
3253,Adil Rami,Sevilla,La Liga,28,2500.0,0.576,0.0,11.6156003149696,0.18,0.6,102.024,2.592,39.564,0.7834394904458599,0.144,0.036,0.2159999999999999,0.036,12.312,26.404790733030023,4.896,0.6839999999999999,0.5789473684210527,0.972,0.8148148148148148,3.996,3.924,2.88,0.972,0.6839999999999999,38.47014820042344,53.827911079745945,21.990877002201486,15.818292500793046
5737,Steven N''Kemboanza Mike Christopher Nzonzi,Sevilla,La Liga,28,1908.0,0.8962264150943396,0.1415094339622641,17.525663431676747,0.8018867924528302,0.6470588235294118,124.71698113207547,4.764150943396227,45.70754716981133,0.7843137254901961,0.4245283018867924,0.0471698113207547,0.6132075471698114,0.0,7.547169811320755,20.19713589669763,15.99056603773585,1.9339622641509435,0.7317073170731707,1.0377358490566038,0.6363636363636364,3.7735849056603774,2.405660377358491,4.528301886792454,1.7452830188679247,0.8018867924528302,55.67549167927384,38.95707261724659,24.85071427438973,20.77292581588755
8523,Yevhen Konoplyanka,Sevilla,La Liga,32,1692.0,2.7127659574468086,0.1595744680851064,21.66848089819492,3.98936170212766,0.56,131.43617021276597,9.25531914893617,38.56382978723404,0.6662068965517242,1.8617021276595744,0.2127659574468085,5.638297872340425,0.1063829787234042,7.287234042553192,18.71238063062068,10.425531914893616,1.1702127659574468,0.4090909090909091,1.2234042553191489,0.7391304347826086,3.98936170212766,0.2127659574468085,0.425531914893617,1.1702127659574468,1.5957446808510638,77.84560906515578,18.83804127883448,26.89475816845824,17.264306955856693
6825,Daniel Filipe Martins Carriço,Sevilla,La Liga,14,1094.0,0.5758683729433273,0.0822669104204753,12.263689185690149,0.4113345521023765,0.6,109.25045703839122,2.6325411334552102,41.051188299817184,0.8176352705410822,0.0,0.0822669104204753,0.0822669104204753,0.0,9.46069469835466,23.907725595591184,10.859232175502742,1.4808043875685557,0.6111111111111112,1.809872029250457,0.5,3.372943327239488,5.758683729433272,3.4552102376599634,1.0694698354661791,0.7404021937842779,38.2496234939759,38.846912650602405,20.95981812330101,22.790831016443462
6718,Sergio Escudero Palomo,Sevilla,La Liga,15,1211.0,0.8918249380677126,0.074318744838976,23.142108224889306,1.635012386457473,0.6363636363636364,130.13212221304707,3.8645747316267545,48.90173410404624,0.723404255319149,1.1890999174236168,0.0,3.19570602807597,0.1486374896779521,8.100743187448389,19.133200785562305,14.86374896779521,3.047068538398018,0.3902439024390244,1.9322873658133768,0.7692307692307693,4.161849710982659,1.635012386457473,1.8579686209744013,1.9322873658133768,1.709331131296449,67.2952598515134,12.986521987435747,28.23842672583201,13.483477672401488
6842,Iker Muniain Goñi,Athletic Club,La Liga,20,1051.0,1.9695528068506185,0.1712654614652711,18.13500008424053,2.997145575642245,0.6571428571428571,159.790675547098,6.850618458610846,47.44053282588011,0.8393501805054152,1.455756422454805,0.0,0.8563273073263558,0.4281636536631779,5.137963843958135,16.854483586101082,12.159847764034252,1.455756422454805,0.6470588235294118,1.1988582302568982,0.7142857142857143,6.508087535680304,0.5994291151284491,0.2568981921979067,0.5137963843958135,3.853472882968602,72.0093783494105,25.82829581993569,22.1188881310464,20.28327187336675
6378,Jan Oblak,Atlético Madrid,La Liga,38,3535.0,0.0,0.0,19.71618752593094,0.0254596888260254,1.0,49.31541725601132,0.0,20.82602545968883,0.5171149144254279,0.0254596888260254,0.0,0.0,0.0,16.192362093352195,52.09225099449877,0.0,0.0,0.6086956521739131,0.0,0.618734335839599,3.4370579915134374,0.0509193776520509,0.0,0.0,0.1272984441301273,8.73810015487868,40.613939081053175,6.363283141018251,7.502277184662292
6375,Juan Francisco Torres Belén,Atlético Madrid,La Liga,35,3131.0,0.2012136697540721,0.0287448099648674,20.000756999539583,1.7246885978920472,0.6,127.68444586394122,2.5582880868732034,49.52730756946662,0.7562391178177598,0.7186202491216863,0.0287448099648674,2.845736186521878,0.0,5.777706802938358,17.013611032385377,9.054615138933247,1.8109230277866493,0.5238095238095238,1.9833918875758545,0.5797101449275363,5.202810603641009,1.6671989779623122,0.6898754391568189,1.2935164484190351,0.6036410092622165,67.89925709140029,71.11647906348492,29.497698944698318,8.636723495390441
6376,Stefan Savić,Atlético Madrid,La Liga,12,970.0,0.1855670103092783,0.0,5.430624468989896,0.0927835051546391,1.0,89.90721649484536,1.6701030927835052,36.4639175257732,0.7786259541984732,0.0,0.0,0.0927835051546391,0.0,12.061855670103093,25.783574021628496,7.237113402061856,1.577319587628866,0.8235294117647058,1.855670103092784,0.55,2.597938144329897,4.824742268041238,4.175257731958763,0.5567010309278351,0.4639175257731959,38.398452012383885,50.73446852425182,18.978059888978624,15.51273682724295
5249,Diego Roberto Godín Leal,Atlético Madrid,La Liga,31,2734.0,0.8558888076079005,0.0329188002926115,8.910920723918476,0.4608632040965618,0.6428571428571429,99.90855888807609,3.818580833942941,37.92245793708852,0.7916666666666666,0.0658376005852231,0.0329188002926115,0.0,0.0658376005852231,8.591806876371617,22.37889540225695,7.933430870519386,2.3043160204828093,0.5142857142857142,2.468910021945867,0.6266666666666667,3.555230431602048,5.102414045354792,4.180687637161668,1.2509144111192392,1.0863204096561814,43.26494233937398,26.391663920922568,21.994107117502644,14.043688470768156
6320,Filipe Luís Kasmirski,Atlético Madrid,La Liga,32,2927.0,0.2459856508370345,0.0307482063546293,21.61452829382664,3.966518619747181,0.5736434108527132,181.81414417492311,3.7820293816194055,68.0765288691493,0.7917795844625113,0.7687051588657328,0.1229928254185172,2.70584215920738,0.0614964127092586,7.933037239494363,17.280057897380303,15.404851383669286,3.7820293816194055,0.6747967479674797,2.70584215920738,0.6931818181818182,5.104202254868466,1.6911513495046122,1.9986334130509051,1.1376836351212845,1.4144174923129484,65.65039742939287,10.70755961440893,27.224298437787844,10.177610382640648
6384,Gabriel Fernández Arenas,Atlético Madrid,La Liga,35,2962.0,0.5165428764348413,0.0303848750844024,28.48209946112719,1.3673193787981095,0.6222222222222222,183.7677245104659,0.4557731262660365,67.57596218771101,0.8048561151079137,0.638082376772451,0.0607697501688048,0.7596218771100608,0.4861580013504389,13.673193787981097,20.181761126438847,22.029034436191765,3.25118163403106,0.6355140186915887,1.762322754895341,0.5689655172413793,6.988521269412559,1.3673193787981095,1.3065496286293046,2.309250506414585,1.4584740040513169,59.889186507936486,49.79368386243385,20.758578073267643,20.13572604634074
19668,Augusto Matías Fernández,Celta Vigo,La Liga,28,2250.0,0.52,0.04,22.110691177006004,1.28,0.6875,169.12,1.0,59.2,0.8817567567567568,0.24,0.04,0.12,0.04,7.92,19.22676817006757,23.8,3.92,0.6530612244897959,3.24,0.691358024691358,6.640000000000001,1.4,1.68,2.2,1.08,55.977578051088,38.43228476821192,18.514726389625533,17.10379095066067
6381,Saúl Ñíguez Esclapez,Atlético Madrid,La Liga,31,2412.0,1.753731343283582,0.1492537313432835,19.50779307227073,2.276119402985074,0.4426229508196721,133.47014925373134,6.119402985074626,42.6865671641791,0.7674825174825175,0.6716417910447761,0.0746268656716417,1.007462686567164,0.0746268656716417,4.067164179104477,16.113031095655593,23.470149253731343,3.656716417910448,0.5918367346938775,1.7910447761194028,0.5625,5.559701492537313,2.462686567164179,4.365671641791044,2.0522388059701493,1.1940298507462686,66.6097288230361,34.43332401453732,24.453437873419187,21.32958184591073
5199,Jorge Resurrección Merodio,Atlético Madrid,La Liga,35,3052.0,1.238532110091743,0.1474442988204456,19.9007389238748,1.5629095674967235,0.5094339622641509,190.8519003931848,4.334862385321101,66.99868938401049,0.7671654929577465,1.887287024901704,0.4128440366972477,2.3885976408912186,0.4718217562254259,11.412188728702487,17.93740101919014,19.66906946264744,2.830930537352556,0.6041666666666666,1.3859764089121889,0.7021276595744681,5.632372214941023,0.8846657929226737,0.973132372214941,1.2680209698558322,1.8577981651376143,70.91779975278122,33.47679233621755,23.655184523952627,24.237911091648677
6382,Fernando José Torres Sanz,Atlético Madrid,La Liga,30,1751.0,2.929754426042261,0.5653912050256996,16.088137683951814,3.700742432895488,0.4444444444444444,105.8309537407196,15.933752141633352,19.994288977727013,0.6555269922879178,0.7195888063963449,0.1027984009137635,0.462592804111936,0.3083952027412907,0.7195888063963449,12.446033722107972,15.00856653340948,0.925185608223872,0.5555555555555556,0.2055968018275271,1.0,3.443746430611079,0.8223872073101085,4.111936036550542,1.644774414620217,2.158766419189035,80.508499271491,38.78839242350655,23.514394765263816,21.62464521129283
5487,Antoine Griezmann,Atlético Madrid,La Liga,38,3112.0,2.660668380462725,0.6073264781491002,17.472209897828854,2.3714652956298203,0.5609756097560976,144.02313624678663,11.82840616966581,40.31491002570694,0.7840746054519369,1.417095115681234,0.1446015424164524,1.070051413881748,0.3181233933161954,3.962082262210797,15.488323645373027,17.901670951156813,1.474935732647815,0.7058823529411765,1.2146529562982005,0.7142857142857143,4.829691516709512,0.8965295629820051,1.7352185089974297,1.0122107969151672,1.301413881748072,74.43188755020078,42.34128514056224,22.849412813354043,21.673381374298845
6884,Sergio Álvarez Conde,Celta Vigo,La Liga,31,2824.0,0.0,0.0,19.71618752593094,0.0,0.5833333333333334,80.1841359773371,0.0,31.901558073654392,0.5834165834165834,0.0,0.0,0.0,0.0,21.76699716713881,46.60885831498501,0.0956090651558073,0.0,0.6086956521739131,0.0,0.618734335839599,4.36614730878187,0.0,0.0,0.0,0.0318696883852691,9.5422893481717,40.41824324324324,6.473481444206625,8.159618682327766
6802,Jonathan Castro Otto,Celta Vigo,La Liga,36,3055.0,0.4124386252045826,0.0294599018003273,24.87029126295409,1.266775777414075,0.5116279069767442,142.6153846153846,3.240589198036006,55.826513911620296,0.816358839050132,0.530278232405892,0.1178396072013093,0.8543371522094927,0.088379705400982,6.451718494271685,18.49487605430079,16.497545008183305,2.297872340425532,0.5512820512820513,2.7397708674304417,0.6559139784946236,4.330605564648118,2.1800327332242224,1.7970540098199672,1.4435351882160392,0.795417348608838,60.04782069820285,30.2954141706259,25.395113116381992,26.828011203328536
6805,Hugo Mallo Novegil,Celta Vigo,La Liga,34,3040.0,0.2664473684210526,0.0296052631578947,17.75197666607891,0.6513157894736842,0.6363636363636364,132.86842105263156,2.8125,52.34210526315789,0.7884615384615384,0.2960526315789473,0.1184210526315789,1.3026315789473684,0.0888157894736842,10.213815789473683,21.430078749095024,15.75,2.8125,0.4947368421052631,2.3092105263157894,0.5384615384615384,3.582236842105263,3.4342105263157894,2.1611842105263155,1.776315789473684,0.5625,56.20086898395724,64.29933155080215,26.36667604669014,13.67789567925968
6804,Sergi Gómez Solà,Celta Vigo,La Liga,31,2713.0,0.0663472171028381,0.0,14.102220152466334,0.1658680427570954,0.8,139.39550313306302,0.4644305197198672,51.15370438628824,0.8560311284046692,0.0995208256542572,0.033173608551419,0.0,0.0663472171028381,10.715075562108366,23.443210484630352,11.279026907482493,1.6586804275709546,0.62,2.7534095097677844,0.5903614457831325,4.113527460375967,4.776999631404349,3.4500552893475853,1.09472908219683,0.2985624769627718,38.61151832460733,30.527820085673483,16.091207363948108,17.101042063435766
7577,Carles Planas Antolínez,Celta Vigo,La Liga,26,1751.0,0.1541976013706453,0.0,21.65394539555983,0.4111936036550542,0.625,148.49229011993145,2.107367218732153,59.46887492861222,0.773552290406223,0.3083952027412907,0.1027984009137635,1.43917761279269,0.1541976013706453,9.560251284980012,20.49002522886777,17.88692175899486,3.2381496287835523,0.5238095238095238,2.31296402055968,0.5333333333333333,2.621359223300971,3.546544831524843,2.31296402055968,1.0279840091376355,0.5139920045688178,57.32170301142265,10.425302872966428,25.66546428938596,9.881735083070456
6797,Daniel Wass,Celta Vigo,La Liga,36,2768.0,1.593208092485549,0.065028901734104,24.831499590576136,1.1054913294797688,0.6470588235294118,155.54913294797686,3.5440751445086702,54.13656069364161,0.7807807807807807,1.1054913294797688,0.1625722543352601,1.0404624277456649,0.3901734104046243,10.209537572254334,20.82999926438438,12.71315028901734,1.7882947976878611,0.6727272727272727,1.3330924855491328,0.6341463414634146,4.194364161849711,1.4306358381502888,2.0809248554913293,1.1380057803468209,1.528179190751445,65.97403846153847,45.78804347826086,22.38997343559568,19.40914062973249
27341,Marcelo Alfonso Díaz Rojas,Celta Vigo,La Liga,14,1021.0,1.0577864838393731,0.0,24.82966573359133,0.6170421155729677,0.5714285714285714,187.22820763956904,0.6170421155729677,66.81684622918708,0.8918205804749341,0.2644466209598433,0.0881488736532811,0.2644466209598433,0.0881488736532811,12.605288932419198,21.217439669525064,16.571988246816847,1.4103819784524976,0.5,1.6748285994123409,0.631578947368421,6.523016650342801,1.2340842311459357,0.5288932419196866,1.1459353574926543,1.2340842311459357,56.57471751412429,40.410028248587565,19.31280241848447,17.05354280557049
7105,Fabián Ariel Orellana Valenzuela,Celta Vigo,La Liga,33,2989.0,2.3185011709601877,0.1806624289059886,20.8231587885168,6.2930746068919365,0.5215311004784688,185.9016393442623,11.23118099698896,49.712278353964535,0.7450030284675954,1.3549682167949146,0.2107728337236533,2.0776179324188693,0.5720976915356306,7.949146871863499,19.05065932861902,11.261291401806623,0.9936433589829374,0.696969696969697,1.174305787888926,0.7948717948717948,6.323185011709602,1.294747407159585,0.8732017397122783,0.9635329541652726,3.011040481766477,75.27664399092968,43.67342079689018,22.545536442634333,22.320520701184524
6801,Pedro Pablo Hernández,Celta Vigo,La Liga,33,2362.0,1.0287891617273497,0.0762066045723962,19.730397243656327,1.8289585097375107,0.6875,173.78916172734972,4.72480948348857,56.96443691786622,0.7966555183946489,0.3810330228619814,0.1143099068585944,0.3048264182895851,0.3810330228619814,9.144792548687551,19.97971183134448,20.423370025402203,2.8196443691786626,0.7702702702702703,1.7908552074513129,0.723404255319149,6.096528365791702,2.133784928027096,5.601185436071127,3.238780694326842,4.496189669771381,63.40841920631439,35.97450120587591,20.26145317337534,17.410445549359046
6724,Manuel Agudo Durán,Celta Vigo,La Liga,29,2549.0,2.8599450765005887,0.3883876029815614,19.978345587424457,5.755198116908592,0.4662576687116564,162.4166339741075,13.06394664574343,45.30011769321303,0.6399064692127825,1.9066300510003924,0.2471557473519027,2.295017653981954,0.7767752059631229,10.663005100039232,20.951298363211222,13.558258140447236,1.8007061592781484,0.7254901960784313,1.0239309533150256,0.5862068965517241,5.649274225186348,0.3530796390741467,0.7061592781482935,1.624166339741075,2.71871322087093,81.93973913043479,15.391695652173912,22.214826109208705,12.86941844209781
6038,John Guidetti,Celta Vigo,La Liga,35,1330.0,2.233082706766917,0.4060150375939849,14.42754272173272,1.827067669172932,0.5925925925925926,94.53383458646616,16.57894736842105,21.38345864661654,0.7246835443037974,1.0827067669172932,0.0,0.5413533834586466,0.1353383458646616,0.9473684210526316,12.306672335759496,17.796992481203006,0.744360902255639,0.8181818181818182,0.4060150375939849,0.8333333333333334,3.180451127819549,0.2030075187969924,2.1654135338345863,2.1654135338345863,2.097744360902256,83.9277022190408,41.02340730136005,20.40032313252228,19.057648379635108
5217,Iago Aspas Juncal,Celta Vigo,La Liga,35,2717.0,2.716231137283769,0.430622009569378,16.996846014957352,2.1862348178137654,0.5151515151515151,124.74788369525211,17.754876702245124,32.329775487670226,0.7622950819672131,1.3581155686418844,0.1656238498343761,1.291866028708134,0.430622009569378,3.54435038645565,15.998380741137296,14.641148325358852,0.7618697092381304,0.6086956521739131,0.6293706293706294,0.5789473684210527,3.478100846521899,0.2649981597350018,0.9606183290393816,1.424365108575635,1.6231137283768864,80.80103558151886,45.3079394583112,21.626691566067,18.36685876677417
23785,Théo Bongonda Mbul''Ofeko Batombo,Celta Vigo,La Liga,23,1235.0,1.3846153846153846,0.145748987854251,17.045630242601668,4.080971659919028,0.375,107.19838056680162,6.704453441295546,24.412955465587043,0.7253731343283583,0.728744939271255,0.0728744939271255,1.2388663967611335,0.0,1.8218623481781373,15.28657219522388,10.34817813765182,1.45748987854251,0.7,0.582995951417004,0.625,4.153846153846153,0.6558704453441295,0.6558704453441295,1.6761133603238865,2.623481781376518,75.44303195105371,28.776818490822567,25.374709009024265,26.792201087186157
5633,Yannick Ferreira Carrasco,Atlético Madrid,La Liga,29,1541.0,3.153796236210253,0.2336145360155743,21.99530346143568,6.774821544451655,0.5775862068965517,183.5626216742375,8.702141466580143,47.42375081116158,0.7598522167487685,1.109669046073978,0.0584036340038935,2.569759896171317,0.408825438027255,4.7890979883192735,15.203819334729063,16.937053861129137,1.2264763140817652,0.7142857142857143,1.4600908500973393,0.64,7.826086956521739,0.5840363400389358,1.4016872160934457,2.102530824140169,1.8689162881245944,78.9966274260261,24.356729239580023,23.850399718575567,22.155521186620145
20669,Tiago Cardoso Mendes,Atlético Madrid,La Liga,14,1088.0,0.5790441176470588,0.0827205882352941,18.39058533860345,0.0827205882352941,0.0,170.48713235294116,2.068014705882353,64.10845588235294,0.8438709677419355,0.3308823529411764,0.1654411764705882,0.0827205882352941,0.4136029411764705,9.926470588235292,19.200070934193548,15.551470588235292,2.481617647058824,0.6333333333333333,2.150735294117647,0.6923076923076923,5.045955882352941,2.150735294117647,2.150735294117647,1.7371323529411764,1.571691176470588,57.455749636098965,36.59815623483745,21.001633729186764,18.816394373824465
6796,Nemanja Radoja,Celta Vigo,La Liga,30,1526.0,0.3538663171690694,0.0,24.12879635899756,1.7103538663171691,0.6206896551724138,135.58977719528178,0.943643512450852,47.94888597640891,0.8241082410824109,0.1769331585845347,0.0,0.1179554390563564,0.2359108781127129,7.313237221494102,19.613835067035662,20.81913499344692,4.010484927916121,0.7058823529411765,2.300131061598952,0.5128205128205128,6.01572739187418,2.3591087811271296,2.300131061598952,1.946264744429882,0.8256880733944953,55.022966507177024,38.60173988690734,19.09979546390809,18.03824163803409
6898,Jaume Doménech Sánchez,Valencia,La Liga,17,1579.0,0.0,0.0,19.71618752593094,0.0,0.5833333333333334,70.90563647878405,0.0,29.41101963267891,0.5910852713178295,0.0569981000633312,0.0,0.0,0.0,21.431285623812546,47.45018545387597,0.0569981000633312,0.0,0.6086956521739131,0.0,0.618734335839599,3.932868904369855,0.0569981000633312,0.0569981000633312,0.0,0.2849905003166561,9.1491961414791,40.51446945337619,7.184202994467,7.28884645169141
6663,Antonio Barragán Fernández,Valencia,La Liga,24,1714.0,0.0,0.0,19.71618752593094,1.2602100350058345,0.4166666666666667,131.48191365227538,0.8401400233372228,54.13652275379229,0.7759456838021338,0.4200700116686114,0.0,2.152858809801633,0.0525087514585764,8.348891481913652,19.748822196537336,13.547257876312718,2.36289381563594,0.6222222222222222,2.3103850641773627,0.5909090909090909,3.8331388564760793,2.36289381563594,1.9953325554259045,2.152858809801633,1.2077012835472578,59.887739616613416,69.89712460063897,26.88972104886095,9.094669367349638
27482,Aderllan Leandro de Jesus Santos,Valencia,La Liga,17,1567.0,0.4594767070835992,0.0,14.224855704567911,0.5169112954690491,0.8888888888888888,103.89917038927888,1.3784301212507977,37.73452456924058,0.8295281582952816,0.0574345883854499,0.0,0.0,0.0574345883854499,10.338225909380984,24.074087746879755,9.763880025526484,2.871729419272495,0.34,2.412252712188896,0.5952380952380952,3.044033184428845,5.169112954690491,2.699425654116145,0.7466496490108487,0.3446075303126994,38.86694306246545,35.75610834715312,17.842163514880347,17.502547473158696
6592,Rúben Miguel Nunes Vezo,Valencia,La Liga,15,1130.0,0.2389380530973451,0.0,13.07273057049336,0.7964601769911505,0.5,103.38053097345131,1.1150442477876106,40.30088495575221,0.733201581027668,0.2389380530973451,0.0,0.4778761061946902,0.079646017699115,10.353982300884956,23.60308751304348,12.663716814159292,2.6283185840707963,0.4545454545454545,2.946902654867257,0.5675675675675675,3.982300884955752,4.460176991150442,3.185840707964602,1.672566371681416,0.7964601769911505,43.89637904468413,41.344221879815095,22.211260712780057,23.122021095170307
26780,Guilherme Magdalena Siqueira,Valencia,La Liga,15,1219.0,0.3691550451189499,0.0,23.4116385152057,2.65791632485644,0.3888888888888889,134.07711238720262,1.6981132075471697,50.72190319934372,0.7991266375545851,0.2214930270713699,0.0,1.8457752255947495,0.0738310090237899,6.349466776045939,17.55865816404658,11.369975389663658,2.36259228876128,0.625,2.2887612797374897,0.5161290322580645,3.765381460213289,2.2887612797374897,1.0336341263330595,1.4766201804757997,1.1812961443806398,61.33089207048459,9.748292951541847,26.30100411973681,9.390644500482576
10037,Danilo Barbosa da Silva,Valencia,La Liga,19,1401.0,1.0278372591006424,0.0,24.37968356418414,2.8265524625267666,0.5909090909090909,111.71306209850108,1.3490364025695931,32.24839400428265,0.750996015936255,0.449678800856531,0.0,0.0642398286937901,0.1284796573875803,5.3961456102783725,19.485238858565733,21.970021413276232,2.890792291220557,0.6,1.3490364025695931,0.7142857142857143,5.010706638115631,1.4132762312633833,2.0556745182012848,1.734475374732334,3.0835117773019274,61.24784358826911,43.57314548591143,21.641394315266087,18.75841503163976
6595,Daniel Parejo Muñoz,Valencia,La Liga,33,2826.0,1.464968152866242,0.1910828025477707,23.60388278004296,2.006369426751592,0.5714285714285714,172.7388535031847,3.343949044585987,60.03184713375797,0.8153846153846154,1.1146496815286624,0.1592356687898089,0.9872611464968152,0.2229299363057325,13.248407643312104,20.941124414779846,26.0828025477707,2.1974522292993632,0.7391304347826086,1.3694267515923566,0.6976744186046512,5.732484076433121,0.89171974522293,1.305732484076433,1.5605095541401277,2.8980891719745223,62.47216076696164,40.74740044247789,22.18430557325751,20.547744886932595
10802,André Filipe Tavares Gomes,Valencia,La Liga,30,2445.0,1.5460122699386505,0.1104294478527607,22.67359796304357,4.159509202453988,0.6106194690265486,174.1472392638037,4.490797546012271,49.398773006134974,0.8055141579731744,0.8466257668711658,0.1104294478527607,0.7730061349693252,0.4785276073619632,7.546012269938651,18.825050747958272,21.202453987730063,1.5460122699386505,0.5952380952380952,0.8466257668711658,0.6956521739130435,6.294478527607362,0.5521472392638037,1.803680981595092,2.355828220858896,2.024539877300614,66.70388924117523,33.73329105897273,20.91056318221312,21.02050385857685
6594,Santiago Mina Lorenzo,Valencia,La Liga,26,1617.0,1.3358070500927643,0.222634508348794,18.25093303132764,3.3951762523191094,0.2950819672131147,123.5064935064935,7.903525046382189,31.05751391465677,0.7275985663082437,0.5009276437847866,0.0556586270871985,1.391465677179963,0.222634508348794,2.949907235621521,15.816309889695336,22.708719851576998,1.948051948051948,0.4571428571428571,0.5565862708719851,0.6,3.3951762523191094,0.6679035250463822,2.282003710575139,2.0037105751391464,3.061224489795918,73.76295628661556,40.08877872915727,23.52101239078971,26.9426298726966
6402,Francisco Alcácer García,Valencia,La Liga,34,2504.0,2.264376996805112,0.3953674121405751,15.600056781133738,0.970447284345048,0.4074074074074074,79.86421725239617,12.256389776357828,17.252396166134186,0.7270833333333333,0.8626198083067094,0.1797124600638977,0.3594249201277955,0.2156549520766773,1.5455271565495208,15.193558392604167,13.981629392971248,0.6110223642172524,0.7647058823529411,0.5031948881789138,0.7142857142857143,1.7252396166134187,0.646964856230032,0.8626198083067094,0.7188498402555911,0.8626198083067094,79.51831683168318,39.68447344734473,22.07007847434194,18.363705427227146
6694,Gerónimo Rulli,Real Sociedad,La Liga,36,3291.0,0.0,0.0,19.71618752593094,0.0546946216955332,1.0,85.70647219690065,0.0,34.184138559708295,0.6208,0.0273473108477666,0.0,0.0273473108477666,0.0,24.503190519598903,48.16997994912,0.2461257976298997,0.0,0.6086956521739131,0.0,0.618734335839599,4.320875113947129,0.0546946216955332,0.0,0.0546946216955332,0.1640838650865998,10.890619017230373,41.135737077217605,7.469736947839118,8.346748990670484
6679,Aritz Elustondo Irribaria,Real Sociedad,La Liga,31,2669.0,0.5395279130760584,0.0337204945672536,14.845833511135991,1.2813787935556389,0.5263157894736842,126.28325215436492,2.2929936305732483,49.53540651929561,0.7508509189925119,0.4046459348070438,0.0,1.922068190333458,0.0337204945672536,8.801049082053202,20.465367008100756,12.948669913825402,2.2929936305732483,0.5441176470588235,2.3604346197077555,0.6142857142857143,3.8104158860996624,3.4394904458598723,2.8662420382165603,1.1802173098538775,1.0116148370176097,56.71150867823764,65.65081441922563,26.618767052704246,13.08237881726018
16622,Mikel González de Martín Martínez,Real Sociedad,La Liga,19,1596.0,0.281954887218045,0.0,20.56420703869929,0.3383458646616541,0.8333333333333334,85.37593984962406,0.6766917293233082,31.917293233082702,0.7932862190812721,0.056390977443609,0.0,0.225563909774436,0.0,8.120300751879698,23.72258933409893,7.838345864661654,1.5789473684210529,0.5357142857142857,1.8045112781954888,0.53125,2.819548872180451,5.864661654135338,2.3684210526315788,1.1842105263157894,0.281954887218045,41.07595772787319,48.32443857331572,19.07827138768609,17.639358233756777
16539,Diego Antonio Reyes Rosales,Real Sociedad,La Liga,27,2379.0,0.4161412358133669,0.0756620428751576,12.98112467613212,0.6809583858764187,0.8333333333333334,107.17528373266076,1.399747793190416,40.81967213114754,0.8202038924930491,0.189155107187894,0.0,0.189155107187894,0.0,10.8953341740227,23.76208524244671,9.117276166456492,2.1185372005044134,0.6607142857142857,2.723833543505674,0.6944444444444444,3.5561160151324085,4.350567465321563,3.783102143757881,0.8701134930643127,0.605296343001261,44.28997529121072,48.69908224496999,20.75717283854672,17.602375630008638
6674,Alberto De La Bella Madureño,Real Sociedad,La Liga,15,1286.0,0.2799377916018662,0.0,25.05902104570784,0.6998444790046656,0.5,135.55987558320373,2.939346811819596,56.54743390357699,0.7413366336633663,0.5598755832037325,0.0,2.6594090202177294,0.0,9.79782270606532,19.97141373855198,10.497667185069986,2.23950233281493,0.40625,2.099533437013997,0.4666666666666667,2.729393468118196,3.2892690513219285,2.3794712286158632,1.469673405909798,1.119751166407465,63.98528652555496,10.047547754259162,29.056591842689308,9.604099936861816
6671,Asier Illarramendi Andonegi,Real Sociedad,La Liga,33,2931.0,0.6755373592630501,0.0307062436028659,23.623454728328355,1.2282497441146365,0.725,152.7942681678608,1.2896622313203685,56.438075742067554,0.7856365614798694,0.8290685772773797,0.0307062436028659,0.8904810644831115,0.337768679631525,11.606960081883315,20.98191631447225,22.262026612077783,3.224155578300921,0.6095238095238096,3.162743091095189,0.7087378640776699,6.202661207778915,1.8730808597748208,2.548618219037871,1.5967246673490276,2.18014329580348,59.223372186495176,36.00275321543408,21.98917151576889,21.8895478601706
6899,Rubén Pardo Gutiérrez,Real Sociedad,La Liga,28,1842.0,1.8078175895765476,0.0,25.704658610683246,1.0749185667752443,0.3636363636363636,155.37459283387622,2.49185667752443,57.89902280130293,0.759493670886076,1.905537459283388,0.3420195439739413,2.736156351791531,0.3908794788273615,16.95439739413681,23.45626686962025,17.49185667752443,1.4657980456026058,0.8,1.7589576547231272,0.7222222222222222,6.0097719869706845,0.6351791530944626,1.2703583061889252,1.3680781758957654,0.4397394136807818,65.48006289308177,36.33367924528302,23.36489650469886,21.73997421608369
6690,Xabier Prieto Argarate,Real Sociedad,La Liga,36,2452.0,0.6606851549755302,0.0734094616639478,14.329843394540884,1.468189233278956,0.525,145.93800978792822,6.460032626427406,47.12887438825449,0.7546728971962616,1.1745513866231647,0.1101141924959216,2.2756933115823816,0.2936378466557912,5.505709624796085,16.671016854205607,13.65415986949429,1.2479608482871123,0.7058823529411765,0.5138662316476346,0.8571428571428571,4.1109298531810765,1.3213703099510603,3.3768352365415986,0.6239804241435563,2.422512234910277,73.73272132796782,56.441800804828965,24.564857348212563,19.956617389788622
6685,Mikel Oyarzabal Ugarte,Real Sociedad,La Liga,22,1552.0,1.855670103092784,0.3479381443298969,18.034658049034284,3.247422680412371,0.2857142857142857,117.71907216494846,8.06056701030928,29.63273195876289,0.700587084148728,1.2177835051546393,0.0579896907216494,1.5077319587628866,0.2899484536082474,3.015463917525773,15.754201632387476,22.094072164948454,0.9278350515463918,0.6875,0.8698453608247423,0.4,4.755154639175258,0.4639175257731959,2.0876288659793816,1.0438144329896908,2.26159793814433,76.77940886699508,35.35147783251231,24.660269389243656,24.669175742333984
6669,David Zurutuza Veillet,Real Sociedad,La Liga,16,1144.0,1.4947552447552448,0.0786713286713286,19.86121636515249,3.382867132867133,0.5116279069767442,159.0734265734266,5.113636363636363,45.86538461538461,0.7735849056603774,0.7867132867132867,0.236013986013986,1.416083916083916,0.0786713286713286,4.956293706293707,16.299390444425384,20.375874125874127,2.832167832167832,0.6666666666666666,2.674825174825175,0.5588235294117647,6.923076923076923,1.18006993006993,3.697552447552448,1.888111888111888,2.910839160839161,69.41122650840751,22.67517309594462,25.724221586677523,19.51060065522088
7005,João Pedro Cavaco Cancelo,Valencia,La Liga,28,2181.0,0.4539202200825309,0.0412654745529573,22.305278210288566,4.497936726272352,0.5412844036697247,145.58459422283354,3.6313617606602473,49.9312242090784,0.7512396694214876,0.4951856946354883,0.1650618982118294,3.0536451169188443,0.2475928473177441,9.821182943603851,20.739440874793388,14.0302613480055,2.764786795048143,0.5522388059701493,2.5584594222833563,0.6290322580645161,5.281980742778542,2.063273727647868,1.6918844566712516,1.8982118294360384,1.7744154057771664,63.19719387755102,60.00901360544216,27.466394237694587,23.15842077449419
8522,Armindo Tué Na Bangna,Real Sociedad,La Liga,32,1520.0,2.8421052631578947,0.1184210526315789,19.58054675503436,5.8618421052631575,0.6363636363636364,161.8815789473684,13.144736842105262,40.20394736842105,0.7555228276877761,1.3026315789473684,0.0592105263157894,3.0789473684210527,0.3552631578947368,3.138157894736842,14.959532007511044,16.69736842105263,0.9473684210526316,0.625,1.3026315789473684,0.7272727272727273,5.743421052631579,0.1184210526315789,0.4144736842105262,1.125,1.5986842105263157,80.86909290416975,29.106986100950994,23.435186020179867,25.846061057524267
8584,Jonathas Cristian de Jesus,Real Sociedad,La Liga,27,1671.0,3.1238779174147218,0.3770197486535009,14.94690829919774,2.9084380610412928,0.5185185185185185,101.68761220825851,17.55834829443447,19.820466786355475,0.7065217391304348,0.7001795332136445,0.1077199281867145,0.7540394973070018,0.0538599640933572,1.77737881508079,14.354456934782604,16.58886894075404,0.8617594254937163,0.9375,0.4308797127468581,0.875,2.208258527827648,0.8078994614003591,3.55475763016158,2.3159784560143626,2.0466786355475763,82.41822033898302,36.32574152542372,21.8603599099405,19.93988780082433
20542,Álvaro Negredo Sánchez,Valencia,La Liga,25,1215.0,2.888888888888889,0.3703703703703703,16.848400864100363,1.7037037037037035,0.5652173913043478,101.48148148148148,15.259259259259258,26.444444444444443,0.6526610644257703,0.8888888888888888,0.1481481481481481,0.2962962962962963,0.2962962962962963,2.3703703703703702,15.212309254061624,9.777777777777777,0.4444444444444444,0.6666666666666666,0.2222222222222222,0.6666666666666666,2.444444444444444,1.259259259259259,7.185185185185185,1.4074074074074074,1.259259259259259,79.36437956204378,40.98,21.806140930464853,18.560944633650266
5259,José María Giménez de Vargas,Atlético Madrid,La Liga,27,2506.0,0.5027932960893855,0.0359138068635275,10.394779167121646,0.3950518754988029,0.7272727272727273,81.88347964884278,2.154828411811652,31.67597765363129,0.7471655328798186,0.2154828411811652,0.0359138068635275,0.071827613727055,0.071827613727055,10.738228252194732,26.88001898979592,9.05027932960894,2.154828411811652,0.5666666666666667,1.544293695131684,0.4651162790697674,2.980845969672785,5.135674381484438,2.3703112529928174,1.005586592178771,0.4309656823623304,38.780043859649126,52.83254385964912,20.99491460977541,13.130683986366892
6377,Ángel Martín Correa,Atlético Madrid,La Liga,26,1013.0,2.665350444225074,0.4442250740375123,17.497383665979022,5.774925962487661,0.4923076923076923,143.8400789733465,16.614017769002963,31.451135241855877,0.6666666666666666,1.2438302073050345,0.2665350444225074,1.2438302073050345,0.4442250740375123,4.175715695952616,16.594959637288138,25.587364264560712,2.3988153998025665,0.5925925925925926,0.9772951628825272,0.5454545454545454,6.574531095755183,0.2665350444225074,0.5330700888450148,2.576505429417572,2.754195459032577,80.30877084620134,40.77337862878319,22.706358958561097,20.51135666114881
6778,Iván Ramis Barrios,Eibar,La Liga,23,1850.0,0.3891891891891892,0.0,17.66736938958713,0.3891891891891892,0.625,91.84864864864863,1.7027027027027029,36.535135135135135,0.7749667110519307,0.1459459459459459,0.0486486486486486,0.1459459459459459,0.0,11.043243243243245,25.61766956697736,6.032432432432433,0.7297297297297298,0.6666666666666666,1.8486486486486489,0.6578947368421053,3.7459459459459454,5.545945945945946,3.843243243243244,0.8756756756756757,0.5351351351351352,42.20455508474576,28.05333686440679,19.39269368175173,13.54611198397106
17054,Emiliano Daniel Velázquez Maldonado,Getafe,La Liga,11,1001.0,0.7192807192807192,0.2697302697302697,12.413008419112032,0.8091908091908091,0.6666666666666666,90.89910089910089,2.4275724275724277,34.52547452547452,0.6614583333333334,0.2697302697302697,0.0899100899100899,0.0899100899100899,0.1798201798201798,11.328671328671328,27.002412196093747,10.699300699300698,2.6073926073926077,0.5862068965517241,2.877122877122877,0.5625,3.866133866133866,4.675324675324675,1.7982017982017982,1.3486513486513485,0.2697302697302697,39.5807121661721,48.259742828882295,20.83667812249012,17.546457524099853
15893,Víctor Rodríguez Romero,Getafe,La Liga,33,2364.0,1.7131979695431474,0.0761421319796954,19.14147681976633,2.5507614213197973,0.5074626865671642,144.13705583756345,8.299492385786802,39.67005076142132,0.8282149712092131,0.7994923857868022,0.0380710659898477,0.951776649746193,0.1903553299492386,3.807106598984772,15.708382057965451,20.9010152284264,1.33248730964467,0.6857142857142857,1.2944162436548226,0.6176470588235294,5.520304568527919,0.1903553299492386,0.266497461928934,0.951776649746193,1.637055837563452,72.78507659799261,34.88272583201267,23.434914572751616,23.114141032166685
6654,Antonio Adán Garrido,Real Betis,La Liga,36,3325.0,0.0,0.0,19.71618752593094,0.0270676691729323,1.0,74.7609022556391,0.0,30.965413533834585,0.4335664335664335,0.0541353383458646,0.0,0.0,0.0,26.066165413533835,55.63070645638112,0.162406015037594,0.0,0.6086956521739131,0.0,0.618734335839599,4.493233082706767,0.0270676691729323,0.0,0.0270676691729323,0.081203007518797,9.36614771904417,39.47233888486604,7.395531774573223,8.309003053858135
6872,Bruno González Cabrera,Real Betis,La Liga,32,2912.0,0.5254120879120879,0.0,12.128419037829488,0.4635989010989011,0.8,90.33997252747253,1.699862637362637,33.07005494505495,0.791588785046729,0.0,0.0,0.0,0.0309065934065934,9.61195054945055,24.809726039719624,10.600961538461538,2.008928571428572,0.6,2.3798076923076925,0.5324675324675324,3.090659340659341,6.923076923076923,3.276098901098901,1.2053571428571428,0.4635989010989011,39.44509066028054,41.07988368114951,18.92318824583382,19.76556629775559
16332,Ognjen Vranješ,Sporting Gijón,La Liga,11,941.0,0.0,0.0,19.71618752593094,0.5738575982996812,0.6666666666666666,84.93092454835282,0.0956429330499468,36.7268862911796,0.6953125,0.0956429330499468,0.0,0.9564293304994688,0.0,5.260361317747078,18.96880460625,16.928799149840597,3.538788522848034,0.5405405405405406,2.5823591923485654,0.4814814814814814,2.964930924548353,5.164718384697131,3.1562167906482466,3.0605738575983,1.7215727948990436,55.057882882882886,67.05912162162163,27.57295982544916,13.37373577905252
8697,Andrés Eduardo Fernández Moreno,Granada,La Liga,37,3453.0,0.0,0.0,19.71618752593094,0.052128583840139,0.5,71.05125977410947,0.0,29.60903562119896,0.5669014084507042,0.052128583840139,0.0,0.0,0.0,22.49348392701998,49.98207072667255,0.156385751520417,0.0260642919200695,1.0,0.0,0.618734335839599,5.525629887054735,0.052128583840139,0.0,0.0260642919200695,0.2345786272806255,9.428246515040351,40.85674981658107,6.973481501185335,8.372558739108952
4546,Dimitri Foulquier,Granada,La Liga,21,1594.0,0.3387703889585947,0.0564617314930991,19.318880676310037,2.314930991217064,0.4634146341463415,98.92095357590966,2.4843161856963616,39.41028858218319,0.7650429799426934,0.5646173149309912,0.0564617314930991,1.1292346298619824,0.0564617314930991,4.178168130489335,17.123619264613183,14.002509410288583,2.1455457967377667,0.6052631578947368,2.4843161856963616,0.3409090909090909,4.291091593475533,2.1455457967377667,1.355081555834379,1.5809284818067757,0.6210790464240904,59.95519406392694,58.00810502283106,28.13798105031546,24.711418950478095
6702,David Rodríguez Lombán,Granada,La Liga,31,2729.0,0.395749358739465,0.0,14.489139610937364,0.0989373396848662,1.0,81.92011725906926,1.2861854159032613,32.41846830340784,0.7873855544252288,0.0659582264565775,0.0,0.0989373396848662,0.0,11.1469402711616,27.109251683723297,7.882008061561012,0.7585196042506414,0.5217391304347826,1.912788567240748,0.5689655172413793,2.407475265665079,4.814950531330158,2.5723708318065226,0.6925613777940638,0.2968120190545987,37.85865539452496,40.0817230273752,19.614812749308264,19.96654781106948
7158,Cristiano Biraghi,Granada,La Liga,32,2913.0,0.3398558187435633,0.0,30.93575653015029,0.741503604531411,0.5,99.20700308959836,0.8032955715756952,42.38928939237899,0.684402332361516,0.4634397528321318,0.0308959835221421,2.070030895983522,0.0617919670442842,9.639546858908345,22.02174157376093,9.88671472708548,2.378990731204944,0.4415584415584415,1.3903192584963957,0.5333333333333333,3.05870236869207,2.966014418125644,0.957775489186406,1.4521112255406798,0.4943357363542739,57.0726876362504,10.443070694487698,27.13539919276821,9.754952320495118
3160,Rene Krhin,Granada,La Liga,24,1504.0,0.4787234042553192,0.0,19.251175466732683,0.7779255319148937,0.8461538461538461,83.77659574468086,1.136968085106383,32.1343085106383,0.7653631284916201,0.2393617021276596,0.0,0.0598404255319149,0.1196808510638298,4.308510638297872,18.69005100595903,16.336436170212767,2.0345744680851063,0.6470588235294118,2.273936170212766,0.7105263157894737,4.069148936170213,3.2912234042553195,4.069148936170213,1.6156914893617025,1.256648936170213,51.143,40.66035714285714,19.979432127637104,18.103868762177964
6599,Rubén Salvador Pérez Del Mármol,Granada,La Liga,31,2545.0,0.6011787819253438,0.0,31.046001310000836,1.2023575638506876,0.7058823529411765,138.51866404715128,0.4597249508840864,49.650294695481335,0.7564102564102564,0.7779960707269155,0.0707269155206286,0.3889980353634577,0.2475442043222003,13.508840864440078,23.47516734102564,23.26915520628684,3.74852652259332,0.6509433962264151,2.1218074656188604,0.65,5.976424361493123,1.768172888015717,1.87426326129666,2.2278978388998034,1.4145383104125735,54.99877457237682,41.86053101863672,19.723223069277395,20.452321049887423
6918,Isaac Ajayi Success,Granada,La Liga,30,2480.0,2.0685483870967745,0.217741935483871,20.34084943351821,5.080645161290323,0.4071428571428571,127.63306451612904,10.379032258064516,25.5483870967742,0.6164772727272727,0.8346774193548387,0.0725806451612903,2.649193548387097,0.3266129032258065,3.338709677419355,17.61479650994318,12.048387096774194,1.088709677419355,0.5333333333333333,0.7620967741935485,0.7619047619047619,3.883064516129033,0.5806451612903226,1.4153225806451617,2.0685483870967745,3.520161290322581,79.94498151833952,41.516462894512365,22.846692980207667,28.34109553264392
6847,Adalberto Peñaranda Maestre,Granada,La Liga,23,1705.0,1.1612903225806452,0.2639296187683284,20.52517564220767,3.4838709677419355,0.6060606060606061,99.71260997067448,5.912023460410557,20.11143695014663,0.7244094488188977,0.6334310850439883,0.158357771260997,0.8973607038123167,0.158357771260997,1.7419354838709675,15.0128870832021,20.95601173020528,1.6363636363636365,0.5806451612903226,0.4750733137829912,0.7777777777777778,3.747800586510264,0.2639296187683284,0.7390029325513197,3.378299120234604,2.164222873900293,78.20884065643197,39.42451032292218,19.56925996573941,24.187141769618307
27109,Youssef El-Arabi,Granada,La Liga,35,2604.0,2.4884792626728114,0.3110599078341014,16.307407611091346,2.2119815668202767,0.578125,98.77880184331798,12.442396313364055,22.223502304147463,0.671850699844479,0.7258064516129032,0.0345622119815668,0.6566820276497697,0.5184331797235023,2.799539170506913,16.829379203297044,18.07603686635945,1.2442396313364057,0.7222222222222222,0.4838709677419355,0.6428571428571429,3.732718894009217,0.7603686635944701,3.0414746543778803,1.6589861751152075,1.8663594470046083,76.11595521343597,39.63428971308607,22.88515912556286,20.651211080881183
25707,Francisco Manuel Rico Castro,Granada,La Liga,28,1522.0,0.8869908015768726,0.1182654402102496,19.56505873602962,1.064388961892247,0.6111111111111112,143.8107752956636,2.8383705650459925,52.98291721419186,0.7700892857142857,1.8922470433639949,0.0,1.3600525624178712,0.0591327201051248,11.057818659658343,20.701562784486605,16.734559789750328,1.8922470433639949,0.71875,1.7739816031537452,0.6333333333333333,4.316688567674113,1.3009198423127464,2.8383705650459925,2.7792378449408672,1.3009198423127464,63.72960526315788,42.44432565789474,21.884378895614464,22.471480844716783
20064,Hugo Miguel Almeida Costa Lopes,Granada,La Liga,26,2035.0,0.4864864864864864,0.0,27.21253650288364,1.9459459459459456,0.6818181818181818,115.82800982800984,1.017199017199017,46.34889434889435,0.7480916030534351,0.5307125307125307,0.0442260442260442,1.857493857493857,0.0442260442260442,6.014742014742015,18.226859072280533,13.886977886977888,3.936117936117936,0.5393258426966292,2.2555282555282554,0.5490196078431373,3.847665847665848,3.4054054054054053,2.4324324324324325,1.371007371007371,0.8845208845208845,60.89312714776632,68.80637647957234,27.397570817650188,10.697800059905992
22819,Bruno Soriano Llido,Villarreal,La Liga,31,2693.0,0.8354994430003714,0.0668399554400297,18.14752398951727,0.9023393984404012,0.7407407407407407,159.88117341255108,1.6041589305607131,57.74972150018567,0.8420138888888888,0.4344597103601931,0.0334199777200148,0.1670998886000743,0.3341997772001486,9.257333828444116,19.879638494849537,10.894912736724844,1.7378388414407726,0.6730769230769231,2.40623839584107,0.6388888888888888,5.982176011882659,2.2057185295209805,2.4396583735610844,0.9691793538804307,0.8354994430003714,57.98848244147159,33.00913461538462,19.98731712923904,17.462702914034203
6622,Tomás Pina Isla,Villarreal,La Liga,27,1696.0,0.3714622641509434,0.0,18.952433054966324,0.3183962264150943,1.0,110.37735849056604,1.69811320754717,40.383254716981135,0.78580814717477,0.3183962264150943,0.053066037735849,0.1061320754716981,0.2122641509433962,5.04127358490566,18.280114052102498,16.556603773584907,2.6533018867924527,0.66,1.7511792452830188,0.6363636363636364,5.837264150943397,1.910377358490566,3.077830188679245,2.600235849056604,1.69811320754717,58.13485576923077,45.60187500000001,20.800980271796305,16.98213799577224
26009,Roberto Soldado Rillo,Villarreal,La Liga,28,2303.0,1.6022579244463744,0.1953973078593139,17.34352520357707,1.7976552323056882,0.5,124.38992618323924,11.958315240990013,31.96699956578376,0.6699266503667481,0.7034303082935303,0.3907946157186279,0.742509769865393,0.3907946157186279,2.7355623100303954,16.125167964303177,13.834129396439428,0.9379070777247068,0.5833333333333334,0.6643508467216674,0.7058823529411765,2.8918801563178462,1.2114633087277464,2.110290924880591,2.071211463308728,2.7355623100303954,76.4386742067232,43.67049952874646,22.062180777836577,20.12025127670028
6605,Joseba Zaldúa Bengoetxea,Real Sociedad,La Liga,13,945.0,0.1904761904761904,0.0,24.553297690388845,1.238095238095238,0.3076923076923077,114.28571428571428,1.238095238095238,47.71428571428571,0.688622754491018,0.4761904761904761,0.0,2.761904761904762,0.0,10.0,20.760927891616763,15.142857142857142,2.761904761904762,0.4482758620689655,1.809523809523809,0.3157894736842105,3.4285714285714284,3.523809523809524,2.571428571428571,2.380952380952381,2.2857142857142856,66.37441666666666,70.67999999999999,28.634389356617834,9.729073268645209
6665,Íñigo Martínez Berridi,Real Sociedad,La Liga,30,2787.0,0.5166846071044133,0.0322927879440258,14.290953686834834,0.5489773950484391,0.7058823529411765,124.71474703982776,2.131324004305705,46.92142088266954,0.7811424638678596,0.0645855758880516,0.0,0.0322927879440258,0.0322927879440258,13.17545748116254,25.05691399951824,6.878363832077502,1.7761033369214208,0.6363636363636364,2.4865446716899893,0.5064935064935064,5.199138858988159,4.198062432723359,2.970936490850377,1.1948331539289558,0.8719052744886975,43.8350595546349,22.41657172449508,20.71343747946031,12.743525680353503
3023,Yuri Berchiche Izeta,Real Sociedad,La Liga,21,1897.0,0.6642066420664207,0.0,26.39814253027017,1.328413284132841,0.4642857142857143,144.322614654718,3.083816552451239,56.41012124406959,0.7476871320437343,0.6167633104902478,0.1897733263046916,3.463363205060622,0.0948866631523458,7.923036373220875,18.37180341714046,13.948339483394834,2.419609910384818,0.5686274509803921,2.419609910384818,0.6470588235294118,4.981549815498156,2.561939905113337,3.178703215603585,1.518186610437533,1.2335266209804956,66.09316239316239,10.022813938198553,27.667276541944798,8.88446436236556
6633,Markel Bergara Larrañaga,Real Sociedad,La Liga,20,1388.0,0.9726224783861672,0.0648414985590778,16.152021398196347,0.8429394812680115,0.7692307692307693,99.3371757925072,2.5936599423631126,38.45100864553314,0.7976391231028668,0.0648414985590778,0.0,0.0648414985590778,0.0,5.511527377521614,19.230712345531195,18.73919308357349,2.4639769452449567,0.7894736842105263,2.2046109510086453,0.7352941176470589,5.057636887608069,1.102305475504323,3.177233429394813,2.4639769452449567,1.8155619596541783,58.4777415143603,42.79719321148825,21.471726369354805,19.82103805463254
5560,Carlos Alberto Vela Garrido,Real Sociedad,La Liga,35,2819.0,1.9474991131606951,0.1596310748492373,17.202788268285378,3.863072011351543,0.4876033057851239,143.92337708407234,9.003192621496984,37.48137637460092,0.7342419080068143,1.532458318552678,0.1277048598793898,2.26676126285917,0.4788932245477119,6.41716920893934,18.52065818279387,13.664420007094714,1.053565094004966,0.6666666666666666,0.5108194395175594,0.75,4.725079815537424,0.0957786449095423,1.0216388790351187,1.3409010287335934,3.128769067045051,79.30146406388641,54.42923691215616,21.7453146966173,23.182080032731356
6935,Adrián Marín Gómez,Villarreal,La Liga,11,962.0,0.0935550935550935,0.0,16.69730517179344,1.5904365904365905,0.4705882352941176,127.04781704781703,0.7484407484407485,50.98752598752599,0.7559633027522936,0.5613305613305614,0.0,1.30977130977131,0.0,7.297297297297297,19.819572916513764,12.255717255717256,3.5550935550935554,0.6052631578947368,2.245322245322245,0.375,4.490644490644491,2.525987525987526,1.0291060291060292,1.2162162162162162,0.4677754677754678,56.182474226804125,10.049558173784977,26.41316758475833,9.631693003520612
21210,Mariano Ferreira Filho,Sevilla,La Liga,23,1755.0,0.5641025641025641,0.0,22.979579494153285,1.7435897435897436,0.5882352941176471,118.4102564102564,5.0256410256410255,45.74358974358975,0.695067264573991,1.0256410256410255,0.1025641025641025,4.923076923076923,0.2051282051282051,8.615384615384615,20.903764907062776,10.35897435897436,2.6666666666666665,0.5961538461538461,1.948717948717949,0.5789473684210527,4.307692307692308,1.435897435897436,1.1282051282051282,1.4871794871794872,0.8717948717948718,70.24512776093549,68.92758770030316,31.96686540868321,10.941546186082558
5504,Éver Maximiliano David Banega,Sevilla,La Liga,25,1764.0,1.989795918367347,0.2040816326530612,22.03548498024021,5.1020408163265305,0.69,198.06122448979596,5.969387755102041,64.18367346938776,0.766295707472178,1.9387755102040816,0.1020408163265306,2.2448979591836737,0.8163265306122449,16.63265306122449,22.529117167329098,18.26530612244898,2.653061224489796,0.5961538461538461,1.0714285714285714,0.8095238095238095,6.683673469387755,0.3571428571428571,0.5102040816326531,1.5816326530612246,3.2142857142857144,67.39376609994846,38.47017001545595,24.677835948569083,22.88981247450329
26723,Álvaro Cejudo Carmona,Real Betis,La Liga,30,1931.0,1.677887105126877,0.0466079751424132,25.55167192636316,3.635422061108234,0.4871794871794871,128.26514759192128,2.8430864836872085,36.54065251165199,0.6709183673469388,0.9787674779906784,0.0932159502848265,2.283790781978249,0.186431900569653,7.224236147074055,19.065264486862244,19.901605385810463,2.330398757120663,0.58,2.14396685655101,0.5652173913043478,6.059036768513724,0.9787674779906784,1.0253754531330916,2.703262558259969,2.283790781978249,69.13989825581393,47.91144622093023,25.624176668363656,25.43840221418732
6788,Xabier Etxeita Gorritxategi,Athletic Club,La Liga,30,2564.0,0.3510140405616224,0.0,9.116512765455898,0.2106084243369734,1.0,109.27067082683308,1.860374414976599,41.87597503900156,0.7912824811399832,0.1404056162246489,0.0351014040561622,0.0351014040561622,0.0702028081123244,11.26755070202808,23.867461345683147,9.266770670826832,1.579563182527301,0.5333333333333333,2.1060842433697347,0.35,2.773010920436817,4.352574102964118,2.562402496099844,1.0179407176287052,0.2457098283931357,43.55130099582396,47.09315772566656,18.110098001071293,17.105532157983994
27241,Víctor Guillermo Álvarez Delgado,Espanyol,La Liga,27,1997.0,0.585878818227341,0.0450676014021031,20.565902175745823,2.4336504757135704,0.4814814814814814,105.54832248372558,4.2814221331998,34.11617426139209,0.6737120211360634,0.5408112168252379,0.0901352028042063,1.2618928392588884,0.0901352028042063,5.408112168252378,19.05101324808454,15.322984476715073,2.298447671507261,0.6274509803921569,1.71256885327992,0.4736842105263157,3.920881321982975,1.6224336504757135,1.8477716574862293,1.7576364546820231,1.5322984476715074,63.535695986336464,14.201878736122971,25.846699371674337,11.546678587086983
27148,Abraham González Casanova,Espanyol,La Liga,20,1144.0,1.2587412587412588,0.0786713286713286,15.237481849339233,0.472027972027972,0.3333333333333333,121.15384615384616,4.641608391608392,41.77447552447553,0.7796610169491526,1.18006993006993,0.0786713286713286,0.944055944055944,0.3146853146853147,8.732517482517483,20.651359211111107,16.284965034965037,1.9667832167832169,0.64,1.9667832167832169,0.44,4.405594405594406,0.5506993006993007,1.2587412587412588,1.1013986013986017,0.708041958041958,63.834155844155866,31.492857142857133,23.17268885354013,19.62261982304739
6624,Jorge Franco Alviz,Espanyol,La Liga,26,1044.0,2.586206896551724,0.0862068965517241,18.841969669345463,4.310344827586207,0.46,132.84482758620692,10.862068965517242,37.06896551724138,0.686046511627907,1.3793103448275863,0.2586206896551724,3.189655172413793,0.2586206896551724,5.862068965517242,17.695216753255817,11.982758620689657,1.3793103448275863,0.75,0.6896551724137931,0.75,3.53448275862069,0.1724137931034483,0.603448275862069,0.6896551724137931,1.810344827586207,77.51148604802077,15.655288773523685,24.48356540914799,13.409836612467238
4498,Jean-Sylvain Claude Babin,Granada,La Liga,25,2319.0,0.5045278137128072,0.1164294954721862,9.783775047717882,0.038809831824062,1.0,84.60543337645537,1.9793014230271664,33.065976714100906,0.8204225352112676,0.0776196636481241,0.0,0.038809831824062,0.0,7.645536869340233,23.154000932629103,5.705045278137128,0.853816300129366,0.5454545454545454,1.4747736093143595,0.3684210526315789,1.5912031047865458,5.860284605433376,2.8719275549805947,0.5821474773609314,0.2716688227684346,39.03105504587157,52.84642201834863,19.886738557302717,15.134386117756796
19454,Ricardo Miguel Moreira da Costa,Granada,La Liga,14,1295.0,0.6254826254826255,0.0694980694980695,11.282150419539644,0.0694980694980695,1.0,82.42471042471043,2.7104247104247103,31.482625482625483,0.8145695364238411,0.0694980694980695,0.0,0.0,0.0,10.772200772200772,26.10616310375276,6.741312741312742,1.3204633204633205,0.5789473684210527,0.833976833976834,0.5833333333333334,2.2934362934362933,4.934362934362935,2.7104247104247103,1.111969111969112,0.2084942084942085,41.02765598650928,29.94156829679595,20.28942590225773,12.757288056332737
3292,Abdoulaye Doucouré,Granada,La Liga,15,1204.0,0.7475083056478405,0.0,22.85638969687181,1.345514950166113,0.5555555555555556,127.89867109634552,2.317275747508306,43.1312292358804,0.8353552859618717,0.6727574750830565,0.1495016611295681,0.2242524916943521,0.1495016611295681,6.951827242524917,18.985189705719243,21.37873754152824,1.8687707641196012,0.56,1.719269102990033,0.7391304347826086,7.54983388704319,1.1212624584717608,1.8687707641196012,1.495016611295681,0.5980066445182725,58.0,37.102279368790185,21.124880973454196,20.10485315693671
6680,Rubén Rochina Naixes,Granada,La Liga,35,2538.0,2.765957446808511,0.2127659574468085,27.662537060272378,3.794326241134752,0.6635514018691588,152.48226950354612,2.9787234042553195,47.05673758865249,0.6646571213263,1.3829787234042554,0.2127659574468085,1.347517730496454,0.2836879432624113,14.680851063829788,24.194557283647324,17.553191489361705,2.198581560283688,0.6129032258064516,1.595744680851064,0.5777777777777777,7.340425531914894,0.8156028368794327,1.843971631205674,1.8794326241134756,3.4042553191489366,67.00446511627908,44.66544186046512,22.97991698666245,23.66530285509492
27054,Roberto Lago Soto,Getafe,La Liga,17,1402.0,0.2567760342368045,0.0,28.280692365810367,1.2838801711840229,0.6,106.17689015691867,1.6048502139800285,43.00998573466477,0.7940298507462686,0.5777460770328102,0.1283880171184022,1.0271041369472182,0.0,5.520684736091298,17.546034508208955,13.60912981455064,2.4393723252496438,0.7105263157894737,2.24679029957204,0.5714285714285714,2.6319543509272467,2.24679029957204,1.0912981455064197,1.6690442225392297,0.9629101283880172,58.84981862152358,10.12980652962515,27.07029783278149,9.433926675248212
24255,Juan Carlos Martín Corral,Rayo Vallecano,La Liga,21,1867.0,0.0,0.0,19.71618752593094,0.048205677557579,1.0,91.831815747188,0.0,36.58810926620247,0.7101449275362319,0.048205677557579,0.0,0.0,0.0,20.29459025174076,40.466382044532274,0.096411355115158,0.0,0.6086956521739131,0.0,0.618734335839599,5.061596143545796,0.048205677557579,0.0,0.048205677557579,0.144617032672737,9.888503937007874,39.95973753280839,6.505049047941623,8.479660453162502
26222,José Eduardo Rosa Vale de Castro,Rayo Vallecano,La Liga,22,1763.0,0.5104934770277935,0.1020986954055587,13.970542321247004,0.6125921724333522,0.8333333333333334,150.95292115711854,1.6846284741917186,59.16619398752127,0.7515099223468508,0.2552467385138967,0.0,0.1020986954055587,0.0510493477027793,19.858196256381166,27.34820734736842,9.34203062960862,2.041973908111174,0.5,2.041973908111174,0.575,5.104934770277935,5.104934770277935,3.981849120816789,1.174134997163925,0.3062960862166761,40.93601623266826,40.97237064592492,19.40792239171433,22.23992130506885
26607,José Raúl Baena Urdiales,Rayo Vallecano,La Liga,24,1889.0,0.4287983059820011,0.0476442562202223,15.067682718380327,1.0481736368448915,0.7272727272727273,113.25039703546852,2.191635786130228,40.40232927474855,0.8030660377358491,0.3811540497617787,0.0476442562202223,0.2382212811011117,0.0476442562202223,7.766013763896242,20.299184392924523,18.96241397564849,2.0010587612493382,0.6190476190476191,1.5722604552673374,0.696969696969697,4.621492853361567,1.8581259925886715,1.7151932239280043,2.2869242985706726,2.0487030174695606,55.40412284392091,38.82515776188472,21.221643205542414,19.404082898623702
26690,Alberto Mateus Contreiras Gonçalves,Rayo Vallecano,La Liga,28,1032.0,2.1802325581395348,0.3488372093023256,12.197905404887122,1.0465116279069768,0.5,82.15116279069768,13.69186046511628,21.01744186046512,0.6431535269709544,0.6976744186046512,0.0872093023255814,0.5232558139534884,0.0872093023255814,1.8313953488372092,15.000856583402488,13.77906976744186,1.308139534883721,0.6666666666666666,0.5232558139534884,0.8333333333333334,2.5290697674418605,1.6569767441860466,8.546511627906977,1.6569767441860466,1.5697674418604652,77.67292993630574,39.47781316348196,23.416551927094797,20.590890795513847
6649,Óscar de Marcos Arana,Athletic Club,La Liga,34,2975.0,0.3932773109243697,0.0302521008403361,22.200697388184008,1.9361344537815128,0.421875,128.1478991596639,4.568067226890756,48.94789915966386,0.7292954264524104,0.4840336134453781,0.0907563025210084,2.4201680672268906,0.2722689075630252,8.107563025210084,19.481938139826944,17.515966386554624,3.0252100840336134,0.53,2.450420168067227,0.6296296296296297,5.5966386554621845,1.9361344537815128,1.784873949579832,1.2100840336134453,0.6957983193277311,66.88061850802646,65.83486779981114,27.0038353638472,15.184330269965676
25144,Diego Alves Carreira,Valencia,La Liga,13,1209.0,0.0,0.0,19.71618752593094,0.0744416873449131,1.0,72.13399503722084,0.0,29.776674937965257,0.6525,0.0,0.0,0.0,0.0,21.73697270471464,46.95217985925,0.0744416873449131,0.0,0.6086956521739131,0.0,0.618734335839599,3.498759305210918,0.0,0.0,0.0,0.0,8.902786377708978,40.19143446852424,6.181716982120613,7.97661564950369
3638,Shkodran Mustafi,Valencia,La Liga,30,2769.0,0.7800650054171181,0.0650054171180931,14.791425215451024,0.4550379198266522,0.5,129.26327193932826,2.3726977248104006,48.396533044420366,0.8099395567494964,0.0975081256771397,0.0,0.0325027085590465,0.0,14.626218851570965,25.41904605963734,11.635969664138678,2.8602383531960998,0.6022727272727273,2.66522210184182,0.6097560975609756,4.647887323943662,5.752979414951246,4.517876489707476,1.3651137594799565,0.7150595882990248,40.03738999245663,54.8918783002263,19.697941228379463,12.565760316358118
4406,Aymen Abdennour,Valencia,La Liga,22,1918.0,0.3284671532846715,0.0,8.845694430061439,0.5161626694473409,1.0,112.570385818561,1.548488008342023,41.94994786235662,0.8232662192393736,0.140771637122002,0.0,0.0,0.0469238790406673,9.807090719499476,23.62979776387025,9.384775808133472,1.6423357664233575,0.6571428571428571,2.440041710114703,0.6153846153846154,3.284671532846715,4.316996871741397,3.37851929092805,1.1261730969760166,0.656934306569343,38.20504376823677,24.326594414339304,19.03933412279086,12.919449734441194
6751,Javier Fuego Martínez,Valencia,La Liga,26,2108.0,0.1707779886148007,0.0,25.89300350180264,0.683111954459203,0.6875,146.01518026565464,0.896584440227704,54.13662239089184,0.8462145110410094,0.3842504743833017,0.0,0.0853889943074003,0.1707779886148007,9.435483870967742,20.233369460962145,24.80550284629981,2.903225806451613,0.5735294117647058,2.049335863377609,0.5625,5.6783681214421255,1.4516129032258065,1.9212523719165084,2.689753320683112,1.6650853889943074,53.56055555555556,38.81067251461988,19.782643530920616,19.340784562704293
5718,Rodrigo Moreno Machado,Valencia,La Liga,25,1419.0,2.41014799154334,0.1268498942917547,17.03593564860543,2.917547568710359,0.4347826086956521,126.53276955602536,13.699788583509513,33.171247357293865,0.7017208413001912,1.1416490486257929,0.1902748414376321,2.473572938689218,0.5708245243128964,4.059196617336152,16.844663268833653,15.729386892177589,0.8245243128964059,0.6153846153846154,1.2684989429175475,0.65,3.8054968287526414,0.3805496828752642,1.7758985200845665,1.0782241014799154,1.712473572938689,79.54967418546363,48.11809523809525,23.990689163934302,23.981319764037437
6596,José Luis Gayà Peña,Valencia,La Liga,20,1493.0,0.1808439383791024,0.0,19.46036639558905,2.0495646349631613,0.5294117647058824,133.5833891493637,1.9290020093770928,51.29939718687207,0.781433607520564,0.8439383791024783,0.0,2.5318151373074347,0.0,8.017414601473543,18.893910037132777,13.382451440053584,3.4360348292029474,0.5087719298245614,1.145344943067649,0.631578947368421,3.315472203616879,2.1701272605492297,0.9042196918955124,0.8439383791024783,1.2056262558606832,61.26692238267148,9.47053249097473,26.84445489778693,7.64003757089482
5741,Enzo Nicolás Pérez,Valencia,La Liga,20,1277.0,0.422866092404072,0.0,28.31524809748217,2.043852779953015,0.5517241379310345,143.14017227877838,0.211433046202036,48.77055599060297,0.8771676300578035,0.422866092404072,0.0,0.1409553641346906,0.2819107282693813,8.880187940485513,20.447663148410403,19.52231793265466,2.9600626468285043,0.5,1.691464369616288,0.5416666666666666,5.074393108848865,2.11433046202036,1.6209866875489427,2.5371965544244324,2.819107282693813,56.07769571639585,39.08483505662235,20.384627968594334,19.175295849367107
6865,Francisco José Molinero Calderón,Real Betis,La Liga,21,1230.0,0.4390243902439024,0.0,20.90744529989284,2.048780487804878,0.1785714285714285,115.97560975609755,1.829268292682927,44.78048780487805,0.7565359477124183,0.3658536585365853,0.073170731707317,1.024390243902439,0.073170731707317,5.634146341463414,17.595608896895424,12.4390243902439,2.4878048780487805,0.6764705882352942,1.902439024390244,0.6538461538461539,3.219512195121951,4.024390243902439,1.902439024390244,2.048780487804878,0.4390243902439024,60.79936908517351,65.37716088328077,26.60048740533365,18.03972645969654
26448,Javier Garrido Behovide,Las Palmas,La Liga,18,1626.0,0.055350553505535,0.0,25.273306075778848,0.1107011070110701,1.0,140.09225092250924,0.6088560885608856,55.018450184501845,0.8430583501006036,0.2767527675276753,0.055350553505535,1.2177121771217712,0.0,9.29889298892989,20.59577719678068,8.081180811808117,1.4391143911439117,0.5,1.328413284132841,0.8333333333333334,3.265682656826568,3.1549815498154983,1.3837638376383763,0.8856088560885609,0.2214022140221402,49.88640853417622,13.74784670090873,23.041185982133925,10.765901946023227
3379,Alphonse Areola,Villarreal,La Liga,32,2984.0,0.0,0.0,19.71618752593094,0.0301608579088471,1.0,61.82975871313673,0.0,25.968498659517422,0.5586527293844367,0.0,0.0,0.0,0.0,19.664879356568363,50.90879290592335,0.0603217158176943,0.0,0.6086956521739131,0.0,0.618734335839599,4.825737265415549,0.0301608579088471,0.0,0.0301608579088471,0.2412868632707774,8.694780487804875,40.2939024390244,5.880699898250025,7.69204637621846
6734,Luis Carlos Correia Pinto,RC Deportivo La Coruña,La Liga,20,1147.0,0.6277244986922407,0.0,25.36646645842088,2.4324324324324325,0.6451612903225806,115.97210113339146,2.040104620749782,39.546643417611165,0.6785714285714286,0.3138622493461203,0.0,2.589363557105493,0.07846556233653,6.904969485614648,19.568907816071427,15.457715780296429,2.824760244115083,0.5277777777777778,1.5693112467306016,0.4,3.530950305143854,0.9415867480383612,1.2554489973844811,1.883173496076722,2.589363557105493,68.20480378890394,10.665155615696886,27.214452499107537,9.801729139456995
6794,Gustavo Daniel Cabral Cáceres,Celta Vigo,La Liga,31,2763.0,0.1954397394136807,0.0,15.966405539779386,0.3908794788273615,0.8333333333333334,158.6644951140065,1.5635179153094465,58.56677524429968,0.8843159065628476,0.0977198697068403,0.0,0.0651465798045602,0.0651465798045602,12.931596091205211,22.90094433184093,12.08469055374593,2.7035830618892507,0.6265060240963856,2.5732899022801305,0.4683544303797468,5.276872964169381,4.9185667752443,3.6482084690553744,1.3029315960912051,0.749185667752443,40.637425579963065,46.06881543830835,16.5534680325326,15.745841610925517
6873,Francisco Portillo Soler,Real Betis,La Liga,19,1012.0,0.4446640316205533,0.0,21.197144763388877,4.090909090909091,0.7608695652173914,164.52569169960475,4.980237154150197,49.62450592885376,0.8225806451612904,1.4229249011857708,0.0,0.5335968379446641,0.1778656126482213,6.225296442687747,16.398860998387097,16.007905138339922,1.067193675889328,0.8333333333333334,0.9782608695652174,0.7272727272727273,5.869565217391305,0.8003952569169961,0.4446640316205533,1.6897233201581028,1.6007905138339922,69.0347027027027,35.03616216216216,22.81494498440319,22.582966682655307
5202,José Ignacio Fernández Iglesias,Real Madrid,La Liga,16,1203.0,0.3740648379052369,0.0,20.61241496926684,0.3740648379052369,0.8,115.81047381546136,0.8977556109725686,43.241895261845386,0.8961937716262975,0.1496259351620947,0.0,0.3740648379052369,0.0,5.46134663341646,18.881683048961936,8.229426433915211,1.571072319201995,0.5238095238095238,1.945137157107232,0.8076923076923077,2.8428927680798006,3.740648379052369,2.0199501246882794,1.346633416458853,1.1221945137157108,46.49102067183464,25.39470284237726,23.67971151009072,16.689007827790082
5200,Lucas Vázquez Iglesias,Real Madrid,La Liga,25,1294.0,1.669242658423493,0.2782071097372488,17.939613742341162,2.782071097372488,0.675,166.9938176197836,11.684698608964451,48.9644513137558,0.8025568181818182,1.5996908809891808,0.4173106646058732,3.5471406491499224,0.2086553323029366,5.425038639876352,16.428821270312504,20.309119010819163,3.755795981452859,0.6111111111111112,1.4605873261205564,0.6666666666666666,4.659969088098918,0.4868624420401855,0.347758887171561,1.391035548686244,2.8516228748068007,75.8651811745106,59.66497292794668,25.62346375274289,18.828930926274737
7781,Felipe Salvador Caicedo Corozo,Espanyol,La Liga,31,2189.0,1.726815897670169,0.3289173138419369,13.611203009867566,2.754682503426222,0.5671641791044776,94.15258108725445,10.27866605756053,21.379625399725903,0.7365384615384616,0.5756052992233897,0.0,0.4111466423024212,0.0411146642302421,1.439013248058474,13.853132853653843,12.951119232526269,0.7811786203746003,0.8421052631578947,0.2466879853814527,1.0,1.8501598903608956,0.5756052992233897,3.9058931018730014,2.2613065326633164,1.6445865692096848,78.25711790393012,42.97388646288209,20.49827800817691,19.321837752994625
18724,Sofiane Feghouli,Valencia,La Liga,21,1318.0,1.6388467374810318,0.0682852807283763,18.970318507259385,2.799696509863429,0.3414634146341463,137.38998482549317,8.945371775417298,39.12746585735963,0.6265270506108203,1.911987860394537,0.0682852807283763,4.3019726858877085,0.8194233687405159,7.443095599393019,19.822129684991275,12.564491654021245,1.024279210925645,0.6,0.7511380880121395,0.4545454545454545,4.711684370257967,0.5462822458270106,2.116843702579666,1.3657056145675264,1.6388467374810318,76.49140159045726,63.45014910536781,24.360774140478718,14.44262987242423
4353,Aymeric Laporte,Athletic Club,La Liga,26,2280.0,0.7894736842105263,0.1184210526315789,14.148074665537385,0.75,0.5789473684210527,136.02631578947367,3.1578947368421053,52.77631578947368,0.8175018698578908,0.1973684210526315,0.0394736842105263,0.2763157894736842,0.0394736842105263,14.36842105263158,24.576186598354525,9.276315789473683,1.894736842105263,0.5625,1.973684210526316,0.46,4.144736842105263,4.065789473684211,3.0789473684210527,1.2236842105263157,1.0657894736842104,43.37498549042368,22.74376088218224,20.040408277864312,13.064375196028848
3063,Danilo Luiz da Silva,Real Madrid,La Liga,24,2100.0,0.7714285714285715,0.0857142857142857,24.37676413735618,1.0285714285714285,0.6666666666666666,173.27142857142857,3.9857142857142858,63.9,0.8450704225352113,0.5142857142857142,0.2142857142857143,2.442857142857143,0.0428571428571428,7.585714285714285,18.141856355935616,11.442857142857145,2.8714285714285714,0.6417910447761194,2.3142857142857145,0.6111111111111112,4.071428571428571,2.142857142857143,1.8,1.7571428571428571,1.0285714285714285,65.36841454365569,57.04909720504578,24.520476668324708,24.48658354555737
6743,Manuel Rolando Iturra Urrutia,Udinese,"La Liga, Serie A",23,1445.0,0.2491349480968858,0.0,15.846538866689013,0.8096885813148789,0.6153846153846154,112.6089965397924,0.9965397923875432,38.74048442906575,0.8247588424437299,0.4359861591695501,0.0,0.3114186851211072,0.0,6.228373702422145,18.709954689067526,26.968858131487888,3.051903114186851,0.7142857142857143,1.494809688581315,0.4166666666666667,4.484429065743944,1.370242214532872,1.9930795847750864,2.6782006920415222,1.806228373702422,55.804314159292026,38.90259955752213,21.550601935384798,20.780630417366684
18398,Omar Mascarell González,Sporting Gijón,La Liga,26,1841.0,0.5377512221618685,0.0,26.59526799868189,0.5866376969038566,0.75,108.72351982618142,1.222161868549701,41.60239000543183,0.7297297297297297,0.3910917979359044,0.048886474741988,0.2933188484519283,0.048886474741988,11.146116241173274,22.826866096874262,21.70559478544269,2.151004888647474,0.5227272727272727,2.444323737099402,0.58,4.937533948940793,2.00434546442151,2.444323737099402,2.3465507876154263,0.6844106463878327,57.966816546762566,42.64752697841725,20.15478850243432,18.055544376536695
6744,Luciano Vietto,Atlético Madrid,La Liga,19,984.0,2.2865853658536586,0.0914634146341463,14.955429711661273,2.8353658536585367,0.6451612903225806,146.79878048780486,14.634146341463412,34.29878048780488,0.784,0.823170731707317,0.274390243902439,1.0060975609756098,0.1829268292682926,2.2865853658536586,13.6138445904,18.841463414634145,0.823170731707317,0.8888888888888888,0.4573170731707316,0.8,4.115853658536586,0.1829268292682926,0.9146341463414632,1.1890243902439024,2.1036585365853657,79.49090342679126,39.75489096573208,21.16880540410301,21.102249132404253
6559,Juan Carlos Pérez López,Málaga,La Liga,19,1294.0,1.0432766615146831,0.0695517774343122,22.674703552743438,1.7387944358578051,0.56,116.63833075734156,5.425038639876352,37.21020092735703,0.7177570093457943,0.973724884080371,0.1391035548686244,2.2256568778979906,0.0695517774343122,4.590417310664606,17.852769675943925,10.850077279752703,1.7387944358578051,0.56,1.5996908809891808,0.4782608695652174,3.686244204018547,1.391035548686244,2.017001545595054,1.5301391035548686,1.5301391035548686,70.11651759093621,14.533035181872393,27.54346889679387,13.495165985629097
27305,Germán Darío Lux,RC Deportivo La Coruña,La Liga,29,2640.0,0.0,0.0,19.71618752593094,0.034090909090909,1.0,84.51136363636363,0.0,34.90909090909091,0.5263671875,0.034090909090909,0.0,0.0,0.034090909090909,29.795454545454543,55.64944704804687,0.1022727272727272,0.0,0.6086956521739131,0.0,0.618734335839599,4.5,0.1022727272727272,0.0,0.034090909090909,0.2386363636363636,10.561274707543364,41.634610730133126,6.918410652658874,8.756412976369258
6666,Sabin Merino Zuloaga,Athletic Club,La Liga,22,1168.0,2.0804794520547945,0.3852739726027397,14.832867303722551,3.082191780821918,0.4,106.33561643835615,10.787671232876711,24.888698630136982,0.6501547987616099,0.7705479452054795,0.0,2.0034246575342465,0.0,1.9263698630136987,15.333495754489164,14.794520547945206,1.1558219178082192,0.6666666666666666,0.6164383561643836,0.75,3.852739726027397,0.4623287671232877,2.928082191780822,0.9246575342465754,0.7705479452054795,79.8795652173913,28.64934782608696,23.00851612563742,23.454314355647007
26103,Idriss Carlos Kameni,Málaga,La Liga,28,2550.0,0.0,0.0,19.71618752593094,0.0705882352941176,1.0,64.30588235294118,0.0,27.6,0.659846547314578,0.0,0.0352941176470588,0.0,0.0352941176470588,20.32941176470588,46.65599799514067,0.0705882352941176,0.0,0.6086956521739131,0.0,0.618734335839599,5.011764705882353,0.0352941176470588,0.0,0.0,0.0352941176470588,9.207574094401757,39.769209659714605,6.45522599395978,8.298006143739068
6573,Bernardo José Espinosa Zúñiga,Sporting Gijón,La Liga,16,1383.0,0.9110629067245118,0.0650759219088937,13.391137960817089,0.0650759219088937,1.0,92.34273318872016,3.449023861171366,36.31236442516269,0.7096774193548387,0.2603036876355748,0.0,0.0,0.0650759219088937,11.713665943600867,25.525049952329752,9.175704989154012,1.3015184381778742,0.8,2.6030368763557483,0.575,3.8394793926247286,6.963123644251627,5.27114967462039,2.342733188720173,0.7809110629067244,40.04940098661028,29.093516560958413,21.508162027941463,13.75083674441313
7034,Mateo Pablo Musacchio,Villarreal,La Liga,13,1041.0,0.1729106628242075,0.0864553314121037,8.20381066704588,0.5187319884726225,0.5,108.1556195965418,0.7780979827089337,39.85590778097983,0.8177874186550976,0.1729106628242075,0.0,0.0,0.0,10.11527377521614,23.268311505639915,7.780979827089338,1.9884726224783864,0.6521739130434783,1.38328530259366,0.625,3.976945244956773,4.582132564841499,2.76657060518732,1.2103746397694526,0.69164265129683,40.41726618705036,53.67841726618705,16.181208744316546,11.455411675170431
6677,Imanol Agirretxe Arruti,Real Sociedad,La Liga,16,1197.0,3.3834586466165413,0.9774436090225564,13.158963732872934,1.5789473684210529,0.2857142857142857,100.30075187969923,15.864661654135338,24.81203007518797,0.6848484848484848,0.225563909774436,0.0,0.8270676691729323,0.3007518796992481,2.255639097744361,14.73004847190909,11.804511278195488,0.3007518796992481,0.5,0.3759398496240601,0.6,2.3308270676691727,0.6766917293233082,2.406015037593985,0.7518796992481203,2.1052631578947367,78.75637181409293,39.75142428785608,21.585319377377267,21.50388815115956
6828,Jaume Vicent Costa Jordá,Villarreal,La Liga,18,1592.0,0.2261306532663316,0.0565326633165829,20.194587161213672,0.2826633165829146,0.8,115.72236180904522,2.148241206030151,47.6570351758794,0.7888493475682088,0.1695979899497487,0.0565326633165829,0.8479899497487438,0.1130653266331658,7.801507537688442,20.125080046975093,11.023869346733669,2.9962311557788945,0.490566037735849,2.657035175879397,0.5957446808510638,3.222361809045226,1.9221105527638191,1.5829145728643217,1.4133165829145728,1.2437185929648242,57.10742550073277,12.623937469467512,26.255338277140694,13.671826533927842
19431,Fernando Damián Tissone,Málaga,La Liga,12,1021.0,0.7051909892262488,0.0,27.530230702119937,1.3222331047992164,0.7333333333333333,135.57296767874632,0.969637610186092,49.27522037218414,0.7656529516994633,1.0577864838393731,0.0,0.6170421155729677,0.3525954946131244,10.930460333006856,22.09919657549195,14.280117531831538,1.939275220372184,0.6363636363636364,2.3800195886385898,0.5925925925925926,5.994123408423115,1.5866797257590597,2.556317335945152,3.0852105778648387,0.7051909892262488,56.63602080624189,43.93530559167749,20.2224071419787,18.67954718493073
27335,Arthur Etienne Boka,Málaga,La Liga,14,1074.0,0.5865921787709497,0.0,26.87700529598468,2.430167597765363,0.4482758620689655,145.64245810055866,2.094972067039106,55.81005586592178,0.7582582582582582,0.4189944134078212,0.0,1.8435754189944131,0.1675977653631284,7.541899441340782,18.62241917072072,9.720670391061452,1.5083798882681565,0.5,1.9273743016759772,0.5217391304347826,5.949720670391061,1.5083798882681565,1.9273743016759772,1.4245810055865922,1.5921787709497206,63.934695051783656,11.082220943613349,25.861943127931177,10.321739618945566
24783,Javier Márquez Moreno,Granada,La Liga,19,1358.0,1.4580265095729013,0.0,24.49584830441449,0.7952871870397644,0.75,114.45508100147276,1.325478645066274,40.09572901325479,0.7074380165289256,0.7290132547864506,0.0662739322533137,0.8615611192930781,0.3313696612665684,12.128129602356406,24.375412464132232,21.605301914580263,2.783505154639175,0.6666666666666666,1.1929307805596463,0.4444444444444444,4.771723122238586,1.7231222385861562,1.4580265095729013,2.452135493372607,1.988217967599411,61.2664736537348,35.40596409959468,20.683549864280053,22.06787508860632
6614,Alexis Ruano Delgado,Getafe,La Liga,15,1394.0,0.1936872309899569,0.0645624103299856,14.337870472272954,0.5164992826398852,0.625,93.68005738880916,1.5494978479196555,35.50932568149211,0.7909090909090909,0.3873744619799139,0.0,0.1291248206599713,0.0645624103299856,11.233859397417504,26.02508078654546,3.5509325681492108,1.0329985652797704,0.5625,2.9053084648493543,0.4888888888888889,3.2281205164992826,4.583931133428981,2.4533715925394546,0.7101865136298422,0.5164992826398852,40.14183321847001,31.11261199172985,19.725830821575187,15.188165965308867
26020,Ángel Lafita Castillo,Getafe,La Liga,14,1031.0,2.4442289039767218,0.2618816682832202,20.522819721247934,3.4917555771096027,0.4,109.90300678952474,7.507274490785646,24.093113482056257,0.6413043478260869,0.6110572259941804,0.1745877788554801,1.309408341416101,0.1745877788554801,2.793404461687682,15.792937433333336,17.458777885548013,1.0475266731328807,0.6666666666666666,1.134820562560621,0.5384615384615384,4.713870029097963,1.134820562560621,2.3569350145489816,3.055286129970902,2.095053346265761,75.20730738681495,23.79364575059571,25.76895467875892,21.66548096080285
11634,Cristiano Piccini,Real Betis,La Liga,16,1467.0,0.8588957055214724,0.0,27.21492888255213,3.0061349693251533,0.5306122448979592,137.4233128834356,1.411042944785276,51.71779141104295,0.7603795966785291,0.7975460122699386,0.0,2.085889570552147,0.3067484662576687,6.257668711656442,18.107748819928823,11.717791411042946,2.9447852760736195,0.6458333333333334,1.96319018404908,0.65625,5.521472392638037,2.7607361963190185,2.6993865030674846,1.8404907975460123,0.7975460122699386,65.20589285714287,68.8325,27.76173643555261,10.461243822864876
6673,Sergio Canales Madrazo,Real Sociedad,La Liga,16,921.0,2.345276872964169,0.0,26.61124705586764,0.977198697068404,0.1,159.38110749185668,5.863192182410423,49.93485342019544,0.7651663405088063,0.977198697068404,0.0,3.224755700325733,0.0977198697068403,6.449511400651466,17.06244703757339,18.078175895765472,1.7589576547231272,0.7222222222222222,0.6840390879478827,0.5714285714285714,4.1042345276872965,0.0977198697068403,0.977198697068404,1.6612377850162867,1.6612377850162867,74.3793991416309,38.1187614960147,23.45110320334221,24.15119763001337
27184,Marcos Alberto Angeleri,Málaga,La Liga,13,1148.0,0.235191637630662,0.0,13.314969826216904,0.078397212543554,0.0,77.77003484320556,0.862369337979094,30.104529616724736,0.7734375,0.156794425087108,0.0,0.0,0.0,8.23170731707317,24.205513115625,9.329268292682926,1.95993031358885,0.4,1.803135888501742,0.5652173913043478,3.214285714285714,5.09581881533101,2.195121951219512,1.17595818815331,0.627177700348432,40.19082661290323,41.16925403225807,19.701142265736152,20.62218045849872
4691,Claudio Andrés Bravo Muñoz,Barcelona,La Liga,32,2952.0,0.0,0.0,19.71618752593094,0.0304878048780487,1.0,79.78658536585365,0.0,30.60975609756097,0.8446215139442231,0.0,0.0,0.0,0.0,11.707317073170731,31.20739303824701,0.0914634146341463,0.0,0.6086956521739131,0.0,0.618734335839599,3.6280487804878048,0.0609756097560975,0.0,0.0,0.0304878048780487,10.47550630492931,39.856858998853646,7.698488007269267,8.102759484594019
4324,Daniel Alves da Silva,Barcelona,La Liga,29,2195.0,0.6560364464692483,0.0,24.64929121753785,2.091116173120729,0.5098039215686274,225.71753986332573,6.314350797266515,80.81548974943053,0.8533739218670725,0.7380410022779044,0.164009111617312,3.5261958997722096,0.6970387243735763,9.594533029612755,17.209635801471332,15.621867881548976,2.624145785876993,0.65625,1.1890660592255125,0.5172413793103449,6.724373576309795,1.3530751708428246,0.9840546697038725,1.7630979498861048,0.9840546697038725,66.03413260672117,68.08748410535875,25.86353404985988,9.929900969830433
5213,Gerard Piqué Bernabéu,Barcelona,La Liga,30,2643.0,0.4767309875141884,0.0681044267877412,8.695728564955866,0.3745743473325766,0.9090909090909092,195.93643586833144,2.894438138479001,69.19409761634506,0.9168307086614174,0.1362088535754824,0.0340522133938706,0.1021566401816118,0.2043132803632236,14.642451759364356,22.9611496386811,6.265607264472191,1.4301929625425651,0.4523809523809524,1.0896708286038592,0.5,5.073779795686719,5.312145289443814,3.064699205448354,0.5788876276958002,0.4086265607264472,43.48428919012861,55.04511644073688,20.522997094897605,11.450765288032562
10609,Jérémy Mathieu,Barcelona,La Liga,21,1308.0,0.481651376146789,0.0,14.802981912443324,0.3440366972477064,1.0,156.67431192660553,2.614678899082569,57.247706422018354,0.8834134615384616,0.1376146788990825,0.1376146788990825,0.481651376146789,0.2064220183486238,8.53211009174312,20.48596770252404,6.192660550458716,1.1697247706422018,0.5882352941176471,1.3073394495412844,0.7368421052631579,2.889908256880734,4.26605504587156,2.339449541284404,0.5504587155963303,0.4128440366972477,46.57545015371103,21.866227492314447,23.09255686468669,12.246453833099435
5211,Jordi Alba Ramos,Barcelona,La Liga,31,2657.0,0.2371095220173127,0.0,19.71618752593094,0.5419646217538577,0.4375,209.29996236356797,6.8084305607828375,78.99134362062476,0.8597770154373928,0.5419646217538577,0.2032367331576966,2.2694768535942798,0.3387278885961611,6.537448249905909,16.532928422813036,10.297327813323298,1.558148287542341,0.6739130434782609,1.3887843432442604,0.5121951219512195,4.877681595784719,2.6082047421904404,0.9145652992096348,0.7452013549115544,0.5758374106134738,63.13736850623081,12.211102120084156,26.785167388677465,9.495420130908569
5203,Sergio Busquets i Burgos,Barcelona,La Liga,35,2963.0,0.1822477219034762,0.0,20.9991656123844,0.911238609517381,0.7,198.9841376982788,1.2453594330070874,73.08133648329395,0.9068994181213632,0.3948700641241984,0.1518731015862301,0.1214984812689841,0.5163685453931826,11.603104961187984,19.269425974937658,17.67802902463719,3.128585892676341,0.6893203883495146,1.1542355720553492,0.5526315789473685,4.616942288221397,2.035099561255484,2.2477219034762066,1.2149848126898413,2.490718866014175,57.94307739276445,40.33816211265456,19.290454554903192,16.153850450109402
6379,Sergi Roberto Carnicer,Barcelona,La Liga,31,1970.0,0.7309644670050761,0.0,18.99664579235008,2.0558375634517767,0.6888888888888889,176.3451776649746,5.66497461928934,62.68020304568528,0.8717201166180758,0.5482233502538071,0.2284263959390862,1.5076142131979695,0.4111675126903553,4.477157360406091,16.443014386880467,15.441624365482232,2.2385786802030454,0.5102040816326531,1.0507614213197969,0.5652173913043478,4.340101522842639,0.9593908629441624,1.4619289340101522,0.9137055837563453,1.1878172588832487,68.09958549222799,51.75769430051812,24.25857884329947,23.771975497128626
5216,Andrés Iniesta Luján,Barcelona,La Liga,28,2300.0,0.9,0.0391304347826087,22.318879031947567,3.130434782608696,0.675,225.03913043478263,4.069565217391305,73.44782608695652,0.8742674480554076,1.2130434782608697,0.0782608695652174,0.9782608695652176,1.682608695652174,12.873913043478264,19.97763972770378,14.75217391304348,1.8,0.7391304347826086,0.4695652173913044,0.75,5.204347826086957,0.5086956521739131,0.5478260869565218,0.9391304347826088,2.11304347826087,69.39342723004694,26.703894974787,19.36390649894526,15.545960223875197
4320,Neymar da Silva Santos Junior,Barcelona,La Liga,34,3129.0,3.537871524448706,0.5465004793863855,16.304935472441972,7.852348993288591,0.6190476190476191,213.10642377756471,23.873441994247365,56.66347075743049,0.7776649746192893,2.358581016299137,0.3451581975071908,2.0421860019175457,1.0067114093959733,6.644295302013423,16.204454490928935,11.2751677852349,0.7190795781399808,0.4,0.37392138063279,0.7692307692307693,3.854266538830297,0.0862895493767977,0.6327900287631831,1.581975071907958,4.573346116970278,83.33277095424484,20.29392630584425,19.854271221458387,16.25469558157554
5246,Luis Alberto Suárez Díaz,Barcelona,La Liga,35,3233.0,3.8694710794927314,1.0300030931023818,14.647648418042174,3.730281472316734,0.373134328358209,121.28982369316424,30.176306835756264,27.08629755644912,0.7266187050359713,1.2527064645839778,0.4175688215279926,1.4475719146303745,0.6402721930095886,2.4497370862975565,15.368991867738956,9.325703680791834,0.7237859573151871,0.5769230769230769,0.2505412929167955,0.5555555555555556,3.0621713578719456,0.5289205072687906,0.6681101144447882,1.1970306217135789,2.143519950510362,87.32510901996784,41.878517328436985,21.22976998450421,19.56328847512529
5506,Javier Alejandro Mascherano,Barcelona,La Liga,32,2758.0,0.0978970268310369,0.0,23.32259709856363,0.4242204496011602,0.8461538461538461,190.605511240029,0.5221174764321972,68.88687454677302,0.9156797726196116,0.3263234227701233,0.0,0.0652646845540246,0.3589557650471355,19.220449601160254,25.12809157863572,11.551849166062365,2.284263959390863,0.6285714285714286,1.2400290065264683,0.4736842105263157,3.589557650471356,3.4590282813633064,1.598984771573604,1.011602610587382,0.7179115300942711,45.41739428180105,34.5351994521486,19.01392767867089,16.175770330827902
5470,Ivan Rakitić,Barcelona,La Liga,36,2630.0,1.505703422053232,0.2395437262357414,20.691446774844174,1.2661596958174903,0.4864864864864865,188.41825095057035,5.338403041825095,64.98479087452472,0.861506055818852,1.0266159695817492,0.0684410646387832,0.8212927756653993,0.6501901140684411,9.684410646387834,18.526373614060034,16.425855513307987,1.88212927756654,0.6545454545454545,1.0608365019011408,0.5161290322580645,5.064638783269962,0.9581749049429658,1.4372623574144487,1.505703422053232,1.9505703422053235,67.73327279331639,54.99535052669813,22.30360793830885,16.73196673061607
5503,Lionel Andrés Messi Cuccittini,Barcelona,La Liga,33,2801.0,5.076758300606926,0.7390217779364512,18.98917220752629,7.743662977508032,0.7427385892116183,223.66654766154943,17.704391288825416,61.88504105676544,0.8016614745586709,1.8957515173152444,0.4819707247411638,1.1567297393787932,3.4380578364869687,10.08925383791503,18.35830074136552,6.137093895037486,0.3534451981435201,0.8181818181818182,0.2249196715458764,0.5714285714285714,2.9560871117458047,0.0,0.2249196715458764,0.4498393430917529,2.570510531952874,80.03351529952596,52.07997414164631,17.472241826162943,17.0848478290127
9887,Rafael de Andrade Bittencourt Pinheiro,Hellas Verona,Serie A,12,1047.0,0.0,0.0,19.71618752593094,0.0,0.5833333333333334,62.2349570200573,0.0,26.905444126074496,0.6038338658146964,0.0859598853868194,0.0,0.0,0.0,20.71633237822349,48.021059545686896,0.0,0.0,0.6086956521739131,0.0,0.618734335839599,4.641833810888252,0.0,0.0,0.0859598853868194,0.2578796561604584,8.13756906077348,40.29723756906076,5.849318575030082,7.54315525917396
11342,Eros Pisano,Hellas Verona,Serie A,34,3018.0,0.6858846918489065,0.1491053677932405,11.756160441057974,0.805168986083499,0.5925925925925926,119.70178926441352,2.862823061630219,46.87872763419483,0.6812977099236641,0.7157057654075547,0.0,2.8330019880715707,0.0596421471172962,12.703777335984094,23.415823546310435,9.125248508946322,1.8190854870775348,0.4590163934426229,1.1332007952286285,0.6052631578947368,4.383697813121272,3.3399602385685885,2.027833001988072,1.341948310139165,1.4314115308151094,58.051096163428014,62.852291978076735,28.380349236127163,20.60093090708802
31488,Vangelis Moras,Hellas Verona,Serie A,31,2862.0,0.2515723270440251,0.0314465408805031,16.229681031949905,0.2830188679245283,0.8888888888888888,93.52201257861635,1.6352201257861636,36.9811320754717,0.8129251700680272,0.1572327044025157,0.0314465408805031,0.1257861635220125,0.0314465408805031,9.18238993710692,23.14555403503401,8.89937106918239,1.7924528301886793,0.6491228070175439,0.8805031446540881,0.5357142857142857,3.836477987421384,5.440251572327044,2.861635220125786,0.9748427672955976,1.10062893081761,42.12515131136516,43.821587088096834,20.297035991352715,17.598946273067277
7966,Filip Helander,Hellas Verona,Serie A,24,1951.0,0.2767811378780113,0.0922603792926704,8.663987088736297,0.0,0.5833333333333334,84.97180932854945,1.6606868272680675,33.21373654536135,0.8097222222222222,0.0,0.0,0.0461301896463352,0.0,7.565351101998974,23.09379944305556,11.255766273705792,1.6145566376217324,0.5428571428571428,0.5996924654023578,0.2307692307692307,2.2142491030240903,4.889800102511532,3.552024602767811,0.922603792926704,0.5074320861096873,40.9827361563518,25.64739413680782,18.607255058995,12.070054124341198
7695,Samuel Souprayen,Hellas Verona,Serie A,20,1645.0,0.3829787234042553,0.0,21.072508661045777,0.9848024316109424,0.7222222222222222,136.3404255319149,1.696048632218845,52.577507598784194,0.7679500520291364,0.7659574468085106,0.0,2.0243161094224926,0.0,8.206686930091186,19.106604298959414,13.951367781155016,1.8601823708206688,0.4411764705882353,0.7112462006079028,0.5384615384615384,5.47112462006079,2.844984802431611,1.8054711246200608,1.750759878419453,1.2583586626139818,62.94101123595506,10.67804975922953,27.387234057980063,9.835260405291752
32119,Leandro Greco,Hellas Verona,Serie A,26,1954.0,0.5066530194472877,0.0460593654042988,26.371244450168447,1.6581371545547596,0.5277777777777778,139.00716479017402,1.105424769703173,45.87512794268168,0.8242971887550201,0.9211873080859776,0.0,0.9211873080859776,0.1381780962128966,9.165813715455476,20.79947190502008,22.98362333674514,2.4411463664278403,0.6037735849056604,1.1514841351074718,0.6,5.849539406345958,0.7830092118730809,0.9211873080859776,2.210849539406346,2.0726714431934496,60.98449304174949,35.906030483764084,21.67662401266858,19.950005358368653
7020,Jacopo Sala,Hellas Verona,Serie A,23,1728.0,0.5729166666666667,0.0,25.367307825879514,1.9791666666666667,0.3947368421052631,136.40625,2.03125,45.15625,0.7093425605536332,0.8854166666666667,0.0520833333333333,3.385416666666667,0.0,7.760416666666667,19.537357885582463,20.677083333333336,3.385416666666667,0.7384615384615385,0.7291666666666667,0.7142857142857143,6.302083333333334,1.1979166666666667,0.8333333333333334,1.5625,1.1979166666666667,65.47353951890035,65.51137838869798,25.836871400097788,13.398881560808388
5512,Emil Hallfreðsson,Hellas Verona,Serie A,27,1939.0,0.8818978855079939,0.0,25.7411854374271,1.810211449200619,0.6923076923076923,129.82465188241363,0.6498194945848376,43.53790613718412,0.7164179104477612,1.2068076328004127,0.0464156781846312,2.506446621970088,0.0928313563692625,8.029912325941208,19.488923773987207,27.292418772563177,2.2279525528623,0.5416666666666666,0.556988138215575,0.6666666666666666,6.591026302217639,1.4853017019082002,2.0422898401237752,2.5992779783393503,1.1603919546157817,66.21787629603146,24.8130139435109,23.070102134756898,17.20247554638605
26442,Boško Janković,Hellas Verona,Serie A,15,922.0,1.4642082429501084,0.0976138828633405,17.968263206246277,1.0737527114967462,0.5454545454545454,90.39045553145336,7.321041214750542,23.134490238611715,0.5485232067510548,0.2928416485900217,0.0,2.3427331887201737,0.3904555314533622,4.3926247288503255,20.101076984810124,13.177874186550977,0.6832971800433839,0.8571428571428571,0.3904555314533622,0.5,2.733188720173536,0.1952277657266811,2.537960954446855,2.1475054229934925,0.4880694143167028,74.0143628509719,41.4731101511879,27.66255742199844,26.818979217458747
386651,Juan Ignacio Gómez Taleb,Hellas Verona,Serie A,33,1929.0,1.6796267496111976,0.046656298600311,17.61198829501134,1.3996889580093312,0.6666666666666666,114.9611197511664,12.55054432348367,30.4199066874028,0.6855828220858896,1.026438569206843,0.0,0.5598755832037325,0.1399688958009331,1.6796267496111976,14.132328525153376,16.749611197511665,1.119751166407465,0.625,0.3265940902021773,0.2857142857142857,3.965785381026439,0.6998444790046656,3.6858475894245726,1.6796267496111976,2.5194401244167963,76.68043831168829,32.24127435064935,24.410855223239604,22.213954572726298
6686,Giampaolo Pazzini,Hellas Verona,Serie A,30,2001.0,3.5532233883058475,0.1349325337331334,16.160452682409776,0.8545727136431784,0.5263157894736842,93.77811094452774,18.035982008995504,16.64167916041979,0.6432432432432432,0.494752623688156,0.0,0.4047976011994003,0.0899550224887556,1.4842578710644678,15.55306801432432,15.42728635682159,0.3148425787106447,0.4285714285714285,0.1349325337331334,0.3333333333333333,2.47376311844078,0.5847076461769116,2.0689655172413794,1.6641679160419791,2.743628185907047,81.10354916067148,41.49587529976018,22.339610203540783,18.29654662712217
7174,Antonio Mirante,Bologna,Serie A,33,3089.0,0.0,0.0,19.71618752593094,0.0874069278083522,1.0,79.1906765943671,0.0,32.3696989316931,0.6012601260126013,0.0,0.0,0.0,0.0,24.211719002913565,46.53885729756976,0.029135642602784,0.0,0.6086956521739131,0.0,0.618734335839599,5.50663645192619,0.029135642602784,0.0,0.029135642602784,0.1456782130139203,9.924245768947754,40.61534216335541,7.638446772500973,8.500797050276438
7142,Luca Rossettini,Bologna,Serie A,29,2638.0,0.4776345716451857,0.1023502653525398,12.10726626287192,0.0682335102350265,0.0,114.1546626231994,2.1152388172858227,44.69294920394238,0.750381679389313,0.2047005307050796,0.0341167551175132,0.4776345716451857,0.0682335102350265,11.80439727065959,24.001219283587798,12.009097801364671,2.1152388172858227,0.5967741935483871,1.7058377558756634,0.68,2.4905231235784684,5.731614859742229,3.2752084912812736,1.5352539802880971,0.6823351023502654,47.29608487746563,50.09500896592947,23.19733775659168,21.281748173837755
30745,Daniele Gastaldello,Bologna,Serie A,26,2283.0,0.3153745072273324,0.0394218134034165,11.984611343857466,0.0788436268068331,1.0,106.32063074901446,1.5768725361366622,42.3784494086728,0.827906976744186,0.0788436268068331,0.0788436268068331,0.0394218134034165,0.1182654402102496,12.181340341655716,24.30238164818604,10.565045992115635,1.655716162943495,0.7142857142857143,1.1038107752956636,0.6071428571428571,4.296977660972405,6.110381077529566,4.218134034165572,1.655716162943495,0.9461235216819974,41.34645902855024,42.86358917315536,18.665415055671563,18.60805464337896
8849,Domenico Maietta,Bologna,Serie A,19,1615.0,0.0557275541795665,0.0,16.726027621644054,0.6130030959752322,0.3636363636363636,118.58823529411764,0.6687306501547987,45.19504643962848,0.8557336621454994,0.0557275541795665,0.0,0.0,0.0557275541795665,12.14860681114551,24.164165936374847,13.653250773993808,2.4520123839009287,0.75,1.393188854489164,0.68,4.402476780185759,5.572755417956656,2.786377708978328,0.891640866873065,0.6130030959752322,42.505686090225566,25.681766917293228,17.854696803125385,12.842209915922568
7169,Adam Masina,Bologna,Serie A,33,2721.0,0.4299889746416759,0.0661521499448732,22.617002420736544,1.7530319735391402,0.5094339622641509,138.09261300992284,3.009922822491731,51.92943770672547,0.7394904458598726,0.7276736493936053,0.0992282249173098,1.4553472987872107,0.0661521499448732,6.813671444321941,18.71495503326751,16.47188533627343,2.116868798235943,0.640625,1.2899669239250278,0.5641025641025641,5.391400220507167,3.5060639470782804,3.175303197353914,1.1907386990077178,1.0584343991179714,59.19640718562874,11.773628742514967,26.95077013823129,9.70422374273152
8284,Amadou Diawara,Bologna,Serie A,34,2839.0,0.6340260655160268,0.0,29.27988489219362,0.9510390982740402,0.7666666666666667,147.72807326523426,0.4438182458612187,52.68756604438183,0.8345367027677497,0.6657273687918281,0.0317013032758013,0.095103909827404,0.3170130327580134,10.493131384290244,21.06820085439229,21.65199013737232,2.155688622754491,0.6470588235294118,1.9020781965480804,0.6,7.069390630503699,1.6484677703416697,0.8876364917224375,1.7435716801690735,0.6023247622402255,56.200965665236055,38.6019957081545,19.323350779137268,17.28347142298579
8280,Godfred Donsah,Bologna,Serie A,20,1364.0,1.0557184750733135,0.1319648093841642,22.840661439571644,2.243401759530792,0.5588235294117647,115.20527859237536,4.354838709677419,32.72727272727273,0.6854838709677419,0.3958944281524926,0.0659824046920821,0.9237536656891496,0.0,3.826979472140762,17.318779719758062,17.815249266862168,1.781524926686217,0.5185185185185185,1.1876832844574778,0.4444444444444444,5.674486803519061,2.7052785923753664,2.0454545454545454,1.3856304985337242,0.9897360703812316,66.16563573883163,51.3766895761741,24.19855294378004,19.212476575547264
45591,Franco Brienza,Bologna,Serie A,29,1773.0,2.081218274111675,0.1522842639593908,23.90556428470016,1.8781725888324876,0.5675675675675675,146.3451776649746,5.32994923857868,46.49746192893401,0.7314410480349345,1.5736040609137056,0.1522842639593908,2.182741116751269,0.5076142131979695,9.898477157360404,20.13553019508733,16.700507614213198,1.065989847715736,0.7142857142857143,0.964467005076142,0.7894736842105263,5.431472081218274,0.2538071065989847,0.7614213197969543,0.6598984771573604,1.269035532994924,71.7783558792924,36.8054110301769,23.96355981260769,22.83298160040553
11729,Luca Rizzo,Bologna,Serie A,23,1464.0,1.1065573770491803,0.0,18.766692834704287,2.7049180327868854,0.4318181818181818,124.24180327868852,4.241803278688525,33.75,0.7231329690346083,0.7377049180327868,0.1229508196721311,1.6598360655737705,0.2459016393442623,2.7663934426229506,16.123498656101997,23.913934426229503,1.8442622950819672,0.5333333333333333,1.536885245901639,0.64,5.655737704918033,1.0450819672131146,1.1680327868852458,2.151639344262295,1.4754098360655736,69.95794161306283,41.79430974764967,24.622201125041897,25.96545038769352
7775,Emanuele Giaccherini,Bologna,Serie A,28,2243.0,1.845742309407044,0.2808738296923763,21.678654525944552,2.9692376281765496,0.4729729729729729,157.5702184574231,7.302719572001783,45.66205974141774,0.7381370826010545,1.7253678109674544,0.0,2.2068658047258136,0.2808738296923763,8.3058403923317,18.851571789543065,14.525189478377174,0.6419973250111458,0.625,0.6821221578243424,0.8235294117647058,4.493981275078021,0.6821221578243424,0.6419973250111458,0.722246990637539,2.0062416406598307,75.01698497580851,25.14723707664885,23.582171390960475,21.16190433156223
8103,Mattia Destro,Bologna,Serie A,27,2215.0,2.72234762979684,0.2437923250564334,17.77599993373457,2.4379232505643342,0.3,105.39954853273136,15.521444695259593,16.781038374717834,0.6295399515738499,0.3656884875846501,0.0812641083521444,0.4063205417607223,0.1218961625282167,1.8690744920993227,15.802797513075062,15.927765237020315,0.5688487584650113,0.7857142857142857,0.0812641083521444,0.5,2.3972911963882617,1.1783295711060948,2.072234762979684,1.9503386004514671,2.316027088036117,78.57579028527368,37.24132613723979,23.082175779510884,19.598853185790823
11494,Luca Siligardi,Hellas Verona,Serie A,28,1464.0,2.8278688524590163,0.1229508196721311,23.571299651884303,3.1967213114754096,0.4807692307692308,128.1762295081967,8.422131147540984,34.364754098360656,0.6386404293381037,1.6598360655737705,0.0,3.319672131147541,0.3688524590163934,6.086065573770492,18.78350421896243,23.36065573770492,1.9672131147540983,0.6875,0.7991803278688524,0.6923076923076923,5.655737704918033,0.4918032786885246,0.7377049180327868,1.352459016393443,0.860655737704918,77.17386091127098,28.37673860911271,25.604547009064795,24.252254876228616
18027,Matteo Brighi,Bologna,Serie A,23,1549.0,1.394448030987734,0.0,20.77871215893216,0.8134280180761781,0.5,108.99935442220789,3.195610071013557,35.326016785022595,0.8207236842105263,0.5229180116204003,0.0,0.3486120077469335,0.2324080051646223,2.672692059393157,15.87419303305921,23.647514525500323,3.079406068431246,0.5660377358490566,1.2201420271142671,0.7142857142857143,4.99677211103938,1.684958037443512,1.3363460296965786,1.6268560361523563,2.0335700451904457,62.63901918976544,35.17595948827292,23.867486468806337,20.05840254537067
7949,Artur Ioniţă,Hellas Verona,Serie A,31,2470.0,1.45748987854251,0.145748987854251,16.46102518075013,1.2024291497975708,0.5454545454545454,102.24291497975707,8.052631578947368,31.44534412955465,0.7937427578215527,0.6923076923076923,0.0728744939271255,0.582995951417004,0.0,3.2793522267206474,16.569530207126306,31.080971659919022,3.206477732793522,0.7045454545454546,1.1295546558704452,0.7419354838709677,4.846153846153846,1.165991902834008,3.170040485829959,2.477732793522267,1.311740890688259,67.14657875980043,47.280826799714895,24.3389325122549,20.064085392152855
34565,Anthony Mounier,Bologna,Serie A,30,1983.0,0.9531013615733736,0.1815431164901664,17.27050532151007,3.313161875945537,0.4383561643835616,129.39485627836612,8.396369137670197,32.90468986384266,0.6731034482758621,1.2708018154311649,0.0907715582450832,1.497730711043873,0.1361573373676248,4.720121028744327,17.534892330206894,23.963691376701966,1.9062027231467475,0.4761904761904761,0.4992435703479576,0.5454545454545454,4.447806354009077,0.453857791225416,0.5900151285930408,1.8608169440242055,1.8608169440242055,77.38242721851985,51.26502981410031,23.7039294494534,24.37163297107457
8851,Saphir Sliti Taïder,Bologna,Serie A,29,2181.0,1.361760660247593,0.0,25.967422865325453,0.8253094910591472,0.45,142.28335625859697,3.2599724896836317,44.81430536451169,0.8333333333333334,0.7427785419532325,0.0412654745529573,0.7015130674002751,0.1650618982118294,6.478679504814305,18.204780121731115,23.43878954607978,2.18707015130674,0.6037735849056604,0.7015130674002751,0.2941176470588235,5.859697386519945,1.3204951856946354,0.9491059147180192,1.6506189821182944,2.5584594222833563,64.8332656612529,39.584106728538295,22.812949893403445,22.804219377515253
7770,Federico Viviani,Hellas Verona,Serie A,19,1657.0,1.7380808690404346,0.1629450814725407,26.93513775266197,0.7604103802051901,0.8571428571428571,171.961375980688,0.4345202172601086,65.77549788774894,0.7720891824938068,2.063971031985516,0.3258901629450815,1.8467109233554615,0.1629450814725407,22.3777911888956,25.767979529149464,20.8026554013277,2.987326493663247,0.6363636363636364,1.7380808690404346,0.75,7.495473747736874,1.031985515992758,1.303560651780326,1.9553409776704889,1.9010259505129756,58.22065698041693,43.08644977890084,22.25060270204796,18.48413046869324
12491,Federico Marchetti,Lazio,Serie A,29,2646.0,0.0,0.0,19.71618752593094,0.0340136054421768,1.0,68.43537414965986,0.0340136054421768,27.85714285714286,0.7057387057387058,0.0340136054421768,0.0,0.0,0.0,17.006802721088437,40.680449374114765,0.1700680272108843,0.0340136054421768,1.0,0.0,0.618734335839599,4.8979591836734695,0.0340136054421768,0.0,0.0,0.272108843537415,11.398807157057654,39.595178926441335,8.713540830555278,9.24189514453712
8443,Dušan Basta,Lazio,Serie A,23,1891.0,0.523532522474881,0.0,28.63682940466184,1.189846641988366,0.44,164.72236911686937,1.570597567424643,62.15758857747223,0.7924961715160797,0.4759386567953463,0.0,2.094130089899524,0.0951877313590692,9.709148598625063,19.250407330627876,13.278688524590164,1.6657852987837125,0.7142857142857143,1.1422527763088313,0.6666666666666666,6.139608672659968,1.7133791644632468,1.4278159703860391,1.189846641988366,0.9994711792702272,56.8338630453626,66.90667437156893,24.25792001390609,10.75420153101943
9939,Maurício dos Santos Nascimento,Lazio,Serie A,24,2017.0,0.4462072384729797,0.0,13.13783039329948,0.2231036192364898,0.8,116.14774417451662,1.8294496777392169,45.69162121963312,0.81640625,0.0446207238472979,0.0,0.0,0.1338621715418939,9.905800694100147,22.036523685839843,12.627664848785326,2.320277640059494,0.6346153846153846,1.383242439266237,0.4838709677419355,3.168071393158156,5.71145265245414,5.220624690133862,2.2756569162121965,0.8031730292513635,41.45689588935843,52.13795620437956,19.09170404037084,15.436796522325771
8847,Santiago Juan Gentiletti Selak,Lazio,Serie A,19,1779.0,0.5059021922428331,0.0,11.469795680340797,0.5564924114671164,0.6363636363636364,153.23777403035413,1.973018549747049,57.116357504215856,0.8511957484499557,0.0,0.0,0.0,0.0,13.406408094435076,22.615490073516398,12.69814502529511,2.3777403035413154,0.6170212765957447,1.6188870151770658,0.71875,5.413153456998314,3.1871838111298483,2.175379426644182,1.8718381112984823,0.4553119730185497,39.97920105645428,25.34612083195774,18.333398288147897,13.842557225146466
7785,Senad Lulić,Lazio,Serie A,30,2433.0,0.7028360049321826,0.1109741060419235,20.354214508407136,2.737361282367448,0.5,169.08754623921087,4.6609124537607896,57.18865598027127,0.7574385510996119,1.220715166461159,0.1109741060419235,2.589395807644883,0.3699136868064118,11.54130702836005,21.14438236623545,19.235511713933416,3.10727496917386,0.5714285714285714,1.220715166461159,0.8181818181818182,8.175092478421702,1.0727496917385944,1.5166461159062887,1.8495684340320595,0.813810110974106,63.36407788230146,16.936797199737477,25.83347468424009,14.16527309552158
5510,Lucas Rodrigo Biglia,Lazio,Serie A,27,2391.0,0.6775407779171894,0.0752823086574654,22.871815559816422,0.7904642409033876,0.9047619047619048,197.2020075282309,0.903387703889586,74.9435382685069,0.849824208940231,1.8444165621079045,0.1129234629861982,0.903387703889586,0.0752823086574654,15.207026348808029,21.337524875012555,24.57967377666248,3.1618569636135505,0.6547619047619048,1.656210790464241,0.8409090909090909,8.619824341279799,1.618569636135508,1.4303638644918444,1.91969887076537,2.1831869510664994,57.60559267035692,40.02901317045237,21.85072334578134,19.488822908578115
8173,Marco Parolo,Lazio,Serie A,31,2667.0,1.8897637795275597,0.1012373453318335,18.80562683369492,0.5061867266591676,0.6666666666666666,125.9392575928009,8.672665916760405,41.102362204724415,0.7848932676518884,1.046119235095613,0.0,0.8098987626546682,0.2362204724409449,7.35658042744657,20.011189169868636,24.499437570303712,2.395950506186727,0.4225352112676056,1.079865016872891,0.625,4.21822272215973,2.159730033745782,2.9021372328458943,1.9910011248593928,0.8098987626546682,66.59699892818863,32.923365487674175,23.448113149807497,19.53984813658549
8172,Felipe Anderson Pereira Gomes,Lazio,Serie A,35,2164.0,2.0794824399260627,0.2911275415896488,23.09185081405241,5.573012939001848,0.4701492537313433,166.60813308687617,6.321626617375231,44.45933456561922,0.6753975678203928,0.9565619223659888,0.166358595194085,2.4953789279112755,0.5822550831792976,7.902033271719039,18.82311900869972,22.333641404805917,2.8280961182994453,0.5588235294117647,1.1229205175600738,0.6666666666666666,6.737523105360443,0.6654343807763401,0.8733826247689463,1.455637707948244,2.3290203327171906,73.40853719420868,46.022441337992994,23.68569386499349,26.734608080671205
5589,Sergej Milinković-Savić,Lazio,Serie A,25,1706.0,1.899179366940211,0.0527549824150058,18.00920891772154,2.479484173505276,0.4893617021276595,155.94372801875733,13.13599062133646,43.57561547479485,0.6949152542372882,1.0023446658851114,0.0,1.6354044548651818,0.1055099648300117,5.433763188745604,17.07848970843826,22.104337631887457,2.1629542790152403,0.7073170731707317,1.2661195779601406,0.75,6.330597889800703,1.477139507620164,5.433763188745604,2.479484173505276,2.1629542790152403,72.91025033829499,47.21732070365359,24.373094036823915,21.96668095361057
11427,Filip Đorđević,Lazio,Serie A,27,1356.0,1.327433628318584,0.1991150442477876,13.808804597518831,0.6637168141592921,0.4,103.93805309734516,18.45132743362832,22.433628318584077,0.7041420118343196,0.7300884955752213,0.1327433628318584,0.2654867256637168,0.1991150442477876,1.4601769911504423,13.89654845887574,22.831858407079647,0.6637168141592921,0.8,0.331858407079646,0.4,3.3185840707964607,1.261061946902655,2.3230088495575223,1.6592920353982303,1.7256637168141595,81.00989782886333,42.570753512132825,22.895432469357527,20.227423131942825
11339,Paweł Wszołek,Hellas Verona,Serie A,28,1866.0,0.5787781350482315,0.0,15.456094903904358,2.990353697749196,0.6935483870967742,115.22508038585208,8.729903536977492,30.048231511254016,0.6982343499197432,1.3987138263665595,0.2411575562700964,3.424437299035369,0.1446945337620578,3.472668810289389,16.314348506420547,17.315112540192924,1.4469453376205788,0.6,0.8681672025723473,0.5,5.836012861736334,0.7717041800643086,1.5434083601286173,2.4115755627009645,1.4469453376205788,76.2732524068648,58.05383005441608,27.09449520662453,21.99218874089893
8421,Matteo Bianchetti,Hellas Verona,Serie A,23,1671.0,0.3770197486535009,0.0538599640933572,12.055611807973346,0.215439856373429,0.5,103.46499102333932,1.2926391382405744,40.55655296229802,0.7715803452855245,0.215439856373429,0.0,0.4308797127468581,0.0538599640933572,9.587073608617594,22.81102439767596,17.235188509874327,2.746858168761221,0.5098039215686274,1.2926391382405744,0.5416666666666666,4.039497307001795,6.032315978456015,3.0161579892280077,1.6696588868940754,0.8617594254937163,42.09297241020302,51.64539302446642,21.701213153435404,17.833705224211965
3145,Keita Baldé Diao,Lazio,Serie A,31,1875.0,3.024,0.192,19.41494673658522,4.08,0.5176470588235295,140.16,12.624,32.160000000000004,0.7477611940298508,1.824,0.048,3.84,0.096,3.696,15.967767140895525,11.472,0.768,0.8125,0.336,0.8571428571428571,3.984,0.096,0.864,1.44,2.3040000000000003,83.33294520547946,28.270513698630136,21.321478419910143,24.111036176189906
3588,Wesley Hoedt,Lazio,Serie A,25,2134.0,0.5060918462980318,0.0,16.606139487962363,0.3795688847235239,0.7777777777777778,120.07029053420806,1.5604498594189316,45.54826616682287,0.8342592592592593,0.0,0.0,0.0421743205248359,0.0843486410496719,14.92970946579194,27.094070028425925,8.055295220243673,1.5604498594189316,0.5405405405405406,1.2230552952202436,0.6206896551724138,4.639175257731959,4.597000937207123,2.783505154639175,1.1387066541705717,0.4639175257731959,41.815595363540574,34.29662802950474,17.77381429894421,18.50379476387304
3742,Orestis Karnezis,Udinese,Serie A,38,3550.0,0.0,0.0,19.71618752593094,0.0,0.5833333333333334,63.20281690140845,0.0,27.76056338028169,0.5424657534246575,0.0,0.0,0.0,0.0,21.47323943661972,51.44618249333333,0.152112676056338,0.0,0.6086956521739131,0.0,0.618734335839599,4.512676056338028,0.0253521126760563,0.0,0.0,0.1267605633802817,8.149699157641397,40.69173686321699,6.374488874671013,7.581667932582265
3577,Molla Wagué,Udinese,Serie A,21,1756.0,0.5637813211845102,0.0,13.023340916983416,0.10250569476082,0.5,85.3872437357631,3.638952164009112,32.13553530751708,0.8022328548644339,0.20501138952164,0.0,0.2562642369020501,0.0,4.766514806378132,19.492589311483258,14.760820045558086,1.9988610478359907,0.5897435897435898,1.7425968109339407,0.5588235294117647,3.5364464692482915,4.920273348519362,3.792710706150341,1.6400911161731206,1.1275626423690204,46.8700480192077,57.67148859543818,23.790944934197935,14.432839781922272
7799,Danilo Larangeira,Udinese,Serie A,34,3058.0,0.4120340091563113,0.0,13.455900729343856,0.0882930019620667,1.0,88.88162197514716,1.7952910398953563,35.9941137998692,0.7538838920686836,0.0588620013080444,0.0,0.0882930019620667,0.0882930019620667,12.272727272727272,26.810203171872445,11.33093525179856,1.0300850228907783,0.6571428571428571,1.1478090255068674,0.4615384615384615,3.620013080444736,5.680183126226292,3.060824068018313,1.4126880313930674,0.735775016350556,39.119238410596026,41.8984105960265,19.21084865492669,16.667337018900415
6938,Felipe Dias da Silva dal Belo,Udinese,Serie A,26,2195.0,0.4510250569476082,0.041002277904328,9.617711389502078,0.3280182232346241,0.75,90.20501138952164,2.091116173120729,36.041002277904326,0.7747440273037542,0.123006833712984,0.041002277904328,0.2870159453302961,0.0,8.446469248291573,22.63918244334471,16.072892938496583,2.993166287015945,0.5616438356164384,1.6810933940774488,0.6341463414634146,3.6082004555808656,5.125284738041002,3.8132118451025057,2.009111617312073,0.7380410022779044,46.294772727272736,22.94654545454545,21.19777378841253,13.456414721500847
25116,Edenílson Andrade dos Santos,Udinese,Serie A,29,2279.0,0.4738920579201404,0.0,21.310475244881797,2.8828433523475208,0.4520547945205479,136.32294866169372,4.146555506801229,47.74462483545415,0.7204301075268817,0.9477841158402808,0.0,2.606406318560772,0.3159280386134269,7.068889863975428,18.64073426898263,16.9811320754717,1.7376042123738482,0.4318181818181818,1.7770952172005263,0.5777777777777777,5.844668714348399,1.421676173760421,0.7108380868802107,1.1452391399736728,1.0267661254936375,67.20663383545771,44.19527809965237,27.0442181054127,30.6339792948475
8191,Ali Adnan Kadhim Al Tameemi,Udinese,Serie A,28,1974.0,1.0486322188449848,0.0455927051671732,27.150810571049764,2.188449848024316,0.6875,124.83282674772036,2.4620060790273555,45.6838905775076,0.6457085828343313,0.8662613981762918,0.0455927051671732,3.966565349544073,0.0911854103343465,8.343465045592705,20.199447008183636,15.820668693009118,3.0091185410334345,0.7272727272727273,1.4133738601823709,0.7419354838709677,5.060790273556231,2.689969604863222,2.689969604863222,1.7781155015197567,1.3221884498480243,66.63575602629658,9.823338203067934,28.936501787146096,8.737037747053323
40367,Francesco Lodi,Udinese,Serie A,24,1935.0,1.162790697674419,0.0465116279069767,25.488216687041664,0.5581395348837209,0.6666666666666666,164.09302325581396,0.7441860465116279,64.09302325581395,0.7612481857764877,1.5348837209302326,0.0465116279069767,1.5348837209302326,0.2790697674418604,18.32558139534884,23.496347958853413,16.883720930232556,0.8372093023255813,0.7777777777777778,0.7906976744186046,0.6470588235294118,5.674418604651163,1.2093023255813953,0.7441860465116279,0.9767441860465116,0.6511627906976745,61.42806122448979,39.707738095238085,21.726899805372963,19.262415076161325
5204,Bruno Miguel Borges Fernandes,Udinese,Serie A,31,2168.0,2.2001845018450186,0.0830258302583025,25.83296322432944,2.283210332103321,0.5454545454545454,149.11439114391143,3.777675276752768,47.11715867158672,0.6916299559471366,1.5359778597785978,0.1660516605166051,2.4907749077490773,0.5811808118081181,11.333025830258302,21.698012563127755,18.514760147601475,1.6605166051660516,0.525,1.411439114391144,0.6176470588235294,6.019372693726937,1.1208487084870848,0.8717712177121771,1.1208487084870848,2.158671586715867,69.47435968819597,33.38118040089087,24.01348793067523,23.006699589486157
19846,Antonio Di Natale,Udinese,Serie A,23,1202.0,2.470881863560732,0.0748752079866888,17.717540324678623,0.5990016638935108,0.625,95.99001663893512,16.846921797004992,25.831946755407653,0.6202898550724638,1.6472545757071548,0.2246256239600665,2.021630615640599,0.3743760399334442,6.589018302828619,21.483201944202904,8.835274542429286,0.2995008319467554,0.75,0.1497504159733777,0.5,2.171381031613977,0.1497504159733777,0.8985024958402663,0.3743760399334442,0.8236272878535774,86.01482059282371,39.631435257410295,20.32707167184995,18.292465034412384
8272,Cyril Théréau,Udinese,Serie A,36,2982.0,2.293762575452716,0.3319919517102616,14.983090659519934,2.2032193158953723,0.5068493150684932,142.18309859154928,12.37424547283702,36.63983903420523,0.7405271828665568,1.3883299798792756,0.090543259557344,1.0865191146881288,0.090543259557344,2.4446680080482897,14.427858972364085,17.022132796780685,0.482897384305835,0.5625,0.2716297786720322,0.8888888888888888,3.380281690140845,0.7243460764587525,3.4708249496981893,0.96579476861167,2.0824949698189137,76.33167055826787,36.88522606665252,21.311433977097856,23.016942490983656
24722,Emmanuel Agyemang-Badu,Udinese,Serie A,33,2752.0,1.3408430232558142,0.1308139534883721,19.342455289519123,1.5043604651162792,0.5434782608695652,107.16933139534883,4.709302325581396,30.4796511627907,0.7639484978540773,0.6540697674418605,0.032703488372093,0.4905523255813954,0.1308139534883721,4.513081395348838,18.522218697263952,16.875,1.3408430232558142,0.6341463414634146,0.7194767441860466,0.4545454545454545,5.984738372093024,1.373546511627907,2.420058139534884,0.9811046511627908,2.9433139534883725,65.28089716203844,52.8910283796155,23.117937954821716,18.483637381469823
7001,Samir Handanovič,Inter Milan,Serie A,36,3377.0,0.0,0.0,19.71618752593094,0.026650873556411,0.0,63.56233343204028,0.0,26.22445957950844,0.75,0.0,0.0,0.0,0.026650873556411,14.364820846905538,38.31722770447155,0.079952620669233,0.0,0.6086956521739131,0.0,0.618734335839599,4.157536274800119,0.0,0.0,0.026650873556411,0.133254367782055,8.457232704402516,39.59249475890986,5.7605030402809065,7.138317651343471
6999,Davide Santon,Inter Milan,Serie A,12,1008.0,0.2678571428571428,0.0,29.86728698884596,1.6071428571428572,0.4444444444444444,158.21428571428572,0.625,57.67857142857143,0.8374613003095975,0.4464285714285714,0.0892857142857142,2.321428571428572,0.0,8.303571428571429,19.47721074411765,12.053571428571429,1.4285714285714286,0.5625,0.4464285714285714,0.2,5.714285714285714,2.232142857142857,1.0714285714285714,1.6071428571428572,0.8928571428571429,61.83515801354404,66.43256207674943,25.316230659291325,14.808956687632351
5551,João Miranda de Souza Filho,Inter Milan,Serie A,32,2857.0,0.3150157507875394,0.0315015750787539,10.298598074819674,0.472523626181309,0.8,133.6926846342317,1.984599229961498,48.38641932096605,0.8255208333333334,0.0630031501575078,0.0945047252362618,0.1260063003150157,0.0630031501575078,14.08120406020301,24.811676682161465,11.27756387819391,1.6380819040952048,0.5192307692307693,1.4175708785439272,0.5777777777777777,5.449772488624431,5.449772488624431,2.7091354567728385,1.480574028701435,1.2915645782289114,40.69938737040528,50.51510367577757,19.794985860646044,15.117001447540272
16453,Gary Alexis Medel Soto,Inter Milan,Serie A,30,2502.0,0.4316546762589928,0.0359712230215827,26.41817702739625,0.4316546762589928,0.5833333333333334,175.25179856115108,0.6834532374100719,64.64028776978417,0.8848080133555927,0.4316546762589928,0.0359712230215827,0.2877697841726618,0.1438848920863309,13.453237410071942,21.65173613892043,18.992805755395683,2.122302158273381,0.5932203389830508,1.0431654676258992,0.5862068965517241,6.151079136690647,2.4100719424460437,1.8345323741007196,0.8992805755395683,0.935251798561151,52.73462643678161,41.28809523809523,19.92011771043848,17.216413183563702
11183,Alex Nicolao Telles,Inter Milan,Serie A,21,1606.0,0.7285180572851806,0.0,31.506106631706988,2.073474470734745,0.5945945945945946,171.03362391033625,1.2328767123287672,65.79078455790784,0.7572402044293015,1.3449564134495642,0.0560398505603985,3.1942714819427147,0.112079701120797,10.703611457036114,19.76073338543441,12.608966376089665,2.2976338729763386,0.5365853658536586,1.961394769613948,0.6857142857142857,5.5479452054794525,2.745952677459526,1.7372353673723535,1.6811955168119552,0.7285180572851806,62.12899737876803,11.073066841415462,26.68857239294596,11.476959740288285
25430,Felipe Melo de Carvalho,Inter Milan,Serie A,26,1840.0,1.125,0.0489130434782608,19.790196138388463,0.4891304347826087,0.7,154.32065217391306,2.4945652173913047,54.391304347826086,0.862410071942446,0.391304347826087,0.0489130434782608,0.0,0.1467391304347826,12.668478260869566,22.673290763669065,16.72826086956522,2.983695652173913,0.5901639344262295,1.565217391304348,0.59375,5.086956521739131,2.690217391304348,3.423913043478261,2.0543478260869565,1.7608695652173914,58.56931854199682,40.50148969889065,19.997707396609304,17.501428359171825
32807,Fredy Alejandro Guarín Vásquez,Inter Milan,Serie A,16,1023.0,2.5513196480938416,0.0879765395894428,25.72867802497376,2.903225806451613,0.6666666666666666,142.96187683284458,5.190615835777127,43.46041055718475,0.7186234817813765,1.1436950146627567,0.0879765395894428,2.0234604105571847,0.4398826979472141,8.357771260997067,20.481540094736847,21.026392961876837,1.8475073313782997,0.4761904761904761,0.967741935483871,0.7272727272727273,5.806451612903226,1.2316715542521994,1.5835777126099708,2.2873900293255134,0.8797653958944283,67.99144615384616,53.63353846153844,23.80434079486073,17.10685372598856
6589,Geoffrey Kondogbia,Inter Milan,Serie A,26,2056.0,1.6634241245136183,0.0437743190661478,24.05023750486425,2.714007782101167,0.5806451612903226,184.8589494163424,2.976653696498054,57.738326848249024,0.8764215314632298,0.7003891050583657,0.0,0.1750972762645914,0.2626459143968871,7.178988326848248,18.28891484609553,26.96498054474708,2.714007782101167,0.5645161290322581,1.1819066147859922,0.6666666666666666,7.879377431906614,1.22568093385214,1.1819066147859922,2.101167315175097,2.3200389105058363,61.81226616149657,30.820814586786643,20.81906608889642,18.209692498107675
5587,Adem Ljajić,Inter Milan,Serie A,26,1511.0,2.3229649238914627,0.1786896095301125,22.023257429771373,3.2759761747187293,0.5272727272727272,180.1191264063534,9.58967571144937,53.96426207809397,0.826710816777042,3.0377233620119126,0.1786896095301125,2.084712111184646,0.2382528127068166,6.254136333553937,16.33140000187638,12.329583057577764,0.5956320317670417,0.5,0.2978160158835208,0.6,4.407677035076109,0.5360688285903376,0.1191264063534083,0.4169424222369292,1.3103904698874915,77.87748015873017,33.824272486772486,23.081273018467684,25.277591520328997
5474,Ivan Perišić,Inter Milan,Serie A,34,2511.0,2.5448028673835124,0.2508960573476702,18.96702200311596,2.186379928315412,0.5245901639344263,151.72043010752688,10.28673835125448,44.9820788530466,0.7187250996015936,0.7526881720430108,0.2150537634408602,3.4050179211469533,0.07168458781362,5.089605734767025,17.166700689960162,16.702508960573475,0.9677419354838708,0.4814814814814814,0.8243727598566308,0.4782608695652174,3.6917562724014337,1.1111111111111112,2.8315412186379927,0.8243727598566308,0.6451612903225806,76.60283486888731,27.166690290574056,23.962083334857383,25.937692534357105
6987,Mauro Emanuel Icardi Rivero,Inter Milan,Serie A,33,2656.0,1.999246987951807,0.5082831325301205,13.309160666513764,0.5760542168674698,0.4117647058823529,88.94954819277108,19.21310240963855,18.90813253012048,0.7114695340501792,0.9149096385542168,0.1355421686746988,0.8132530120481927,0.1694277108433735,1.694277108433735,15.349998862903234,13.384789156626503,0.338855421686747,0.7,0.0677710843373494,1.0,2.100903614457831,1.1521084337349397,2.0670180722891565,0.7454819277108433,1.457078313253012,81.38373333333332,40.65173333333335,23.974905415481285,18.35878110502496
3434,Stevan Jovetić,Inter Milan,Serie A,26,1562.0,4.033290653008963,0.2880921895006402,21.52269406054919,3.6875800256081943,0.484375,192.2151088348272,12.503201024327783,51.39564660691421,0.7174887892376681,1.7285531370038414,0.115236875800256,1.7285531370038414,1.0371318822023048,4.839948783610756,15.35645292085202,15.03841229193342,1.382842509603073,0.625,0.2880921895006402,0.8,5.30089628681178,0.6338028169014085,2.0742637644046096,1.9014084507042253,3.3418693982074266,80.00665467625902,32.52592925659473,19.34327856748332,22.076384231644383
11497,Jonathan Ludovic Biabiany,Inter Milan,Serie A,20,922.0,1.9522776572668112,0.0976138828633405,19.137958461838704,4.490238611713666,0.5869565217391305,135.29284164859,11.420824295010846,36.31236442516269,0.7526881720430108,1.561822125813449,0.0976138828633405,3.806941431670282,0.0,4.197396963123644,17.432357475,18.351409978308027,2.635574837310195,0.5185185185185185,0.4880694143167028,0.8,4.490238611713666,0.5856832971800434,1.4642082429501084,0.8785249457700651,1.6594360086767896,76.68463203463202,61.22893217893219,25.31872247070505,18.942491570087764
7962,Andrea Ranocchia,Sampdoria,Serie A,24,1440.0,0.5625,0.0,8.987193233205534,0.25,0.75,109.9375,2.625,41.75,0.8218562874251497,0.125,0.0,0.0,0.0625,11.3125,24.475915832529942,9.25,1.5,0.5,1.1875,0.4210526315789473,2.9375,4.875,4.3125,1.5,1.1875,40.749118817509945,45.60426378624218,19.64842835594078,15.118039215907425
387300,Cristian Zaccardo,Carpi,Serie A,27,2506.0,0.6464485235434956,0.0359138068635275,18.316734993243397,0.5746209098164405,0.5625,84.68475658419793,2.980845969672785,34.33359936153232,0.7165271966527197,0.2873104549082202,0.0,1.1133280127693534,0.0359138068635275,6.751795690343176,20.784538232635988,12.96488427773344,2.406225059856345,0.4925373134328358,1.3647246608140462,0.6052631578947368,3.9505187549880287,4.2019154030327215,1.6520351157222666,1.005586592178771,1.005586592178771,51.75445292620865,61.86929601357082,27.785854037296858,14.964840289219378
8278,Nicolás Federico Spolli,Chievo,Serie A,14,1134.0,0.238095238095238,0.0,9.73984673425458,0.238095238095238,1.0,74.76190476190476,1.746031746031746,27.85714285714285,0.8262108262108262,0.1587301587301587,0.0,0.3174603174603174,0.0793650793650793,5.952380952380952,21.860881604273505,10.396825396825395,1.507936507936508,0.5263157894736842,1.1904761904761905,0.4666666666666667,2.7777777777777777,6.587301587301587,2.9365079365079363,2.380952380952381,1.0317460317460316,38.56624203821657,45.60753715498938,20.59157853794887,16.064325857998977
7172,Simone Romagnoli,Carpi,Serie A,30,2750.0,0.36,0.0,10.49760431251998,0.0327272727272727,1.0,62.01818181818182,2.2254545454545456,25.56,0.7003841229193342,0.0654545454545454,0.0,0.0654545454545454,0.0327272727272727,6.1854545454545455,23.028228528040973,11.650909090909092,1.6690909090909092,0.5294117647058824,0.6218181818181818,0.631578947368421,2.421818181818182,6.840000000000001,3.1090909090909093,0.8836363636363637,0.0654545454545454,40.99767810026385,45.425910290237454,22.1109876073616,16.762179092172786
3416,Gabriel Moisés Antunes da Silva,Carpi,Serie A,27,2145.0,0.5454545454545455,0.0,21.42369373836684,1.2587412587412588,0.6666666666666666,108.67132867132868,2.4755244755244754,39.3986013986014,0.663471778487753,0.3776223776223776,0.0839160839160839,2.265734265734266,0.0419580419580419,7.342657342657343,19.824931586581467,15.272727272727272,2.4335664335664338,0.5,1.7622377622377623,0.3333333333333333,5.160839160839161,2.265734265734266,1.2587412587412588,1.6363636363636365,2.055944055944056,62.70525096525096,12.951196911196906,27.43704403821189,13.61414026553716
31572,Luca Marrone,Hellas Verona,Serie A,21,1635.0,0.7155963302752294,0.055045871559633,22.640383622597184,1.1559633027522938,0.7619047619047619,122.86238532110092,2.0366972477064222,46.51376146788992,0.7763313609467456,1.1559633027522938,0.1651376146788991,0.6605504587155964,0.4403669724770642,11.284403669724773,22.40256841076923,21.467889908256883,1.81651376146789,0.7575757575757576,0.6605504587155964,0.8333333333333334,5.944954128440367,1.4862385321100915,0.8256880733944955,1.871559633027523,1.376146788990826,58.756496415770606,38.41474014336917,23.397954351447563,19.4428924949573
352172,Raffaele Bianco,Carpi,Serie A,26,1924.0,0.8887733887733889,0.0467775467775467,20.34719287914377,1.4033264033264037,0.5333333333333333,115.5873180873181,2.9002079002079,40.181912681912685,0.7532013969732246,0.654885654885655,0.0935550935550935,0.7484407484407485,0.1871101871101871,9.121621621621625,21.312628440745048,25.68087318087318,2.338877338877339,0.62,1.45010395010395,0.6129032258064516,7.110187110187111,1.7307692307692308,1.683991683991684,2.338877338877339,1.496881496881497,61.52881424524483,35.19931201942533,22.669671141201853,19.326231315173832
7696,Ryder Matos Santos,Carpi,Serie A,26,1672.0,1.8301435406698563,0.1076555023923445,17.78069906744844,1.9916267942583732,0.6486486486486487,123.53468899521532,10.06578947368421,26.860047846889955,0.751503006012024,1.2380382775119618,0.1076555023923445,1.5071770334928232,0.0538277511961722,1.5071770334928232,13.971616067935871,17.49401913875598,0.6997607655502392,0.6153846153846154,0.3229665071770335,0.0,4.090909090909091,0.3229665071770335,1.1842105263157896,1.8301435406698563,2.422248803827751,78.61895424836601,41.62501089324619,23.12264812738248,26.222090708444387
11502,Antonio Di Gaudio,Carpi,Serie A,29,1573.0,2.059758423394787,0.1716465352828989,17.35689457014691,3.547361729179911,0.532258064516129,110.76923076923076,13.502860775588047,22.42848061029879,0.6836734693877551,0.5721551176096631,0.1716465352828989,1.6020343293070567,0.4005085823267642,2.517482517482517,15.783639219132652,17.96567069294342,0.8010171646535283,0.5,0.4577240940877304,0.75,4.462809917355372,0.8582326764144946,0.2860775588048315,0.9154481881754608,2.917991099809281,78.26126033057852,17.884969008264463,24.51026870446919,15.354601845362772
7793,Kevin Lasagna,Carpi,Serie A,36,1630.0,2.3190184049079754,0.2760736196319018,20.768987375079195,1.4355828220858895,0.3846153846153846,107.28220858895706,15.791411042944786,20.76073619631902,0.6170212765957447,1.1042944785276074,0.0552147239263803,1.1042944785276074,0.1104294478527607,2.1533742331288344,16.178758401861703,19.65644171779141,0.8282208588957055,0.8666666666666667,0.1656441717791411,0.6666666666666666,2.705521472392638,1.1042944785276074,3.975460122699386,2.374233128834356,0.9938650306748468,81.90494081317551,40.18492022645393,22.280204449880078,19.544487281575314
7460,Isaac Cofie,Carpi,Serie A,29,2238.0,0.96514745308311,0.0,24.02756071900838,0.6836461126005362,0.7647058823529411,104.15549597855228,1.5683646112600536,37.84182305630026,0.7247608926673751,0.4423592493297587,0.0402144772117962,0.2815013404825737,0.2815013404825737,8.5656836461126,21.77550272649309,27.42627345844504,2.8552278820375334,0.7464788732394366,1.487935656836461,0.6486486486486487,6.876675603217158,2.252010723860589,2.332439678284182,1.809651474530831,0.5630026809651474,55.95293436293436,43.36749034749035,22.035842097577305,18.167017110413617
7803,Albano Benjamín Bizzarri,Chievo,Serie A,35,3271.0,0.0,0.0,19.71618752593094,0.0550290431060837,1.0,72.88596759400795,0.0,30.23845918679303,0.5414012738853503,0.0,0.0,0.0,0.0,23.96514827269948,48.9626757455869,0.1375726077652094,0.0,0.6086956521739131,0.0,0.618734335839599,4.952613879547539,0.0,0.0,0.0,0.1100580862121675,9.247904869762174,40.74933937334843,7.351477713001084,8.224641440156596
23324,Nicolas Sebastian Frey,Chievo,Serie A,19,1544.0,0.0582901554404145,0.0,20.43624231604235,0.0582901554404145,1.0,104.74740932642489,0.233160621761658,44.067357512953365,0.7301587301587301,0.233160621761658,0.0,0.8743523316062176,0.1748704663212435,10.317357512953368,22.75450385251323,11.949481865284971,1.2240932642487046,0.2857142857142857,0.9909326424870466,0.3529411764705882,2.040155440414508,4.430051813471502,1.865284974093264,0.9909326424870466,0.466321243523316,55.51396772398443,64.38464106844741,23.538391654854884,18.80984385857935
7052,Alessandro Gamberini,Chievo,Serie A,22,1868.0,0.1927194860813704,0.0,10.019794163995028,0.1445396145610278,1.0,80.74946466809422,1.638115631691649,31.654175588865098,0.802130898021309,0.0963597430406852,0.0481798715203426,0.0481798715203426,0.0,6.407922912205568,21.58245833009132,9.105995717344754,1.1081370449678802,0.5652173913043478,1.011777301927195,0.5238095238095238,3.1798715203426124,6.359743040685225,3.661670235546039,0.626338329764454,0.3854389721627409,39.086455847255365,47.37094272076372,19.065747982971956,16.959266708014496
8877,Boštjan Cesar,Chievo,Serie A,31,2816.0,0.479403409090909,0.0319602272727272,10.792008302711825,0.1598011363636363,1.0,93.4197443181818,2.0454545454545454,36.27485795454545,0.8035242290748899,0.0639204545454545,0.0,0.0319602272727272,0.0,8.884943181818182,23.73668665577092,10.77059659090909,1.150568181818182,0.6666666666666666,1.150568181818182,0.4722222222222222,3.547585227272727,6.104403409090909,3.1001420454545454,1.5660511363636362,0.958806818181818,41.650701334245646,26.42312692439276,19.66000249940265,12.644689341075116
8645,Massimo Gobbi,Chievo,Serie A,34,2902.0,0.4341833218470021,0.0,24.08982549919235,1.1474844934527912,0.6756756756756757,129.75878704341832,0.8063404548587181,52.38111647139903,0.7412670219064535,0.4962095106822881,0.031013094417643,1.6747070985527224,0.093039283252929,8.249483115093039,19.292299794404972,14.607167470709856,1.8297725706409371,0.559322033898305,0.9614059269469332,0.4516129032258064,5.427291523087526,2.636113025499655,1.3955892487939352,1.5816678152997932,0.4962095106822881,58.04804015296367,11.013718929254305,26.879026062119543,9.558307686269414
7041,Nicola Rigoni,Chievo,Serie A,28,2057.0,1.3125911521633449,0.1312591152163345,25.667304627772957,0.7438016528925621,0.4705882352941176,120.14584346135148,1.8376276130286824,43.27175498298493,0.8008088978766431,0.3062712688381138,0.0437530384054448,0.2187651920272241,0.1312591152163345,5.644141954302382,19.17834336541961,19.95138551288284,2.3626640738940203,0.6296296296296297,0.9625668449197862,0.6363636363636364,5.994166261545941,2.5376762275158,1.2250850753524551,1.5751093825960136,0.7000486144871172,57.6047341587764,41.8286598689002,21.5035588651266,20.160063556164957
7049,Lucas Nahuel Castro,Chievo,Serie A,34,2892.0,1.3692946058091289,0.0933609958506224,18.917224062602237,1.6182572614107884,0.4615384615384615,132.0435684647303,6.286307053941909,38.3402489626556,0.7256493506493507,0.933609958506224,0.0311203319502074,1.587136929460581,0.3112033195020747,6.037344398340249,18.208398165422075,24.149377593360995,2.9253112033195023,0.648936170212766,1.711618257261411,0.6727272727272727,6.255186721991701,1.711618257261411,2.085062240663901,1.8983402489626555,1.275933609958506,67.51600282818761,51.26995050671695,24.597365886077636,21.28240125168802
7046,Perparim Hetemaj,Chievo,Serie A,28,2341.0,0.9995728321230244,0.0384451089278086,23.60491641339365,1.845365228534814,0.5416666666666666,143.74626228107647,3.3447244767193505,42.52029047415634,0.7540687160940326,0.7304570696283639,0.0,2.037590773173857,0.1922255446390431,7.304570696283639,19.3207755141953,26.950021358393847,2.80649295173003,0.6164383561643836,1.1917983767620677,0.4838709677419355,7.343015805211448,1.537804357112345,0.7304570696283639,2.80649295173003,3.882956001708672,63.905990906659525,24.07493982348221,24.10642804680183,18.591865417745023
7045,Valter Birsa,Chievo,Serie A,35,2379.0,2.042875157629256,0.1513240857503152,22.738950362384017,3.1778058007566203,0.5833333333333334,131.87894073139975,3.5561160151324085,40.93316519546028,0.6645101663585952,1.9672131147540983,0.2648171500630517,2.459016393442623,0.4161412358133669,9.041614123581336,19.95909167754159,24.36317780580076,1.5889029003783102,0.6428571428571429,0.7187894073139974,0.6842105263157895,4.728877679697352,0.8701134930643127,1.210592686002522,1.8537200504413616,1.4375788146279949,73.16368330464718,41.6531554790591,22.519179829960567,22.89778254094751
11643,Riccardo Meggiorini,Chievo,Serie A,26,1683.0,2.085561497326203,0.267379679144385,19.846942164456724,1.711229946524064,0.375,108.66310160427808,12.13903743315508,23.850267379679146,0.600896860986547,0.9090909090909092,0.320855614973262,1.6577540106951871,0.213903743315508,1.8716577540106951,14.987664286188345,23.101604278074863,1.1764705882352942,0.5909090909090909,0.427807486631016,0.5,3.262032085561497,0.6417112299465241,4.491978609625669,2.834224598930481,3.368983957219251,80.28508858267719,42.02263779527559,21.897440100719365,21.68247254081004
7050,Fabrizio Cacciatore,Chievo,Serie A,29,2407.0,0.3739094308267553,0.0373909430826755,17.307465056465315,0.8226007478188616,0.3181818181818182,142.60905691732447,1.906938097216452,57.76900706273369,0.7864077669902912,0.8226007478188616,0.1121728292480265,1.4582467802243455,0.2243456584960531,12.189447444952222,21.385095607119744,14.021603656003323,1.6452014956377232,0.6363636363636364,0.635646032405484,0.4705882352941176,4.412131283755713,1.981719983381803,1.0843373493975903,0.8973826339842127,0.5982550893228085,55.9599632931306,55.56470896696384,26.685139777577213,26.85758889465178
7043,Roberto Inglese,Chievo,Serie A,26,1446.0,2.178423236514523,0.1867219917012448,18.25863406630596,1.4315352697095436,0.6086956521739131,109.1078838174274,13.070539419087137,19.107883817427386,0.6742671009771987,0.6846473029045643,0.0622406639004149,0.6224066390041494,0.1867219917012448,1.120331950207469,14.500292662214983,18.42323651452282,1.058091286307054,0.7058823529411765,0.1867219917012448,0.6666666666666666,3.5477178423236517,0.7468879668049793,3.6099585062240656,3.049792531120332,2.489626556016597,79.3443810610382,38.84284084426696,21.78318755859756,19.15664958750567
8662,Vid Belec,Carpi,Serie A,30,2820.0,0.0,0.0,19.71618752593094,0.0319148936170212,1.0,62.04255319148936,0.0,27.223404255319146,0.4220398593200469,0.0,0.0,0.0,0.0,22.75531914893617,52.90364086670573,0.0319148936170212,0.0,0.6086956521739131,0.0,0.618734335839599,5.202127659574468,0.0638297872340425,0.0,0.0319148936170212,0.1595744680851063,9.372479423868311,40.66003086419752,7.42582378413556,8.618053485783301
7114,Gaetano Letizia,Carpi,Serie A,35,3012.0,0.6872509960159363,0.0298804780876494,27.89299749271661,2.360557768924303,0.4683544303797468,131.53386454183268,1.613545816733068,47.420318725099605,0.6679269061121613,1.0159362549800797,0.0,2.330677290836653,0.2091633466135458,12.221115537848606,23.14742274511657,19.272908366533866,3.0776892430278884,0.5728155339805825,1.4342629482071714,0.6666666666666666,7.888446215139442,1.9123505976095616,1.045816733067729,1.105577689243028,1.9721115537848608,59.201794638800536,48.33609722853247,27.643349217843262,28.50517402897533
11499,Riccardo Gagliolo,Carpi,Serie A,31,2743.0,0.4921618665694495,0.0328107911046299,21.870679609460144,0.7218374043018594,0.6363636363636364,97.34961720743712,1.148377688662049,37.17462632154576,0.6796116504854369,0.3281079110462997,0.0,0.3281079110462997,0.2296755377324097,9.580751002551953,23.33314241703442,14.994531534815897,3.182646737149107,0.5670103092783505,2.296755377324098,0.5714285714285714,6.0371855632519145,5.413780532263945,1.3780532263944587,1.5749179730222385,2.362376959533358,45.446612740141546,20.17984496124031,23.478362873966987,14.22770614279892
387472,Lorenzo Pasciuti,Carpi,Serie A,21,1605.0,0.3364485981308411,0.1121495327102803,15.881387781658448,1.2897196261682242,0.6086956521739131,130.37383177570092,4.093457943925234,47.32710280373832,0.6054502369668247,1.4018691588785046,0.1682242990654205,3.420560747663552,0.3925233644859813,13.682242990654206,22.819882644549764,19.009345794392523,1.5700934579439252,0.4285714285714285,1.1775700934579438,0.5238095238095238,6.5046728971962615,1.1775700934579438,1.1214953271028036,1.794392523364486,0.897196261682243,69.36387096774193,55.59569892473119,28.448187387964992,23.66694366328205
30829,Lorenzo Lollo,Carpi,Serie A,27,2175.0,1.489655172413793,0.1241379310344827,22.447358183562773,1.696551724137931,0.5121951219512195,94.34482758620688,3.5586206896551724,28.96551724137931,0.6985714285714286,0.4551724137931034,0.0413793103448275,0.4137931034482758,0.2482758620689655,4.8,19.085690519857145,38.85517241379311,2.9379310344827587,0.676056338028169,1.282758620689655,0.6129032258064516,6.248275862068965,1.0758620689655172,1.5310344827586206,3.5586206896551724,1.903448275862069,65.00412280701752,41.72710526315788,24.49580308884311,19.598322798973918
32608,Jerry Uche Mbakogu,Carpi,Serie A,24,1739.0,1.8113858539390453,0.0517538815411155,13.929684930789806,1.863139735480161,0.4166666666666667,126.1759631972398,17.33755031627372,23.49626221966648,0.6453744493392071,1.0868315123634271,0.1035077630822311,1.138585393904543,0.1035077630822311,1.242093156986774,13.131260285022028,12.67970097757332,1.138585393904543,0.5909090909090909,0.2070155261644623,0.5,3.105232892466935,1.5526164462334675,2.9499712478435884,1.9666474985623923,2.3289246693502013,82.66575061525842,38.78966365873667,21.119558195720646,20.153145811636605
38312,Eugenio Lamanna,Genoa,Serie A,13,1213.0,0.0,0.0,19.71618752593094,0.0,0.5833333333333334,63.06677658697444,0.0,26.3396537510305,0.6507042253521127,0.0741962077493817,0.0,0.0,0.0,17.139323990107172,42.19533992647888,0.1483924154987634,0.0,0.6086956521739131,0.0,0.618734335839599,4.080791426215994,0.0,0.0,0.0,0.0741962077493817,7.945294117647059,40.97305882352941,5.99210521548936,7.834943826298021
9940,Armando Izzo,Genoa,Serie A,33,2756.0,0.4898403483309144,0.0,16.76542424098954,0.816400580551524,0.6,127.45645863570392,2.8410740203193035,47.31857764876633,0.7984817115251898,0.2939042089985486,0.0326560232220609,0.1959361393323657,0.0326560232220609,8.653846153846153,21.23514801435473,13.61756168359942,2.416545718432511,0.6756756756756757,2.416545718432511,0.6621621621621622,4.669811320754717,4.800435413642961,3.037010159651669,1.600145137880987,1.665457184325109,49.657186779400455,43.26571867794005,24.911881988002754,25.44056213373693
7176,Sebastian De Maio,Genoa,Serie A,28,2310.0,0.5454545454545454,0.0389610389610389,15.401662428881512,0.3896103896103896,0.7,111.6233766233766,2.4545454545454546,42.77922077922078,0.7996357012750456,0.0389610389610389,0.0389610389610389,0.2337662337662337,0.0389610389610389,8.064935064935066,21.53213677295082,15.584415584415584,1.987012987012987,0.6078431372549019,1.2467532467532467,0.75,3.74025974025974,5.805194805194805,3.2337662337662336,1.792207792207792,0.4675324675324675,48.55375218150086,43.861989528795824,23.52254128276363,25.507389277121625
7464,Cristian Daniel Ansaldi,Genoa,Serie A,24,2084.0,0.5614203454894433,0.0,30.422812206022478,2.245681381957773,0.5961538461538461,137.24568138195778,1.8138195777351247,46.90019193857965,0.7108655616942909,0.8205374280230326,0.1727447216890595,2.8502879078694816,0.0863723608445297,9.544145873320536,21.95449106666666,19.52015355086372,3.238963531669865,0.5466666666666666,1.2092130518234163,0.6071428571428571,5.959692898272553,3.45489443378119,1.2092130518234163,1.727447216890595,2.072936660268714,61.34417872876024,45.51274386406545,27.575389181602286,28.440076857148245
5717,Diego Sebastián Laxalt Suárez,Genoa,Serie A,35,3186.0,0.96045197740113,0.0847457627118644,18.100122611061405,2.1186440677966103,0.4133333333333333,135.84745762711864,5.19774011299435,43.30508474576271,0.7384213959556425,0.7344632768361582,0.1129943502824858,1.8644067796610169,0.1129943502824858,4.7175141242937855,17.46377295890411,20.480225988700564,2.288135593220339,0.5432098765432098,0.8192090395480226,0.6206896551724138,6.186440677966102,1.5536723163841808,1.3276836158192091,1.271186440677966,1.384180790960452,68.01759201497191,15.363194011228948,27.944713009384504,18.62484218402137
7461,Luca Rigoni,Genoa,Serie A,28,1930.0,1.6321243523316062,0.1865284974093264,15.693166909446855,0.6994818652849741,0.6,113.96891191709844,9.32642487046632,35.67357512953368,0.7869281045751634,0.9792746113989635,0.0,0.5129533678756477,0.1865284974093264,5.455958549222798,18.336231797254896,21.82383419689119,1.7720207253886011,0.6052631578947368,0.6994818652849741,0.7333333333333333,4.94300518134715,1.2124352331606216,1.911917098445596,1.9585492227979275,0.9792746113989635,66.97205400981998,48.89484451718494,24.97454367853904,20.54943457794813
5554,Blerim Džemaili,Genoa,Serie A,27,1822.0,1.827661909989023,0.1481888035126234,25.929342753793037,1.3830954994511526,0.5714285714285714,130.7025246981339,2.914379802414929,41.24588364434687,0.7940119760479042,1.234906695938529,0.0987925356750823,0.9879253567508232,0.2963776070252469,8.051591657519209,21.01987852299401,22.623490669593853,2.716794731064764,0.5454545454545454,1.1361141602634468,0.4782608695652174,5.186608122941822,1.4324917672886937,1.28430296377607,1.7782656421514818,2.716794731064764,65.46534391534392,30.862018140589573,21.907638458786565,17.556954859949933
7702,Alessio Cerci,AC Milan,Serie A,24,1346.0,2.6077265973254087,0.0668647845468053,21.537626318038576,4.145616641901931,0.4193548387096774,132.3254086181278,9.093610698365527,30.95839524517088,0.6457883369330454,1.337295690936107,0.1337295690936107,3.543833580980684,0.4680534918276374,6.285289747399703,18.258690597624195,16.71619613670134,0.9361069836552748,0.3571428571428571,0.1337295690936107,0.5,4.479940564635959,0.1337295690936107,0.8023774145616642,1.4710252600297176,2.540861812778603,79.13168266801414,62.2846387064174,23.080343923837177,17.848659622976545
8180,Leonardo Pavoletti,Genoa,Serie A,25,1976.0,3.0516194331983804,0.6376518218623481,13.022959351559065,0.5921052631578947,0.5384615384615384,103.25404858299596,18.40080971659919,20.495951417004047,0.7044444444444444,0.819838056680162,0.1366396761133603,0.0910931174089068,0.0,1.867408906882591,14.606356589777777,14.620445344129555,0.7742914979757085,0.6470588235294118,0.0455465587044534,1.0,2.4139676113360324,0.5921052631578947,5.82995951417004,3.188259109311741,1.7307692307692308,79.2660344067049,36.07423908248788,22.451987735252377,16.60958231786377
31273,Marco Crimi,Carpi,Serie A,20,1073.0,0.6710158434296365,0.0,21.36015228943208,2.600186393289841,0.3870967741935484,104.17520969245106,2.516309412861137,30.53122087604846,0.6538461538461539,0.6710158434296365,0.0838769804287045,0.587138863000932,0.3355079217148182,5.787511649580615,18.408135295879127,40.177073625349486,4.361602982292637,0.6346153846153846,1.7614165890027955,0.4761904761904761,5.955265610438024,1.0904007455731592,0.9226467847157502,3.7744641192917054,3.103448275862069,64.09492753623189,49.86384863123994,27.272567042331797,20.910892668869284
20252,Luca Toni,Hellas Verona,Serie A,23,1841.0,3.0309614340032587,0.1466594242259641,14.285202891266652,1.1732753938077132,0.375,100.46170559478544,22.24334600760456,17.599130907115697,0.5111111111111111,0.4888647474198804,0.0,0.3422053231939163,0.048886474741988,1.026615969581749,13.384732098166667,10.559478544269416,0.3422053231939163,0.7142857142857143,0.1466594242259641,0.6666666666666666,2.7376425855513307,0.5377512221618685,5.670831070070613,2.3465507876154263,3.2265073329712117,83.25391727493918,40.92642335766423,21.280301092370927,17.709151347976494
5669,Wojciech Szczęsny,AS Roma,Serie A,34,3184.0,0.0,0.0,19.71618752593094,0.0565326633165829,1.0,85.84484924623116,0.0282663316582914,35.106783919597994,0.7181964573268921,0.0282663316582914,0.0,0.0,0.0,19.786432160804026,38.92245104259258,0.0,0.0,0.6086956521739131,0.0282663316582914,1.0,4.635678391959799,0.0282663316582914,0.0,0.0,0.0565326633165829,9.956931182087583,40.36210075732631,7.576530982680467,9.4412375606543
6964,Alessandro Florenzi,AS Roma,Serie A,33,2814.0,1.535181236673774,0.2238805970149253,23.3651086308258,1.5671641791044777,0.4693877551020408,163.78464818763328,5.6929637526652455,60.09594882729211,0.7722192655667909,1.119402985074627,0.0959488272921108,2.654584221748401,0.3198294243070362,13.368869936034116,21.56611123179883,14.072494669509595,1.5031982942430704,0.574468085106383,1.9829424307036247,0.6612903225806451,4.31769722814499,2.11087420042644,1.0874200426439231,0.7995735607675907,0.8635394456289979,64.01759421987893,62.19832064049991,26.83704950401584,18.223747923860408
7048,Konstantinos Manolas,AS Roma,Serie A,37,3243.0,0.4717853839037927,0.0555041628122109,16.87210143033895,0.1665124884366327,0.6666666666666666,127.40980573543015,1.637372802960222,48.732654949121184,0.8678815489749431,0.0832562442183163,0.0277520814061054,0.0555041628122109,0.0,9.019426456984274,21.04702484863325,9.21369102682701,1.581868640148011,0.5263157894736842,0.9990749306197964,0.5,4.88436632747456,4.357076780758557,4.551341350601295,1.5541165587419057,0.9713228492136908,42.27262034415161,51.914179917229376,18.19752705545014,13.279679933115167
7051,Daniele De Rossi,AS Roma,Serie A,24,1963.0,0.5043301069791136,0.0458481915435557,22.67169871729839,0.3209373408048904,0.5714285714285714,175.78196637799286,1.879775853285787,67.03005603667854,0.8850889192886456,0.6418746816097809,0.0916963830871115,0.1375445746306673,0.5043301069791136,17.605705552725418,23.676689221409028,10.63678043810494,1.2837493632195618,0.6428571428571429,1.1920529801324502,0.4615384615384615,3.576158940397351,2.980132450331125,1.237901171676006,1.1920529801324502,1.1003565970453386,51.33513302034429,37.94728742827335,20.86816891989857,15.981796967852596
6947,Miralem Pjanić,AS Roma,Serie A,33,2743.0,2.231133795114838,0.2952971199416697,22.0824965933717,1.4108640174990887,0.6046511627906976,215.86219467736055,8.694859642726943,78.58184469558879,0.7991649269311065,2.099890630696318,0.3609187021509297,2.001458257382428,1.082756106452789,14.797666788188115,19.179498623987477,20.01458257382428,1.181188479766679,0.6388888888888888,1.2796208530805688,0.6923076923076923,4.691943127962086,0.6890266131972294,0.9843237331388992,1.9686474662777984,1.4764855997083486,68.05368597051222,46.060039519683855,23.94466234588989,20.521544458372063
6962,Radja Nainggolan,AS Roma,Serie A,35,3033.0,1.9584569732937689,0.1780415430267062,22.51573392164241,1.1869436201780417,0.6,167.32937685459942,5.103857566765579,53.20474777448072,0.8393753485778026,1.2166172106824926,0.029673590504451,0.8011869436201781,0.3560830860534125,10.0,20.15467686631344,17.299703264094955,1.750741839762611,0.6779661016949152,0.9495548961424332,0.78125,6.85459940652819,0.771513353115727,0.9198813056379822,1.5727002967359052,1.6913946587537092,66.80523142401137,38.7303067919844,21.77271947404454,20.61470373378641
15818,Gervais Lombe Yao Kouassi,AS Roma,Serie A,14,1108.0,2.193140794223827,0.4873646209386282,16.585906640238548,3.8176895306859207,0.5957446808510638,117.12996389891696,12.915162454873649,26.80505415162455,0.8212121212121212,0.9747292418772564,0.0812274368231047,1.0559566787003611,0.2436823104693141,1.0559566787003611,14.42009593060606,11.128158844765345,0.5685920577617328,0.4285714285714285,0.4873646209386282,0.3333333333333333,3.736462093862816,0.0812274368231047,0.0,0.3249097472924188,0.4873646209386282,81.98023578363386,41.24063800277393,21.146813708960803,25.983701263568964
3531,Mohamed Salah,AS Roma,Serie A,34,2773.0,2.3692751532636134,0.4543815362423368,18.37083910928359,3.2131265777136675,0.4747474747474747,152.70465200144247,15.513883880274072,38.81716552470249,0.802675585284281,1.720158672917418,0.1947349441038586,1.4605120807789398,0.2271907681211684,1.979805265055896,13.91142533298495,14.702488279841328,0.6815723043635052,0.5238095238095238,0.4868373602596466,0.8,4.738550306527227,0.1298232960692391,0.421925712225027,0.8438514244500541,1.5254237288135593,81.50977683315621,56.23139213602551,22.2175269978752,19.59996526370033
6973,Edin Džeko,AS Roma,Serie A,31,2058.0,3.8483965014577257,0.2623906705539358,13.914213905001198,1.793002915451895,0.5121951219512195,128.2215743440233,26.676384839650144,26.151603498542272,0.6421404682274248,0.6559766763848396,0.1749271137026239,0.6122448979591837,0.1311953352769679,2.3615160349854225,15.649151991137124,13.338192419825072,0.6122448979591837,0.7142857142857143,0.0874635568513119,0.5,2.7551020408163263,0.8746355685131195,5.772594752186588,1.8367346938775508,2.317784256559767,82.86255115961804,38.8868690313779,21.970372802409287,18.812344323031
7468,Iago Falqué Silva,AS Roma,Serie A,22,1205.0,1.1950207468879668,0.1493775933609958,19.101397246513983,1.120331950207469,0.6,142.28215767634853,5.975103734439834,45.037344398340245,0.8076285240464345,1.2697095435684649,0.1493775933609958,2.688796680497925,0.1493775933609958,7.767634854771784,19.270570361359876,18.67219917012448,1.4190871369294606,0.631578947368421,0.5228215767634855,0.5714285714285714,3.5850622406639,0.4481327800829875,0.896265560165975,0.5228215767634855,0.7468879668049793,72.46309711286088,28.98188976377953,25.083618015950115,24.01347112307848
20169,Seydou Kéita,AS Roma,Serie A,20,1424.0,0.8216292134831461,0.0632022471910112,18.47404272666724,0.5056179775280899,0.75,140.625,2.2752808988764044,50.56179775280899,0.8625,0.3160112359550562,0.0,0.0632022471910112,0.0632022471910112,8.532303370786517,19.636823887625,16.179775280898877,1.6432584269662922,0.6538461538461539,1.0112359550561798,0.6875,4.929775280898877,2.02247191011236,2.8441011235955056,2.8441011235955056,1.8960674157303368,59.1170786516854,40.6354606741573,19.79269608800216,19.578684260492302
7018,Emiliano Viviano,Sampdoria,Serie A,37,3462.0,0.0,0.0,19.71618752593094,0.0,0.5833333333333334,83.63084922010398,0.0,34.60138648180243,0.594290007513148,0.0259965337954939,0.0,0.0,0.0,24.982668977469668,49.72234524019535,0.2079722703639514,0.0,0.6086956521739131,0.0,0.618734335839599,5.147313691507799,0.0,0.0,0.0,0.2079722703639514,8.367640658999068,39.44246192104445,6.132785191876444,7.286582209286539
7473,Lorenzo De Silvestri,Sampdoria,Serie A,17,1445.0,0.7474048442906573,0.0622837370242214,12.684244413342716,0.560553633217993,0.7777777777777778,125.87543252595157,6.103806228373702,47.08650519031141,0.66005291005291,0.6851211072664359,0.1245674740484429,2.8027681660899653,0.0,7.598615916955016,18.924145794973544,11.771626297577852,0.8096885813148789,0.5384615384615384,0.8719723183391003,0.8571428571428571,3.3633217993079585,2.865051903114187,3.737024221453287,2.055363321799308,1.245674740484429,65.68243443839685,70.15922810489856,28.65609049099136,8.95816878188354
9884,Niklas Moisander,Sampdoria,Serie A,22,1859.0,0.0968262506724045,0.0,11.31440438855214,0.2420656266810113,1.0,110.76923076923076,0.6777837547068317,41.78052716514255,0.8539976825028969,0.2420656266810113,0.0,0.0968262506724045,0.0,9.295320064550834,22.156219498957128,9.440559440559442,1.4039806347498656,0.6551724137931034,0.919849381387843,0.3684210526315789,3.3889187735341584,5.470683162990856,1.9849381387842928,0.9682625067240452,0.4357181280258203,42.21083916083916,32.845629370629375,19.52448403718233,19.307927285765903
7012,Vasco Regini,Sampdoria,Serie A,15,1257.0,0.5727923627684964,0.0,14.353068695494866,0.8591885441527447,0.4166666666666667,118.56801909307876,2.935560859188544,43.60381861575179,0.8243021346469622,0.071599045346062,0.0,0.2863961813842482,0.0,4.582338902147972,17.16396837356322,18.18615751789976,2.649164677804296,0.5405405405405406,0.5727923627684964,0.75,3.2219570405727924,3.0787589498806684,2.4343675417661097,1.431980906921241,1.0739856801909309,54.65138888888889,14.406461352657004,25.244767918317876,11.826740377680856
387417,Mattia Cassani,Sampdoria,Serie A,25,2111.0,0.127901468498342,0.0,18.523799116107742,0.6821411653244908,0.625,126.45191852202748,0.4263382283278067,48.17621980104216,0.7911504424778761,0.2984367598294647,0.0426338228327806,1.151113216485078,0.2984367598294647,9.422074846044527,21.497464727168143,9.933680720037897,1.27901468498342,0.5333333333333333,1.4921837991473237,0.5428571428571428,3.666508763619138,3.538607295120796,1.1937470393178589,1.6200852676456656,0.8526764566556134,52.43371544167229,54.28583951449764,24.560410531874485,24.730224840343613
16586,Fernando Lucas Martins,Sampdoria,Serie A,35,3090.0,1.3980582524271843,0.116504854368932,25.00589490612194,1.1650485436893203,0.625,174.0,1.2524271844660195,63.78640776699029,0.8319634703196347,1.6310679611650487,0.058252427184466,0.9320388349514565,0.2912621359223301,15.990291262135925,22.77820535771689,19.281553398058254,2.271844660194174,0.6410256410256411,2.155339805825242,0.6081081081081081,6.669902912621359,1.2524271844660195,0.4951456310679611,2.2135922330097086,2.1262135922330097,58.128105122196175,42.57507532641448,21.68676486237279,17.819554278459837
36364,Dávid Ivan,Sampdoria,Serie A,21,1147.0,0.3923278116826504,0.07846556233653,24.533956701756992,0.6277244986922407,0.25,124.36791630340018,2.6678291194420227,42.920662598081954,0.8244972577696527,0.7846556233653008,0.0,0.6277244986922407,0.0,3.295553618134264,15.799159580438756,27.07061900610288,4.551002615518745,0.5517241379310345,1.3339145597210114,0.4117647058823529,3.295553618134264,2.040104620749782,1.647776809067132,1.647776809067132,1.098517872711421,66.43078864353312,52.79779179810728,23.850366047018667,20.029288684785566
6759,Roberto Soriano,Sampdoria,Serie A,37,2899.0,1.6764401517764749,0.2483615039668851,20.678866542045917,1.8316660917557777,0.5423728813559322,142.7768195929631,6.395308727147293,42.03518454639531,0.8323485967503693,0.7140393239047947,0.1241807519834425,0.5277681959296309,0.2794066919627457,3.4460158675405315,15.827791867503691,18.099344601586758,2.080027595722663,0.6268656716417911,0.8382200758882373,0.6666666666666666,5.246636771300449,1.645394963780614,0.8382200758882373,2.080027595722663,1.6143497757847534,68.31254620569689,38.719612959339,22.778253430168174,21.546507347807424
7009,Édgar Osvaldo Barreto Cáceres,Sampdoria,Serie A,30,2232.0,0.7258064516129032,0.0,23.996170565378804,0.4032258064516129,0.4,117.37903225806453,1.8548387096774197,41.33064516129032,0.8224390243902439,0.4838709677419355,0.0403225806451612,0.4435483870967742,0.1612903225806451,6.290322580645161,19.342871169658537,26.16935483870968,3.0241935483870965,0.7066666666666667,1.0483870967741935,0.4615384615384615,3.6693548387096775,1.1693548387096775,0.7661290322580645,1.4516129032258065,1.0483870967741935,61.50161456544142,30.880247337684647,22.562685855103,19.665531457955726
27595,Carlos Mario Carbonero Mancilla,Sampdoria,Serie A,14,1073.0,0.5032618825722274,0.0,20.9936308615994,2.516309412861137,0.5666666666666667,152.4883504193849,6.961789375582479,45.62907735321528,0.8400735294117647,0.9226467847157502,0.1677539608574091,0.9226467847157502,0.3355079217148182,4.864864864864865,16.387295465808823,24.575955265610435,3.187325256290773,0.7631578947368421,1.0065237651444547,0.5833333333333334,5.871388630009319,1.0904007455731592,1.7614165890027955,2.600186393289841,2.096924510717614,70.46276127612762,56.7387788778878,24.90476104339045,19.71086402634534
19850,Antonio Cassano,Sampdoria,Serie A,24,1270.0,1.2755905511811023,0.1417322834645669,19.103362822871294,1.6299212598425197,0.4347826086956521,194.88188976377955,13.606299212598426,57.68503937007874,0.6646191646191646,2.338582677165354,0.2125984251968504,2.0551181102362204,1.204724409448819,8.716535433070867,17.381200011916462,10.275590551181102,0.5669291338582677,0.5,0.1417322834645669,0.5,4.039370078740157,0.1417322834645669,0.6377952755905512,0.7086614173228346,3.826771653543307,80.47418181818183,37.74876363636364,19.429829989515746,22.111985320975613
7055,Stefano Sorrentino,Palermo,Serie A,35,3214.0,0.0,0.0,19.71618752593094,0.0280024891101431,1.0,67.73802115743621,0.0280024891101431,29.90665836963285,0.5646067415730337,0.0280024891101431,0.0,0.0,0.0,23.550093341630365,48.08749683782773,0.1960174237710018,0.0,0.6086956521739131,0.0,0.618734335839599,5.264467952706907,0.1120099564405724,0.0,0.0,0.0560049782202862,8.55952873088053,40.61455146754857,7.6726119346310755,8.233550069686707
24061,Aljaž Struna,Palermo,Serie A,22,1882.0,0.334750265674814,0.0478214665249734,16.278761959807003,0.4303931987247609,0.4444444444444444,109.70244420828904,1.67375132837407,44.2826780021254,0.7494600431965442,0.3825717321997874,0.0,1.0520722635494155,0.0,7.077577045696068,19.61760311727862,16.068012752391073,2.199787460148778,0.5434782608695652,0.7173219978746015,0.5333333333333333,3.682252922422954,2.4867162592986185,1.5302869287991498,2.1519659936238043,0.3825717321997874,53.65972101133392,67.27541412380121,25.053814427327325,10.391292909609344
8102,Edoardo Goldaniga,Palermo,Serie A,17,1260.0,0.4285714285714285,0.1428571428571428,14.058559360676751,0.1428571428571428,0.5,72.14285714285714,2.714285714285714,25.928571428571427,0.6804407713498623,0.1428571428571428,0.0,0.1428571428571428,0.0714285714285714,8.285714285714285,26.190638593663916,10.071428571428571,1.6428571428571428,0.6956521739130435,2.4285714285714284,0.4705882352941176,3.571428571428571,6.357142857142857,2.8571428571428568,1.6428571428571428,1.5,40.076138613861374,54.03762376237624,23.42558419742586,14.208854103957652
5584,Giancarlo González Castro,Palermo,Serie A,35,3248.0,0.1108374384236453,0.0554187192118226,10.433785131753382,0.0554187192118226,1.0,73.23583743842364,1.1637931034482758,27.570812807881776,0.770854271356784,0.0831280788177339,0.0,0.0277093596059113,0.0,9.448891625615763,26.609150848844216,6.65024630541872,0.8866995073891626,0.5,1.2192118226600983,0.5454545454545454,2.5492610837438425,6.567118226600986,2.189039408866995,0.7204433497536946,0.2770935960591133,36.83363601967461,40.97037457434734,18.444027255842087,15.676468025837476
10032,Achraf Lazaar,Palermo,Serie A,30,2364.0,1.104060913705584,0.0380710659898477,30.679997058839177,3.045685279187817,0.55,151.33248730964468,0.7994923857868022,51.66243654822336,0.6713338246131172,0.6472081218274113,0.0380710659898477,3.50253807106599,0.0380710659898477,10.279187817258885,20.408947929845247,17.398477157360407,2.436548223350254,0.609375,1.1421319796954317,0.7,9.02284263959391,2.474619289340102,1.1802030456852792,1.5228426395939088,1.5228426395939088,62.67054088050316,11.09461635220126,25.60100931745128,9.574891756485384
30735,Mato Jajalo,Palermo,Serie A,28,2102.0,0.8563273073263558,0.0,24.005750821436333,0.7706945765937202,0.7222222222222222,128.0209324452902,2.269267364414843,46.11322549952426,0.7985143918291551,0.7706945765937202,0.0,0.2568981921979067,0.1712654614652711,8.34919124643197,19.73346017641597,22.949571836346337,2.3549000951474786,0.5636363636363636,1.1560418648905804,0.7777777777777778,7.921027592768791,2.1836346336822072,1.7982873453853472,2.1836346336822072,1.3273073263558517,58.50789297658865,41.17153846153846,21.616060034458,18.92648149145831
40349,Ivaylo Chochev,Palermo,Serie A,27,1808.0,1.4435840707964602,0.0,16.77630494240073,0.6471238938053098,0.6153846153846154,124.74557522123894,4.679203539823009,42.51106194690266,0.7599531615925058,0.497787610619469,0.0995575221238938,0.7964601769911505,0.1493362831858407,4.380530973451328,16.49738730913349,26.780973451327437,2.588495575221239,0.6923076923076923,1.9413716814159288,0.4615384615384615,4.977876106194691,1.9413716814159288,3.5342920353982303,1.4435840707964602,0.9457964601769911,66.71021548284118,21.613527533918592,22.2993119410029,14.197799355918436
5605,Oscar Hiljemark,Palermo,Serie A,38,2983.0,0.7844451894066375,0.1206838752933288,19.757627880169537,1.0258129399932954,0.5588235294117647,114.98156218571908,4.857525980556487,39.554140127388536,0.738367658276125,1.0861548776399597,0.150854844116661,1.719745222929936,0.0905129064699966,6.366074421723098,18.407714247292144,21.149849145155883,1.2370097217566207,0.5609756097560976,0.5129064699966477,0.5882352941176471,4.6161582299698285,0.9051290646999663,1.418035534696614,0.9051290646999663,0.5129064699966477,69.02881133560746,47.50414589346629,24.56412690809729,21.315292606403133
30512,Aleksandar Trajkovski,Palermo,Serie A,32,1725.0,2.034782608695652,0.1565217391304347,22.556814679328408,2.4521739130434783,0.5106382978723404,123.0782608695652,8.97391304347826,28.85217391304348,0.7414104882459313,1.1478260869565218,0.0521739130434782,2.4,0.1565217391304347,3.965217391304348,16.746158764737785,21.756521739130434,0.8347826086956521,0.625,0.4695652173913043,0.6666666666666666,5.269565217391304,0.2608695652173913,1.0956521739130434,1.9826086956521736,2.034782608695652,77.69402289105555,33.30381517592199,23.213727152844964,23.567919812383195
6719,Franco Damián Vázquez,Palermo,Serie A,36,3280.0,2.908536585365854,0.1920731707317073,21.08118607320871,5.213414634146342,0.5052631578947369,176.78963414634146,8.451219512195122,42.66768292682927,0.7279742765273312,1.2896341463414631,0.1920731707317073,2.5792682926829267,0.3292682926829268,7.463414634146342,18.727295020771702,26.341463414634145,2.332317073170732,0.6235294117647059,0.6310975609756098,0.7391304347826086,7.628048780487805,0.5213414634146342,2.057926829268293,3.6219512195121952,5.871951219512195,73.95508303585287,42.39033059133944,22.122511105184984,22.09873533271232
38389,Alberto Gilardino,Palermo,Serie A,33,2418.0,1.823821339950372,0.3722084367245657,11.063532243813263,0.8933002481389578,0.375,101.24069478908189,18.23821339950372,20.06203473945409,0.7458256029684601,0.7444168734491314,0.0372208436724565,0.2977667493796526,0.0744416873449131,0.781637717121588,11.711812557569576,10.794044665012406,0.1488833746898263,0.75,0.0372208436724565,1.0,3.052109181141439,0.6327543424317618,3.759305210918114,1.7866004962779156,1.6749379652605458,81.33290441176472,40.42422794117647,21.483461705658826,19.751551999506766
8552,Robin Quaison,Palermo,Serie A,30,1579.0,1.1399620012666245,0.0569981000633312,19.213457315805726,2.5079164027865737,0.6590909090909091,121.91893603546548,6.782773907536416,32.08993033565548,0.7104795737122558,1.1969601013299558,0.1139962001266624,2.0519316022799243,0.3989867004433186,5.4148195060164666,18.45070093545293,27.41608613046232,1.766941101963268,0.7419354838709677,0.5129829005699811,0.4444444444444444,3.590880303989868,0.6269791006966434,0.8549715009499683,2.33692210259658,1.3679544015199494,77.2288920056101,32.95923328658252,22.34263523960935,24.90803135094405
6334,Luis Fernando Muriel Fruto,Sampdoria,Serie A,32,1757.0,2.8685258964143423,0.3073420603301081,19.21581871892016,4.815025611838361,0.4787234042553192,132.87421741605007,13.062037564029596,26.22652248150256,0.708984375,1.0756972111553784,0.2561183836084234,0.8708025042686397,0.1024473534433693,2.663631189527604,15.69777970761719,16.084234490608992,0.8708025042686397,0.5882352941176471,0.3073420603301081,0.6666666666666666,4.405236198064883,0.0512236767216846,1.6903813318155947,1.5367103016505406,2.100170745589072,80.1807632999229,42.58118735543562,19.859922818181527,20.519099757882127
30769,Andrea Rispoli,Palermo,Serie A,22,1482.0,0.728744939271255,0.0,21.9318635618195,1.0323886639676112,0.5882352941176471,129.17004048582996,4.37246963562753,47.368421052631575,0.6935897435897436,0.7894736842105263,0.242914979757085,3.947368421052632,0.0607287449392712,7.712550607287449,18.990082102692305,10.809716599190285,1.3360323886639676,0.5454545454545454,1.5182186234817814,0.56,5.647773279352227,2.186234817813765,0.97165991902834,1.2753036437246963,0.728744939271255,67.49290079924776,65.34964739069113,28.76975883482917,18.259747057204997
7157,Marco Sportiello,Atalanta,Serie A,36,3375.0,0.0,0.0,19.71618752593094,0.0266666666666666,1.0,65.68,0.0,28.90666666666667,0.5682656826568265,0.0533333333333333,0.0,0.0,0.0,22.26666666666667,49.37783063154982,0.1866666666666666,0.0,0.6086956521739131,0.0,0.618734335839599,4.906666666666667,0.0,0.0,0.0266666666666666,0.1066666666666666,9.335079171741778,40.87425903369874,6.711145042917288,7.597626294020256
386607,Gianpaolo Bellini,Atalanta,Serie A,15,982.0,0.5498981670061099,0.0,24.47448844939731,0.4582484725050916,0.8,112.72912423625256,0.4582484725050916,46.37474541751527,0.808300395256917,0.0916496945010183,0.0,1.1914460285132382,0.0,5.865580448065173,18.45105895592885,14.022403258655803,2.291242362525458,0.56,1.4663951120162932,0.375,3.940936863543788,3.84928716904277,1.1914460285132382,2.016293279022403,0.9164969450101832,57.81837398373984,50.357560975609765,25.097420020093992,28.70584831327044
6992,Andrea Masiello,Atalanta,Serie A,29,2485.0,0.1448692152917505,0.0,21.401358538310276,0.1810865191146881,0.8,114.88128772635817,1.2313883299798791,46.3943661971831,0.7572209211553473,0.3621730382293763,0.0362173038229376,1.5211267605633805,0.0,12.277665995975855,23.615273266120223,11.046277665995976,1.4486921529175052,0.525,1.7022132796780685,0.4893617021276595,4.237424547283703,4.201207243460765,1.2313883299798791,1.0503018108651911,0.688128772635815,50.237452711223206,59.903341740227006,26.369020276330204,19.162970714065462
31231,Davide Brivio,Atalanta,Serie A,14,1063.0,0.761994355597366,0.0,29.58458450761972,0.5079962370649107,0.3333333333333333,138.34430856067732,0.8466603951081844,55.286923800564445,0.7519142419601837,0.5079962370649107,0.0,2.2013170272812794,0.0846660395108184,6.688617121354657,17.982753440581927,11.429915333960489,0.9313264346190028,0.5454545454545454,0.5079962370649107,0.5,4.995296331138288,2.539981185324553,1.6086547507055504,0.6773283160865475,0.5926622765757291,61.21988984088127,11.070440636474904,26.154888232329288,9.407974113337191
8420,Luca Cigarini,Atalanta,Serie A,25,1883.0,2.0552310143388213,0.0477960701009028,22.671659687922592,0.9559214020180564,0.65,172.7349973446628,4.1104620286776425,61.513542219861925,0.7754467754467754,1.4338821030270843,0.0955921402018056,1.338289962825279,0.1911842804036112,13.000531067445566,20.57882889980575,19.69198088157196,2.580987785448752,0.7222222222222222,1.051513542219862,0.5909090909090909,6.070100902814658,1.290493892724376,1.338289962825279,2.342007434944238,1.7206585236325014,63.41972883231874,41.66621472053128,22.530610078704317,21.30857982375941
6994,Marten de Roon,Atalanta,Serie A,36,3207.0,0.5612722170252572,0.0280636108512628,25.298859728488985,0.7015902712815716,0.68,123.7043966323667,0.8699719363891487,46.83816651075772,0.7729179149191132,0.5051449953227315,0.0280636108512628,0.2525724976613657,0.19644527595884,10.439663236669784,22.13109344841222,31.09448082319925,3.7885874649204863,0.6962962962962963,1.8521983161833488,0.6818181818181818,5.304022450888681,1.880261927034612,2.1047708138447145,2.441534144059869,0.9822263797942,53.80111161524501,39.91356624319418,20.008733486491792,19.62924054974077
8184,Marco D''Alessandro,Atalanta,Serie A,23,1223.0,1.0302534750613246,0.2207686017988552,16.379410569259107,4.047424366312347,0.5272727272727272,117.5960752248569,6.328699918233851,27.448896156991005,0.6943699731903485,1.0302534750613246,0.1471790678659035,3.017170891251022,0.1471790678659035,3.8266557645134913,16.811839240482573,16.41046606704824,2.2076860179885527,0.5333333333333333,0.4415372035977105,0.5,4.856909239574816,1.1038430089942763,0.294358135731807,1.3246116107931316,2.354865085854456,77.0543178973717,56.67753441802252,24.074765755595667,23.866634083099733
6941,Jasmin Kurtič,Atalanta,Serie A,32,2470.0,1.4939271255060729,0.0728744939271255,21.908819495146865,1.2024291497975708,0.7272727272727273,125.81781376518218,7.032388663967611,38.95141700404858,0.735266604303087,0.5101214574898785,0.0,2.004048582995951,0.0,5.101214574898785,17.62902506931712,22.88259109311741,1.5668016194331982,0.4883720930232558,0.8380566801619432,0.7391304347826086,3.8987854251012144,1.45748987854251,2.3684210526315788,1.45748987854251,1.4210526315789471,68.53547639733566,32.26602953953085,25.87540958817321,25.71815810507607
8871,Marco Borriello,Atalanta,Serie A,27,1667.0,2.969406118776245,0.3779244151169766,16.454964138115564,2.6454709058188364,0.5102040816326531,123.74325134973006,18.08638272345531,22.94541091781644,0.788235294117647,0.8098380323935214,0.1619676064787042,0.593881223755249,0.1619676064787042,2.8614277144571085,16.450621182470588,12.255548890221956,0.8638272345530894,0.6875,0.1079784043191361,1.0,4.481103779244151,1.0797840431913617,3.131373725254949,2.321535692861428,1.6196760647870427,79.89144851657942,39.75924956369983,22.742537011058243,20.260075100227592
7796,Silvan Widmer,Udinese,Serie A,27,1988.0,1.0412474849094566,0.0,13.26108006531316,1.6750503018108651,0.4864864864864865,114.98993963782696,6.383299798792756,40.97082494969819,0.6508287292817679,0.6790744466800804,0.090543259557344,3.214285714285714,0.1358148893360161,7.243460764587525,19.897801514917127,19.46680080482897,1.720321931589537,0.5526315789473685,0.8148893360160966,0.7777777777777778,4.391348088531187,2.1730382293762576,1.493963782696177,1.584507042253521,1.3581488933601609,68.36736220472442,69.18133858267716,29.166228342368875,10.35813491117576
6577,Zdravko Kuzmanović,Udinese,Serie A,16,1172.0,0.6143344709897611,0.0,18.755937609934115,0.8447098976109215,0.5454545454545454,125.09385665529012,1.9197952218430037,44.38566552901024,0.8217993079584776,0.6143344709897611,0.0,0.6911262798634813,0.0767918088737201,9.291808873720138,21.16788362197232,18.353242320819117,0.8447098976109215,0.7272727272727273,0.6911262798634813,0.6666666666666666,6.066552901023891,1.2286689419795225,1.535836177474403,2.4573378839590445,0.9215017064846416,58.72332719459792,38.625352977286674,21.11868146727609,19.774993089801093
7017,Duván Esteban Zapata Banguera,Udinese,Serie A,25,1589.0,2.945248584015104,0.4531151667715544,13.481534431809193,1.9823788546255507,0.4285714285714285,110.22026431718062,18.634361233480178,18.464443045940843,0.6319018404907976,0.4531151667715544,0.1132787916928886,1.132787916928886,0.0,1.8124606670862176,15.90040023773006,14.669603524229077,0.4531151667715544,0.5,0.5097545626179988,0.6666666666666666,3.908118313404657,0.7363121460037759,3.3417243549402142,2.7186910006293266,2.6620516047828824,81.1002569373073,41.47009249743061,22.836154979335998,21.062727479881456
8852,Thomas Heurtaux,Udinese,Serie A,15,1115.0,0.1614349775784753,0.0,28.899815788664576,0.4035874439461883,0.4,87.25560538116592,0.3228699551569506,31.39910313901345,0.781491002570694,0.0807174887892376,0.0,0.1614349775784753,0.0,6.295964125560538,22.04878593573265,15.90134529147982,1.8565022421524664,0.391304347826087,1.452914798206278,0.3888888888888889,2.7443946188340806,5.246636771300448,2.42152466367713,1.6143497757847534,1.1300448430493273,43.43589269195188,60.92201665124884,20.28016414358163,12.689205097163226
7002,Rafael Tolói,Atalanta,Serie A,24,1969.0,0.457084814626714,0.0457084814626714,18.70745387401408,0.4113763331640426,0.7777777777777778,86.02336211274758,1.2798374809547992,32.95581513458608,0.7780859916782247,0.0914169629253428,0.0,0.0914169629253428,0.0457084814626714,9.735906551549007,26.04084316338419,12.70695784662265,2.60538344337227,0.7719298245614035,1.3255459624174708,0.6896551724137931,3.4281361097003558,5.485017775520569,2.1025901472828847,1.6455053326561706,0.457084814626714,41.04861849096706,53.679596174282686,19.778507068902886,15.62404473582504
32037,Nicola Leali,Frosinone,Serie A,33,3089.0,0.0,0.0,19.71618752593094,0.0,0.5833333333333334,71.26578180640985,0.0,28.58206539333117,0.54638124362895,0.0582712852055681,0.0,0.0,0.0,23.10456458400777,52.43881181188582,0.0582712852055681,0.0,0.6086956521739131,0.0,0.618734335839599,3.787633538361929,0.0,0.0,0.0,0.1456782130139203,8.440024529844644,40.586917416189706,7.175158483511213,7.458059932365052
7462,Aleandro Rosi,Frosinone,Serie A,27,2245.0,0.601336302895323,0.0,23.440851719356832,1.603563474387528,0.325,97.4966592427617,2.4855233853006684,38.08463251670379,0.7221052631578947,0.4810690423162583,0.0,2.044543429844098,0.0400890868596882,6.694877505567929,20.02409880136842,15.113585746102451,1.7238307349665924,0.5348837209302325,1.0824053452115814,0.5185185185185185,5.57238307349666,3.888641425389755,2.204899777282851,2.645879732739421,1.6837416481069043,62.88515624999998,68.11089638157893,30.42699101341101,11.125701878470776
8291,Arlind Afrim Ajeti,Frosinone,Serie A,16,1267.0,0.6393054459352802,0.0710339384372533,16.58522344445868,0.0710339384372533,1.0,62.79400157853196,2.5572217837411206,23.37016574585635,0.7142857142857143,0.21310181531176,0.0,0.0,0.0710339384372533,8.097868981846881,26.5109273775076,9.731649565903709,1.3496448303078137,0.5789473684210527,1.420678768745067,0.7,2.486187845303867,7.813733228097869,3.1965272296764007,1.4917127071823204,0.4972375690607734,39.45079185520362,44.89977375565611,23.40654009635914,15.572126738841185
387847,Leonardo Blanchard,Frosinone,Serie A,28,2530.0,0.7470355731225297,0.1067193675889328,13.048428718289866,0.2845849802371542,0.875,83.8102766798419,3.023715415019763,32.58498023715416,0.6932314410480349,0.1778656126482213,0.0,0.1422924901185771,0.0355731225296442,13.090909090909092,29.987254997270743,8.217391304347826,1.1383399209486167,0.6875,1.1027667984189724,0.4193548387096774,3.308300395256917,6.723320158102768,3.770750988142293,1.316205533596838,0.6403162055335969,38.843081494057735,26.272241086587435,21.88048720631119,13.952639157510816
8661,Daniel Pavlovic,Frosinone,Serie A,22,1995.0,0.5413533834586466,0.0,29.06922604482647,0.3609022556390977,0.5,95.9548872180451,0.4511278195488721,44.796992481203006,0.6404833836858006,1.849624060150376,0.225563909774436,2.661654135338346,0.1804511278195488,14.210526315789473,24.463849092618325,15.699248120300751,1.9849624060150373,0.5909090909090909,1.1729323308270676,0.4615384615384615,3.2030075187969924,3.834586466165413,2.0300751879699246,1.7593984962406015,0.5864661654135338,58.54781382228491,14.045839210155146,30.478143473451286,15.729019065117429
386512,Alessandro Frara,Frosinone,Serie A,20,1204.0,0.8970099667774087,0.1495016611295681,15.824314727497056,0.7475083056478405,0.6,98.4468438538206,3.1395348837209305,33.56312292358804,0.6659242761692651,0.5232558139534884,0.0,1.0465116279069768,0.1495016611295681,6.6528239202657815,20.635742598886416,18.687707641196013,1.495016611295681,0.4,0.5232558139534884,0.5714285714285714,5.8305647840531565,1.8687707641196012,2.541528239202658,1.1212624584717608,1.270764119601329,61.62361427486712,28.626119969627936,27.611500410055527,21.521182400856567
20636,Mirko Gori,Frosinone,Serie A,28,2219.0,0.932852636322668,0.0,29.64335102331044,1.0950878774222623,0.5925925925925926,113.6457863902659,0.202794051374493,39.463722397476346,0.7245632065775951,0.4867057232987832,0.0,1.0950878774222623,0.202794051374493,9.00405588102749,21.55696187368962,31.514195583596216,3.6502929247408735,0.5777777777777777,1.4601171698963498,0.5555555555555556,8.314556106354214,1.74402884182064,0.405588102748986,2.798557908968004,2.2307345651194237,56.91438258386866,43.83857958601,22.48112453069988,22.09873857949123
23470,Luca Paganini,Frosinone,Serie A,27,1905.0,1.2283464566929134,0.0944881889763779,17.294464881344304,1.84251968503937,0.5384615384615384,95.5275590551181,5.622047244094488,23.66929133858268,0.6706586826347305,0.8031496062992126,0.0944881889763779,1.1811023622047243,0.2362204724409448,2.8818897637795278,17.42651011846307,29.196850393700785,2.031496062992126,0.6511627906976745,1.5118110236220472,0.625,4.960629921259843,1.559055118110236,2.598425196850393,1.84251968503937,2.8346456692913384,73.51795252225517,58.1776458951533,26.683446918042957,18.344355416991867
8793,Oliver Kragl,Frosinone,Serie A,15,951.0,2.9337539432176656,0.0946372239747634,27.53192296642082,1.892744479495268,0.4,97.94952681388013,3.5962145110410093,27.72870662460568,0.5972696245733788,1.0410094637223974,0.0,2.555205047318612,0.0,6.151419558359621,20.9508754109215,23.37539432176656,2.271293375394322,0.8333333333333334,1.3249211356466877,0.4285714285714285,4.44794952681388,1.5141955835962144,1.2302839116719242,2.082018927444795,2.176656151419558,69.18222222222222,23.07574879227053,27.237817786435137,19.63702264233902
13613,Daniel Ciofani,Frosinone,Serie A,37,2999.0,2.310770256752251,0.2100700233411137,16.88602407453935,0.9903301100366788,0.4848484848484848,94.1413804601534,15.245081693897966,18.24608202734245,0.6200657894736842,1.0503501167055689,0.0300100033344448,0.1200400133377792,0.0600200066688896,1.3804601533844616,14.949482158601974,16.32544181393798,0.3901300433477826,0.6153846153846154,0.1200400133377792,0.75,2.6708902967655885,1.2904301433811272,5.281760586862288,1.950650216738913,1.5905301767255753,78.61275103602166,39.824641377111895,22.246519608010782,17.88030283829869
24235,Federico Dionisi,Frosinone,Serie A,32,2523.0,3.0677764565992867,0.2853745541022592,24.106330051687827,3.103448275862069,0.4482758620689655,116.9678953626635,11.12960760998811,21.97384066587396,0.6412337662337663,0.89179548156956,0.1070154577883472,1.177170035671819,0.2140309155766944,2.2829964328180736,15.726712184740256,19.976218787158142,1.7122473246135552,0.5416666666666666,0.6064209274673008,0.4117647058823529,5.850178359096313,0.1426872770511296,0.535077288941736,2.211652794292509,3.210463733650416,78.8713022262885,35.58624580664837,22.91149159149364,22.455755350557663
46670,Iván Rodrigo Piris Leguizamón,Udinese,Serie A,27,1954.0,0.1842374616171955,0.0,34.82730903762707,0.5987717502558854,0.8461538461538461,99.48822927328555,0.0460593654042988,39.28863868986694,0.7924970691676436,0.3224155578300921,0.0,0.9211873080859776,0.0460593654042988,7.691914022517913,20.79897340046893,17.871033776867964,2.2569089048106448,0.6326530612244898,2.0266120777891508,0.4772727272727273,4.237461617195497,3.224155578300921,1.7041965199590583,1.8884339815762536,0.8290685772773798,50.77342592592592,44.844351851851854,22.59526022331517,25.898961361025734
9903,Yussif Raman Chibsah,Frosinone,Serie A,22,1206.0,0.8208955223880596,0.0,25.36266205831986,2.164179104477612,0.5517241379310345,112.31343283582088,1.6417910447761193,32.537313432835816,0.7614678899082569,0.9701492537313432,0.1492537313432835,0.2238805970149253,0.3731343283582089,5.0,19.458273390229355,22.985074626865668,2.08955223880597,0.6785714285714286,0.9701492537313432,0.4615384615384615,8.134328358208954,1.7910447761194028,1.044776119402985,1.6417910447761193,2.014925373134328,60.65554817275748,44.57109634551495,22.269711208816563,18.31214350628304
30911,Robert Gucher,Frosinone,Serie A,24,1409.0,1.341376863023421,0.0,31.586229492541115,1.27750177430802,0.65,102.96664300922642,0.574875798438609,39.09155429382541,0.696078431372549,1.341376863023421,0.0,0.766501064584812,0.447125621007807,12.519517388218595,24.57215243431373,19.801277501774308,2.746628814762243,0.7674418604651163,1.405251951738822,0.7272727272727273,5.557132718239887,2.363378282469837,0.9581263307310148,1.27750177430802,1.469127040454223,59.00924317617866,41.42307692307693,23.211043997353244,19.52724033493469
34881,Daniele Padelli,Torino,Serie A,35,3287.0,0.0,0.0,19.71618752593094,0.0547611804076665,1.0,70.53240036507454,0.0,29.37937328871311,0.7287977632805219,0.0273805902038332,0.0,0.0,0.0,15.908122908427138,37.87583645657036,0.0821417706114998,0.0,0.6086956521739131,0.0,0.618734335839599,4.052327350167326,0.0273805902038332,0.0,0.0,0.0821417706114998,7.965838509316772,40.02682453416149,5.293584750836945,6.443733908736707
40427,Cesare Bovo,Torino,Serie A,21,1866.0,0.4823151125401929,0.0964630225080385,25.21940890276271,0.3858520900321543,0.875,173.05466237942122,0.7234726688102894,63.90675241157556,0.8226415094339623,0.67524115755627,0.0,0.337620578778135,0.337620578778135,23.971061093247588,28.725192109886795,11.237942122186494,1.5916398713826363,0.5454545454545454,1.3987138263665595,0.5517241379310345,3.472668810289389,3.7138263665594855,1.7363344051446945,1.688102893890675,0.2411575562700964,41.97229654403567,57.6001950947603,19.987995604974547,13.167888014668298
28289,Gastón Alexis Silva Perdomo,Torino,Serie A,12,923.0,0.6825568797399784,0.0,27.288533123592817,1.4626218851570965,0.4666666666666667,144.2145178764897,0.8775731310942578,51.386782231852656,0.777988614800759,0.9750812567713976,0.0975081256771397,1.5601300108342362,0.0975081256771397,10.823401950162513,21.17871806612903,18.136511375948,2.827735644637053,0.6206896551724138,1.5601300108342362,0.4375,4.290357529794149,2.1451787648970746,1.0725893824485373,1.657638136511376,0.8775731310942578,53.03678160919541,17.56436781609195,26.54970588174834,19.684004210540785
3660,Davide Zappacosta,Torino,Serie A,25,1332.0,1.0135135135135136,0.0675675675675675,25.03176393909809,2.972972972972973,0.2727272727272727,144.45945945945948,3.3783783783783785,50.67567567567568,0.7226666666666667,0.8783783783783784,0.0675675675675675,5.135135135135135,0.2702702702702703,11.013513513513514,20.967024236586667,20.135135135135137,1.2837837837837838,0.4210526315789473,0.8108108108108109,0.5,4.864864864864865,1.148648648648649,0.472972972972973,1.8243243243243243,0.6756756756756757,67.9565481758653,72.0000935453695,30.377971572189526,8.608542648986932
6965,Bruno da Silva Peres,Torino,Serie A,31,2687.0,1.339784145887607,0.1004838109415705,25.09173549251188,4.287309266840342,0.625,132.270189802754,3.081503535541496,42.270189802754,0.8026941362916006,0.971343505768515,0.1339784145887607,2.8135467063639745,0.1339784145887607,9.981391886862673,22.177699992313787,15.240044659471527,2.0431708224786007,0.6557377049180327,1.0718273167100856,0.46875,5.359136583550428,1.1053219203572755,0.4019352437662821,0.9043542984741348,1.2393003349460363,60.89962015700176,57.00635603950367,27.691822887024617,25.666884833838736
40430,Giuseppe Vives,Torino,Serie A,33,2660.0,0.5413533834586466,0.0338345864661654,25.52981906366612,0.5075187969924811,0.7333333333333333,133.95112781954887,1.3872180451127818,48.65413533834586,0.8303198887343533,0.575187969924812,0.0338345864661654,0.3045112781954887,0.5413533834586466,10.048872180451127,21.835392255910985,23.51503759398496,3.4172932330827064,0.6633663366336634,1.3533834586466165,0.725,6.293233082706767,2.537593984962406,1.488721804511278,2.0300751879699246,1.0150375939849623,54.47453902500632,41.15860065673149,20.208393175096905,16.03640532328743
7474,Afriyie Acquah,Torino,Serie A,29,1963.0,1.1003565970453386,0.0916963830871115,26.870579042622253,2.4299541518084564,0.5283018867924528,115.99592460519612,2.06316861946001,32.18543046357616,0.7165242165242165,1.0086602139582272,0.1375445746306673,1.7880794701986755,0.2292409577177789,6.418746816097809,20.579948836652417,15.680081507896077,1.3295975547631176,0.4827586206896552,0.7335710646968925,0.375,6.968925114620479,0.8252674477840041,1.1920529801324502,2.200713194090677,2.06316861946001,65.73209486166009,60.21675889328063,23.10740067526603,14.062824164701896
7149,Marco Benassi,Torino,Serie A,32,1981.0,2.1352852094901564,0.1362948006057546,21.07742772204709,1.226653205451792,0.5555555555555556,103.44775365976778,6.996466431095406,30.030287733467944,0.7186081694402421,0.9086320040383644,0.0908632004038364,1.3629480060575467,0.3180212014134275,4.225138818778395,18.42415361956127,19.444724886421,1.5901060070671378,0.6,0.817768803634528,0.5,4.997476022211004,0.9540636042402826,0.9994952044422007,1.8172640080767288,0.9086320040383644,69.67053140096615,45.82872200263504,26.039767842506137,22.06939410500589
7471,Andrea Belotti,Torino,Serie A,35,2683.0,2.448751397689154,0.2683563175549758,16.602037347502485,1.2746925083861351,0.5,91.6772269847186,13.484904957137534,17.97987327618338,0.7574626865671642,0.7379798732761834,0.1006336190831159,0.6038017144986956,0.2683563175549758,1.6101379053298548,14.989242509514924,18.88557584793142,1.5430488259411108,0.6739130434782609,0.3689899366380917,0.9090909090909092,3.857622064852777,0.3354453969437198,1.7443160641073427,2.314573238911666,3.5221766679090574,75.47332601536775,39.85601902671056,23.438969067248276,17.36504888008558
12619,Josef Alexander Martínez Mencia,Torino,Serie A,21,983.0,3.204476093591048,0.2746693794506612,17.894976900204703,0.9155645981688708,0.7,72.69582909460834,12.268565615462869,14.09969481180061,0.7922077922077922,1.190233977619532,0.091556459816887,0.091556459816887,0.1831129196337741,2.014242115971516,17.951848233116884,12.817904374364192,1.0986775178026449,0.6666666666666666,0.1831129196337741,0.5,1.4649033570701933,0.0,0.7324516785350966,1.8311291963377416,1.4649033570701933,77.30465994962216,39.05239294710327,22.11974034191375,14.028078196995084
7465,Daniele Baselli,Torino,Serie A,35,2333.0,1.2730390055722245,0.1543077582511787,21.72226828007323,2.931847406772396,0.5526315789473685,114.45777968281185,4.166309472781826,34.8349764252036,0.7342192691029901,1.9288469781397344,0.0771538791255893,1.465923703386198,0.3857693956279468,8.101157308186883,21.39048188172757,24.342048864123445,2.198885555079297,0.5964912280701754,1.3116159451350191,0.7058823529411765,5.940848692670381,0.6172310330047149,0.6558079725675097,2.1603086155165023,1.581654522074582,67.86140883046845,26.37522750252781,27.793560025144025,19.454323100554976
7479,Cristian Molinaro,Torino,Serie A,27,2029.0,0.5766387382947264,0.0443568260226712,22.166423858680112,2.173484475110892,0.5306122448979592,136.7964514539182,3.1936914736323314,48.4820108427797,0.7584629460201281,0.975850172498768,0.0,3.104977821586989,0.0887136520453425,12.419911286347956,22.725912140622142,16.278955150320357,2.483982257269591,0.4464285714285714,1.3750616067028094,0.5161290322580645,4.036471168063086,1.951700344997536,1.5968457368161657,1.4637752587481518,1.1976343026121243,61.41643968871597,10.588975356679637,28.627304570305203,12.56772915846098
7028,José Manuel Reina Páez,Napoli,Serie A,37,3442.0,0.0,0.0,19.71618752593094,0.0,0.5833333333333334,71.67054038349796,0.0,28.840790238233584,0.815049864007253,0.0261475886112725,0.0,0.0,0.10459035444509,13.126089482858802,34.895070973254754,0.0784427658338175,0.0261475886112725,1.0,0.0,0.618734335839599,4.706565950029052,0.0,0.0,0.0,0.0261475886112725,9.831192995257204,39.93834367019336,6.313573657673338,9.103897439459828
7031,Elseid Hysaj,Napoli,Serie A,37,3387.0,0.3188662533215234,0.0,26.09268142689915,1.700620017714792,0.5,175.0044286979628,1.195748449955713,67.0947741364039,0.8518811881188119,0.6377325066430469,0.0531443755535872,1.7803365810451728,0.0797165633303808,5.394154118689105,15.504198846019795,12.488928255093002,2.099202834366696,0.6075949367088608,0.6908768821966342,0.6538461538461539,5.9255978742249775,2.4446412754650133,1.1691762621789197,0.7174490699734278,1.1691762621789197,61.10909505010628,65.46310355299123,25.197527538410725,17.507239291174482
7030,Raúl Albiol i Tortajada,Napoli,Serie A,36,3355.0,0.2414307004470939,0.0268256333830104,17.16787184852835,0.1341281669150521,1.0,180.9925484351714,1.5827123695976155,69.04918032786885,0.8861693861693861,0.1073025335320417,0.0268256333830104,0.0536512667660208,0.187779433681073,13.6274217585693,21.09151883387724,7.886736214605068,1.3144560357675112,0.3877551020408163,0.9388971684053652,0.5428571428571428,3.406855439642325,4.96274217585693,3.594634873323398,1.046199701937407,0.5901639344262295,46.12817548540094,51.457195790721805,16.9694137782687,12.651254019700495
5675,Kalidou Koulibaly,Napoli,Serie A,33,2991.0,0.1504513540621865,0.0,10.60486521035786,0.4814443329989969,0.75,192.9087261785356,1.6248746238716147,71.67502507522568,0.8681780016792612,0.2708124373119357,0.0,0.0902708124373119,0.2708124373119357,11.313941825476428,20.09953173555835,11.344032096288869,2.9488465396188563,0.7346938775510204,1.3841524573721162,0.6086956521739131,5.235707121364092,4.874623871614844,3.249749247743229,2.166499498495486,0.6318956870611835,43.77955077211044,26.28045546716581,17.50918233643433,12.778098958319996
8876,Faouzi Ghoulam,Napoli,Serie A,34,3017.0,0.6562810739144845,0.0,31.60696441850372,1.2529002320185614,0.4523809523809524,193.2747762678157,1.6407026847862114,73.26483261518064,0.8249185667752443,0.8352668213457076,0.0894928737156115,3.3708982432880346,0.178985747431223,7.1594298972489225,16.68493332837948,7.398077560490553,1.4915478952601922,0.62,1.103745442492542,0.6486486486486487,4.057010275107722,1.9688432217434535,2.71461716937355,0.7159429897248922,1.4318859794497845,63.43079178885631,9.747893193394042,24.719668498094272,8.184536716446638
7024,Jorge Luiz Frello Filho,Napoli,Serie A,35,3001.0,0.1799400199933355,0.0,27.838588197461263,0.9296901032989004,0.5806451612903226,305.98800399866707,0.0899700099966677,113.33222259246917,0.8803916379994707,1.8893702099300231,0.1199600133288903,0.9596801066311228,0.9896701099633456,12.775741419526824,17.009459692709708,23.84205264911696,2.189270243252249,0.6575342465753424,1.679440186604465,0.75,6.237920693102299,0.5398200599800066,0.5398200599800066,1.859380206597801,1.9193602132622456,60.96523571498578,37.72469861805352,20.001144481387424,19.509260551726168
7035,Allan Marques Loureiro,Napoli,Serie A,35,2896.0,0.901243093922652,0.093232044198895,23.6301732580148,2.9523480662983426,0.5157894736842106,185.71823204419888,3.356353591160221,57.834944751381215,0.8516926383664697,1.087707182320442,0.1553867403314917,0.7769337016574586,0.4661602209944751,5.43853591160221,15.993032678361097,26.38466850828729,3.1388121546961325,0.7524752475247525,0.5904696132596685,0.7894736842105263,5.6871546961325965,1.0566298342541436,0.7769337016574586,1.7714088397790055,2.330801104972376,67.14062918340028,54.23763386880857,20.715758328178325,16.838705980573998
7025,Marek Hamšík,Napoli,Serie A,38,3297.0,2.2929936305732483,0.1364877161055505,22.795569239009115,1.2829845313921746,0.574468085106383,252.93903548680615,6.305732484076433,84.45859872611464,0.8510019392372333,2.211101000909918,0.3002729754322111,1.364877161055505,0.9281164695177434,11.737943585077344,18.241854813380733,13.075523202911738,1.4740673339399453,0.5370370370370371,0.4094631483166515,0.6,4.804367606915378,0.818926296633303,1.064604185623294,0.5732484076433121,0.8462238398544131,68.08390891431038,23.611612346211967,20.640952806143066,15.171323680481937
7029,José María Callejón Bueno,Napoli,Serie A,38,2872.0,2.0055710306406684,0.2193593314763231,16.965041813664065,0.9087743732590527,0.4137931034482758,150.3551532033426,14.72841225626741,45.3133704735376,0.7842323651452282,1.2534818941504178,0.1880222841225626,1.942896935933148,0.3133704735376044,3.3217270194986077,14.738348065975105,19.05292479108635,1.2221448467966574,0.6666666666666666,0.6580779944289693,0.5238095238095238,4.355849582172702,0.7207520891364902,1.0341225626740946,0.7520891364902507,2.2876044568245124,75.73324301792412,59.89285118799499,24.21698161128953,16.455542218195735
7037,Lorenzo Insigne,Napoli,Serie A,37,2621.0,4.635635253719954,0.343380389164441,23.558505142112622,3.4681419305608543,0.5148514851485149,206.98969858832504,14.593666539488744,58.99275085845097,0.7875436554132712,1.9916062571537576,0.343380389164441,2.369324685234643,1.2361694009919877,6.009156810377718,15.489148088707802,13.700877527661197,0.8584509729111025,0.44,0.5150705837466616,0.8,3.948874475391072,0.1030141167493323,0.2747043113315528,0.5494086226631056,0.9958031285768788,79.2110318513603,20.70978765759787,20.274346356159715,16.631551862061613
5497,Gonzalo Gerardo Higuaín,Napoli,Serie A,35,3031.0,5.404157043879907,0.9798746288353678,16.916246961844283,1.930056087099967,0.6,131.92675684592544,23.368525239194984,28.000659848234903,0.7645811240721103,1.39557901682613,0.0593863411415374,0.6532497525569119,0.3266248762784559,4.008578027053778,17.051619750583246,11.936654569449026,0.4453975585615308,0.6,0.2375453645661497,0.5,2.4942263279445727,0.4453975585615308,0.5047838997030683,1.039260969976905,1.1283404816892115,83.5902318253432,40.71336934503712,19.544391296837876,15.749761194584911
5630,Dries Mertens,Napoli,Serie A,33,1193.0,4.149203688181056,0.3772003352891869,21.40360145795797,4.979044425817268,0.3939393939393939,169.8910310142498,12.598491198658843,43.604358759430006,0.7301038062283737,1.961441743503772,0.3772003352891869,3.2439228834870075,0.980720871751886,6.412405699916178,17.65411694852941,18.03017602682313,1.2824811399832357,0.7647058823529411,0.7544006705783739,0.6,2.942162615255658,0.0754400670578373,0.1508801341156747,2.6404023470243088,2.8667225481978207,78.6763321492007,24.706083481349918,21.103530936447385,19.782815293351547
6984,Danilo D''Ambrosio,Inter Milan,Serie A,20,1686.0,0.4270462633451957,0.1067615658362989,16.2719409127356,1.6548042704626336,0.3870967741935484,133.02491103202848,3.5765124555160144,50.4982206405694,0.758985200845666,0.4804270462633452,0.0,1.0676156583629894,0.0533807829181494,7.0462633451957295,18.768565631289643,15.90747330960854,2.5622775800711746,0.5416666666666666,1.387900355871886,0.5,4.1637010676156585,2.9893238434163703,1.7615658362989324,1.8683274021352316,1.0142348754448398,59.6459871589085,58.397632423756015,27.25120824240244,24.68947595892885
6585,Jeison Fabián Murillo Cerón,Inter Milan,Serie A,34,2954.0,0.6398104265402844,0.0609343263371699,11.516989198984316,0.2132701421800948,0.7142857142857143,130.42992552471227,2.3155044008124577,47.83344617467841,0.8662420382165605,0.1218686526743398,0.0,0.0304671631685849,0.0304671631685849,10.29790115098172,22.914116032547767,11.39471902505078,2.254570074475288,0.5675675675675675,1.2186865267433988,0.75,4.478672985781991,4.021665538253216,2.467840216655383,0.9749492213947192,1.188219363574814,41.54391497313711,32.86827843961692,20.466920137099287,18.53936027798581
5690,Yuto Nagatomo,Inter Milan,Serie A,22,1717.0,0.366919044845661,0.0,26.979996847244443,1.04834012813046,0.4,145.19510774606871,2.4111822947000583,54.72335468841002,0.7883141762452107,0.6290040768782761,0.0,2.987769365171811,0.0,6.971461852067559,17.238834611111113,19.446709376820035,2.7256843331391964,0.5384615384615384,0.995923121723937,0.5789473684210527,3.931275480489225,2.253931275480489,0.8910891089108911,1.153174140943506,1.100757134536983,63.961371841155255,40.780577617328525,28.11266057776549,31.9631423288824
5469,Marcelo Brozović,Inter Milan,Serie A,32,2492.0,2.02247191011236,0.1444622792937399,22.23642791727041,2.7808988764044944,0.5194805194805194,199.68298555377208,4.5144462279293744,66.48876404494382,0.7881586094513852,1.7335473515248796,0.1444622792937399,2.02247191011236,0.3611556982343499,14.554574638844302,20.956293247045085,27.12279293739968,2.130818619582665,0.6779661016949152,0.7584269662921349,0.4761904761904761,6.139646869983949,0.9028892455858748,0.7223113964686999,1.6613162118780098,1.3362760834670948,67.4871767046482,41.157370229697975,23.628378748837036,23.87609081183304
7165,Rodrigo Sebastián Palacio,Inter Milan,Serie A,27,1471.0,1.0401087695445277,0.1223657375934738,13.06363582666736,2.5084976206662133,0.5853658536585366,143.35146159075458,13.88851121685928,35.547246770904145,0.7401032702237521,1.529571719918423,0.2447314751869476,3.1815091774303195,0.1835486063902107,4.343983684568321,16.990282595524956,21.536369816451398,1.5907545887151595,0.5,0.3670972127804215,0.6666666666666666,3.9157036029911625,0.6118286879673691,1.468388851121686,1.5907545887151595,3.4262406526172677,79.88979940247548,43.16730687153223,23.03416737150239,24.55228844715845
33311,Ogenyi Eddy Onazi,Lazio,Serie A,15,1219.0,0.8859721082854799,0.0738310090237899,26.435296620965133,1.2551271534044297,0.6470588235294118,149.13863822805578,1.5504511894995898,50.8695652173913,0.8055152394775036,0.6644790812141099,0.0738310090237899,0.5168170631665299,0.1476620180475799,9.15504511894996,19.703161357329467,25.324036095159965,2.0672682526661195,0.6428571428571429,1.4027891714520098,0.631578947368421,6.644790812141099,1.6242821985233795,1.2551271534044297,1.4766201804757997,1.3289581624282198,58.96158415841584,48.273267326732665,20.837227715715464,18.3374960289486
7776,Antonio Candreva,Lazio,Serie A,30,2247.0,3.6048064085447264,0.1602136181575434,22.804999539049916,3.0841121495327104,0.4415584415584415,177.55674232309747,9.93324432576769,50.707610146862486,0.6848341232227488,1.321762349799733,0.1201602136181575,6.008010680907877,0.0801068090787717,9.212283044058744,18.90391577883097,10.974632843791722,0.520694259012016,0.6923076923076923,0.6008010680907877,0.6666666666666666,5.367156208277704,0.4005340453938585,0.0400534045393858,0.520694259012016,2.162883845126836,78.21705391382812,57.51885856079405,24.13340204427397,23.266525958728906
19286,Miroslav Klose,Lazio,Serie A,24,1414.0,1.9094766619519097,0.3818953323903819,11.680545913185869,1.845827439886846,0.4137931034482758,93.81895332390384,18.521923620933524,20.17680339462518,0.6466876971608833,0.5728429985855729,0.3818953323903819,0.2545968882602546,0.4455445544554456,2.227722772277228,16.141826882965294,14.766619519094768,0.8274398868458275,0.6153846153846154,0.4455445544554456,0.4285714285714285,2.6732673267326734,1.0820367751060822,3.373408769448374,1.5912305516265914,1.4002828854314004,78.51858887381276,42.02991858887381,24.271172836196914,17.96270315422125
7155,Vincent Laurini,Empoli,Serie A,25,2019.0,0.1337295690936107,0.0445765230312035,21.69468374777716,0.7132243684992571,0.5625,125.83952451708768,0.8915304606240714,50.46062407132244,0.8401060070671378,0.2228826151560178,0.0,0.4903417533432392,0.0891530460624071,6.240713224368499,17.576336802120142,12.12481426448737,1.4264487369985142,0.5,1.3372956909361071,0.6,4.635958395245171,3.209509658246657,1.3818722139673103,1.0252600297176822,1.4264487369985142,54.68997520368402,66.90655331207934,25.009124132370584,12.490119208701888
8664,Andrea Costa,Empoli,Serie A,24,2177.0,0.2893890675241157,0.0413412953605879,14.507694883002982,0.1240238860817638,0.6666666666666666,147.13367018833256,1.3642627468994029,57.21635277905374,0.8511560693641619,0.0413412953605879,0.0,0.0413412953605879,0.0826825907211759,8.474965548920533,20.070397849277448,4.712907671107028,0.6201194304088194,0.6666666666666666,1.3642627468994029,0.5757575757575758,3.968764354616445,5.209003215434083,3.968764354616445,0.8681672025723473,0.7441433164905833,42.201938746839,30.272014610845748,17.13088038697953,14.292082709300866
7151,Mário Rui Silva Duarte,Empoli,Serie A,36,3377.0,0.7728753331359195,0.0,29.467526970461147,1.119336689369263,0.5,163.3165531536867,0.9061297009179744,63.10926858158129,0.8015202702702703,0.8528279538051525,0.053301747112822,1.385845424933373,0.1599052413384661,8.92804264139769,18.68474835331503,10.873556411015697,1.998815516730826,0.6,1.4391471720461948,0.5925925925925926,4.98371335504886,2.771690849866746,0.7728753331359195,1.0926858158128516,2.5851347349718687,55.32816579634464,11.930352480417753,25.091588167476505,9.62050439616308
16308,Leandro Daniel Paredes,Empoli,Serie A,33,2567.0,1.8582002337358785,0.0701207635372029,33.02866854964846,1.542656797818465,0.6818181818181818,203.139851967277,0.2804830541488118,73.17101675107129,0.802587446094873,1.4374756525126609,0.0350603817686014,0.7362680171406312,0.6661472536034282,16.127775613556683,21.04836358076665,18.757304246201794,2.83989092325672,0.5185185185185185,0.94663030775224,0.7407407407407407,7.2224386443319055,1.227113361901052,1.1920529801324504,1.963381379041683,3.015192832099728,57.91399723852261,40.87176389368312,21.252414164979577,18.816358219749997
40251,Daniele Croce,Empoli,Serie A,28,1873.0,0.5766150560597971,0.0,22.39692312748908,2.402562733582488,0.36,144.6342765616658,3.315536572343833,42.90977042178324,0.8443449048152296,0.9610250934329952,0.0480512546716497,1.1532301121195945,0.1441537640149492,2.786972770955686,14.56547079540873,25.41911372130272,1.8739989321943409,0.6410256410256411,0.4324612920448478,0.8888888888888888,5.718099305926321,0.4324612920448478,1.009076348104645,1.1051788574479444,2.7389215162840364,67.61039867109635,25.52451827242524,22.999104883070043,20.056996447512105
8187,Marcel Büchel,Empoli,Serie A,28,1634.0,1.9828641370869036,0.1101591187270501,27.078185584888946,1.5973072215422277,0.6206896551724138,152.2949816401469,1.5422276621787026,48.80048959608323,0.8047404063205418,1.0465116279069768,0.055079559363525,0.7711138310893513,0.2203182374541003,6.3341493268053854,17.175983462189617,20.98531211750306,1.9277845777233784,0.6,1.817625458996328,0.7272727272727273,5.618115055079559,1.2668298653610772,1.3219094247246022,2.7539779681762546,1.2668298653610772,63.37898734177216,26.104629294755867,22.331354947757458,17.154225653580824
7150,Riccardo Saponara,Empoli,Serie A,33,2705.0,2.428835489833641,0.166358595194085,20.560425469797103,3.992606284658041,0.525,160.53604436229205,11.345656192236598,39.99260628465804,0.7279534109816972,2.0628465804066543,0.33271719038817,0.99815157116451,0.8983364140480591,4.558225508317929,16.4979981391015,14.573012939001847,1.2643253234750462,0.6578947368421053,0.133086876155268,0.75,4.524953789279112,0.6987060998151571,0.399260628465804,1.231053604436229,2.6950092421441774,73.71361658031087,39.57369948186529,22.30527926259892,17.367933482832466
7054,Manuel Pucciarelli,Empoli,Serie A,38,3156.0,1.6539923954372624,0.1711026615969582,16.96904446405583,1.7680608365019013,0.5161290322580645,123.07984790874524,13.003802281368822,30.17110266159696,0.8005671077504726,1.1121673003802282,0.0855513307984791,0.5988593155893537,0.1711026615969582,1.3403041825095057,12.79151936512287,19.96197718631179,1.2832699619771863,0.6,0.370722433460076,0.7692307692307693,3.678707224334601,0.0285171102661596,0.3136882129277566,1.3688212927756656,2.0247148288973387,79.79029193697868,37.99221501390176,19.52127877786955,21.614787754713088
11722,Boukary Dramé,Atalanta,Serie A,25,2126.0,0.761994355597366,0.0,22.995353167339324,1.523988711194732,0.7777777777777778,141.09595484477893,1.7779868297271872,54.56726246472248,0.7858805275407292,0.6773283160865475,0.0,2.1589840075258704,0.0,8.08560677328316,18.92384621458495,12.572906867356538,1.7779868297271872,0.5238095238095238,1.4816556914393226,0.7714285714285715,4.741298212605833,2.412982126058325,2.412982126058325,1.0159924741298214,1.354656632173095,57.91167116711672,11.306120612061209,26.809798979656865,9.50609568263264
7006,Alejandro Darío Gómez,Atalanta,Serie A,34,2879.0,2.7196943383119137,0.2188259812434873,23.00257887683765,3.938867662382772,0.5873015873015873,156.74192427926363,8.471691559569294,44.20284821118444,0.6796322489391796,1.9381729767280305,0.2188259812434873,4.2202153525529695,0.3751302535602639,8.846821813129559,19.380383463557287,13.7860368183397,1.1566516151441473,0.7027027027027027,1.0941299062174366,0.7428571428571429,5.595692948940604,0.2500868357068426,0.5001736714136853,1.0628690517540813,2.81347690170198,76.24904268049461,22.11968488232947,24.30591896083525,19.848524540288352
36770,Mauricio Ricardo Pinilla Ferreira,Atalanta,Serie A,20,1384.0,2.796242774566474,0.3251445086705202,17.980746520515567,1.365606936416185,0.3809523809523809,111.58959537572254,16.582369942196532,22.82514450867052,0.6609686609686609,0.9754335260115606,0.130057803468208,1.1705202312138727,0.0,2.601156069364161,16.603641582621087,16.90751445086705,1.2355491329479769,0.4736842105263157,0.3251445086705202,0.8,3.121387283236994,1.4306358381502888,4.617052023121387,3.121387283236994,2.145953757225433,77.42779720279721,37.18228438228439,22.93132704292424,20.460637652573173
3112,Anton Ciprian Tătărușanu,Fiorentina,Serie A,37,3440.0,0.0,0.0,19.71618752593094,0.0261627906976744,1.0,74.11918604651163,0.0,29.511627906976745,0.7597517730496454,0.0,0.0,0.0,0.0261627906976744,13.892441860465118,35.193227658510644,0.1569767441860465,0.0,0.6086956521739131,0.0,0.618734335839599,3.950581395348837,0.0,0.0,0.0,0.0523255813953488,9.428309212848571,40.59855277091421,6.034985938466641,8.701644948100979
6830,Facundo Sebastián Roncaglia,Fiorentina,Serie A,30,2532.0,0.3909952606635071,0.0355450236966824,33.527637924837194,0.3199052132701421,0.5555555555555556,176.3388625592417,0.462085308056872,68.17535545023696,0.87851929092805,0.2843601895734597,0.0,0.2843601895734597,0.1066350710900473,9.774881516587678,20.110808705318043,16.990521327014218,3.1279620853080567,0.5795454545454546,1.1374407582938388,0.59375,5.367298578199052,2.6658767772511847,2.0971563981042656,1.7772511848341233,1.1018957345971565,48.67442047974199,54.34279379157427,20.95013595961229,20.975310184760467
25931,Gonzalo Javier Rodríguez,Fiorentina,Serie A,35,3255.0,0.304147465437788,0.1105990783410138,11.78086812156197,0.6912442396313364,0.56,167.14285714285717,1.5483870967741935,61.68663594470046,0.8655311519497983,0.1935483870967742,0.0,0.0276497695852534,0.304147465437788,17.1705069124424,25.048908980905424,8.129032258064516,1.4101382488479264,0.5882352941176471,1.1059907834101383,0.575,5.28110599078341,4.589861751152074,2.0737327188940093,0.9953917050691244,0.912442396313364,40.84081058726221,45.75897435897438,16.680692602882143,14.05235964243844
8275,Davide Astori,Fiorentina,Serie A,33,3016.0,0.4177718832891246,0.0,13.174791754781191,0.6863395225464191,0.8695652173913043,189.28050397877985,1.4622015915119362,69.76790450928382,0.8939264328485885,0.1492042440318302,0.0,0.059681697612732,0.0895225464190981,12.055702917771884,21.653408798246364,8.385278514588858,1.6114058355437666,0.5740740740740741,1.4920424403183024,0.58,4.595490716180371,4.118037135278515,2.476790450928382,1.3428381962864722,0.8952254641909814,43.19765095380733,23.12514583004888,18.889101895642543,12.771651091883868
11516,Manuel Pasqual,Fiorentina,Serie A,17,1074.0,0.4189944134078212,0.0,21.79452094913088,0.4189944134078212,0.4,163.5754189944134,1.759776536312849,63.60335195530726,0.7760210803689065,1.759776536312849,0.1675977653631284,4.273743016759776,0.1675977653631284,10.139664804469271,19.88984585480896,13.910614525139664,1.8435754189944131,0.5454545454545454,0.8379888268156424,0.5,4.189944134078212,1.089385474860335,0.6703910614525139,1.1731843575418994,1.5083798882681565,64.53555327868852,9.882940573770492,27.086122442999493,9.956968941016646
5255,Matías Vecino Falero,Fiorentina,Serie A,30,2487.0,1.7370325693606756,0.0723763570566948,27.157014013208528,1.3751507840772017,0.7105263157894737,206.0916767189385,2.316043425814234,71.0735826296743,0.8767820773930753,0.9047044632086853,0.0361881785283474,0.2171290711700844,0.0361881785283474,8.757539203860073,18.216667849439915,21.604342581423403,2.6055488540410137,0.625,1.158021712907117,0.53125,4.813027744270205,1.4837153196622437,2.0989143546441498,2.0989143546441498,1.230398069963812,61.31634767339772,37.1662335381914,19.170963594270777,18.252166343860868
6305,Milan Badelj,Fiorentina,Serie A,27,2178.0,1.115702479338843,0.0413223140495867,26.494983056031508,1.4462809917355373,0.6571428571428571,211.40495867768595,0.3305785123966942,75.0,0.8633608815426997,1.322314049586777,0.0413223140495867,0.2479338842975206,0.4132231404958678,11.15702479338843,19.540547917272733,17.975206611570247,2.56198347107438,0.5161290322580645,1.9834710743801651,0.625,5.950413223140496,1.694214876033058,0.9917355371900828,1.859504132231405,0.9917355371900828,61.16626270523847,40.977130570758405,18.02184223885987,17.066602070441576
6658,Cristian Tello Herrera,Fiorentina,Serie A,15,1092.0,1.8131868131868127,0.1648351648351648,20.181265200529516,4.862637362637362,0.5423728813559322,152.3076923076923,8.736263736263735,42.03296703296703,0.7745098039215687,1.4835164835164836,0.3296703296703296,3.4615384615384617,0.3296703296703296,4.285714285714286,17.050325816078434,16.813186813186814,0.9065934065934066,0.4545454545454545,0.6593406593406593,0.75,3.956043956043956,0.2472527472527472,0.0,0.2472527472527472,1.401098901098901,77.4785173160173,61.2215367965368,21.636289775456813,22.99837071722503
26192,Matías Ariel Fernández Fernández,Fiorentina,Serie A,22,1130.0,1.991150442477876,0.079646017699115,26.32767407085628,1.592920353982301,0.65,177.3716814159292,4.061946902654867,55.35398230088496,0.8633093525179856,1.592920353982301,0.2389380530973451,1.2743362831858407,0.5575221238938053,5.734513274336283,16.354219528345325,16.964601769911503,1.752212389380531,0.7272727272727273,0.7964601769911505,0.8,4.380530973451328,0.1592920353982301,0.3185840707964602,1.592920353982301,3.185840707964602,72.29887741356085,42.56295464750786,21.66413406121173,23.129943093663893
7777,Federico Bernardeschi,Fiorentina,Serie A,33,2349.0,2.068965517241379,0.0766283524904214,22.0327094879862,3.8697318007662833,0.5346534653465347,152.98850574712642,7.432950191570881,41.95402298850574,0.7726027397260274,1.3409961685823757,0.1532567049808429,1.5708812260536398,0.4214559386973179,7.662835249042145,19.40509982255708,19.15708812260536,1.0727969348659003,0.6071428571428571,0.7662835249042145,0.75,6.628352490421455,0.5363984674329502,0.2681992337164751,1.4942528735632183,2.6053639846743293,70.68817931379914,53.00656148259456,24.84103793233345,23.13596712324905
7033,Nikola Kalinić,Fiorentina,Serie A,36,2692.0,2.473997028231798,0.4011887072808321,12.904278538600412,0.8023774145616642,0.5833333333333334,97.89004457652302,17.284546805349184,18.922734026745918,0.7862190812720848,0.5014858841010401,0.100297176820208,0.1671619613670133,0.200594353640416,1.0698365527488856,13.104928374257952,15.111441307578009,0.300891530460624,0.1111111111111111,0.0668647845468053,0.5,1.537890044576523,0.3677563150074294,1.9056463595839523,1.7719167904903417,2.8417533432392275,82.20679644808742,37.23227459016394,20.766173454823985,16.666279845762734
6997,Borja Valero Iglesias,Fiorentina,Serie A,37,3202.0,1.0118675827607744,0.1124297314178638,22.504868754044864,2.2767020612117426,0.654320987654321,205.74640849469083,4.356652092442223,65.7995003123048,0.8620247757368645,2.0237351655215488,0.1686445971267957,1.5178013741411618,0.4216114928169894,10.062460961898813,18.627366671977786,16.80824484697064,1.6021236727045596,0.6140350877192983,0.5340412242348532,0.6842105263157895,5.56527170518426,0.4778263585259212,0.1686445971267957,1.0118675827607744,3.063710181136789,68.08016393442625,35.7362431693989,21.65866495730253,20.69744900824896
3556,Serge Gakpé,Genoa,Serie A,18,913.0,2.267250821467689,0.2957283680175246,18.02661528733923,2.464403066812705,0.36,109.2223439211391,15.180722891566266,21.48959474260679,0.7018348623853211,0.9857612267250822,0.0985761226725082,1.0843373493975903,0.3943044906900328,2.1686746987951806,16.001495238990824,16.46221248630887,0.9857612267250822,0.5,0.1971522453450164,1.0,3.3515881708652797,0.3943044906900328,1.9715224534501643,1.872946330777656,1.0843373493975903,82.24043321299636,45.80640794223825,21.91704059412194,22.62613709577721
7056,Nenad Tomović,Fiorentina,Serie A,24,1746.0,0.3608247422680412,0.0,18.625343088861552,0.5154639175257731,0.5,187.98969072164948,1.2371134020618555,71.75257731958763,0.8642241379310345,0.4639175257731958,0.0,0.5154639175257731,0.1030927835051546,9.072164948453608,19.016327605531608,10.618556701030927,1.8556701030927836,0.5555555555555556,0.979381443298969,0.4736842105263157,3.5051546391752577,3.8659793814432986,2.6288659793814437,1.7010309278350515,0.8762886597938144,51.64510556621881,62.75182341650671,22.39783110003821,13.740681967453671
6849,Lucas Digne,AS Roma,Serie A,33,2967.0,0.4853387259858442,0.0910010111223457,25.2428507613245,1.2133468149646107,0.55,157.7654196157735,2.4570273003033365,61.27401415571284,0.7742574257425743,0.7280080889787663,0.0606673407482305,3.094034378159757,0.0606673407482305,7.098078867542973,16.888888823960393,14.438827098078868,1.9110212335692616,0.5079365079365079,1.2740141557128413,0.5,4.641051567239636,2.942366026289181,3.1243680485338725,1.607684529828109,0.9706774519716884,63.626475677754286,10.432878292636028,28.08717170594739,8.786349529393561
11508,Łukasz Skorupski,Empoli,Serie A,31,2909.0,0.0309384668270883,0.0,7.2917761896536515,0.0,0.5833333333333334,66.57958061189412,0.0618769336541766,27.41148160880028,0.7347629796839729,0.0,0.0,0.0,0.0,14.293571674114816,36.47781118724605,0.092815400481265,0.0,0.6086956521739131,0.0,0.618734335839599,4.578893090409076,0.0,0.0,0.0,0.2165692677896184,8.520910780669144,39.92467472118959,6.774636268335598,7.740689928122582
40250,Marco Zambelli,Empoli,Serie A,19,1304.0,0.0690184049079754,0.0,24.420483205702546,1.035276073619632,0.6,143.28220858895708,0.7592024539877301,54.45552147239264,0.7782002534854245,0.2070552147239264,0.0,2.0015337423312887,0.0,7.730061349693252,18.156799462484155,9.386503067484664,1.3113496932515338,0.4736842105263157,1.8634969325153372,0.4074074074074074,4.969325153374234,2.7607361963190185,0.7592024539877301,1.1733128834355828,0.897239263803681,56.49922928709056,59.79383429672447,25.9332485606584,22.539311633688392
7160,Lorenzo Tonelli,Empoli,Serie A,26,2381.0,0.2645947081058379,0.0755984880302394,16.00656229732296,0.377992440151197,0.5,132.9777404451911,2.1167576648467032,51.14237715245695,0.844789356984479,0.1889962200755985,0.0,0.0377992440151197,0.0755984880302394,8.013439731205377,19.747273057206208,9.790004199916002,1.8143637127257457,0.6041666666666666,1.398572028559429,0.7297297297297297,4.535909281814364,6.047879042419152,3.931121377572449,1.0961780764384712,2.154556908861823,43.39693007390564,50.630585559977256,18.65545907148724,12.271144216608592
17520,Federico Barba,Empoli,Serie A,10,925.0,0.2918918918918919,0.0,22.75974859965621,0.0,0.5833333333333334,130.6702702702703,1.654054054054054,51.66486486486487,0.8813559322033898,0.0,0.0,0.0,0.0,8.172972972972973,20.251551058568737,5.643243243243243,0.7783783783783784,0.375,0.972972972972973,0.6,3.1135135135135137,6.227027027027027,2.5297297297297296,1.3621621621621622,0.7783783783783784,42.68458674609085,27.611243484735663,17.9632932366511,12.819482108743577
40252,Massimo Maccarone,Empoli,Serie A,37,2814.0,2.6226012793176974,0.3837953091684435,17.516956103786818,1.631130063965885,0.3137254901960784,98.73134328358208,14.360341151385928,20.724946695095948,0.6774691358024691,0.9914712153518124,0.1599147121535181,0.7995735607675907,0.2238805970149253,1.631130063965885,14.030166151851857,14.20042643923241,0.7356076759061834,0.5652173913043478,0.1599147121535181,0.6,2.590618336886993,0.767590618336887,1.119402985074627,1.4712153518123667,1.7590618336886994,82.24574020084225,32.14868804664722,21.81074114687469,20.291243315579774
7107,Danilo Cataldi,Lazio,Serie A,20,1384.0,1.8858381502890167,0.065028901734104,26.39570088459828,0.6502890173410404,0.4,164.52312138728325,1.9508670520231213,60.54190751445086,0.7969924812030075,1.3005780346820808,0.1950867052023121,1.1705202312138727,0.1950867052023121,10.729768786127169,19.730901983673466,18.79335260115607,1.6907514450867052,0.7307692307692307,0.4552023121387283,0.8571428571428571,6.11271676300578,0.8453757225433526,0.3901734104046243,1.9508670520231213,0.9754335260115606,63.04090909090908,44.26300395256917,21.534234862430413,18.772051351008127
38237,Gabriel Alejandro Paletta,Atalanta,Serie A,24,2092.0,0.387189292543021,0.0430210325047801,19.81127748841698,0.2151051625239005,0.6,89.01051625239006,1.9789674952198848,34.717973231357554,0.7645600991325898,0.1290630975143403,0.0,0.2151051625239005,0.0,10.970363288718929,26.40337014944238,11.916826003824092,2.194072657743786,0.6666666666666666,0.8604206500956023,0.55,4.000956022944551,4.904397705544933,3.1405353728489485,1.5917782026768643,0.6022944550669216,39.5450942484292,32.2818753020783,19.16810201104833,14.583706658968849
7132,Andrea Consigli,Sassuolo,Serie A,37,3396.0,0.0,0.0,19.71618752593094,0.0265017667844522,1.0,85.60070671378092,0.0,34.87632508833922,0.7051671732522796,0.0,0.0,0.0,0.0,20.30035335689046,39.846487767401214,0.0530035335689045,0.0,0.6086956521739131,0.0,0.618734335839599,5.114840989399293,0.0,0.0,0.0530035335689045,0.1855123674911661,9.72876160990712,39.82777089783281,7.059616501885674,7.733826206123445
8848,Paolo Cannavaro,Sassuolo,Serie A,31,2745.0,0.1639344262295082,0.0,34.840533717144226,0.2950819672131147,0.7777777777777778,91.08196721311477,0.9836065573770492,35.57377049180328,0.7972350230414746,0.1311475409836065,0.0327868852459016,0.0327868852459016,0.1967213114754098,9.508196721311476,24.71288013078341,7.409836065573771,1.1475409836065575,0.6,1.180327868852459,0.4166666666666667,3.4426229508196724,4.754098360655738,1.5409836065573772,0.8524590163934427,1.0163934426229508,41.27181425485962,50.33254139668826,19.73975518757582,13.729240736788384
7119,Francesco Acerbi,Sassuolo,Serie A,36,3367.0,0.3742203742203742,0.1069201069201069,10.289888363919143,0.4276804276804277,0.875,127.98336798336798,1.7641817641817643,49.29016929016929,0.8725596529284165,0.0801900801900802,0.0,0.0,0.0534600534600534,10.558360558360558,22.7459129010846,8.152658152658153,1.38996138996139,0.5769230769230769,1.6572616572616572,0.7258064516129032,6.094446094446095,5.47965547965548,3.0472230472230475,0.5346005346005346,0.7751707751707752,39.12669172932331,27.22763157894737,21.961863204684164,14.310297353554176
7118,Federico Peluso,Sassuolo,Serie A,34,3155.0,0.5419968304278923,0.028526148969889,14.609606743899477,0.9984152139461172,0.2571428571428571,118.09825673534074,2.2250396196513478,47.15372424722663,0.7410768300060496,0.5705229793977813,0.028526148969889,1.683042789223455,0.0570522979397781,5.705229793977813,18.22235564811857,12.323296354992076,2.053882725832013,0.5694444444444444,1.740095087163233,0.4426229508196721,3.2234548335974647,3.5372424722662443,3.023771790808241,1.625990491283677,1.0839936608557843,59.53478260869566,10.572028985507243,29.068875860502747,9.690914876775992
6963,Lorenzo Pellegrini,Sassuolo,Serie A,19,1185.0,1.8227848101265824,0.2278481012658227,21.50865057588756,2.126582278481013,0.5714285714285714,146.43037974683546,5.088607594936709,46.63291139240506,0.754071661237785,0.9873417721518988,0.0,1.2911392405063291,0.0,6.075949367088608,18.17001235635179,23.31645569620253,2.0506329113924053,0.5555555555555556,1.139240506329114,0.4,5.924050632911393,1.139240506329114,2.278481012658228,2.6582278481012658,2.2025316455696204,67.71623443983403,50.55134854771784,23.67713896735579,21.456201123361744
7698,Joseph Alfred Duncan,Sassuolo,Serie A,33,2579.0,1.3609926328034123,0.0348972469949592,24.517414771543056,2.44280728964715,0.5428571428571428,144.64908879410626,4.152772392400156,44.80806514152773,0.7149532710280374,1.570376114773168,0.1744862349747964,2.44280728964715,0.3838697169445522,8.410236525785189,20.38685147211838,22.89259402869329,2.373012795657232,0.6617647058823529,0.7677394338891044,0.6363636363636364,6.38619620007755,0.7677394338891044,1.081814656843738,1.6401706087630863,0.732842186894145,70.09763570566949,25.37179734620024,24.03098430597656,17.186920666738704
7131,Domenico Berardi,Sassuolo,Serie A,29,2214.0,3.5772357723577235,0.1626016260162601,22.421144538100343,2.886178861788618,0.5070422535211268,160.52845528455285,9.268292682926829,43.73983739837399,0.6524163568773235,1.2601626016260163,0.2439024390243902,2.7642276422764227,0.5284552845528455,9.146341463414634,20.61685170576208,19.715447154471544,1.6666666666666663,0.4390243902439024,1.2601626016260163,0.5806451612903226,4.512195121951219,0.6504065040650406,1.0975609756097562,1.829268292682927,3.4552845528455283,78.86168650291212,58.50372246138264,22.1093393179602,17.33954049399451
6859,Nicola Sansone,Sassuolo,Serie A,37,2640.0,2.1477272727272725,0.2386363636363636,21.34049705917476,3.340909090909091,0.4795918367346938,139.1931818181818,10.295454545454543,34.97727272727273,0.732943469785575,1.4659090909090908,0.1363636363636363,1.534090909090909,0.2386363636363636,4.090909090909091,16.61190779064328,18.545454545454543,0.8863636363636362,0.5384615384615384,0.5454545454545454,0.6875,3.852272727272727,0.3409090909090909,0.5113636363636364,1.8068181818181817,2.318181818181818,80.57969630173892,21.30678422728386,23.01006811350521,17.326857779432224
8093,Diego Falcinelli,Sassuolo,Serie A,26,1183.0,1.9019442096365171,0.0760777683854607,16.331867797261157,1.293322062552832,0.5882352941176471,100.11834319526628,18.25866441251057,17.041420118343197,0.7678571428571429,1.1411665257819104,0.0760777683854607,0.4564666103127641,0.0760777683854607,1.1411665257819104,13.444225806696432,24.725274725274726,0.9129332206255284,0.5833333333333334,0.1521555367709214,1.0,2.586644125105664,0.3043110735418428,1.3693998309382924,2.510566356720203,2.586644125105664,82.13829787234043,40.26717325227963,20.62879788717541,18.47599736511232
8873,Marios Oikonomou,Bologna,Serie A,20,1689.0,0.2664298401420959,0.0,9.768982091419703,0.2131438721136767,0.75,104.60035523978684,0.905861456483126,40.44404973357016,0.7878787878787878,0.0532859680284191,0.0532859680284191,0.1598579040852575,0.1598579040852575,11.882770870337476,25.146132325823448,10.657193605683837,2.2380106571936054,0.5476190476190477,1.2255772646536411,0.5652173913043478,3.783303730017762,5.381882770870337,2.770870337477797,1.119005328596803,0.586145648312611,42.135303107488525,55.02073357106468,20.743998186743102,13.71224035226108
10030,Davide Biondini,Sassuolo,Serie A,22,1148.0,0.548780487804878,0.0,17.37777030980981,0.862369337979094,0.5454545454545454,123.397212543554,2.900696864111498,40.13937282229965,0.6953125,0.548780487804878,0.0,1.646341463414634,0.0,6.585365853658536,19.27237048183594,22.656794425087107,1.332752613240418,0.6470588235294118,0.7839721254355401,0.4,5.017421602787456,1.95993031358885,1.254355400696864,1.56794425087108,1.56794425087108,67.41804320203306,56.52484116899621,24.150317956833906,20.46883146255227
6948,Sergio Floccari,Bologna,Serie A,25,1629.0,2.541436464088397,0.3314917127071823,16.921729428523005,2.320441988950276,0.6428571428571429,123.59116022099448,18.23204419889503,24.97237569060773,0.7588495575221239,0.718232044198895,0.0552486187845303,0.4419889502762431,0.1104972375690607,2.044198895027624,15.0638455494469,20.33149171270718,0.718232044198895,0.8461538461538461,0.2762430939226519,0.6,4.30939226519337,0.8839779005524862,2.596685082872928,2.154696132596685,2.0994475138121547,79.45341975860528,35.84085829235583,22.092278392418105,19.97786376165502
7457,Gregoire Defrel,Sassuolo,Serie A,33,2115.0,2.2127659574468086,0.2978723404255319,17.334656089296786,1.9574468085106385,0.4565217391304347,117.61702127659574,13.361702127659576,24.80851063829787,0.8147512864493996,0.9361702127659576,0.1702127659574468,0.4680851063829787,0.1276595744680851,1.2340425531914894,13.312479126295024,23.78723404255319,0.6808510638297872,0.9375,0.2978723404255319,1.0,4.127659574468085,0.5531914893617021,1.8297872340425527,2.0,2.042553191489361,78.71418234442838,41.274819102749646,21.972809997346324,19.3970038435747
7704,Alex Ferrari,Bologna,Serie A,21,1322.0,0.5446293494704992,0.0,23.39623113122792,2.1104387291981848,0.5806451612903226,124.99243570347956,1.9062027231467475,45.88502269288957,0.7863501483679525,0.2723146747352496,0.0,1.021180030257186,0.1361573373676248,5.65052950075643,18.459595379376854,21.240544629349472,3.608169440242057,0.5849056603773585,2.5189107413010587,0.6216216216216216,5.37821482602118,3.335854765506808,2.246596066565809,1.97428139183056,1.70196671709531,59.92619825708061,63.297385620915016,28.448760170937614,17.73736113668347
7036,Gianluigi Donnarumma,AC Milan,Serie A,30,2737.0,0.0,0.0,19.71618752593094,0.0,0.5833333333333334,74.34782608695653,0.0328827183047131,29.857508220679577,0.6960352422907489,0.0,0.0,0.0,0.0,16.211180124223603,39.090236748348026,0.1315308732188527,0.0,0.6086956521739131,0.0,0.618734335839599,4.866642309097553,0.0,0.0,0.0328827183047131,0.1972963098282791,9.90026536930562,40.542945599292345,7.532542985052406,8.565036979597894
7463,Ignazio Abate,AC Milan,Serie A,27,2337.0,0.1540436456996149,0.0385109114249037,19.79273323009501,1.4634146341463417,0.5526315789473685,165.13478818998718,1.5019255455712452,62.84980744544288,0.7683823529411765,0.693196405648267,0.0385109114249037,1.9255455712451863,0.1925545571245186,12.477535301668809,21.16869770692402,15.481386392811295,3.234916559691913,0.6309523809523809,1.270860077021823,0.5151515151515151,4.390243902439025,2.9268292682926838,0.8857509627727856,1.6174582798459565,0.693196405648267,57.73437500000001,69.0095615671642,24.959631741679797,10.257126299296177
40945,Alex Rodrigo Dias da Costa,AC Milan,Serie A,25,2174.0,0.9521619135234592,0.124195032198712,13.229811952257675,0.1655933762649494,1.0,103.66145354185834,3.353265869365225,39.03863845446183,0.88016967126193,0.2069917203311867,0.0413983440662373,0.0413983440662373,0.0,7.03771849126035,21.48368261049841,10.432382704691811,1.945722171113156,0.6170212765957447,1.3661453541858326,0.4848484848484848,3.2290708371665136,6.25114995400184,5.091996320147194,1.40754369825207,0.4139834406623735,42.06281948881789,52.22052715654952,21.83565693849092,12.855099386363674
7458,Alessio Romagnoli,AC Milan,Serie A,34,3070.0,0.1758957654723127,0.0,15.113776093816396,0.4690553745928338,0.6875,121.2214983713355,1.6710097719869703,46.4071661237785,0.8673404927353127,0.1758957654723127,0.0,0.1172638436482084,0.0,9.029315960912053,22.213464889703094,10.26058631921824,1.3192182410423452,0.5777777777777777,1.1433224755700326,0.6666666666666666,3.7231270358306183,4.925081433224755,3.86970684039088,1.495114006514658,0.6742671009771987,40.513204353083445,26.83124546553809,19.62825357339649,13.480629688716986
8874,Luca Antonelli,AC Milan,Serie A,28,2439.0,0.7011070110701108,0.1107011070110701,16.58072848207152,1.4022140221402215,0.5526315789473685,148.929889298893,4.022140221402214,57.38007380073801,0.7935691318327974,0.4797047970479705,0.03690036900369,1.5498154981549814,0.07380073800738,6.199261992619926,17.86438011787781,14.428044280442805,3.357933579335793,0.5824175824175825,0.996309963099631,0.5185185185185185,4.317343173431734,2.6199261992619927,1.4391143911439117,0.5904059040590406,2.3985239852398523,59.966922695738354,11.438478691774034,26.31551682398709,10.070447770585528
10919,Juraj Kucka,AC Milan,Serie A,30,2249.0,2.040907069808804,0.0400177856825255,19.587857521933408,3.16140506891952,0.5063291139240507,143.34370831480658,6.002667852378835,42.97910182303246,0.7402234636871509,1.1204979991107158,0.0800355713650511,1.0804802134281903,0.2401067140951533,6.002667852378835,18.558888783612677,24.771009337483324,3.281458425967096,0.8048780487804879,1.4806580702534458,0.6756756756756757,5.882614495331258,1.920853712761227,3.2414406402845706,2.841262783459315,2.120942641173855,65.48802345058625,49.68171412618648,23.833231051343912,20.28997362416358
7166,Riccardo Montolivo,AC Milan,Serie A,31,2768.0,0.9754335260115606,0.0,25.907535171562756,1.0079479768786126,0.6451612903225806,178.34176300578034,0.5852601156069364,64.5086705202312,0.8099798387096774,0.5852601156069364,0.032514450867052,0.3251445086705202,0.2926300578034682,16.25722543352601,23.30433660841734,17.915462427745663,1.9833815028901731,0.7049180327868853,2.243497109826589,0.6376811594202898,9.624277456647398,1.7882947976878611,0.8128612716763005,0.7478323699421965,1.463150289017341,57.2330902461258,40.817484047402,20.734597161231,18.74844038863912
7026,Giacomo Bonaventura,AC Milan,Serie A,33,2949.0,3.2349949135300102,0.1831129196337741,22.672518570873013,3.4791454730417093,0.5964912280701754,172.5534079348932,7.3245167853509665,51.39369277721261,0.7422802850356295,1.8311291963377416,0.2441505595116989,2.136317395727365,0.4577822990844354,9.79654120040692,19.046458418646083,13.458799593082402,1.0376398779247202,0.4705882352941176,0.9155645981688708,0.7333333333333333,6.71414038657172,1.0376398779247202,0.8850457782299085,1.4038657171922686,2.6551373346897256,74.01873010258223,22.1809692253272,24.15810961309267,19.210072600929333
5661,M''Baye Babacar Niang,AC Milan,Serie A,16,1155.0,2.961038961038961,0.2337662337662337,19.85168087769901,5.376623376623376,0.4202898550724637,146.88311688311688,14.64935064935065,29.37662337662337,0.6763925729442971,0.7792207792207793,0.1558441558441558,1.87012987012987,0.1558441558441558,4.675324675324675,17.619227411405834,18.77922077922078,1.4805194805194806,0.4210526315789473,0.4675324675324675,0.8333333333333334,5.220779220779221,0.3116883116883117,2.0259740259740258,4.051948051948052,2.3376623376623376,79.18111405835545,37.53925729442971,22.27681798301825,24.614303005483134
5688,Carlos Arturo Bacca Ahumada,AC Milan,Serie A,38,3252.0,2.2416974169741697,0.4428044280442804,14.176227743865551,1.466789667896679,0.5471698113207547,96.69741697416974,17.490774907749078,18.79151291512915,0.7054491899852725,1.1346863468634687,0.055350553505535,0.8025830258302583,0.2767527675276753,1.7158671586715868,14.959299722385865,13.035055350553506,0.3597785977859778,0.3846153846153846,0.1660516605166051,0.3333333333333333,3.044280442804428,0.6918819188191881,1.411439114391144,0.9132841328413284,0.7749077490774907,84.4621350887235,37.44250143102461,20.676560375500568,19.009073982853607
7019,Matías Agustín Silvestre,Sampdoria,Serie A,25,2051.0,0.1755241345685031,0.0,9.744647683282444,0.2632862018527547,1.0,119.57581667479278,1.3603120429058997,44.53924914675768,0.8492610837438423,0.0438810336421257,0.0,0.0,0.0,9.917113603120429,23.45751229773399,11.36518771331058,1.0092637737688932,0.4782608695652174,0.7020965382740126,0.625,3.291077523159434,5.221843003412969,2.457337883959044,1.448074110190151,0.7459775719161384,37.684807339449534,45.66583486238533,19.225010573947333,17.978680638857064
7000,Eder Citadin Martins,Sampdoria,Serie A,33,2466.0,2.9197080291970803,0.364963503649635,19.51198522540944,2.043795620437956,0.4821428571428571,113.7956204379562,11.423357664233576,26.16788321167883,0.7740585774058577,0.7299270072992701,0.1094890510948905,1.167883211678832,0.2554744525547445,2.9197080291970803,16.622707864295673,14.416058394160585,1.021897810218978,0.6785714285714286,0.5474452554744526,0.6666666666666666,4.489051094890511,0.291970802919708,0.656934306569343,1.4963503649635037,1.9343065693430652,78.1122193713919,37.66215522771007,23.592719278711087,23.696254567711826
21272,Luiz Adriano de Souza da Silva,AC Milan,Serie A,26,1262.0,1.8541996830427887,0.2139461172741679,14.181951003692593,0.9270998415213946,0.6923076923076923,94.20760697305865,14.76228209191759,19.54041204437401,0.7335766423357665,0.7844690966719493,0.2139461172741679,0.7131537242472266,0.2139461172741679,2.353407290015848,16.79143336459854,16.545166402535656,0.9984152139461172,0.5714285714285714,0.3565768621236133,0.4,3.0665610142630744,0.4992076069730586,2.2107765451664023,2.567353407290016,2.4960380348652933,82.22884178652538,43.55798637395912,21.420065146059045,19.15224983955004
5683,Keisuke Honda,AC Milan,Serie A,30,1989.0,2.171945701357466,0.0452488687782805,22.664498134153217,2.48868778280543,0.5818181818181818,150.58823529411765,6.787330316742081,44.38914027149321,0.7655453618756372,1.67420814479638,0.1357466063348416,2.2171945701357467,0.090497737556561,5.339366515837104,16.664579536126396,21.131221719457013,1.7194570135746603,0.7631578947368421,0.8144796380090498,0.6666666666666666,4.796380090497737,0.995475113122172,2.0361990950226243,1.3574660633484164,1.67420814479638,74.87500000000001,57.29254807692306,23.957924104643208,20.16108771098416
31721,Matteo Ciofani,Frosinone,Serie A,18,1337.0,0.269259536275243,0.0,25.17246515361992,1.0097232610321616,0.4666666666666667,85.55721765145849,0.8077786088257293,36.282722513089006,0.699443413729128,0.0673148840688107,0.0673148840688107,1.211667913238594,0.0673148840688107,8.548990276738968,21.64707255565862,10.6357516828721,1.6828721017202692,0.6,0.9424083769633508,0.5,3.0291697830964845,4.240837696335079,1.9521316379955125,1.2789827973074046,0.4038893044128646,54.74232887490165,68.36168371361131,26.6179645493013,11.086615714059498
174418,Modibo Diakité,Frosinone,Serie A,26,2358.0,0.3053435114503817,0.0381679389312977,10.237939310351624,0.4198473282442748,0.9090909090909092,74.73282442748092,1.717557251908397,27.709923664122137,0.7575757575757576,0.1526717557251908,0.0,0.1526717557251908,0.0763358778625954,7.022900763358779,23.965006383374654,8.969465648854962,1.3740458015267176,0.5,1.068702290076336,0.6071428571428571,3.702290076335878,6.221374045801527,3.16793893129771,1.183206106870229,0.7251908396946565,40.10924412665985,50.91567926455567,21.451397218736368,16.834334422473916
23349,Paolo Sammarco,Frosinone,Serie A,28,2412.0,0.8208955223880596,0.1492537313432835,19.55975046234982,0.6343283582089552,0.8235294117647058,96.455223880597,1.828358208955224,34.1044776119403,0.7450765864332604,0.708955223880597,0.0373134328358208,0.5223880597014925,0.2611940298507462,5.85820895522388,19.85428873271335,20.820895522388057,2.164179104477612,0.603448275862069,1.343283582089552,0.5,4.813432835820895,2.5,1.5671641791044777,1.343283582089552,1.380597014925373,60.33493230174082,41.3948162475822,23.87975774635136,21.426331262908697
9898,Aleksandar Tonev,Frosinone,Serie A,22,1133.0,2.5419240953221536,0.0,28.15220969904469,1.6681376875551632,0.6190476190476191,88.01412180052957,3.256840247131509,21.44748455428067,0.6333333333333333,0.794351279788173,0.0794351279788173,2.0653133274492497,0.0794351279788173,3.8128861429832304,18.440708063703703,16.045895851721095,1.588702559576346,0.45,0.5560458958517212,0.7142857142857143,4.289496910856134,0.7149161518093556,0.4766107678729038,1.1120917917034423,0.6354810238305384,74.29548736462093,51.200992779783405,24.84151783842908,23.440015788595822
11608,Danilo Soddimo,Frosinone,Serie A,28,1847.0,2.0952896589063346,0.0487276664861938,26.95764115416075,4.970221981591771,0.4607843137254901,149.59393611261507,6.724417975094749,41.56469951272334,0.6436107854630715,1.802923659989172,0.0974553329723876,3.167298321602599,0.292365998917163,8.332430969139144,20.485863499179366,20.5630752571738,2.436383324309692,0.7,1.5592853275582026,0.78125,9.01461829994586,0.6821873308067137,0.9258256632376828,2.046561992420141,2.387655657823497,71.52671009771989,26.139576547231275,26.169970667667453,22.499640253725666
6944,Mattia De Sciglio,AC Milan,Serie A,22,1912.0,0.6119246861924685,0.0,30.4340209070359,0.6119246861924685,0.5384615384615384,140.88389121338912,0.4707112970711297,55.1673640167364,0.7508532423208191,0.8002092050209204,0.0470711297071129,2.6359832635983262,0.0470711297071129,9.602510460251043,19.849799310238904,13.7918410041841,1.9769874476987448,0.5238095238095238,0.8472803347280334,0.6111111111111112,4.75418410041841,2.8242677824267783,2.5889121338912133,1.8357740585774056,0.7531380753138075,62.91563648513196,35.4786167724691,26.52268348280017,30.393609371641976
7147,Andrea Bertolacci,AC Milan,Serie A,27,1878.0,0.8626198083067093,0.047923322683706,17.008981326068888,1.7731629392971244,0.4864864864864865,151.34185303514377,5.654952076677316,47.30031948881789,0.817629179331307,0.9584664536741214,0.047923322683706,0.5750798722044728,0.1916932907348242,4.936102236421725,17.869467652097264,23.91373801916933,2.92332268370607,0.6557377049180327,0.8146964856230031,0.7647058823529411,6.853035143769968,0.8146964856230031,1.0063897763578271,2.156549520766773,3.1150159744408943,65.79949335022165,31.608803039898667,23.010607180353563,19.41611253546153
7137,Ervin Zukanović,Sampdoria,Serie A,25,1924.0,0.5145530145530146,0.1403326403326403,18.942950828488563,0.1403326403326403,1.0,126.43970893970896,1.5436590436590438,46.73076923076923,0.8238238238238238,0.2338877338877339,0.0467775467775467,0.3742203742203742,0.0467775467775467,9.636174636174635,22.2666625017017,7.016632016632017,0.420997920997921,0.5555555555555556,1.075883575883576,0.6956521739130435,4.397089397089397,6.361746361746362,2.806652806652807,1.075883575883576,0.420997920997921,44.57839437661858,22.05286718460969,23.15078977158909,12.670234158122325
6822,Carlos Joaquín Correa,Sampdoria,Serie A,25,1350.0,2.333333333333333,0.2,22.07514393213911,4.666666666666667,0.5142857142857142,161.66666666666666,6.466666666666667,43.46666666666667,0.803680981595092,1.3333333333333333,0.0666666666666666,0.6,0.3333333333333333,6.466666666666667,17.77553783374233,22.133333333333333,1.4,0.4285714285714285,1.0666666666666669,0.75,5.666666666666667,0.5333333333333333,0.8,1.2,2.8666666666666667,73.40556701030927,28.232783505154647,21.311628642601427,19.262407207495023
25505,José Rodolfo Pires Ribeiro,Sampdoria,Serie A,17,1464.0,0.6762295081967213,0.0,25.067583821485336,2.7663934426229506,0.5777777777777777,117.11065573770492,3.6270491803278686,39.15983606557377,0.7676609105180534,0.9221311475409836,0.0614754098360655,2.459016393442623,0.0614754098360655,4.672131147540983,17.03082479089482,13.155737704918032,1.4754098360655736,0.4166666666666667,1.8442622950819672,0.6666666666666666,4.610655737704918,1.9057377049180328,1.0450819672131146,0.9836065573770492,1.721311475409836,66.90005249343831,11.354540682414695,27.534681828728623,10.313953630261778
6991,Etrit Berisha,Lazio,Serie A,11,919.0,0.0,0.0,19.71618752593094,0.0,0.5833333333333334,56.89880304678999,0.0,23.11207834602829,0.7161016949152542,0.0,0.0,0.0,0.0,13.906420021762786,39.88129248601695,0.2937976060935799,0.0,0.6086956521739131,0.0,0.618734335839599,4.015233949945593,0.0,0.0,0.1958650707290533,0.0,10.863855421686749,40.73580034423408,7.785718971512239,8.270568201144114
26683,Abdoulay Konko,Lazio,Serie A,18,1592.0,0.7349246231155779,0.0,25.0181934672648,1.809045226130653,0.65625,158.57412060301507,1.7525125628140703,60.20728643216081,0.7671361502347418,0.3957286432160804,0.0,1.8655778894472363,0.1130653266331658,7.971105527638191,17.917371072863848,19.16457286432161,2.8266331658291457,0.46,1.5829145728643217,0.6428571428571429,6.557788944723618,2.883165829145729,1.4133165829145728,2.148241206030151,0.5653266331658292,61.087914438502665,51.72844919786096,25.32601813161049,27.529985012320896
3103,Milan Biševac,Lazio,Serie A,11,945.0,0.1904761904761904,0.0952380952380952,7.283792557498374,0.2857142857142857,1.0,116.76190476190476,0.7619047619047619,42.85714285714285,0.8555555555555555,0.1904761904761904,0.0,0.0,0.0,9.333333333333332,22.77830210533333,9.047619047619047,1.4285714285714284,0.4,1.809523809523809,0.4736842105263157,3.714285714285714,5.523809523809524,2.2857142857142856,1.0476190476190474,0.5714285714285714,43.62365415986949,53.79681892332789,17.265734106868248,13.12515602622406
7778,Ştefan Daniel Radu,Lazio,Serie A,13,1121.0,0.5619982158786797,0.0,26.58712636161605,1.2845673505798394,0.6875,157.6806422836753,1.0437109723461195,61.09723461195361,0.823915900131406,1.1239964317573594,0.0802854594112399,1.4451382694023194,0.2408563782337199,7.546833184656556,19.033101597109063,11.320249776984834,1.1239964317573594,0.4285714285714285,1.2845673505798394,0.75,5.700267618198037,2.4888492417484387,2.007136485280999,1.4451382694023194,0.9634255129348795,58.66425661914458,13.546130346232175,22.42441196424772,11.28043293968981
7771,Dario Dainelli,Chievo,Serie A,18,1435.0,0.1254355400696864,0.0627177700348432,6.374714724043852,0.1254355400696864,0.5,93.51219512195122,1.0662020905923344,36.37630662020906,0.7827586206896552,0.1881533101045296,0.0,0.1881533101045296,0.0627177700348432,10.850174216027874,24.870223326724137,7.965156794425087,1.254355400696864,0.5,1.7560975609756098,0.4285714285714285,5.456445993031359,4.70383275261324,2.9477351916376304,1.254355400696864,0.3763066202090592,40.40731052984574,50.07800134138161,19.117347218293805,15.013570397225116
7042,Ivan Radovanović,Chievo,Serie A,26,2152.0,0.7527881040892194,0.0,30.206889715338857,0.5855018587360595,0.7142857142857143,149.135687732342,1.5473977695167287,57.04460966542752,0.7954545454545454,0.3345724907063197,0.0,0.3763940520446097,0.1254646840148699,12.21189591078067,21.951113285557184,16.561338289962826,1.4637546468401488,0.7428571428571429,0.9200743494423792,0.5454545454545454,6.315055762081784,3.262081784386617,2.509293680297398,1.7146840148698883,1.338289962825279,54.74231632080762,41.70372966909703,20.83854826501552,18.8917032031149
386657,Giampiero Pinzi,Chievo,Serie A,18,1032.0,0.2616279069767442,0.0,23.066404351635796,0.5232558139534884,0.3333333333333333,118.86627906976744,1.0465116279069768,42.55813953488372,0.8258196721311475,0.436046511627907,0.0,0.2616279069767442,0.0,7.238372093023256,19.22440102561475,28.51744186046512,3.75,0.6046511627906976,0.7848837209302326,0.5555555555555556,4.3604651162790695,1.9186046511627908,1.308139534883721,2.9651162790697674,1.2209302325581397,57.24145267791636,41.803228173147474,20.879907600291165,19.81410500132913
6949,Gianluigi Buffon,Juventus,Serie A,35,3264.0,0.0,0.0,19.71618752593094,0.0,0.5833333333333334,58.9797794117647,0.0,24.485294117647054,0.8119369369369369,0.0,0.0,0.0,0.0,11.001838235294118,33.70471184076577,0.0,0.0,0.6086956521739131,0.0,0.618734335839599,4.080882352941177,0.0275735294117647,0.0,0.0275735294117647,0.0,9.663113604488078,41.36030855539972,6.913973480976729,8.369831066876815
6943,Andrea Barzagli,Juventus,Serie A,31,2833.0,0.1270737733851041,0.031768443346276,20.691073190316384,0.4447582068478644,0.6428571428571429,163.4168725732439,0.4129897635015884,62.23438051535474,0.8810617662072486,0.3494528768090363,0.0,0.3812213201553123,0.031768443346276,12.357924461701376,21.98184385436448,7.592657959759971,1.175432403812213,0.5675675675675675,0.8577479703494528,0.5925925925925926,4.384045181786092,3.145075891281327,1.7790328273914575,0.2541475467702082,0.6989057536180726,47.49753110419906,53.77663297045103,20.31685046075877,20.30277281166196
7173,Leonardo Bonucci,Juventus,Serie A,36,3266.0,0.7164727495407226,0.0826699326393141,21.236670837171665,0.5511328842620943,0.75,175.83894672382118,2.1218616044090632,64.37232088181261,0.865582191780822,0.3582363747703613,0.0275566442131047,0.0826699326393141,0.5511328842620943,18.21494182486222,25.53210012154966,6.971830985915493,1.157379056950398,0.5952380952380952,1.267605633802817,0.6956521739130435,3.802816901408451,4.601959583588488,2.39742804654011,0.964482547458665,0.8542559706062463,42.33834822128191,44.15961448048896,17.95543398237475,14.003010191146592
6954,Giorgio Chiellini,Juventus,Serie A,24,1845.0,0.7317073170731707,0.048780487804878,15.224513241646305,0.2439024390243902,0.8,186.6829268292683,2.4878048780487805,68.82926829268293,0.8610914245216159,0.4878048780487805,0.0,0.3414634146341463,0.2439024390243902,14.53658536585366,22.751532716300492,9.560975609756095,2.048780487804878,0.5476190476190477,1.5609756097560976,0.28125,5.024390243902439,4.341463414634147,3.414634146341464,1.4146341463414636,1.2682926829268293,48.39529657695322,21.48453096420173,20.836383247213732,11.737700579875796
20008,Patrice Evra,Juventus,Serie A,26,2119.0,0.7220386974988202,0.0849457291175082,13.49666511853166,0.8494572911750826,0.35,151.4157621519585,5.096743747050496,56.23407267579047,0.8255287009063444,1.0193487494100992,0.1274185936762624,1.95375176970269,0.0424728645587541,4.6720151014629545,16.870708101283988,10.108541764983483,2.590844738084002,0.6065573770491803,0.976875884851345,0.4782608695652174,3.100519112789052,2.0386974988201985,2.3360075507314773,1.1892402076451156,0.6795658329400661,64.82633941093968,11.361234221598878,26.591746901813917,9.308061965362654
8294,Claudio Marchisio,Juventus,Serie A,23,1994.0,1.1735205616850553,0.0,27.297729352255946,1.0381143430290871,0.6956521739130435,187.76328986960883,0.4964894684052157,68.10932798395186,0.873426110006627,0.9027081243731194,0.0902708124373119,0.5867602808425276,0.1805416248746238,17.422266800401204,22.90264252345925,15.79739217652959,2.211634904714143,0.673469387755102,1.624874623871615,0.6944444444444444,7.266800401203612,1.2186559679037112,0.6318956870611836,1.579739217652959,0.9478435305917754,59.54201923076922,39.412908653846166,20.07088109770205,18.060784100059514
5566,Sami Khedira,Juventus,Serie A,20,1555.0,1.2733118971061093,0.2893890675241157,16.588833811262788,1.157556270096463,0.65,145.96784565916397,6.424437299035369,47.22829581993569,0.8431372549019608,0.4630225080385852,0.1736334405144694,1.0996784565916398,0.2893890675241157,5.440514469453376,17.307941435661764,16.032154340836012,0.9839228295819936,0.6470588235294118,0.4630225080385852,0.5,3.993569131832797,1.157556270096463,1.3311897106109325,0.8102893890675241,1.0996784565916398,66.57307692307691,57.00424266455192,22.581095919188886,15.657721308021612
20004,Paul Pogba,Juventus,Serie A,35,3127.0,3.5689158938279504,0.2014710585225455,24.658837580304365,4.144547489606651,0.5833333333333334,185.20946594179725,8.519347617524785,51.40390150303806,0.8012318029115342,1.2376079309242085,0.2878157978893508,1.4678605692356892,0.4605052766229613,8.83594499520307,19.92836834910414,18.362647905340584,2.2161816437480013,0.6103896103896104,1.0937000319795331,0.7368421052631579,6.7348896706108095,0.6907579149344419,2.3025263831148064,2.763031659737768,1.8995842660697155,69.65236985236987,26.22413364413365,22.340801003739635,17.059521477611145
5743,Paulo Bruno Exequiel Dybala,Juventus,Serie A,34,2500.0,3.816,0.4679999999999999,20.1637605743305,4.572,0.4881889763779528,162.32399999999998,12.816,44.28,0.7536585365853659,2.268,0.3239999999999999,2.7,0.4679999999999999,10.404,20.416881386178854,18.036,0.7919999999999999,0.7727272727272727,0.3239999999999999,0.6666666666666666,5.364,0.1079999999999999,0.3239999999999999,0.828,2.808,77.8179640718563,45.9375693058328,22.49932181482139,21.56419545362443
5472,Mario Mandžukić,Juventus,Serie A,27,2095.0,1.7183770883054892,0.4295942720763723,11.259367232461866,0.8162291169451074,0.5789473684210527,94.12410501193315,14.176610978520284,24.143198090692124,0.702846975088968,0.9880668257756564,0.1718377088305489,1.0310262529832934,0.2147971360381861,1.847255369928401,14.797656707651244,20.01909307875895,1.4606205250596658,0.6764705882352942,0.4725536992840095,0.8181818181818182,1.847255369928401,0.9021479713603818,4.081145584725537,2.4057279236276847,1.503579952267303,79.29963486992241,41.15901414879052,23.19921070467477,21.58997011193633
3964,Marcos Alonso Mendoza,Fiorentina,Serie A,31,2444.0,2.062193126022913,0.1104746317512274,21.482296965821824,2.0990180032733226,0.5614035087719298,184.52945990180032,7.659574468085106,62.749590834697216,0.8057511737089202,1.3625204582651391,0.1472995090016366,3.4247135842880523,0.1841243862520458,9.427168576104746,19.662637306748827,16.902618657937808,1.9148936170212765,0.4807692307692308,1.141571194762684,0.6129032258064516,6.1497545008183305,2.3199672667757776,2.540916530278232,1.3993453355155483,1.2520458265139116,67.12809818399522,11.881720215525844,27.582127736273808,12.834328698045082
7139,Josip Iličić,Fiorentina,Serie A,30,1946.0,3.4224049331963,0.277492291880781,24.86082054497956,2.913669064748201,0.5873015873015873,170.05652620760534,5.1336073997944505,49.85611510791367,0.7699443413729128,1.896197327852004,0.2312435765673176,1.7574511819116136,0.9249743062692704,9.06474820143885,18.881950362430423,18.73072970195272,0.8324768756423433,0.7222222222222222,0.6012332990750257,0.9230769230769232,3.3761562178828366,0.1387461459403905,0.092497430626927,1.0637204522096608,2.312435765673176,74.15028555887953,52.73782975251562,20.858078083125772,17.134167547543786
7013,Stefano Sturaro,Juventus,Serie A,19,1067.0,0.9278350515463918,0.0843486410496719,16.105736818870046,1.2652296157450795,0.4,128.37863167760074,5.56701030927835,42.34301780693533,0.7430278884462151,1.0121836925960637,0.0,1.5182755388940956,0.0843486410496719,5.229615745079663,18.361341884661357,22.689784442361763,2.5304592314901595,0.6333333333333333,1.0121836925960637,0.75,5.14526710402999,1.0965323336457358,1.7713214620431117,2.446110590440487,2.108716026241799,67.43015768725361,54.6321287779238,25.64233940470256,18.933545151375736
6945,Alex Sandro Lobo Silva,Juventus,Serie A,22,1566.0,1.0344827586206895,0.1149425287356321,20.12048335210039,2.7586206896551726,0.5833333333333334,171.4367816091954,5.919540229885057,60.22988505747127,0.8072519083969466,2.1839080459770117,0.1724137931034483,3.9655172413793114,0.057471264367816,8.563218390804598,18.55519758540077,14.482758620689657,2.2413793103448274,0.5128205128205128,2.0114942528735638,0.6571428571428571,6.091954022988506,2.471264367816092,3.045977011494253,1.839080459770115,2.35632183908046,68.72122024807241,11.25873281930942,26.8813443377009,10.430465608460226
3477,Álvaro Borja Morata Martín,Juventus,Serie A,34,1525.0,2.8918032786885246,0.3540983606557377,16.584891473376377,3.363934426229508,0.4035087719298245,137.5081967213115,13.809836065573773,30.57049180327869,0.749034749034749,1.180327868852459,0.3540983606557377,1.416393442622951,0.1770491803278688,2.537704918032787,15.34272830797297,20.419672131147543,0.9442622950819672,0.5625,0.4721311475409836,0.875,3.659016393442623,0.5311475409836066,1.5934426229508196,2.655737704918033,3.540983606557377,78.9374678111588,32.0480686695279,21.645249248905557,20.777890778349008
40426,Guglielmo Stendardo,Atalanta,Serie A,15,1163.0,0.4643164230438521,0.0773860705073086,9.83733942183715,0.232158211521926,1.0,81.17798796216681,2.8632846087704213,31.496130696474637,0.8132678132678133,0.0773860705073086,0.0,0.0773860705073086,0.0,5.417024935511607,21.87578601646192,11.68529664660361,2.244196044711952,0.5517241379310345,0.8512467755803955,0.3636363636363636,2.5537403267411865,4.333619948409286,2.244196044711952,1.470335339638865,1.3929492691315564,41.99494756911345,51.64899904671115,19.816559194881147,13.044096270746229
6952,Alberto Grassi,Atalanta,Serie A,13,982.0,1.4663951120162932,0.0,20.041450677876,1.5580448065173116,0.3529411764705882,116.12016293279022,5.407331975560082,34.91853360488798,0.7716535433070866,0.7331975560081466,0.0,0.7331975560081466,0.0,3.391038696537678,16.32755497112861,19.887983706720977,2.841140529531568,0.2903225806451613,1.924643584521385,0.7142857142857143,6.04887983706721,2.1079429735234214,2.474541751527495,2.566191446028513,2.3828920570264764,67.37229676400945,58.003946329913184,25.544045524026902,16.163979663750098
12759,Maximiliano Nicol Moralez,Atalanta,Serie A,17,1407.0,1.6631130063965889,0.0639658848614072,18.231038123761294,1.8550106609808104,0.4827586206896552,177.63326226012794,10.362473347547974,51.10874200426439,0.7559449311639549,2.366737739872068,0.255863539445629,4.093816631130064,0.3837953091684435,7.867803837953092,17.646758047934917,25.970149253731343,1.4072494669509594,0.6818181818181818,0.767590618336887,0.75,4.285714285714286,0.3198294243070362,0.3837953091684435,1.535181236673774,2.6865671641791047,78.09704717320852,49.00803024846956,23.51288429110734,25.0719991020277
49439,Germán Gustavo Denis,Atalanta,Serie A,15,1015.0,2.2167487684729066,0.2660098522167488,14.755987760177788,1.41871921182266,0.5,129.2807881773399,17.911330049261085,29.615763546798032,0.7005988023952096,1.41871921182266,0.0886699507389162,0.6206896551724138,0.354679802955665,1.6847290640394088,13.63098930269461,7.714285714285714,0.2660098522167488,0.6666666666666666,0.0,0.618734335839599,2.8374384236453203,0.7980295566502463,5.586206896551724,1.862068965517241,1.5960591133004929,76.23689986282578,38.16289437585733,21.2046377731732,21.387209852098657
19299,Maicon Douglas Sisenando,AS Roma,Serie A,15,1026.0,0.9649122807017544,0.087719298245614,21.90012733171529,1.3157894736842104,0.8666666666666667,200.52631578947367,5.087719298245614,73.68421052631578,0.8095238095238095,0.7894736842105263,0.175438596491228,3.070175438596491,0.175438596491228,9.12280701754386,17.65444638071429,10.26315789473684,1.4912280701754386,0.8235294117647058,0.7017543859649122,0.5,5.701754385964912,2.017543859649123,1.1403508771929824,1.0526315789473684,0.9649122807017544,68.30538057742784,69.89864391951005,25.19380594885364,9.608192356826052
45590,Nicolò Cherubin,Atalanta,Serie A,14,1078.0,0.3339517625231911,0.0834879406307977,11.523066644721872,0.2504638218923933,0.3333333333333333,72.13358070500928,1.836734693877551,28.719851576994436,0.7383720930232558,0.0834879406307977,0.0,0.0,0.0,7.346938775510204,24.29953219360465,13.85899814471243,0.6679035250463822,0.625,0.4174397031539889,0.6,3.0890538033395174,4.675324675324675,3.7569573283859,1.2523191094619666,1.085343228200371,39.35300925925926,23.515972222222217,19.96736203157328,13.706269668347067
8274,Pierluigi Gollini,Hellas Verona,Serie A,26,2417.0,0.0,0.0,19.71618752593094,0.0,0.5833333333333334,75.32892014894497,0.0,31.39015308233347,0.5539739027283511,0.0,0.0,0.0,0.0,23.942904426975588,52.27085481245552,0.186181216383947,0.0,0.6086956521739131,0.0,0.618734335839599,5.101365328920148,0.0,0.0,0.0,0.2606537029375258,10.297281265447356,40.3111715274345,7.295291144656192,8.663504270211904
5461,Šime Vrsaljko,Sassuolo,Serie A,35,3171.0,0.2554399243140965,0.0,21.05785394745753,1.0785241248817408,0.631578947368421,152.61116367076633,2.157048249763481,58.32544938505204,0.7420924574209246,0.9933774834437088,0.0851466414380321,4.597918637653737,0.0283822138126773,9.90539262062441,19.228776148856447,12.147587511825924,2.157048249763481,0.4473684210526316,1.390728476821192,0.4489795918367347,5.506149479659414,3.945127719962157,2.6679280983916747,1.7313150425733208,1.589403973509934,61.52505114376047,70.04296075878744,30.940716185919545,8.949568122884303
7113,Simone Missiroli,Sassuolo,Serie A,24,1901.0,0.6154655444502893,0.094687006838506,12.377728912360997,1.2782745923198315,0.4814814814814814,143.26144134665964,4.8290373487638085,46.964755391899,0.748991935483871,0.7574960547080484,0.0,0.4734350341925302,0.4734350341925302,6.486059968437664,18.492742581552417,22.440820620725933,2.556549184639663,0.6481481481481481,1.893740136770121,0.575,5.965281430825881,2.1778011572856397,4.118884797475013,1.751709626512362,2.272488164124145,62.35251156642432,43.07680105750165,23.95218141805546,23.768121492542964
7109,Matteo Politano,Sassuolo,Serie A,28,1096.0,3.531021897810219,0.4105839416058394,21.32067125201519,4.187956204379562,0.3725490196078431,144.77189781021897,7.883211678832117,36.54197080291971,0.7146067415730337,1.313868613138686,0.1642335766423357,1.8065693430656933,0.1642335766423357,5.009124087591241,17.277518699999998,18.22992700729927,0.8211678832116788,0.5,0.7390510948905109,0.7777777777777778,5.666058394160584,0.4105839416058394,0.5748175182481752,1.1496350364963503,1.6423357664233575,76.58377765173,57.42773681225184,23.413385790387192,21.6444799693202
27110,Antonio Floro Flores,Sassuolo,Serie A,28,1328.0,3.998493975903614,0.2710843373493976,22.615053929974422,3.6596385542168672,0.5740740740740741,137.98192771084337,10.775602409638552,33.95331325301205,0.654690618762475,1.0843373493975903,0.1355421686746988,0.677710843373494,0.4066265060240963,5.692771084337349,18.76060893632734,14.096385542168674,1.355421686746988,0.6,0.4066265060240963,0.6666666666666666,3.6596385542168672,0.6099397590361445,2.439759036144578,1.016566265060241,3.2530120481927707,78.20333988212181,28.36100196463654,21.56679118387711,20.253313095244057
7164,Ibrahima Mbaye,Bologna,Serie A,15,1018.0,0.4420432220039293,0.0,18.358865299972894,1.4145383104125735,0.375,152.85854616895875,2.2102161100196462,56.75834970530452,0.7757009345794392,0.1768172888015717,0.0,1.3261296660117878,0.0,6.7190569744597255,18.621991537538943,19.00785854616896,2.7406679764243616,0.6129032258064516,1.0609037328094302,0.5833333333333334,5.74656188605108,4.155206286836935,2.2102161100196462,1.7681728880157173,2.652259332023576,61.33290919606707,66.67559282822441,26.263573454714603,14.635798945315562
40350,Siniša Anđelković,Palermo,Serie A,23,1977.0,0.1365705614567526,0.0,12.604109843014308,0.0910470409711684,0.5,65.14415781487101,1.5477996965098633,26.90440060698027,0.7817258883248731,0.0910470409711684,0.0455235204855842,0.0455235204855842,0.0,5.50834597875569,21.556359832487317,10.424886191198786,1.684370257966616,0.6756756756756757,0.7283763277693475,0.5625,2.3216995447647952,4.5068285280728375,3.004552352048558,0.9104704097116844,0.9559939301972684,40.39091544374563,24.86415094339623,21.21807408779004,14.14538791485169
25954,Enzo Maresca,Palermo,Serie A,15,1034.0,0.9574468085106382,0.0870406189555125,23.744396903357305,1.1315280464216635,0.4615384615384615,152.49516441005804,1.7408123791102514,58.75241779497099,0.8148148148148148,0.7833655705996132,0.0,0.5222437137330754,0.4352030947775628,12.098646034816248,21.36543274874074,14.013539651837524,2.35009671179884,0.7777777777777778,0.609284332688588,0.7142857142857143,6.7891682785299805,1.3926499032882012,1.4796905222437138,1.1315280464216635,2.437137330754352,56.23961187214612,38.38390410958903,21.336854610966896,17.772697015004596
7467,Nicolás Andrés Burdisso,Genoa,Serie A,28,2542.0,0.3540519276160503,0.0,14.049040360813049,0.07081038552321,1.0,96.44374508261212,1.4516129032258065,38.23760818253344,0.8148148148148148,0.07081038552321,0.0,0.035405192761605,0.0,13.13532651455547,26.567136908796297,8.001573564122738,1.0621557828481512,0.6,1.3453973249409914,0.4736842105263157,4.602675059008655,6.443745082612117,3.0094413847364283,1.3453973249409914,0.5310778914240756,39.57298091042584,38.41611600587372,19.30979938271785,15.829603191193838
7475,Tomás Eduardo Rincón Hernández,Genoa,Serie A,33,3034.0,0.8009228740936057,0.088991430454845,21.366956333696265,2.135794330916282,0.6944444444444444,157.3071852340145,2.3434410019775878,50.78444297956493,0.8487149532710281,0.9492419248516808,0.1779828609096901,0.8009228740936057,0.2966381015161503,6.911667765326301,19.26344750535047,18.599208965062623,2.046802900461437,0.6666666666666666,1.038233355306526,0.7142857142857143,7.237969676994067,1.5721819380355966,1.6315095583388266,2.284113381674357,1.8688200395517467,63.8375447859702,50.63939279653026,22.16413467078978,20.208443766912023
7456,Diego Perotti,Genoa,Serie A,31,2358.0,1.5267175572519085,0.1145038167938931,20.98300660858297,3.3969465648854964,0.6741573033707865,188.4732824427481,7.442748091603054,55.76335877862596,0.7522245037645449,2.213740458015267,0.3435114503816794,4.1603053435114505,0.1526717557251908,7.748091603053435,17.64328477357974,24.427480916030536,1.9083969465648856,0.56,0.5725190839694657,0.6666666666666666,4.809160305343512,0.3435114503816794,0.648854961832061,1.1450381679389314,2.442748091603053,75.09973673552045,27.21051032806804,24.1559133754864,22.781195234692525
15415,Matteo Mancosu,Carpi,Serie A,21,954.0,1.1320754716981134,0.0943396226415094,13.968359162959642,1.0377358490566038,0.5454545454545454,86.41509433962264,11.509433962264152,18.018867924528305,0.6282722513089005,0.9433962264150944,0.0,0.8490566037735849,0.0,1.3207547169811322,14.728618489005235,23.018867924528305,0.9433962264150944,0.4,0.0943396226415094,0.0,2.264150943396227,1.1320754716981134,2.358490566037736,1.2264150943396228,1.6037735849056605,78.97751091703056,41.88526200873363,22.668758119443343,20.14287479637289
6969,Juan Guilherme Nunes Jesus,Inter Milan,Serie A,19,1475.0,0.2440677966101695,0.0,24.91974491599655,1.0372881355932204,0.5882352941176471,154.25084745762712,0.976271186440678,57.90508474576272,0.8198103266596417,0.6101694915254238,0.0,0.9152542372881356,0.1220338983050847,9.213559322033898,19.866531311907277,16.779661016949152,2.56271186440678,0.5,0.6711864406779662,0.5454545454545454,4.820338983050847,3.538983050847458,2.257627118644068,2.0135593220338985,0.5491525423728814,51.292286392405074,16.35308544303797,23.729199582168437,12.867720012812788
5660,Piotr Zieliński,Empoli,Serie A,35,3123.0,1.8443804034582127,0.1440922190201729,24.866419594400817,3.515850144092219,0.6065573770491803,157.06051873198848,3.2853025936599423,50.518731988472624,0.802624073017684,1.3832853025936598,0.1152737752161383,0.9221902017291066,0.3170028818443804,5.936599423631124,16.74468511950941,19.27953890489913,2.0461095100864557,0.6338028169014085,0.9221902017291066,0.65625,5.417867435158501,1.3832853025936598,0.8933717579250721,1.4121037463976944,1.0086455331412103,66.18757798165136,53.299376146788994,23.34637000654387,18.52772818068673
7127,Francesco Magnanelli,Sassuolo,Serie A,34,3179.0,0.5095942120163574,0.0283107895564642,29.632110138218813,0.4529726329034287,0.75,181.3872286882668,0.1415539477823215,67.4079899339415,0.8231835363292734,0.8210128971374646,0.0283107895564642,0.1415539477823215,0.283107895564643,15.00471846492608,22.187402631625364,23.328090594526586,2.4347279018559296,0.7674418604651163,1.5004718464926077,0.6037735849056604,8.63479081472161,2.8027681660899653,1.7835797420572508,2.2365523749606795,2.7178357974205727,55.19968784142345,42.408194162634615,20.35086176137061,18.892630174728627
3034,Kamil Glik,Torino,Serie A,33,3102.0,0.5802707930367504,0.0,14.593188572313398,0.1740812379110251,0.6666666666666666,133.78143133462282,2.553191489361702,48.07543520309478,0.8817139408569704,0.0870406189555125,0.0,0.0290135396518375,0.058027079303675,11.60541586073501,24.668712476222087,9.922630560928432,1.334622823984526,0.6739130434782609,1.0154738878143132,0.5428571428571428,2.81431334622824,5.773694390715667,2.959381044487427,1.5957446808510638,1.4506769825918762,37.041574495771,40.57477770548688,17.529319988035233,11.940974770711406
7476,Emiliano Moretti,Torino,Serie A,35,3290.0,0.3556231003039514,0.0273556231003039,10.81368667994684,0.0820668693009118,0.6666666666666666,153.27355623100303,1.4772036474164134,56.0516717325228,0.8682284040995608,0.3556231003039514,0.0273556231003039,0.1641337386018237,0.0820668693009118,12.88449848024316,23.76743091503173,9.95744680851064,1.6139817629179332,0.4915254237288136,0.6565349544072948,0.625,3.419452887537994,2.817629179331307,2.0243161094224926,0.9574468085106383,0.8480243161094225,42.69327146171694,17.443030519364626,20.51140085258899,8.799741361841221
7011,Fabio Quagliarella,Torino,Serie A,32,2670.0,3.404494382022472,0.2359550561797752,18.27888622262554,1.0112359550561798,0.5333333333333333,98.79775280898876,15.876404494382022,20.02247191011236,0.6582491582491582,0.5730337078651685,0.0337078651685393,0.7078651685393258,0.1348314606741573,3.0674157303370784,16.893458623905726,19.8876404494382,0.8089887640449438,0.7083333333333334,0.1011235955056179,0.6666666666666666,3.2696629213483144,0.8426966292134831,1.5842696629213482,1.4831460674157304,1.651685393258427,79.90593654042988,40.21037188672808,22.503031803805552,16.663702411537074
8193,Maximiliano Gastón López,Torino,Serie A,26,1184.0,1.9763513513513515,0.152027027027027,14.872528342393554,1.2922297297297298,0.7647058823529411,87.41554054054055,18.31925675675676,15.96283783783784,0.6333333333333333,0.7601351351351351,0.152027027027027,0.2280405405405405,0.4560810810810811,2.052364864864865,15.463662565761902,15.506756756756756,0.9121621621621622,0.6666666666666666,0.152027027027027,0.5,2.964527027027027,0.152027027027027,1.5962837837837838,4.33277027027027,0.9881756756756755,82.46634782608695,38.17434782608696,21.28779702819906,15.418001146623316
6360,Cristian Eduardo Zapata Valencia,AC Milan,Serie A,16,1389.0,0.1943844492440605,0.0647948164146868,11.578313419535345,0.388768898488121,0.6666666666666666,109.63282937365013,1.2958963282937366,42.634989200863934,0.8191489361702128,0.1943844492440605,0.0,0.0,0.0647948164146868,9.20086393088553,23.273910134498475,14.384449244060477,1.3606911447084236,0.6666666666666666,0.9071274298056156,0.7857142857142857,4.794816414686825,4.924406047516199,3.4989200863930887,1.3606911447084236,0.777537796976242,41.98156028368796,49.00868794326241,18.250577643645784,17.121086329333014
6953,Daniele Rugani,Juventus,Serie A,17,1224.0,0.2205882352941176,0.0,17.92556392515496,0.4411764705882353,0.8333333333333334,159.63235294117646,0.9558823529411764,57.94117647058824,0.8972081218274112,0.0735294117647058,0.0,0.0,0.0,7.647058823529412,20.709560597715733,13.602941176470589,2.1323529411764706,0.5517241379310345,0.8823529411764706,0.4166666666666667,3.897058823529412,3.5294117647058822,2.7205882352941178,1.25,1.0294117647058825,45.00557346844771,38.2601105481345,18.969549195107607,23.63208989415243
5541,Stephan Lichtsteiner,Juventus,Serie A,26,1871.0,0.7696419027258151,0.0,19.24462613625339,1.0582576162479955,0.4090909090909091,140.50774986638163,4.088722608230893,51.3254943880278,0.7553889409559512,0.8177445216461786,0.0481026189203634,2.068412613575628,0.1443078567610903,7.11918760021379,18.35941954339269,10.438268305718868,1.2025654730090862,0.6,0.432923570283271,0.3333333333333333,3.559593800106895,1.9241047568145375,1.0582576162479955,1.2025654730090862,1.0582576162479955,66.75426223895924,69.92584731256419,27.314952268003918,10.527836603798711
6894,Ezequiel Muñoz,Genoa,Serie A,18,1454.0,0.4951856946354883,0.0,13.25082778835287,0.2475928473177441,0.75,102.0082530949106,2.4140302613480054,39.24346629986245,0.804416403785489,0.061898211829436,0.0,0.0,0.123796423658872,6.499312242090784,20.3341279511041,19.931224209078405,2.4140302613480054,0.5384615384615384,1.361760660247593,0.6363636363636364,3.528198074277854,5.199449793672627,3.5900962861072903,1.980742778541953,0.7427785419532325,43.23015776699028,50.166140776699045,21.920744142513005,21.240271483180475
10530,Jules Olivier Ntcham,Genoa,Serie A,17,1053.0,1.965811965811966,0.0,26.546885544578657,1.8803418803418803,0.7272727272727273,156.83760683760684,2.8205128205128207,45.72649572649573,0.8093457943925234,1.5384615384615383,0.0,1.1111111111111112,0.5982905982905983,8.290598290598291,20.588323802242996,22.905982905982903,1.794871794871795,0.7619047619047619,0.4273504273504274,0.8,5.982905982905983,0.5128205128205128,0.6837606837606838,2.5641025641025643,0.6837606837606838,70.58888283378747,35.10942779291554,20.954943921989805,21.319573932013864
7022,Jesús Joaquín Fernández Sáez de la Torre,Genoa,Serie A,20,1238.0,2.8352180936995155,0.4361873990306947,23.96698441674568,3.4894991922455576,0.625,171.49434571890146,4.216478190630048,50.23424878836833,0.7018813314037626,2.399030694668821,0.0726978998384491,3.634894991922456,0.3634894991922455,10.468497576736672,19.145488087843702,14.03069466882068,0.7269789983844911,0.5,0.5815831987075929,0.625,4.5072697899838445,0.1453957996768982,0.5088852988691438,1.0904684975767367,2.47172859450727,76.51610852055956,51.00453582026282,22.037381897133912,23.596037932936262
3371,Mario Barwuah Balotelli,AC Milan,Serie A,20,902.0,4.290465631929046,0.0997782705099778,24.966323559960998,3.5920177383592016,0.6388888888888888,144.77827050997783,10.97560975609756,36.019955654102,0.6343490304709142,2.29490022172949,0.0997782705099778,3.69179600886918,0.1995565410199556,8.082039911308204,20.345594521495844,13.37028824833703,0.9977827050997784,0.8,0.0,0.618734335839599,3.3924611973392462,0.3991130820399113,0.8980044345898004,2.5942350332594235,4.290465631929046,81.78766368022055,37.790282563749145,19.23177521531418,24.8402037481496
25345,Anderson Hernanes de Carvalho Andrade,Juventus,Serie A,16,952.0,3.119747899159664,0.0945378151260504,27.104514684253665,2.079831932773109,0.5,189.92647058823528,3.0252100840336134,63.43487394957983,0.8822652757078987,1.134453781512605,0.0945378151260504,0.6617647058823529,0.4726890756302521,10.777310924369749,20.59965229582712,13.897058823529411,1.8907563025210083,0.65,1.418067226890756,0.6666666666666666,6.050420168067227,1.2289915966386555,1.7016806722689075,2.552521008403361,1.134453781512605,64.28133399701345,39.67784967645595,19.96168966466107,15.864657859368556
3167,Antonio Rüdiger,AS Roma,Serie A,30,2742.0,0.5908096280087527,0.0656455142231947,18.290072526059767,0.3282275711159737,0.6,142.97592997811816,2.428884026258205,51.49890590809628,0.869980879541109,0.1969365426695842,0.0,0.2297592997811816,0.0984682713347921,12.01312910284464,23.047575718483102,10.962800875273524,1.509846827133479,0.5217391304347826,0.6892778993435448,0.5238095238095238,4.726477024070022,3.87308533916849,2.0678336980306344,1.4442013129102844,0.5251641137855579,44.07458677685951,30.44419191919193,21.13609327923213,19.589919723872693
6979,Stephan El Shaarawy,AS Roma,Serie A,16,1211.0,3.418662262592898,0.5945499587118084,18.13499789598947,2.3038810900082574,0.4516129032258064,152.5763831544178,18.95127993393889,39.83484723369117,0.7947761194029851,0.8175061932287365,0.1486374896779521,0.9661436829066886,0.1486374896779521,3.121387283236994,14.536817671268656,17.31626754748142,1.1890999174236168,0.8125,0.4459124690338563,0.6666666666666666,4.533443435177539,1.1890999174236168,1.1890999174236168,0.6688687035507844,0.8175061932287365,78.52386751095958,19.064978080857287,24.348932954872925,15.595106016718214
16202,Nikola Maksimović,Torino,Serie A,16,1500.0,0.12,0.0,9.300421107368615,1.38,0.6521739130434783,139.14,0.42,49.92,0.8185096153846154,0.84,0.06,0.36,0.48,13.44,24.815801473197112,12.12,2.76,0.6304347826086957,1.5,0.52,4.56,3.66,1.74,1.08,0.8999999999999999,43.33001293661062,62.98236308753775,22.70461891732483,10.197503872557329
40351,Alessandro Gazzi,Torino,Serie A,15,1025.0,0.1756097560975609,0.0,15.973508130811322,0.3512195121951219,0.75,133.02439024390242,0.8780487804878048,53.38536585365853,0.8421052631578947,0.8780487804878048,0.0,0.0878048780487804,0.1756097560975609,9.921951219512197,20.965415330493418,12.81951219512195,1.1414634146341462,0.6923076923076923,2.721951219512195,0.7096774193548387,4.917073170731707,3.0731707317073167,5.882926829268293,2.6341463414634143,0.7024390243902439,52.464884488448845,36.74917491749175,19.782235452751756,16.23538258970482
30704,Gastón Brugman,Palermo,Serie A,14,1006.0,1.4314115308151094,0.0,24.866327640511116,1.4314115308151094,0.6875,161.30218687872764,1.5208747514910537,54.57256461232605,0.8098360655737705,1.252485089463221,0.0894632206759443,0.3578528827037773,0.4473161033797217,9.125248508946322,19.254220468032784,25.58648111332008,2.4155069582504973,0.5925925925925926,1.3419483101391652,0.6666666666666666,8.23061630218688,0.8051689860834991,0.3578528827037773,2.05765407554672,1.073558648111332,60.49201331114807,36.93649473100388,20.93089076019829,17.389284647369905
7148,Mattia Perin,Genoa,Serie A,25,2337.0,0.0,0.0,19.71618752593094,0.0,0.5833333333333334,70.86007702182286,0.0,29.88446726572529,0.5786082474226805,0.0385109114249037,0.0,0.0,0.0,21.951219512195124,47.44367900760309,0.0385109114249037,0.0,0.6086956521739131,0.0,0.618734335839599,5.507060333761233,0.0770218228498074,0.0,0.0,0.0770218228498074,9.085978260869563,40.00217391304347,6.75051198698913,9.630432157228066
8644,Sergio Pellissier,Chievo,Serie A,19,995.0,1.9899497487437188,0.271356783919598,12.864136209104204,0.1809045226130653,0.0,85.74874371859296,11.758793969849249,17.547738693467338,0.7268041237113402,1.1758793969849246,0.0,0.6331658291457287,0.271356783919598,1.35678391959799,14.333754019072169,14.743718592964823,0.271356783919598,0.3333333333333333,0.0,0.618734335839599,1.899497487437186,0.7236180904522613,2.261306532663317,0.9949748743718594,2.170854271356784,81.13544303797468,40.88080168776371,21.485178610130365,18.05993977492042
26728,Alberto Facundo Costa,Genoa,Serie A,19,1255.0,1.3625498007968129,0.0,27.30166682954764,0.7888446215139443,0.8181818181818182,188.17529880478088,1.2908366533864544,66.83665338645419,0.7800429184549357,1.2191235059760956,0.0,1.3625498007968129,0.3585657370517928,17.354581673306775,22.91970732575108,20.868525896414344,1.2908366533864544,0.6111111111111112,1.1474103585657371,0.5,6.956175298804782,1.3625498007968129,1.00398406374502,2.223107569721116,1.00398406374502,62.03052591463415,32.54291158536584,20.71476921046735,18.814375951311963
31268,Michel Morganella,Palermo,Serie A,14,1056.0,0.4261363636363636,0.0,23.333411145069004,1.193181818181818,0.5714285714285714,111.30681818181816,3.068181818181818,42.01704545454545,0.6937119675456389,0.3409090909090909,0.0852272727272727,1.7045454545454544,0.0852272727272727,8.011363636363635,19.55468550486816,17.642045454545453,1.9602272727272725,0.391304347826087,0.8522727272727272,0.5,5.198863636363636,1.789772727272727,1.193181818181818,2.3011363636363638,1.1079545454545454,64.14295558958653,54.43820826952526,27.965972270726283,26.070529315311457
386509,Adriano Russo,Frosinone,Serie A,10,912.0,0.0986842105263157,0.0986842105263157,12.146192819151196,0.0,0.5833333333333334,60.5921052631579,0.7894736842105263,22.598684210526315,0.7641921397379913,0.493421052631579,0.0,0.1973684210526315,0.0,6.611842105263158,23.4684073,14.605263157894736,2.960526315789474,0.6333333333333333,0.3947368421052631,0.75,1.480263157894737,7.894736842105264,3.0592105263157894,0.8881578947368421,0.3947368421052631,35.48241042345276,53.69022801302932,18.828156112422896,12.595338143327163
296873,Roberto Crivello,Frosinone,Serie A,17,1487.0,0.1815736381977135,0.0,28.66586714360844,0.7868190988567585,0.4615384615384615,94.72091459314056,0.1815736381977135,38.00941492938803,0.7531847133757962,0.6657700067249496,0.0605245460659045,0.7868190988567585,0.0605245460659045,7.868190988567585,20.99332598550956,13.375924680564896,2.178883658372562,0.6111111111111112,1.21049092131809,0.35,3.873570948217888,2.6630800268997983,0.968392737054472,1.3315400134498991,0.9078681909885676,54.53329073482428,11.295335463258786,30.349108397856877,10.09333237507763
