player_id,player_name,primary_team,competitions_played,n_matches_played,total_minutes_played,shots_p90,np_goals_p90,avg_shot_distance,dribbles_p90,dribble_success_rate,touches_p90,touches_in_box_p90,passes_p90,pass_completion_pct,key_passes_p90,assists_p90,crosses_p90,through_balls_p90,long_balls_p90,avg_pass_length,pressures_p90,tackles_p90,tackle_success_rate,interceptions_p90,interception_success_rate,ball_recoveries_p90,clearances_p90,aerial_won_p90,fouls_committed_p90,fouls_won_p90,avg_location_x,avg_location_y,std_location_x,std_location_y
3339,Asmir Begović,Chelsea,Premier League,17,1472.0,-1.1450324906279508,-0.7335584665654946,0.05053208756897675,-1.1361362630293526,-0.15455478605498763,-1.8315663723588431,-0.9674181758559358,-1.279311513055396,-2.3335599204543778,-1.2370249371978637,-0.8412946854011707,-0.9863303074839346,-0.8127012559390556,1.7377702269544872,3.317306809553048,-2.1220358295976673,-1.807962289111341,0.0025763711481099436,-1.5488097861884091,-0.0038187813659491085,-0.9097573390580768,-1.0618448557252052,-1.275308169628122,-1.8942146925984813,-1.2212765927256175,-2.6319916620584625,0.016597128460543696,-3.136241937857101,-1.8450930488287796
5594,Branislav Ivanović,Chelsea,Premier League,33,3057.0,-0.3324839384869121,-0.3338975625670374,-0.09509233035526962,-0.7617938445920608,-0.6339098645109161,-0.2681895453690312,-0.24902465315390487,0.28144248190346605,0.7423732719857411,-0.6514003478282634,-0.20645631831783823,-0.03757120511012395,-0.8127012559390556,-0.18398820890042114,-0.1554144266326629,-0.43031859066324657,0.4879519230826953,0.42802581335028544,0.21785902550176,-1.0499086573074414,-0.7662214739862917,0.8573654426546854,0.6031231688680696,-0.3023035810738621,-0.684627296350593,0.04403971241950244,1.3977006850653244,1.101899034737632,0.5188572983728392
3456,Kurt Happy Zouma,Chelsea,Premier League,23,2013.0,-0.4399126484889528,-0.43009016464714295,-0.4869473633728014,-0.8834752765166185,-0.6339098645109161,-1.053956126053931,-0.3366993097411196,-0.7001964822981984,0.9248780254795879,-1.2370249371978637,-0.8412946854011707,-0.8346657808043655,-0.8127012559390556,-0.3059907057055159,0.1344948276038856,-1.1314844564489634,-0.5062827202624541,-0.6930216268865244,-0.08540196683145304,-2.1143214281969733,-1.6241658075624577,2.698170669630585,1.3971652246703814,-1.274337195314066,-1.0379610070777858,-0.9500163454762577,0.918536555157772,0.009218170015436669,-0.8833879145356107
3645,Gary Cahill,Chelsea,Premier League,23,2061.0,-0.5424218831812853,-0.14075721303648683,-1.4067268594554216,-1.0127479646668747,2.2422206062246532,-1.0716359557661657,-0.3180896417924941,-0.7342344611070261,1.3545804206003844,-1.0922526284720941,-0.8412946854011707,-0.9863303074839346,-0.6253095056538602,-0.5394926350022988,-0.15045761175767064,-0.8952734203406035,-0.40038084226034837,0.6575938408142159,-0.536370861188118,-0.22935515900560463,-0.7529356405943488,2.197722619939164,1.422909575278657,-0.44115687363658523,-0.4908947936242892,-0.932830280294882,0.3496574622704667,0.08139413881672064,0.02233524880053743
3957,César Azpilicueta Tanco,Chelsea,Premier League,37,3351.0,-0.8538233615529762,-0.3689618137683344,-0.46312757028007506,-0.6428592296026338,-1.7401138917169043,0.5193463413897015,-0.5936551738609437,1.2301694053039414,0.7127943145543874,-0.4801781182147553,0.31698695480996014,0.17528826178677545,-0.35168735282023933,-0.03047813494411405,-0.3362258480340393,0.41495220675446987,1.8503998985528745,-0.9242850834362882,0.5024067245605087,-1.67415073346822,-0.8751218870318452,0.5820627017866711,0.023440833272396815,-0.10683649810103701,-0.8190268237302518,0.11275047908674374,-0.8168792037729595,0.9813428543530827,2.105838172275124
3478,Francesc Fàbregas i Soler,Chelsea,Premier League,37,3030.0,0.2603202244471015,-0.12872510838565043,0.16457314752916835,-0.25488726279397217,-0.2230340829772635,3.2592712429921535,0.5501214582850217,3.3359737288625686,0.7795448536325138,1.8156640320424493,1.4004390138094318,0.1472118665481414,5.687937115093027,1.7609563472751375,-0.1368575266480949,1.3486805191538929,1.8364643340257583,-0.3064668072069818,-0.2120012323921598,0.5747213614186855,0.7522247594989092,-0.7218816498970025,-0.6568843285467653,-0.12339039268291313,0.25422922738509945,0.36277652015339945,-0.11371413484856494,0.27125069430492377,0.5641624583951809
3381,Nemanja Matić,Chelsea,Premier League,33,2510.0,0.056656061057240935,-0.24680014643669612,0.8462513008902315,-0.300278858992778,1.1963549805026283,1.173531883969385,-0.2633554054167205,1.2477383995311506,1.3437611376918543,-0.40490139218325044,-0.06810708055107177,-0.5302037753036968,0.5721312444753255,-0.038698855498694715,-0.33603553525752494,0.48826248158260527,1.472981443731107,0.6995198198559239,0.7495713093823246,-0.645837067910408,1.7008364249156922,-0.026938675364069756,-0.0712057159097623,-0.005094801073617638,-0.5890667917275624,0.031514332795029854,-0.4274489449190296,-0.05766657412568959,0.01501941009276318
3958,Pedro Eliezer Rodríguez Ledesma,Chelsea,Premier League,29,2105.0,1.3414570667153498,1.2978770879862862,0.0036280310362194657,1.8538904601988688,-0.0819252287131808,0.9822187020347184,1.3555359686160457,0.1822910807532132,0.5397584405593786,1.527025752367134,0.0806534800020359,0.7178422024543917,-0.26227693669280167,-0.5056173595805856,-0.5265301793588602,0.3209052237472389,0.014764549297297898,0.24515128276164047,-0.7324645928962923,0.1745661843925459,2.022658100046863,-0.9341874957756704,-1.1317311074507788,-0.35297248581122564,1.3750804133897696,0.755606112637569,-0.4192059661359061,0.5172484421822826,1.3099457321363714
40122,Oscar dos Santos Emboaba Júnior,Chelsea,Premier League,27,1839.0,1.3151944789722376,-0.06919556089758569,0.07570002284991385,1.4221077468204235,-0.47844335257926396,1.428728221722938,1.3090205974737712,0.8315452025164749,0.6424510776711748,0.9533352214924314,0.7416587307274998,0.5908075804751406,1.0774181437564834,-0.12007983078473433,-0.3959549541347436,0.7947059371256967,1.3979279703823086,0.25253120732131096,-0.5476406928069676,0.8436256403802506,0.2972671402970976,-0.5747708251039061,-0.6507986968948044,-0.40145260207441297,0.8821808155622691,0.7066643219037354,-0.5113558950973719,0.13072244203243694,0.6437386155487059
3621,Eden Hazard,Chelsea,Premier League,31,2302.0,0.2423107087673822,0.32792144961459674,0.12897621403109497,1.9294224255764718,0.37662246304482444,2.1406862130494835,1.1343831711040122,1.1321415576702778,1.1211944641304024,2.7810669727926456,0.42328017657129813,0.7046270450904135,1.200579703250111,-0.5153160064883172,-0.6164486511626129,-0.796275080174553,-0.9542651869959599,0.5551081142678183,-0.8556458847846988,0.54024645385951,0.8053888965743959,-0.9840230362367108,-0.8551799807373374,-0.9727191307144682,2.1276569802309058,1.0360236892630152,-0.6983315372624234,-0.10732574325380094,1.0139492970053754
5198,Diego da Silva Costa,Chelsea,Premier League,28,2468.0,1.3711353820373196,2.236692871011374,-1.1060457193677895,1.5429096672995535,-0.9104608713124132,0.26400972260953626,3.175906642267495,-0.9274847009545409,0.4088138338275927,-0.028047107846926524,1.1245692612902287,-0.429663729312591,-0.34323480860787076,-1.3299545669993296,-0.9661749813871656,-0.31449790992033394,-0.7083421775303693,0.11689328351770474,-1.3001401531888859,-1.621330250100769,-1.4400129738450504,-0.6626138765745465,0.2186960985146498,0.6337703196250363,0.9937768416910917,1.273154638017067,-0.3029960038979953,-0.18194961247162592,0.5621171755422224
3461,Petr Čech,Arsenal,Premier League,34,3187.0,-1.1450324906279508,-0.7335584665654946,0.05053208756897675,-1.096239293634143,2.2422206062246532,-1.5853618231857958,-0.9674181758559358,-0.9698547411632306,-1.3938363654503723,-1.1434021796566616,-0.8412946854011707,-0.9863303074839346,-0.6915169455098783,2.3687384235430256,3.478898635231882,-2.165204869630672,-1.807962289111341,0.0025763711481099436,-1.5488097861884091,-0.0038187813659491085,0.16523586007290594,-1.0337391405600789,-1.275308169628122,-1.8942146925984813,-1.3413424556931572,-2.6339339507020227,-0.0789417065399477,-2.9030817009542678,-1.6610718239034683
3511,Héctor Bellerín Moruno,Arsenal,Premier League,36,3374.0,-0.8032223033699589,-0.552502837709051,0.48964920693297753,0.8046786555599994,0.23172163639008084,0.7088458914464181,-0.301265012752252,0.9954716809200839,0.9219837302918089,-0.3969035920004104,0.596687596885247,0.8460167634025333,0.10304123923056684,-0.667823023133877,-0.6006743416085244,-0.6843291971825741,-0.08832662701300313,-0.5722348777425559,-0.0936428525954665,-1.2515868665286158,-0.41215949673542834,0.07971866293040995,-0.5766146948534321,-1.0066177261253137,-1.0715769744860721,0.3826688041821469,2.100178061050927,0.8222527036774431,-1.5499073250912152
6746,Gabriel Armando de Abreu,Arsenal,Premier League,21,1838.0,-0.5658406072387494,-0.40119628388777845,-1.7397872327931216,-0.8940085453368242,0.5987174800900423,0.5031034987078286,-0.4260030764943408,0.7541093143565881,1.885209253647052,-1.155856349525445,-0.8412946854011707,-0.944804097989107,-0.602573727463654,-0.006178301167997796,-0.1382998061941326,-1.1816758636317262,0.48320520164290337,-0.7157148949075123,1.456331611083306,-0.799678286607096,-0.6165409328508634,2.2520605674116103,0.8623339992962566,-1.2153173030263766,-0.709074897550913,-0.8778815445212806,0.5190289070244336,-0.6118185002794949,-0.1260663359385063
3394,Laurent Koscielny,Arsenal,Premier League,33,2962.0,-0.5460258050161163,0.09139992879121375,-1.5505997147084893,-0.9644257411353169,0.0851227531729763,0.3404680310382749,-0.4403045836359677,0.6198884672842762,1.4381695581860592,-0.7837194755918033,-0.8412946854011707,-0.9347940663958232,-0.16075257711091875,0.3314890517786687,0.08607785965346175,-0.9275203831517332,-0.133479657673619,-0.2241701460755448,0.9789900726105262,0.391043575242752,0.21207590399209575,2.234390002886206,1.4592483414024862,-0.4618833060643841,-0.5877169144389867,-0.8087675840662256,-0.7957353387250884,-0.5462170345025865,-1.1606877075645554
3498,Ignacio Monreal Eraso,Arsenal,Premier League,37,3387.0,-0.8045342409059357,-0.7335584665654946,-0.5037584051829211,-0.6481022095859115,-0.8551506699521139,0.6975032148191882,-0.25823125747772696,1.3035692064055378,0.9026947407761514,-0.13584495386522677,0.018183121584545988,0.8840533250150111,-0.24255895104122804,-0.4518413391898888,-0.5348609670623701,-0.4379794863886777,0.48529470911404987,-0.05733670943113549,0.8430000266268465,0.5747213614186855,-0.7291754650713058,0.5645898136643128,0.1524082325369007,-0.7889769582906617,-0.05469605990416693,0.28685166620867286,-2.056130069913359,1.2146989563486965,-1.5968381381329446
3437,Francis Joseph Coquelin,Arsenal,Premier League,26,1702.0,-0.6759279011731834,-0.7335584665654946,1.6513145145543278,0.20859320014667684,1.2835104493127971,1.2026951992429666,-0.8061278557251993,1.1817942080584714,1.7010670623116688,-0.7110982715977262,-0.8412946854011707,-0.8069526974921764,0.7757245850506737,-0.20867647326437058,-0.4222350417504002,0.7750875233361748,2.4807299180239437,1.1660807148328811,2.201280227986306,1.1090824285858996,2.148640370258222,-0.2987383596304785,-0.3519271340269453,0.5251649940705219,0.7058312189211856,0.06191616034225402,-0.052285564110084795,-0.47543295719194056,0.03318241341391921
11386,Santiago Cazorla González,Arsenal,Premier League,15,1332.0,0.4533979623290343,-0.7335584665654946,0.5127065377891812,1.0116955184323615,0.9639403970088448,3.587777733526998,-0.0013563625728785051,3.35837417488321,1.3813655125572706,2.7950794990698573,1.3441792877674665,0.33159685481662243,4.986313719102811,1.0693128517041837,-0.27075566342598123,-0.2655192239405414,-0.0515534435965341,2.9696718317009476,-0.5351636605621238,0.12654756314940874,2.455048051979249,-0.490245928573791,-1.1845484951886902,-0.20798036552614582,-0.32810179024921043,0.34881606858080205,-0.1978741018243637,0.17193578744845253,0.3050623053603003
3517,Aaron Ramsey,Arsenal,Premier League,31,2732.0,1.030576454950581,0.3844534144038365,-0.1284189763296286,0.4462780157869498,-0.04176535583006372,2.8286157982874487,1.1678188861237173,2.2159598659293915,1.1071637081494825,0.6196322300147251,0.5794233879324672,-0.008518793281057847,0.883701660625169,0.06295759174555882,-0.4022185849545146,1.330128245561402,1.2063747421604538,0.37459348228268624,-0.11111337800609912,0.2736045907065151,2.1926082560050544,-0.5536529924073128,-0.6336784653370579,0.8918986867589572,0.6757498430835885,0.46263732556279713,0.07499812240729527,0.18241845255328137,0.5715960142940089
3496,Mesut Özil,Arsenal,Premier League,35,3125.0,0.24598562675333605,0.43933438161685934,-0.2733991060090715,0.73553589929914,-0.13371326090472976,2.635524480255946,0.9981172781596609,2.2116192566995734,0.7793608421779816,4.635009395427543,5.05843601464703,1.1874106210225897,3.142134172799898,0.4263808290259282,-0.5035026218179854,-0.12021912851089336,-0.7897959685267064,0.9288795875546811,-0.8025303346291356,2.0371832294552714,-0.13833990761364198,-0.9758548580631985,-1.0818811514628048,-0.9358939998367316,0.26764344850164085,0.9584486820241026,-0.15451786579251264,-0.012807664565229693,1.2175617363490219
3385,Alexis Alejandro Sánchez Sánchez,Arsenal,Premier League,30,2510.0,2.7781271928148814,2.4303706142716988,-0.17434806693355076,3.0431507571535206,0.08076497973246799,2.1043459063581635,2.402513337023027,0.8106164788572032,0.19705074480894122,1.9131570546431724,0.7050805242990281,0.6861336438436042,3.3417962453040877,-0.19047645648161943,-0.4343977240109279,0.016425004773130983,-0.3539076802379836,0.310719074041794,-0.8641856300609565,1.230975851741554,1.804005604607467,-0.9547855956878463,-0.6250928446202079,-0.05480848242953506,1.7849455222243176,1.0830437128044947,-0.6381218861270435,0.1283409175767629,0.8927712276890967
3668,Theo Walcott,Arsenal,Premier League,28,1430.0,1.7086688704903594,1.40239150462906,-0.8021956708796855,0.9978772999782023,-0.39423232528295216,-0.8783122855776364,1.9001235130488163,-1.582966452823012,-0.026607313635931395,0.11922837318309694,0.515838802832221,0.08115463029918604,-0.5426212578007421,-1.3346943085197709,-0.7204095393780335,-0.7143897828563109,-1.0226632964761333,-0.2391562664667628,-0.7762993123163234,1.1722864257777204,-0.6576254520941842,-0.7799720487037674,-0.9371490469614835,-1.6324356572068321,0.5415816934596782,1.0433488805084483,-0.14668899718158118,0.8410565323537578,1.2644448982696463
3525,Alex Oxlade-Chamberlain,Arsenal,Premier League,22,982.0,0.9327643252575802,-0.11147935071860819,0.35307968536341616,2.100921819010705,0.6315875426127343,0.9593657657523165,0.6574545082208053,0.22043309245865542,0.15990168208119673,1.3456570285988738,-0.8412946854011707,1.4231201656283738,0.3671797949910513,-0.08671071094756105,-0.24852184563292817,0.4582488534219874,0.4791610499280623,1.3493724950024004,-0.17388449155071897,0.12654756314940874,0.9564844512739137,-0.8338079050346326,-0.4135533789221515,-0.6235289471468234,0.19794454385129703,0.7593328589257115,0.8906702220356356,0.40307221088453693,0.8402095243774557
3604,Olivier Giroud,Arsenal,Premier League,38,2541.0,2.450964236774098,2.8725908354512866,-1.342019117577892,-0.4105562546835299,-0.7330867772949011,-0.29424633039400405,3.3674734062410163,-0.972483140257161,-0.6795810759610519,0.2894939402872005,1.4499696453824773,-0.44565611821715917,0.25125025187854316,-1.4079797787378536,-1.0478612688666302,0.13055938248630353,-0.2979898393473955,0.9425541536505411,-1.3555892732430102,0.966873434904302,-1.8764361206248223,-0.6388322737594112,2.4594470758405444,0.31560833343492195,-0.02426831955433388,1.1911222399682926,-0.24717930921930464,0.13685034234196003,0.38175873297299856
5475,John Michael Nchekwube Obinna,Chelsea,Premier League,25,1879.0,-0.8145427455647316,-0.7335584665654946,0.4794083198575152,-0.5271076450608582,1.2835104493127971,1.0647040801300294,-0.7847970177515495,1.207235871057912,1.8716763578552629,-0.9194350188542648,-0.3248761414486034,-0.864469999259092,0.00946882886730579,-0.19923328018727238,-0.4037212456370041,0.7094328314619975,0.9312503138139332,-0.080303390319847,0.7375215494687303,-0.353638649281959,0.9091543548354466,-0.03692859389868954,-0.5997547865999716,0.8285287604815962,-0.6708138708369668,-0.20288399216342454,0.14035563207897728,-0.6056835354427748,0.07938548700098287
12608,Bradley Guzan,Aston Villa,Premier League,28,2646.0,-1.1450324906279508,-0.7335584665654946,0.05053208756897675,-1.1361362630293526,-0.15455478605498763,-1.6118607264100018,-0.9674181758559358,-1.0204597033290754,-2.0124886270172366,-1.180642524445821,-0.8412946854011707,-0.9863303074839346,-0.8127012559390556,2.7240696114552785,3.674160767659661,-2.1677589381752624,-1.807962289111341,0.0025763711481099436,-1.5488097861884091,-0.0038187813659491085,0.09666485444371536,-1.0618448557252052,-1.275308169628122,-1.8942146925984813,-1.3868263499863656,-2.671384213596332,-0.07332853484917218,-3.009062663826944,-1.6862041336962479
9642,Alan Hutton,Aston Villa,Premier League,28,2451.0,-0.7468922248057396,-0.7335584665654946,-0.7732026371895303,-0.5136068066644397,-0.8735874037388803,-0.28972627006640395,-0.5474118648667781,0.21098181226856413,-0.4575145110309901,0.16294278016804004,-0.4453948714122383,1.7228863614185141,-0.49755282889883673,-0.10531582969221291,-0.1668024134110063,-0.3240458055402731,0.4828936053569307,-0.39800914261367965,-0.29683782730872005,0.4492326979032881,-0.6873448771191782,0.19897339844793333,-0.14086778361162433,-0.36690330700052765,0.11542047456415552,0.3914570830908115,2.099512834024011,1.0210494768356309,-1.570026693271659
24380,Tetchi Jores Charlemagne Ulrich Okore,Aston Villa,Premier League,12,1127.0,-1.1450324906279508,-0.7335584665654946,0.05053208756897675,-0.9104900492537831,0.8041553708568687,-1.376952023936206,-0.8151798634876386,-1.1017516685838467,0.6481798629389388,-1.1046488376930674,-0.8412946854011707,-0.9863303074839346,-0.47000880044856047,-0.06042422074385069,0.39301608502562346,-0.565229745739612,1.264366141850567,-0.6470217592764129,0.3026867749700649,-0.22935515900560463,-1.2607003315204521,2.1967970994491797,0.2800887710313173,-0.7870155781055547,-0.5777582755914259,-1.106195186065472,0.9817810931992068,-0.7657338059169568,-0.8223364810967588
20285,Joleon Lescott,Aston Villa,Premier League,32,2933.0,-0.8123213445214934,-0.3170008860938666,-1.8082257505406933,-0.9193758786745393,1.6669945120775396,-1.203082204685111,-0.5754862723913005,-0.7667907824949011,0.5147279904270514,-1.0335638200592265,-0.8412946854011707,-0.882238697458032,-0.549343330717243,-0.11510043404883548,0.14019022821543067,-0.8775928882150483,-0.4040808077893935,0.48290226147376547,-0.042243161385023584,0.5560474531574652,-0.9889754433268638,2.4807593211673273,1.2183703589692394,-0.9157043534654724,-1.2202111879562323,-0.8841417668182293,-0.735977280112408,-0.007346680072395204,-0.26580894467362903
9533,Leandro Bacuna,Aston Villa,Premier League,31,2518.0,-0.017624831989505166,-0.4909525524425236,0.793829833278322,0.17678775524938894,-0.3020486563491195,0.32566304388791145,-0.5654014123807496,0.5366522325530856,-0.06566494104836072,-0.22979948429381433,-0.8412946854011707,0.6201963691360556,0.2609686334034855,0.6713209045763837,0.08444987080347392,0.0969573262116948,0.3847725536419181,-0.6295574027600321,-0.13516538801192884,-1.7743275122685567,-0.01202598851347843,0.11206545786950399,-0.5311365101855043,0.08801469903540007,-0.8825970407652981,0.11753450522884916,0.7156659560254707,0.6631978522125271,1.4551213816142528
5685,Carlos Alberto Sánchez Moreno,Aston Villa,Premier League,20,1431.0,-0.339115249671651,-0.7335584665654946,1.183529215986113,0.19669016739552653,0.7082843551656828,0.34427049259855075,-0.8355314981180055,0.5627668780440962,0.7344117883205354,-0.9242621192903048,-0.8412946854011707,-0.8796564108361454,-0.8127012559390556,0.5044115594536401,-0.04172478353091598,0.5837449098931307,1.658017832704544,0.31533018800832197,-0.09064303257163758,-0.22935515900560463,1.9644369233420025,0.4717235570391509,0.41430589540784307,0.547348917250491,-0.8478689727034487,-0.3018508019943957,-0.02113849171179528,-0.5388896007317019,0.10025314486490437
7153,Jordan Veretout,Aston Villa,Premier League,25,1900.0,-0.2112125944267646,-0.7335584665654946,1.155821591841012,-0.6676828471147556,1.009593261623695,0.6222850367640791,-0.5700922056601925,0.6833143054679485,0.3929100358528357,1.5111725601530301,1.7122591148274477,0.6205154409685525,0.40692315670659185,0.18548174461340544,-0.16881287200141068,0.8949552002719958,-0.18260003198610208,-0.31136211926081564,-0.6443852430937217,0.1745661843925459,0.6919504466666503,-0.44897754782713173,-0.7344760464685178,-0.1866805634999689,0.03523487679828756,0.49267011719424303,0.09410012622972487,0.07814227052527542,1.2827946556665237
3436,Idrissa Gana Gueye,Aston Villa,Premier League,35,3193.0,-0.3115258497969516,-0.7335584665654946,1.292080128202884,1.0142516602330363,0.43132364316892474,0.9486274148947208,-0.70949510207343,0.8378936102033803,1.0991632522954686,-0.022216146815919723,-0.5373953919195312,-0.6755795246247394,-0.570788072514196,-0.3450607525600203,-0.41546398076713825,2.139038984035588,2.676210552486349,0.43051762317219805,1.5265007267728117,1.2441809725834165,2.6525179865651176,-0.36052232024715253,-0.4423543645003073,1.1930780966482688,0.36084597112116745,0.04852495479636982,-0.3669569136658046,-0.13306455234762563,0.30520484053758323
11117,Scott Sinclair,Aston Villa,Premier League,27,1668.0,-0.24088432973771376,-0.36732244032949785,-0.34193061631991223,1.2269937641520245,-0.4483530599473311,-0.9728255059197523,0.7195064523459608,-1.7201926984059954,0.6464447629057395,-0.8792602749870588,-0.8412946854011707,-0.29995285198489574,-0.5811578522593264,-1.497271012579152,-0.9871516916481575,-0.48568022384606474,-0.8541943778922215,-1.313749252166492,-1.0336998845457515,-0.353638649281959,-0.8446837131028924,-1.0081440678167777,-0.9853995692604404,-1.520169907816249,-0.06385564473290739,0.8734559157473238,-0.15279804400912725,0.5228003868408385,1.2972060656722475
3450,Jordan Ayew,Aston Villa,Premier League,30,2450.0,1.0637374271213855,0.7624783295854669,0.19019185071816927,2.9638554412727474,-0.41546957559429065,0.3279394805005882,0.9233816637583155,-0.8950078446907439,0.41295869662597945,-0.3845228563869741,-0.8412946854011707,0.3221012305416619,-0.18214713783654385,-1.2355454927115423,-0.7486370093064619,1.7508028282860408,-0.16551211709981314,0.8506483489597563,-0.6470220493418112,0.3506344622840467,0.26499515775638727,-0.8607628033693223,0.328359710569024,0.8051367485352741,0.5854445635959997,0.9271661053380481,-0.48636997281147076,0.020645245437936628,1.1267682091494917
19362,Rudy Gestede,Aston Villa,Premier League,32,1799.0,1.961644595955762,0.9642783643451297,-1.0482948800769292,-0.42934559342105094,0.2289292767097549,-0.6012922080477852,2.0844564752003563,-0.9358566745968125,-1.926948111922133,-0.3248145394430208,-0.3019114479987944,-0.7741980866626641,0.04603003330561021,-1.4619944783600223,-0.9815781919216573,-0.7237468970693628,-1.2877762786109024,-1.9865379040828428,-1.3441238537005302,0.3506344622840467,-1.9252104180172238,-0.46436015824044546,7.259027331690423,-0.1601771689276527,-0.6918126315149534,0.9903601541049696,0.04319310757240276,-0.09767186716863006,0.4463962023626404
3475,Per Mertesacker,Arsenal,Premier League,24,2127.0,-0.81136858789504,-0.7335584665654946,-2.0015049988528664,-1.0763564598029616,2.2422206062246532,0.28587915607490655,-0.668960940903156,0.7388794352386856,1.7776776605870819,-1.1668848976389048,-0.8412946854011707,-0.9863303074839346,-0.6311242003030482,0.22315432022794687,-0.07754147405588949,-1.614894221228204,-0.9280237532483517,0.8728138665616509,-0.6254937102236535,0.5046942054391107,-1.4720281392887482,1.8017932109064203,1.0550008762046263,-1.424891363201762,-1.0630115953542114,-0.9406923539646551,1.1771569975636103,-0.759726537734493,-1.0378747306359446
6631,Mathieu Flamini,Arsenal,Premier League,16,1139.0,-0.5998259665069773,-0.7335584665654946,-0.44611642984634803,-0.8570501316366103,-1.20913595865803,0.09752831050200875,-0.5908321836718466,0.5290358581073192,1.4554459919947462,-0.7130991632139984,-0.8412946854011707,-0.8523089325032618,-0.4736192565204531,-0.5791271774916507,-0.4533628821144567,0.1311160875551873,0.9855142269790734,-1.313749252166492,-0.1478762470915335,-0.02858952086687892,-0.8277821989390163,-0.0395025510664348,-0.47926853165628275,0.18730020104831724,-0.7710952454165857,-0.06389881905297554,0.165173004263406,-0.324151854430701,0.34486693117805894
5581,Joel Nathaniel Campbell Samuels,Arsenal,Premier League,19,910.0,0.8047013585833165,1.2803372205608,-0.17488024899482396,0.4008616008034697,0.15048935478060282,0.14447296296531253,1.4836186532736488,-0.5739086162751041,0.11721611811294655,0.566344849132864,1.2913436532513018,-0.23146595862301364,1.3093558722905507,-0.9506532821838102,-0.6817918438023889,1.241900158571927,1.0714673505510868,-0.3526226065717037,-0.33486475581798897,-0.47101750120962615,0.08612539001447768,-0.864981307964201,-0.876763489342441,-0.6601135257521348,1.826137176023367,1.080237589455118,0.8821036779028201,0.12952264280702247,1.134122999933829
6800,Carles Gil de Pareja Vicent,Aston Villa,Premier League,23,1479.0,-0.06536242808296892,0.09251549119196634,0.9602596006433564,1.5719615774505695,-0.13172835374756253,1.0571955901846852,-0.21338047656319664,0.5058178218378401,0.6999347441517011,0.9821319330671293,-0.1852091924418235,0.7166654401153033,-0.290437026949484,-0.12827366869173393,-0.3906103361663156,0.522041999986202,-0.3526724610872271,0.41697517848789145,-0.9678744812932414,0.70277101806705,0.567039227880406,-0.8195922141261331,-1.1526997656186666,-1.219264914622266,0.6858141197136615,0.76726374827824,0.6685546190905299,-0.025346269306804208,1.0114783717095104
3291,Joe Hart,Manchester City,Premier League,35,3230.0,-1.1450324906279508,-0.7335584665654946,0.05053208756897675,-1.1164533463942856,2.2422206062246532,-2.0167495873542682,-0.9674181758559358,-1.3856638369395307,-1.8550784189200358,-1.1446485507322874,-0.8412946854011707,-0.9863303074839346,-0.8127012559390556,1.4464191256360839,3.1952840720753595,-2.1611139532896324,-1.807962289111341,0.0025763711481099436,-1.5488097861884091,-0.0038187813659491085,-0.44247932748905394,-1.0479790795284163,-1.275308169628122,-1.8942146925984813,-1.3758911434593735,-2.6351775044980505,0.023774413022405374,-2.933010611133782,-1.5443292603979883
7110,Bacary Sagna,Manchester City,Premier League,28,2544.0,-1.0055468143085913,-0.7335584665654946,-0.679844043374891,-0.7112978383314225,-0.4647257191735296,1.3771626300444118,-0.3199744851424604,2.054385380495046,0.8044881218436807,0.3463368284591538,0.3029864986635403,0.7237855981509348,-0.35725974964449386,-0.32601541619300056,-0.5428531595270967,-0.6354182624020914,0.10486636302289737,-0.3002535265232699,-0.3908538347868552,-0.881843482956463,-0.8602451869101019,1.015514397279573,1.2195125982765453,-0.9132293136413051,-0.8478689727034487,0.3598304426123612,2.002441186293357,0.7621948633910282,-0.4945430855911958
3090,Nicolás Hernán Otamendi,Manchester City,Premier League,30,2776.0,-0.2502338869193216,-0.5135002202536637,-0.5487999829049066,-0.884214783186437,0.6734221676416157,0.45513086198158986,-0.45443100088320926,0.6077466341863743,1.3026497398859145,-1.022056833246991,-0.8412946854011707,-0.9863303074839346,-0.8127012559390556,0.2163298623698173,0.09496223602432452,-0.40221572950147805,1.1923079676334618,-0.12314012096620615,2.1211096880302045,0.14274661609890033,-0.1337055896863406,2.5681813874363213,1.3594033305073465,-0.32096292490491185,-0.37559892680196355,-0.6945061448927418,0.33115739836894564,-0.4948370507937166,0.09709797876195757
3389,Eliaquim Mangala,Manchester City,Premier League,23,2083.0,-0.8894984815858595,-0.7335584665654946,-2.12662322530296,-0.8919660441862735,0.8041553708568687,-0.18018796596001324,-0.637946110490461,0.09598232795257314,1.5759984333127517,-1.2370249371978637,-0.8412946854011707,-0.9863303074839346,-0.8127012559390556,-0.19400378038173755,-0.08696332825094744,-0.6047090582464985,-0.14568953745792287,0.3833752751900716,0.3957557049314353,-0.09753933598522926,-0.3761057685072404,1.7117763482671466,0.40777618190638415,0.5618750569634324,-1.1038550191913679,-0.7939896853051659,-0.9077366860445981,-0.8483394545733773,-0.9163401184798208
5596,Aleksandar Kolarov,Manchester City,Premier League,29,2383.0,0.38129083950365633,0.03549108244202852,1.4044221863214947,0.01105647362380288,-0.7007966196443015,1.3808212689366781,-0.2978315305502875,1.818762294689754,0.056075183477476316,0.9541522533043177,0.38029630589577623,1.9283112148349382,-0.3264892576120036,0.6733727685076982,-0.12379601645971396,-0.8374677988996779,-0.5120377030693963,-0.6001855304370279,-0.2611122321749311,0.1534379910455655,0.8278706057759404,0.5732461090501514,-0.03239956045631306,-0.6374995583641262,-0.10154406506447596,0.4395687755716372,-2.1260421022273506,1.1896158094085731,-1.4585435865073193
3089,Kevin De Bruyne,Manchester City,Premier League,25,2077.0,0.9051450378638206,1.3252628345088908,0.5127385215610393,1.098353343798992,-0.12172224643471864,1.5391489930351754,0.7094828035341173,1.075365386351308,-0.35303976012478994,3.7191438763753135,3.3634015094865877,2.284223569060547,1.9765216425042889,0.08539977780815182,-0.3198786299691962,0.8054535361018031,-0.4562801039063014,-0.080303390319847,-0.4850736498021959,0.3506344622840467,0.5986721803871063,-0.7383990893629391,-0.7805652548456241,-0.6926611037361528,-0.3477131844606302,1.0735310736712542,0.19086738982727186,0.07240623232712597,1.6076702127732347
3087,Gnégnéri Yaya Touré,Manchester City,Premier League,32,2397.0,1.593705043912866,0.5407045533795257,0.49923665107675136,0.5082946444961115,0.5722093651523875,2.424204540184612,0.263724228095679,2.0533908867395385,1.21984658511302,1.2525514356332699,0.37316143986400385,-0.6360687707436659,2.570904227621044,0.46461022140586455,-0.270557479819724,-0.2650404633180934,-0.16823702497316223,0.782040794477699,-0.7807038359470779,0.3506344622840467,0.6955610168322466,-0.2771009262899133,-0.19096292282109184,0.08396258221478867,0.10832071921647339,0.44592293848201325,0.0803534258578573,-0.3188187330703181,-0.025563004391507802
3054,Fernando Luiz Rosa,Manchester City,Premier League,33,2836.0,-0.20660276419163906,-0.3027533242794281,-0.14222263427104767,-0.23943921463348908,0.2289292767097549,1.3060564021313312,-0.15674379443014222,1.309421595380922,1.434608914417107,0.07810080453261636,-0.15698548646825494,-0.7441136088014811,0.14057828614998455,-0.2083320724454397,-0.3950748965981141,1.2451764947341708,1.8877795615132136,0.5834746992940533,0.48537094367144334,1.0848766424273295,1.0542101311846264,-0.3827836230129263,0.04614756977703388,1.229718718698434,0.00597831094176603,0.2423067923054282,-0.020983376084799985,-0.3934228972353892,0.1869262776947099
3064,David Josué Jiménez Silva,Manchester City,Premier League,24,1831.0,0.2600323996146858,-0.06629282837691738,-0.0004242697659203995,0.5999593331275761,0.05636144846562058,2.754639151841553,1.3751893888501119,2.2724671211515743,0.8675984986784587,2.836920014793006,4.458270820261718,0.7644382715235538,1.0856764480697352,0.1326001136062823,-0.5436996762706177,0.27369937358202584,0.13419806314594906,-0.030139324168189045,-0.34215770793927486,1.5831124075245573,1.090963454577707,-0.9395443174520527,-0.8461452743268653,-0.39493043018790674,0.721329227916002,0.8753395421594391,-0.24533877247123076,-0.10664794236711743,0.8166727662082379
3237,Sergio Leonel Agüero del Castillo,Manchester City,Premier League,30,2412.0,3.1949845228112266,4.331795528141327,-0.6397477922022071,1.7896166810712308,-0.19342141403790095,0.37638667698116307,3.5352950040251545,-1.0913504457786207,0.888152013296271,0.24743142242308802,-0.03669232712018078,-0.38509552805675,-0.17221303481502867,-1.321972408027586,-0.9254007335768658,-0.590954970629247,-0.9544000203059364,2.865695403677512,-1.090812283022123,0.3506344622840467,0.026368986282291586,-1.0432766728414455,-1.0247030984147654,-0.7560764320372202,0.4883594712655238,1.3836767271436872,-0.029087123163365276,-0.3832649226472098,0.6065299023412568
3233,Raheem Sterling,Manchester City,Premier League,31,1981.0,1.1388430253209367,1.1166637194869313,-0.4105825323814948,1.527565463722358,-0.18343159801016437,0.9689960033407298,2.2371176078117188,-0.09700410486500667,0.6361007004659314,1.248184308982291,0.138362501965689,0.7089284579202536,0.16209530473178843,-1.2891419300736568,-0.9236945913203833,-0.016228011976595024,-0.20181905244956286,-0.19243483230590522,0.18607828234254079,1.230975851741554,0.6255932769039256,-0.9035888235145039,-0.939666890000016,-0.1935099043650001,1.5553800851684214,1.202659701158407,-1.0997674125884382,0.09121403603833547,0.4529656230360966
3598,Wilfried Guemiand Bony,Manchester City,Premier League,26,1291.0,3.0466687475485585,1.1591810896285957,-0.8974592166375591,0.09499891766907377,-0.058683770363802304,-0.18603531116505048,2.288606736581894,-1.0814505130220466,0.5454660098848603,-0.3125455312061942,1.4135862845915677,-0.8089673956679164,0.9822533405185204,-1.4725595189356149,-0.9700875625182743,-1.1328039188917602,-1.083086508406237,0.8728138665616509,-1.358657453347875,2.815590352765067,-0.9216466061146796,-0.7843145250319228,1.8617005002683389,-0.15442838457342237,0.3570926269684129,1.0627289785137048,0.09092661939123399,-0.3775187875095094,0.4149700152891497
6821,Jesús Navas González,Manchester City,Premier League,34,2377.0,0.011929896546005112,-0.7335584665654946,0.09929205673703616,0.6826082930186652,0.29660293484470923,1.324769732636699,0.6710746813114643,0.9304768575799603,0.11301223681304354,1.7756033668877362,2.0162791928521413,2.7063053260548577,0.3246570870834595,-0.39159759581140435,-0.5427738018644105,0.08128413489780498,-0.7056143833087287,0.6685744543727592,-0.8775168534869614,-1.7350974450460472,1.0017751710618212,-0.7038546642245993,-1.0464425875540981,-0.7918132856694071,-0.2299398043945855,1.1665768068864968,1.9490215385838656,0.24512916099686252,-0.9633292438796223
3262,Łukasz Fabiański,Swansea City,Premier League,37,3481.0,-1.1195476040611272,-0.7335584665654946,-2.1513608399043873,-1.1361362630293526,-0.15455478605498763,-1.387893389689139,-0.9575605155261989,-0.8162154391879345,-1.365790257774073,-1.1084516558345439,-0.5625384532590068,-0.9863303074839346,-0.8127012559390556,2.281017897828029,2.899918259518273,-2.158387573727947,-1.807962289111341,0.0025763711481099436,-1.5488097861884091,-0.0038187813659491085,-0.26003743026455717,-1.0361129067935024,-1.2579436355354299,-1.85836828633495,-1.2350682576044274,-2.6123595066270937,0.05191197693982404,-2.7694473587042636,-1.7637362470918718
3340,Kyle Naughton,Swansea City,Premier League,27,1871.0,-0.7183002558593702,-0.7335584665654946,1.3291522312323043,-0.38858519082846116,-0.6339098645109161,1.2851278299188746,-0.7289955660742231,1.8015366090390539,0.34657414122188607,0.038766525266321614,0.7145852356360416,0.6046273349576646,0.012984254136387012,0.14951318684549217,-0.24684185367647754,-0.03632850477780262,0.5928448930764662,-1.430552837568636,-0.3023515894365491,1.2587761061454754,-0.11075867786284997,0.5180087891873962,0.2431094302131917,-0.2935988909520526,-0.276129108440311,0.1456373104662333,1.8839614801259918,0.6061874619649865,-0.20624029232425448
3290,Federico Fernández,Swansea City,Premier League,32,3009.0,-0.6438297214804215,-0.5305402905064578,-1.498077097816413,-1.030493490129275,1.091768417930426,0.4574652712841097,-0.5055577962891447,0.7248252984704624,1.1047325750746941,-0.8403805659332426,-0.5188119854720002,-0.9355990525477478,-0.42764203626030384,0.49007864203731816,0.1061624908003135,-0.7502602968755976,0.3068730394542839,0.9288795875546811,0.45000151709496417,0.5518553513029058,-0.8759501281786028,2.242440115916374,1.1553861222881492,-0.27690918647327034,-0.706277360457306,-0.9115278805829544,1.1190032660174096,-0.6495787046144207,-0.9657688860332526
3644,Ashley Williams,Swansea City,Premier League,36,3387.0,-0.7259577217393169,-0.3728370660567009,-1.465166364157908,-1.02351301992702,1.2835104493127971,0.3375435282892604,-0.6280215792035072,0.5673478111700064,1.1649609271085675,-0.7965529438648089,-0.5548020830725985,-0.9412608223634781,-0.4706158730003594,1.0921699485825642,0.4210435550336032,-1.084451354268922,0.1537394804549573,0.2418770908795333,0.9517186544820855,-0.1852255139074793,-1.0349973027168389,3.2224220782764523,0.6699554283217216,-0.6416119270496191,-1.0423768676189848,-0.8862441291093877,-0.9696205278481165,-0.5397113834904935,-1.009677594360182
9627,Neil Taylor,Swansea City,Premier League,34,3081.0,-0.8858906499099974,-0.7335584665654946,1.7246015535996488,-0.5377270448512497,-1.1297944284308423,-0.12955583385538783,-0.7168253160130863,0.40593443642283994,0.44924678012101166,-0.5106964847056258,-0.5263480953048145,0.37617683884262243,-0.5619940846714232,-0.2911397896996918,-0.3451254460651467,-0.6271904751120183,-0.4107706918067873,-1.033420647201345,-0.23412951419793995,-1.4420607307930589,-0.9963042890565995,0.2754982324402659,-0.7063590128208557,-0.3147040571130024,-0.52136802869055,0.20895579590930388,-2.1315145972472047,0.6871129466773499,-1.6581931937481809
3057,Jonjo Shelvey,Swansea City,Premier League,31,2359.0,0.9985176314277602,-0.7335584665654946,1.285905263033756,0.265280726383903,0.5829145654156712,1.2057215929215561,-0.6619477105044742,1.3589215703983202,0.2669505383606425,1.2294128336941754,0.8040642702357518,0.34021996598415283,4.0988849755716075,2.2094129083222835,0.5102709145712728,-0.24006048347350972,-0.2608333920057339,1.043886194719869,0.4284036823344644,-0.10343635964666727,0.9799313949265878,-0.606196288207154,-0.8653314460899337,-0.30733881040238775,-0.9735684031243336,0.06537122041086503,0.0009293168574556162,-0.12014689773915305,0.11797172283033892
3605,Sung-Yeung Ki,Swansea City,Premier League,28,1936.0,-0.04528591865547947,-0.1024823387125583,-0.1246651773707215,-0.4793612554749443,0.2289292767097549,1.0190054271890396,-0.25844058065316333,0.9524128965383818,1.799113499398516,0.3812318535976007,-0.3400806130422479,-0.7497853496797203,0.7832260057873428,0.4371313357120482,-0.09836429955264307,0.18339997194119584,-0.3094987757023037,-1.1871492370209413,-0.4076011316046464,0.3506344622840467,0.8178233528636715,-0.5297743424713549,-0.46353413936303794,-0.41179174596774026,-0.10140810740230143,0.11357596122147139,-0.27272742043072984,0.029489224419299607,0.43247849292483825
3347,André Ayew Pelé,Swansea City,Premier League,34,3005.0,0.8919689801203935,1.7059025321498837,-0.6767608333456142,0.6198681032585472,-0.6685620388571278,-0.04552851767597459,1.0537695987141518,-0.7017420549789886,0.6252443056694947,-0.39303369246828096,-0.19547076254801019,-0.6053394270272301,0.21549015128301002,-1.103265709042444,-0.7388066502919535,0.5668807602322047,0.15397853857878263,0.7063965677410725,-0.8952679247651028,1.8912318938346846,-0.872685288302556,-0.823381190550478,-0.12874618591107886,-0.3162809396109912,1.3125269816571352,0.7654786660164948,0.7087843985996916,0.026795848489506776,0.6214116581645236
3944,Gylfi Þór Sigurðsson,Swansea City,Premier League,36,3034.0,1.4572902590032386,0.8772040693913743,0.5767691275628123,-0.004595617186108098,-0.42086316297494764,-0.06456011320459708,0.35585088350934435,-0.18142962884966085,-0.35337161125173455,1.5657793660614054,0.11818169306310825,0.44759680653554723,1.605912306822309,-0.3496260084201779,-0.5039739185473022,1.1942465304676437,-0.54334792034068,0.7100865300209083,-0.45649932708780033,0.0767504744528227,-0.7467962561040714,-0.7666144198937718,-0.9963881945215753,-0.3313633650680241,-0.36830058630727225,0.8891406616572765,-0.07350131494706487,0.015891733874088484,0.5097028878959484
7063,Jefferson Antonio Montero Vite,Swansea City,Premier League,23,1409.0,0.17716104586698647,-0.7335584665654946,0.36140674937584033,2.6540475137104673,-0.8393477552777424,-0.01923612294032122,0.7495252949395933,-0.8095126461657515,-1.264685635720965,1.3041452114222474,0.5360657746227826,3.834777145733161,-0.8127012559390556,-0.8872050754849509,-0.48566997069379114,-0.29185377647537264,-0.346789689850421,-0.6001855304370279,-1.1132408335675266,-1.621330250100769,-0.38808318837864775,-0.902914915641357,-0.7176096165432382,-0.7429319228017555,1.6850048447067139,1.138223024818692,-1.998125258201178,0.37856031244468646,-1.5035149712299538
20521,Bafétimbi Gomis,Swansea City,Premier League,33,1806.0,1.7531184053895728,0.9576976014346232,-0.11870675110509121,0.5183839885595377,0.4063926461806728,-0.2938144735836891,1.8636243632162206,-1.2941492596439725,0.5585283916844924,-0.08052986633037792,-0.8412946854011707,-0.7327583039906019,-0.5988505375903358,-1.3189909758205807,-0.816840835480423,-0.5997561705163807,-1.2379755248924496,-1.466655763965663,-1.2769530179745339,2.815590352765067,-1.3571072012751795,-0.6402669094540625,0.5320456130627581,-0.30508356044061025,-0.00034900549294881447,0.9706364161478679,0.5692335664335921,-0.06062583916228484,0.23909892264401422
4631,Leon Britton,Swansea City,Premier League,25,1569.0,-0.8623272957933024,-0.7335584665654946,1.1436883858695353,-0.2852170563011172,0.8726346677791439,1.0929097023243135,-0.8361963188470861,1.1151303137634547,1.552081552822122,-0.8566862140827441,-0.8412946854011707,-0.8890388185718974,-0.07424160519758659,-0.6252794019940047,-0.47353483139645425,0.6919022410166735,0.6970864413789164,-0.3526226065717037,1.736862550102042,1.0549075738500524,1.5401482905168542,-0.405319353074183,-0.8130065009729662,-0.7012764497365997,-0.039529116334454675,-0.13638385254331573,0.2028445561723626,-0.6216047158735221,0.3122520528151257
6871,Costel Fane Pantilimon,Sunderland,Premier League,17,1599.0,-1.1450324906279508,-0.7335584665654946,0.05053208756897675,-1.1361362630293526,-0.15455478605498763,-1.407325780144757,-0.9674181758559358,-0.8026299047661626,-2.9138400447396573,-1.1437242091541455,-0.8412946854011707,-0.9863303074839346,-0.8127012559390556,3.17787916917545,3.8064987558343355,-2.1264940999477657,-1.807962289111341,0.0025763711481099436,-1.5488097861884091,-0.0038187813659491085,0.2746789792546091,-1.0618448557252052,-1.275308169628122,-1.7381404709557635,-1.3092174610728944,-2.6543536737003492,0.12185252285286119,-2.94610238815208,-1.6101340282235828
6300,Sebastián Coates Nión,Sunderland,Premier League,16,1287.0,-0.6625225986514249,-0.7335584665654946,-1.7929325657759876,-0.7409485661761016,0.8041553708568687,-1.4496689013348554,-0.47416367799691284,-0.9769117460791839,-0.5842806921374536,-1.1211058508405167,-0.08733163638262019,-0.9270255887182056,-0.21252348229835907,0.3175662832639724,0.7118016130559573,-0.2628441908123186,1.9003940649993618,-0.7530920422361984,0.8354817998365466,-1.0297408363853244,-0.5620516723836029,1.6872849905332616,0.9790859814828022,0.04488927326558769,-1.0992145597878882,-0.9993051792983115,0.9118226264191553,-0.12292154149415896,-0.8527045586012862
16890,John O''Shea,Sunderland,Premier League,28,2110.0,-0.8086803005270496,-0.7335584665654946,-1.3450203829031697,-1.106005542303634,2.2422206062246532,-1.7122487589534676,-0.6096364965327546,-1.2058948040289286,-0.1970921507792903,-1.166319788315444,-0.8412946854011707,-0.9501572396870185,-0.446621258462479,-0.20473217255842996,0.3953008789933501,-0.9707517728677659,-0.38871734823507303,-0.13987321887494042,0.25452824997533785,0.4301491684285957,-1.549114973739783,2.652671729694215,1.073775877995696,-0.5340389463060098,-0.9108128690320908,-1.005571549981517,-0.11512184949772176,-0.33213498191906987,0.22263013821127675
4746,Younes Kaboul,Sunderland,Premier League,23,2098.0,-0.6799029427107728,-0.7335584665654946,-1.0164478506036234,-0.711893417348831,1.4204690431573477,-1.2843443436486772,-0.6157679920770964,-0.9381540570905462,-0.9161816465692664,-0.8814771198911296,-0.3787825576190569,-0.7316705308583618,-0.444527378591307,0.15858308820027345,0.5673523062841369,-0.3008913731508151,0.11005626257037616,-0.2576275311350089,0.7328822553244716,-0.02858952086687892,-0.8909326959875491,3.015473213428766,1.2888905637955612,-0.8831170837057273,-1.1067255904047424,-0.9907155773300464,-0.9300221257939524,0.4072420295082471,-0.512313276577549
3658,DeAndre Yedlin,Sunderland,Premier League,23,1897.0,-0.9579731545412609,-0.7335584665654946,0.2060107643469995,0.23793260886412956,-0.28316224612852925,-1.0167237804496065,-0.687041269202736,-0.3377054112879511,-1.115845035263487,-0.37193979984364006,-0.3297762646911681,0.10000584032329493,-0.6091090591347392,-0.07629957952616526,-0.020239162492156536,0.5078078939735191,0.2639520272509227,-0.8064879669914642,0.1334920599173804,-0.5974254955932686,-0.7691463147662132,0.7088374234904686,-0.16006936563067448,0.07913280666381976,-0.7889484895719696,0.14416363305531663,1.9999745249434824,1.3241699013600896,-1.2882859906085158
3321,Patrick van Aanholt,Sunderland,Premier League,33,3106.0,0.16880941098157398,0.05315330646946049,1.0753041551139424,0.2147987557290518,0.06333388597043413,-0.500081344300615,-0.2272145230151275,-0.09781139015322272,-0.1554955336898523,0.011811015052473365,0.4083517332554616,0.21776933177014235,-0.5640120110338476,-0.31341871215106987,-0.15410236817736972,-0.21847274626433635,0.6626365485256105,0.5938527182060913,0.5061332930534983,0.966873434904302,0.5064688206764779,-0.023652675324288518,-0.905548697523624,-1.1710774988894181,-0.9668340724217048,0.1498641088998555,-1.8389994351818177,1.5160672435203733,-0.893079327088729
4429,Yann Gérard M''Vila,Sunderland,Premier League,37,3327.0,-0.34509660118599694,-0.5499450936284217,1.1350561273052922,-0.40999223303592425,0.7284677268901429,0.22491819654583414,-0.6579996401678007,0.4641661724052259,0.3570762438244742,0.6911620655379171,0.033683172206471275,-0.16044926454622732,0.23206266832908248,0.4914486052890135,0.011841969168376716,0.42951902739555536,1.2579768447943254,0.49681348081940935,0.8492414627315507,0.4264792589142325,1.205185575532341,0.31122957342841706,-0.40322963867538414,-1.1441014361911905,0.22283868464419182,-0.039738121405331575,0.16907456870083173,0.20661705438827846,0.6648212551822119
7171,Fabio Borini,Sunderland,Premier League,26,1953.0,1.080738946554088,0.5176073127722268,0.15357588296287727,0.16597988098020672,-1.0653294351212517,-0.5115043173735717,0.9301587241153556,-1.0885554702698572,-1.017508457376364,-0.0911888070757004,0.15240776630069797,0.02977542694454542,0.1760708826625533,-0.8048320277459993,-0.3040189368354339,0.501303060580626,-0.2746254610268939,-0.13987321887494042,0.08525401415090623,-0.02858952086687892,0.08561541592919207,-0.3738808447324488,-0.19204753922199932,0.1503336363863065,1.2780946076107738,0.8425862641692493,0.1686135370506884,0.6023315117705655,1.189038186156227
22281,Duncan Watmore,Sunderland,Premier League,23,1000.0,0.3630866417369648,1.0990866087194333,-0.6680495463736871,1.4068965662213169,-0.34629681743735885,-0.9594853539952573,1.4174406588871502,-1.9744064928257905,-1.180768473588262,0.10566584007928716,0.1290557586857043,-0.07042823086601704,-0.04027246126347878,-1.4140108898598782,-0.9393334773650838,-0.029880905741659955,-1.1528920460881384,-0.3526226065717037,-1.0578364627941503,-0.881843482956463,1.0088291521331108,-0.7483396559158061,-0.7917406242148289,-0.8959639709716588,0.3763648826128688,1.1820095942703168,0.38185089690292634,0.6952491286928327,1.2728335528736467
9554,Steven Fletcher,Sunderland,Premier League,16,1038.0,0.8206673872136596,1.6205135633444963,-0.9553365710837625,0.4563216743626851,-0.41266905906971857,-0.49417167795254413,1.396250288458818,-1.2480294585707683,-1.377649754734336,0.20023772312878046,-0.8412946854011707,-0.39808234562271594,-0.06855020133830744,-1.2233298105167612,-0.8187820966342753,-0.28099730579806126,-0.9064067660956482,-0.080303390319847,-1.4305599491474028,-4.579277318677993,-1.644707494569034,-0.88925735238945,3.732737218804347,0.26962357682382204,0.10605184612022793,1.0311781252158603,0.1979261316668808,-0.27868776934047257,0.491778298602771
18751,Jack Rodwell,Sunderland,Premier League,22,1256.0,0.7620121222351403,-0.24718769286991935,-0.07808119434912068,-0.5287239630490972,0.3248002924009402,-0.8579652539130133,-0.06584252692451205,-0.6854946739578719,0.012534854095572189,0.42589711533930114,-0.8412946854011707,-0.8647934077204105,-0.19771017737569838,-0.5432253539600295,-0.271608166191372,-0.05110765142108637,-0.09428899639823199,0.41697517848789145,-0.7670051311020097,0.04251497597391948,-0.6999416001172329,-0.3843427178295521,0.5053446150346816,0.3907939257750179,-0.7562610325218604,0.21495309821736927,-0.5645575644680472,0.18095440734229648,-0.058847934760807796
42902,Adam Johnson,Sunderland,Premier League,19,1209.0,0.02900079491861894,-0.22827997875603037,0.9463650511415953,0.12591476885683564,-0.15455478605498763,0.3780738894967007,-0.49910592810661064,0.16859715017534102,-0.1371187005312099,1.8479184900541146,3.171734446471761,0.4025479449005556,2.7012428058605082,1.119217358451682,0.4005026110003817,-0.6176743915623755,-0.9565180408240639,1.132754936620242,-0.5335630463326217,0.5971300513321487,0.6338375576112822,-0.802535343889474,-0.9753283027464266,-1.068531713585394,-0.12186386917571608,0.34399216627705,0.32193769616097084,0.3035870579156476,0.79205764020404
16457,Jeremain Lens,Sunderland,Premier League,20,1349.0,0.6963025159659374,0.6249627160030211,0.5741169276964643,1.8800627931612117,-0.454151710089943,-0.08976338960330112,0.21540241403536134,-0.7949663004371812,-1.944208448969773,0.311255342999823,1.3166381035244221,1.7860443993531032,1.4776732279025366,-0.03068498998416392,0.16136153541521794,1.0885056061400138,0.68939329161886,0.5551081142678183,-1.184856247719722,-2.730560400817228,0.030646711799494596,-0.7630471433155269,-0.5135727848962851,0.8807595150372381,1.1294547046269763,0.8042516400441363,-0.04994581035129578,0.48564092092990974,1.3557371580534932
3539,Simon Mignolet,Liverpool,Premier League,34,3201.0,-1.1450324906279508,-0.7335584665654946,0.05053208756897675,-1.0566913136619467,2.2422206062246532,-1.7512313362475336,-0.9674181758559358,-1.1911969154159292,-1.0621668195365799,-1.2370249371978637,-0.8412946854011707,-0.9863303074839346,-0.8127012559390556,1.3015765453709836,2.610248509432222,-2.1652615652176284,-1.807962289111341,0.0025763711481099436,-1.5488097861884091,-0.0038187813659491085,-0.07251478661697687,-1.0478534601876768,-1.275308169628122,-1.8942146925984813,-1.407376763112939,-2.6219006335186115,0.08868596137688595,-2.961430220621114,-1.649971307498246
4590,Nathaniel Edwin Clyne,Liverpool,Premier League,33,3106.0,-0.2596172960650103,-0.5368805233067563,1.0859889451177782,-0.4811374660555808,-0.2743935556689699,0.5699195219770682,-0.3266448644415047,1.028287825419736,0.37893157027648844,0.10787531907173008,-0.8412946854011707,0.34063664189810944,-0.4396673885812433,-0.32456903055144276,-0.3920541572059874,-0.2140390467974687,0.4517317697029435,-0.46155029307244555,-0.1656750213140479,-0.987484449691364,-0.18135339067813575,0.2935727131315473,-0.9444707472188344,-1.0505546332712408,-0.6302602137882044,0.31369117118486417,1.8770552250504489,0.775947380498533,-0.21481363333474607
18872,Martin Škrtel,Liverpool,Premier League,22,1973.0,-0.695397973957334,-0.42393774088802744,-1.26453321781064,-1.071690423463953,2.2422206062246532,0.405865311449706,-0.5847930651757978,0.7309061294465584,1.490193930882283,-0.8589512825047424,-0.8412946854011707,-0.9476454757295032,-0.8127012559390556,0.2922249886570213,0.09707196551360173,-1.228920270479732,-0.3375997133587328,-1.8020635962993277,-0.055733283215498246,0.04251497597391948,-0.5724282104747298,3.3191922569541097,1.2981633087497688,-0.5660808130899108,-1.187440921881838,-0.9886830314186986,0.8187791521053911,-0.7186243164784556,-0.7356666474587171
3471,Dejan Lovren,Liverpool,Premier League,24,1986.0,-0.16231165323596758,-0.7335584665654946,-0.5467234176919046,-1.0401002800516084,0.3248002924009402,0.007071242036888684,-0.5613803527020419,0.4779454740873459,1.1813062484643195,-0.6360667734842459,-0.8412946854011707,-0.8710354841433107,-0.2292958218940582,0.3752678467335939,0.2028728979560223,-0.7150783412325185,-0.017380413490445612,-0.5317799856847665,0.058101896622609214,-1.1662614703196579,-1.1772252457155077,2.7492887054737905,2.1639625146431603,-0.3862830889325867,-0.8210531896439923,-0.8898313844520328,0.0028155840001962053,-0.5194311072210103,0.412408181332981
7780,Lucas Pezzini Leiva,Liverpool,Premier League,27,2044.0,-0.7110163940569495,-0.7335584665654946,0.7947695560883026,-0.5140636531343749,1.091768417930426,1.2293676801234965,-0.791144979240452,1.6768089611016566,1.0362842521871127,0.22273889980708397,-0.36656354837236715,-0.8369659766590948,1.2657519586967922,0.6475270742967237,-0.02242235037364827,1.3791340694583927,2.678820197348949,0.8144597487933963,0.37280791789870954,0.2736045907065151,0.8521134520599207,0.36238200949781285,0.8834755152526512,1.7686426519226381,-0.43131278913018345,-0.264188754811172,0.05092245837798197,-0.4096539609314558,0.049248829740150366
3473,James Philip Milner,Liverpool,Premier League,28,2495.0,0.2416619844924479,0.2458109791445536,0.1584543849583664,-0.091403337184889,-0.5637603408344387,1.1686139348307827,0.3941597981615411,1.15946456489162,-0.2590001258059773,1.7527118191529507,3.436803464881645,1.644517340783965,0.42566154113601734,0.9427953758165545,-0.08436095489607924,1.3322131980141116,0.4424937418873501,-0.7157148949075123,-0.2697209677264122,-0.5974254955932686,0.7969689673655572,-0.4694788898671937,-0.47582274885464126,0.7564510512001958,0.04493797347928915,0.7126431456819944,0.6375464868712261,0.8652509878055454,1.4004343680961389
3493,Emre Can,Liverpool,Premier League,30,2599.0,-0.08689490143499459,-0.4985135678499724,0.35163179743162803,0.2581776198803066,0.5266340096455415,1.494190027485972,-0.08281927407696293,1.427825475192485,0.7870105848246205,0.25542772447568274,-0.8412946854011707,-0.6339247374116309,0.22750681692147467,0.3317252391594642,-0.19080055464477824,0.8420360948175377,1.3966357227099642,1.4832372782722736,0.5764114097274861,0.021973676886577722,1.0304253115953896,-0.1830032578425386,0.14339230508382908,0.5063497591782178,-0.05732059648680667,0.03508341498961121,-0.1783519556918551,-0.008775282140274482,0.24863622333437774
3535,Roberto Firmino Barbosa de Oliveira,Liverpool,Premier League,31,2036.0,1.687157027565725,2.2668427699848133,0.08171611322863179,1.6741898007299827,0.00523024009698854,1.1857838500116287,2.0241469127427965,0.28152901936860636,-0.06475918090959218,1.4741494111570037,2.4948807117540968,0.17579167905648138,1.4636114985076345,-0.8827804763249251,-0.7623199218951187,1.9747973713407143,1.593328616285584,0.6409745338066922,-0.7650851786091649,-0.5974254955932686,0.5823679972404938,-0.819874802546466,-0.2955851220692641,0.06698515342671021,-0.3244011994248923,0.8741352203183865,0.2457887711104872,0.33565856190204063,0.8313194047638318
3501,Philippe Coutinho Correia,Liverpool,Premier League,26,2051.0,3.656103933283071,1.6492077616612928,0.688655422980804,1.7466288895829367,-0.35557465766553864,1.440393847768655,0.8896814011637496,0.5872627614419059,0.12008167035841727,1.8907557347192223,1.5242597858003766,0.018437938440158078,3.518323190072224,0.04859967023841451,-0.28778857612824277,0.39341669122647294,-0.3478907019592567,-0.13987321887494042,-0.1125153247717572,0.3506344622840467,1.0587956558806388,-0.8871536529338705,-1.0100651230216109,-1.0424649301182574,0.4315146180647815,0.9068825134420474,-0.9199627696892729,-0.2235635664260993,-0.045994816420455276
3380,Christian Benteke Liolo,Liverpool,Premier League,29,1634.0,2.3296461929113463,2.2572943694768193,-1.043336688356059,-0.3190663515504044,-0.496951270666365,-0.3854645633439079,3.3481466695576594,-1.12516840542642,-0.613287133814284,0.8629266388509922,0.9402544775490274,-0.7527771463716546,-0.5763399356588919,-1.3346350213631917,-0.8662298843303674,-0.8128598150612328,-1.1207055207708592,1.3493724950024004,-1.323454833590065,0.3506344622840467,-1.4269134153421428,-0.6781175609768587,3.6077178397472385,0.5494835243582448,0.22205025882727783,1.2233828037264332,-0.16582797323568232,-0.13955708718012558,0.29061943348353864
3635,Jordon Ibe,Liverpool,Premier League,27,1251.0,0.9823749467608424,-0.24524376491749939,0.7060168084434056,2.7770037819806697,-0.2230340829772635,0.6393898592482488,0.29434658670158026,-0.16012602625674793,0.47756169300770696,0.9095630360669659,-0.06563485799359753,0.905020903224528,-0.5039767176994169,-0.8293905601760001,-0.5934817679661739,0.05646623842128638,-0.8354930462996897,-2.1331713282184586,-1.058228927481116,-0.1423567158121572,1.3287964873581217,-0.9902438051806353,-1.1303538694442814,-0.5975261053534081,-0.08474689982714492,0.9756322815990092,0.6814446972517263,0.20269599671040733,1.6441393828823876
3515,Alberto Moreno Pérez,Liverpool,Premier League,32,2671.0,-0.01577817960966894,-0.5048494842511396,0.9460374125149348,-0.08883708213240894,-0.5031766612956631,0.7165407290728929,-0.12593529591889746,1.2078334127835355,0.382023348858033,1.7791280630503221,0.6118695887835914,2.071248695327658,-0.3789149616622438,0.4786421307453563,-0.1346876463651074,0.049126164650568446,1.1701074898356663,-0.5288291582640808,0.4272153828450174,-1.311777649900827,-0.3231972618396894,0.1454276685448237,-0.8226990855647628,-0.25911663677019636,-0.6051589361244856,0.35458026378827756,-2.0468621280667016,1.2019992759284064,-1.2825893954177197
20201,Maarten Stekelenburg,Southampton,Premier League,17,1598.0,-1.1450324906279508,-0.7335584665654946,0.05053208756897675,-1.1361362630293526,-0.15455478605498763,-1.7714517945169568,-0.9674181758559358,-1.1881615093410274,-1.5397515555839154,-1.1436658232166963,-0.8412946854011707,-0.9863303074839346,-0.8127012559390556,1.6421573426207159,3.3524205180187336,-2.1523148370075904,-1.807962289111341,0.0025763711481099436,-1.5488097861884091,-0.0038187813659491085,-0.1687014480033151,-1.0618448557252052,-1.275308169628122,-1.8942146925984813,-1.3745138976851614,-2.679637623351946,0.09718805367148001,-2.9804975310756845,-1.8860449808848079
3590,Rhu-endly Martina,Southampton,Premier League,15,1138.0,-0.9111672266408347,-0.19675557398057156,0.8685455449331116,-0.8568048889903952,-0.058683770363802304,-0.31608594036916016,-0.5905012645223002,0.2634656373826301,-0.27797432695627206,0.20503701847960745,0.011385845430880838,1.226965571865163,0.544818594105895,0.15222955819982883,-0.03596244177482181,-0.06047252818055342,0.9879689515099092,-0.7530920422361984,1.794813461883213,-1.239659660606934,-0.6549202835999252,0.5123715631018049,-0.9566125114031926,-0.24946943508504338,-0.40299891943496896,0.32295757892823007,1.9512981289975666,1.2091533936107264,-0.6074643907540193
3960,José Miguel da Rocha Fonte,Southampton,Premier League,37,3301.0,-0.5000432863447928,-0.3634392955496554,-1.45468564796096,-1.0590980070690172,2.2422206062246532,-0.18290511837160942,-0.46325155756481545,0.17622489799319674,1.0257011388184454,-1.0110511956924024,-0.8412946854011707,-0.8244774715674088,-0.5787028328322465,0.6816146240470071,0.296568617160938,-1.035098135072731,-0.36214143853864345,0.368222377624388,0.6078437094846454,-1.009341201429619,-0.8183464795317198,2.04512232981824,0.793880433511159,-0.9869889534647437,-1.1253225322399154,-0.8749072873649627,0.8370391616210491,-0.27173082917899316,-0.38615443030312563
3669,Virgil van Dijk,Southampton,Premier League,34,3203.0,-0.34182493082955306,-0.16139328539630074,-0.5386975642841084,-0.878101398993615,0.9147757735774678,-0.4942223106200729,-0.2871272794787266,-0.2000619726626901,1.0556334528880273,-0.8644046084013463,-0.8412946854011707,-0.8910132009569373,-0.6921222995426184,0.5103959141913117,0.40164317471062433,-1.0087232687238616,0.1203476007031792,0.12187299750350133,1.0953643719605026,-0.29239750914578416,-0.7819638660979293,3.021091603145698,2.5745115019419615,-0.6865276659659689,-1.048418819172579,-0.7720365232975985,-0.3600560428710543,-0.1355529617141316,0.19627280833141525
20045,Ryan Bertrand,Southampton,Premier League,32,3015.0,-0.7625225165621249,-0.7335584665654946,0.9583244470808369,-0.20832992399925765,-0.8953762709414228,-0.23757447600178405,-0.5121675541933927,0.32016300388343094,-0.02829665106955347,-0.2968692427712609,0.12422814453601787,0.836360392253215,-0.6846036117142503,-0.03687972097764208,-0.25582011554821305,-0.4699157104573074,-0.19395363537021218,-1.2167124273708636,0.36460200481740873,0.29818859227381217,-0.8164145676384738,0.40875522866856445,0.04788660637840166,-0.40428824240919387,-0.4998280756696698,0.37867297885802387,-1.8511967514154843,1.3810816186516044,-0.6280089503259423
3098,Victor Wanyama,Southampton,Premier League,30,2589.0,-0.08280785010555092,-0.49760570806350846,0.046497023354751865,-0.08022267035091708,0.5031649727566347,0.30908542685076246,-0.48364845021467734,0.4360598298940302,0.8385990760616139,-0.5455400512562384,-0.4664972948693536,-0.868408062522184,-0.5143510069334255,-0.14878678045054644,-0.19399712045283787,1.1090169469499116,1.4090134670584433,0.4123190121132875,0.4898009617792551,-0.4519093160120991,1.9724574836542248,0.3566524341479242,0.7558996543848421,1.431359843527956,-0.09210604414771048,-0.08964079973527772,-0.0014380889744162557,-0.3370817852936897,-0.013355286081529371
16181,Jordy Clasie,Southampton,Premier League,22,1568.0,-0.35295311438587323,-0.7335584665654946,1.1189906074191034,-0.6901324186135783,-0.37244345808041,-0.1517281639371758,-0.7595177305279799,0.37994190376648,0.6236174404077763,-0.2855717220071387,-0.8412946854011707,-0.548239390734293,0.6651599583637061,0.04905196993044042,-0.05464423577835928,1.6246851159052118,0.6986840489876475,0.782040794477699,0.7213155930261169,0.5206314202482556,-0.025668214824215357,-0.17639831836265313,-0.7356122484079288,0.015703779901817167,-0.9053148964750459,0.009807858080143545,-0.2682807583578869,-0.35419572976977887,-0.05925216257969605
3328,James Ward-Prowse,Southampton,Premier League,33,1653.0,0.41133400304069295,-0.36399906441084084,0.967497660664475,-0.5976840608286664,0.5987174800900423,-0.19581805660792292,-0.28237339965637837,0.11490435569074173,0.14165320677878482,1.199800429911303,1.5068007630849154,0.8144451002645422,0.12187683804228361,0.4318718075718595,0.02024397135713002,0.36277372032250993,-0.9021526021031966,-1.033420647201345,-0.8062609002321798,1.3366168184764553,0.783595011095215,-0.16774135613915636,-0.6536620510538644,0.2949316267585862,-0.936169811616983,0.4130139576455463,0.2854145162942817,0.5243460459939688,0.5983521186401121
3629,Sadio Mané,Southampton,Premier League,37,2679.0,1.7027870509785032,1.7747276884841767,-0.3907519626736975,2.3523466214410504,-0.3795581902281784,0.6074327594443407,1.7224094753725003,-0.5425959430833321,0.3684184111494933,0.8234270871584294,1.3319425913891423,0.8655309274347119,0.340607881314512,-0.9692064379745698,-0.6414905347830457,0.41772258014756125,0.11326969330619942,0.09299065638588,-0.5866560169387417,1.0549075738500524,2.229342595051935,-0.8612336256440027,-0.8014877863844138,0.5743971143360839,1.889558587197384,1.0607455014791272,0.37982958362091135,0.1785255194910317,1.088993402948659
3828,Steven Davis,Southampton,Premier League,34,2686.0,-0.4844748574253247,0.4036003043980988,-0.23268674540018403,-0.28404037832138446,0.16501526624896407,0.8727463332534614,-0.02204432813506822,0.9137566974738601,0.5350330765634904,1.3179422074513027,-0.11877015518011762,0.3492181412949846,0.4813901722218141,0.4021527636292281,-0.17581593101180593,0.6673064572023464,0.42182685850513396,0.009051352512793666,-0.5891634913932269,1.0549075738500524,1.0579495503471577,-0.37820943437719096,-0.8702348348627053,-0.8721783990490538,-0.5323455402453089,0.5752167404011513,0.026028464592087033,0.37321872332258255,1.0273132020694777
3842,Shane Long,Southampton,Premier League,28,2210.0,1.3838870020254879,2.0306120843921645,-0.8209529300274163,-0.3018834118045855,-1.1297944284308423,-0.5094153287919886,1.8584831094934686,-1.17868684251729,-1.243657539925666,0.7881496891628468,0.9149957111361591,0.5332658980661549,0.2358446191861617,-1.2271343284357459,-0.839302081088654,0.05885214608994603,-0.7916930045246016,1.3493724950024004,-0.7157102555420423,1.3366168184764553,-1.1902347507909246,-0.6970682819327563,2.0888778080774815,0.4771953927141069,0.6232870397920408,1.2463410800509707,-0.07105496738419942,-0.017125623842624185,0.8410825643055981
3272,Oriol Romeu Vidal,Southampton,Premier League,29,1708.0,0.36121681501272124,-0.37589939644743714,0.39535163380024013,-0.13113207114164654,0.5378469939369086,-0.09103531423447109,-0.5656088596051841,0.09991101955521807,1.1100411933021808,-0.27621316579214794,-0.8412946854011707,-0.9416434380158474,0.3179029517242593,-0.14285409338845673,-0.10902608790322431,1.2726624130750301,2.5752444223185846,-0.19944304743003385,0.31964841174056186,-0.5974254955932686,0.4237554052240339,-0.24897590339237044,0.03411799988972412,0.5166660021969773,-0.15882034294816502,-0.07401501510765002,-0.1496935957101191,-0.2690167583002945,-0.03555978530134482
3831,Dušan Tadić,Southampton,Premier League,34,2339.0,0.9789187055201081,0.8334745178594112,0.014683506533275171,0.4947099293075452,0.13305826101856896,0.44876367353526836,1.1524824249688403,0.007137153191655979,-1.2335654605055133,2.9726368983582603,3.7221319434810978,3.3862961093181516,2.1594488732102355,-0.10424655705420656,-0.3104580307325382,0.08266624454514378,-0.36763194349140055,-0.2391562664667628,-0.8141340136873804,1.759180685416058,0.4355363475607629,-0.8129248290030291,-0.8359832299089053,-0.24042181260534834,0.28241757833186387,1.303714228179913,-0.44931987669268253,0.1418894051872145,1.6983357281227636
4090,Adam David Lallana,Liverpool,Premier League,30,2180.0,0.5641149340705505,0.3873253715292626,-0.028069576653713922,0.9927788348525152,-0.12172224643471864,0.7068942785384337,1.6533923051995976,0.05913620833633689,0.36455570053317793,1.7741062656662872,2.274509492859437,0.5191662251831317,1.3132495550946424,-0.9032552110559341,-0.7824792699786204,1.6562540252806488,0.8106015919119457,0.45094229384361073,-0.5916370226904274,0.6406292729288732,0.6506877564017071,-0.36334047869246805,-0.6930307353575282,-0.005322845483507118,0.22099374353366136,0.8665983099647989,0.21822089557877952,0.6626063105682899,0.8649384040351029
3449,Wayne Routledge,Swansea City,Premier League,28,1718.0,-0.21556099906565268,-0.022403994200369454,-0.4181417859059267,0.4181038246966096,-0.2230340829772635,0.2521591570758823,0.2609535993946886,-0.33691376059108935,-0.6586324358418228,1.1076038939030985,-0.2764806900071813,0.8795935971509382,0.7609313292556584,-0.7766891295551549,-0.6040030374867721,0.4750476598656439,-0.28276963946476996,0.6685744543727592,-0.762909530464188,-0.5457131342545061,-0.35173782529668784,-0.7490174486311765,-0.853101348836539,0.28473769744842503,0.19844026468659562,0.87763907015742,0.42915501930298205,0.43528364962765675,1.7616176897223297
3532,Jordan Brian Henderson,Liverpool,Premier League,17,1338.0,0.5788353297135511,0.17956812799600358,0.4598791826597608,-0.0907939191669698,-0.37244345808041,1.8359988967215446,-0.12109604203092217,1.8731294462149863,0.28833987356460916,0.54698539633763,0.60915440889909,0.8390848925517754,1.496502913494657,1.3805629932903374,0.05752048995471754,0.9506851875891236,1.1295724329657997,-0.8064879669914642,0.10244578576537616,-0.06019151946278932,1.2678805624573086,-0.09113689133565003,-0.14589966483250075,-0.8683591303885553,-0.5677752014679043,0.36947742505350506,0.6349599123118713,-0.0874356025007896,0.38039489323218106
3462,Jack Frank Porteous Cork,Swansea City,Premier League,35,2667.0,-0.5130321484295477,-0.5045064636552427,0.4987674119385003,0.31797887180651946,0.35623341229968963,1.294943352888475,-0.5170964487192666,1.2218213027311962,1.0049340523919403,0.2733133949474128,-0.4774587483607231,-0.5856732310981438,0.9250463136347957,-0.07002235432785649,-0.3849803076256569,0.9973882890861291,1.1043967108846842,0.5168303127866342,1.3966619702075946,0.8513286275380042,1.4047617683480418,0.1640311733114939,0.6964942512078599,0.211207245590824,0.5721173998287956,0.042714860206946766,0.706916479527847,-0.13545900683808165,0.3971899024756905
3529,Daniel Andre Sturridge,Liverpool,Premier League,14,1020.0,3.0296917512126456,4.057670488427782,0.29823701574832095,1.170045469379343,-0.4007100966134373,0.0986106516969091,2.480854225909706,-0.999660452162016,0.1703446335107377,-0.5057118776787183,0.11002927938988255,-0.08838709511342724,1.0805065741481426,-1.0116582093932454,-0.7154686592780741,-0.8415640048698164,-1.3492296259298266,-3.892772417845839,-1.0674633907038416,-0.881843482956463,-1.4245828422174904,-0.8862116905658779,-0.8604830693961304,-1.7718800453402925,-0.0704916904687238,1.226407713805026,0.22104725007592707,-0.39229482135940724,0.6690919816038822
3815,Kasper Schmeichel,Leicester City,Premier League,38,3581.0,-1.1450324906279508,-0.7335584665654946,0.05053208756897675,-1.118382613006659,2.2422206062246532,-1.5235809426590945,-0.9674181758559358,-0.8660129512785231,-4.214493920484743,-0.9870592335253047,-0.8412946854011707,-0.9863303074839346,-0.7048502653392824,3.7760142732751705,5.051950774135445,-2.1550943492501737,-1.807962289111341,0.0025763711481099436,-1.5488097861884091,-0.0038187813659491085,0.5220327531581975,-0.9617913352211483,-1.275308169628122,-1.8942146925984813,-1.4761593279187557,-2.5700310281209764,0.10779044878797346,-2.5362063724711974,-1.666775765088612
3270,Danny Simpson,Leicester City,Premier League,30,2711.0,-0.9159693290736207,-0.7335584665654946,0.08066436852990978,-0.7374682613947031,-0.12635742849875664,-1.0221193002824782,-0.8471718098381436,-0.1807052674840505,-0.5100097457829417,-0.906841541826623,-0.8412946854011707,-0.45140655684639514,-0.8127012559390556,-0.39626257538246445,-0.274601874993665,-0.43583032425937834,-0.08200391048668369,-0.8427971958250451,1.2130283479917634,-0.3363204580139424,-0.41530197354825543,1.3996756570850635,0.46382261892946197,-0.42132539473522396,-1.0040545972532515,-0.11625458377561994,2.0293613435638536,1.1055173916751448,-1.3575322936257177
3813,Wes Morgan,Leicester City,Premier League,38,3581.0,-0.6247949332637043,-0.39237907993514404,-1.9722441762175986,-0.9408461127797201,1.1963549805026283,-1.9829868322907849,-0.48829899674655025,-1.5549220993085917,0.15537671063579866,-1.1120420853615844,-0.8412946854011707,-0.9650163803542242,-0.8127012559390556,-0.8081771154538495,0.0580088399759161,-1.1283208683029078,-0.4229252731050487,0.1354967433136997,0.02789873630083325,-0.3995695043840899,-1.5931371016368001,1.9897875196485282,0.9021636733736528,-0.7791622249896316,-1.038265553170507,-0.7963691807153399,0.44518264612400554,0.15579455535051356,0.010590422526037084
40123,Robert Huth,Leicester City,Premier League,35,3301.0,-0.3387959852740034,-0.1783797100417361,-1.7383386324806762,-1.0590980070690172,2.2422206062246532,-2.0010042853068617,-0.4112756175348031,-1.5319907312763235,0.24376752564602036,-1.1918301888967715,-0.8412946854011707,-0.9632084737815739,-0.8127012559390556,-0.7662310818951443,0.07085748526449705,-1.1268774601166545,-0.7590334367350702,0.3833752751900716,0.16163953796608233,-1.685633447243752,-1.700878958037171,3.1712283402990518,1.5446479797829338,-0.5333760838978749,-0.9353076752422204,-0.8782881524531774,-0.3123961626445447,0.24785651402245393,-0.38575173850714267
3812,Christian Fuchs,Leicester City,Premier League,32,2835.0,-0.5504840205598235,-0.7335584665654946,0.6290197019572529,-0.754905591977665,0.2120108621760163,-0.274743348300431,-0.737444349912913,0.7738637555605183,-0.851476995725086,1.0257892279174603,0.5278064702769589,1.3828461399698198,-0.4040087719837241,1.416937647498758,0.24382346154316148,0.23601976501090194,1.5259804947306055,0.9011242801323885,1.611776863527719,-1.1350923758141023,-0.40571628334991966,1.3394043441250671,0.1958629341424789,-0.2216605734706478,-1.062855566905929,-0.09802174846321102,-1.9478003701095639,1.3575418314085772,-0.6748173567689452
3961,N''Golo Kanté,Leicester City,Premier League,37,3169.0,-0.5571591258689207,-0.5407904981964059,1.4025044803264763,0.12775667041015643,0.8726346677791439,-0.15967202406141623,-0.7562685847065584,-0.034319540895145134,0.755359515486526,-0.1071704911878491,0.0773078176788621,-0.5046315188976732,-0.44708333482407775,-0.706572112940741,-0.5073767265610499,1.758906848908776,3.0350039397939104,0.12891747094682351,2.7117665449387975,0.6643561210725405,2.7999593242116636,0.026371363240837706,-0.3788236857836608,0.23206879461548308,-0.5157040244786134,0.07236727901557966,-0.18243276009940354,0.18829214334447544,0.7771473846446486
3814,Riyad Mahrez,Leicester City,Premier League,37,3091.0,1.351901007302429,1.835662495227244,-0.1545231607733482,3.3476970981534846,-0.2644986113889166,0.25605829005887437,0.5867818193216722,-0.605846586731792,-0.6450884254631422,1.4658286350915952,2.2979820667401265,0.9397012350642583,2.1860517483012947,-0.5589169065015642,-0.3976610336325122,0.43704348031555756,-0.23363809272521882,0.6162053743243254,-0.2383827664528428,0.7988082605533235,1.048686049728805,-0.699612106488482,-0.4539786279200051,-0.7235065509300141,1.6061538440992147,0.8963762910853886,1.2967618123518225,0.4988584364215886,0.3685917836978759
3662,Danny Drinkwater,Leicester City,Premier League,35,3152.0,0.03705551249474342,-0.34594317991470663,0.9234199877558088,-0.2083165442354853,-0.008664110003183356,0.9263221288739147,-0.4285322232586001,1.1574479452734985,0.18026813414671652,0.3722350186475655,1.3136714023552143,-0.0903812583388695,0.9027180215765022,0.7050560400885757,-0.08313306471260931,1.2252787752452268,1.428198719297336,0.7591393313372523,-0.10797753955233878,0.8169774685912669,2.2990016402923374,-0.0388039571448601,-0.23974949845435015,0.24353669413408605,-0.5766988408533809,0.1687717033761815,0.20892717150602097,0.08883404544672073,0.5834283948522965
3307,Marc Albrighton,Leicester City,Premier League,38,2821.0,0.17575495561194024,-0.300462619871668,0.6905219350213276,1.1175262939102695,-0.0011611609490908637,-0.10172571705467372,-0.13418729349674688,-0.2698348262049214,-2.3159665113490493,1.6716360084968587,1.5665227937225878,2.8556316114497857,1.3778093280398935,0.6465600650681329,0.19377095165617594,0.7996247274146787,0.5473315405664516,0.10763522371312421,-0.5480665711877042,0.5649784527606573,0.7332825042419873,-0.5538098937613236,-0.9539011693977341,-0.6999232408116942,-0.3195050658985147,0.7258198139092213,-1.098757441970955,1.1699096055642932,1.4806974451153203
3671,José Leonardo Ulloa,Leicester City,Premier League,29,1078.0,1.5706682279163147,2.09984455644769,-1.325086107307357,0.6331351858927271,-0.25042580174617357,0.13752044027787186,2.040672478075828,-0.688736038660411,-0.5040959796471357,0.008513817233630682,0.05884487312097604,-0.4907123006560572,0.6203762852030165,-1.2561067625900184,-1.005826828164586,1.066592681401545,0.4491045434626399,1.8992478355109572,-1.321085610217046,2.815590352765067,0.6349303592226082,-0.14783552683482884,2.7618976826164414,0.5365906360382621,0.3371866863618554,1.0403877135582649,0.22805212772583666,0.6637629198826672,1.1577604390326468
10960,Jamie Vardy,Leicester City,Premier League,36,3253.0,2.072957376084406,2.834456333148988,-0.8317533479851726,0.3491887832590802,-0.5582222205441904,-0.965663073736264,2.0547486614138966,-1.7434648864982196,-1.4393924966408627,0.41399354085581125,0.6501754100290088,0.18682021590206493,-0.5752500433120726,-1.3383945068969385,-0.7422636087913927,-0.09112893790640035,-0.5997171436643028,-1.033420647201345,-1.2092186464290848,-0.47101750120962615,-1.398242995636538,-0.9379351987806445,0.805830974480733,-0.20642527699825902,-0.4127132739902339,1.3388397181824057,-0.13146723716371245,-0.16572036574381002,0.69233951330478
20074,Artur Boruc,AFC Bournemouth,Premier League,32,3010.0,-1.1450324906279508,-0.7335584665654946,0.05053208756897675,-1.1150147279026859,2.2422206062246532,-1.7801068781331129,-0.9674181758559358,-1.1144714522695287,-1.398378544711541,-1.137896788266365,-0.8412946854011707,-0.9863303074839346,-0.8127012559390556,1.8182961960924497,2.8505571245146193,-2.159867484647562,-1.807962289111341,0.0025763711481099436,-1.5080312709563277,-4.579277318677993,0.06958088189881519,-1.0320864124590068,-1.275308169628122,-1.852759097846537,-1.435890558201043,-2.664219847166839,0.06513541914284678,-2.957040720358242,-1.6974892229017648
6409,Adam Smith,AFC Bournemouth,Premier League,31,2223.0,-0.5464299930630879,-0.18395730438677904,1.3464733506175022,0.4654138768496115,0.0851227531729763,0.42470873620593885,-0.38084525948304365,0.6794256787768563,0.8244763769871909,-0.29747023724884014,-0.8412946854011707,0.4900450596839486,-0.638965584622012,-0.5520445545169452,-0.5523301044959299,1.1546417847111652,1.012531656172031,0.4602705762696597,-0.05800009976859466,-1.0187854768720759,-0.1834630159123232,-0.07464899487689498,-0.37799997132410296,0.23879966985199416,1.0811035464035108,0.27337751943221283,1.869298845110192,0.8380530792170947,-0.05191019337886541
3608,Simon Francis,AFC Bournemouth,Premier League,38,3540.0,-0.9946716598836919,-0.7335584665654946,0.7893527765188337,-0.25613196477170574,0.48132439965185575,0.9439343067892356,-0.5215233402741695,1.4781759646979407,0.3848966983523103,0.11156592510184858,0.2551464943580102,0.867897060433695,-0.4854009192121166,1.2074248713180984,0.12747396565092067,-0.6104443430298132,1.0735008460593232,-0.2027221205615068,0.5315856519228577,-0.0191089212881058,-0.5489220005946381,1.6329334961473534,1.0639839815590664,-0.5547539785511908,-1.121448877198484,-0.3204663871527328,1.758839978094071,0.8888889665565232,-0.9021145802831185
3341,Steve Cook,AFC Bournemouth,Premier League,36,3335.0,-0.45341775491073044,-0.000866782293659679,-1.3920870748507759,-1.1170730484172786,-3.5100403352464857,-0.24777048108328728,-0.5507051677250587,0.14050982559670344,0.5810346989282206,-1.05808896821207,-0.8412946854011707,-0.9176719809008823,-0.6968948399457161,0.8964493442060351,0.5324855475742782,-1.3977384255123984,-0.6855459378186404,-1.033420647201345,0.6594660311770728,-0.1423567158121572,-0.7662913237780613,2.33574844270178,1.4071504780917954,-1.1459008083205033,-1.1918894561556497,-1.0367743962660336,-0.5761351593863295,-0.5158554729229387,-0.06179166541286115
3345,Charlie Daniels,AFC Bournemouth,Premier League,37,3431.0,-0.5503380944753445,-0.5555107569293415,0.3763641554911492,0.10536183927168816,0.5251277878750599,0.7610810551098137,-0.32733394417417877,1.2079320944932976,0.44939712149963096,0.11092720165351362,0.5727980631952662,1.0825245726643782,-0.5875689928450375,0.0523351304754441,-0.2846756806237822,-0.4643098160914637,0.37405958880247814,-1.6291189327522813,-0.6902146418090582,0.04251497597391948,0.23753150849901666,0.06075360301686619,-0.6410750147578744,-1.494157932984118,-0.8959681570976474,0.13018162423240592,-2.1112745988920625,1.1588009628259435,-1.558776082461161
3344,Andrew Surman,AFC Bournemouth,Premier League,38,3578.0,-0.748328677820292,-0.7335584665654946,0.7389871379831249,-0.6741543348535742,0.25105335725387457,0.7272322104957686,-0.6317535458186254,1.1597438917807996,1.2110498705760817,0.5142020873857133,-0.027697331499375595,-0.8370077218605552,0.1587715154528099,0.6831760538766711,-0.009870907988962153,-0.1036550477732771,-0.5002280340941678,-0.080303390319847,0.3722708531407201,-0.617741066119211,0.6157290591385195,-0.03543639192377055,0.04240663411128812,-0.7782273011766562,-0.8625695489702314,-0.09343661774478713,-0.02595234970603402,-0.28664595078476784,0.27804539778510623
3049,Matt Ritchie,AFC Bournemouth,Premier League,37,3094.0,1.1200994812498457,0.05620454799383639,0.7358543309273418,-0.1292793736201509,-0.4578202438536361,0.6240899676859349,0.047377615390023525,0.4684419158054231,-0.5625674155306754,0.4506205847693948,1.04044502517454,1.2091901843010968,-0.06373991656390045,0.44742293955168716,-0.05445038568473792,0.5858381682038156,-0.20491847711440098,-0.04433670138092255,0.11738927510432466,-0.7057752050649614,1.0653656291897704,-0.46835916026923685,-0.6696765476253712,0.0819603784953418,0.5894991146170037,0.6922922862629779,1.3468364787321523,0.7681798769643748,0.5352982794464232
3343,Dan Gosling,AFC Bournemouth,Premier League,34,2562.0,0.2400243421450807,-0.018240326329379705,0.05418315881560129,0.3279439177453301,-0.19517809778854095,0.23600207976991025,-0.009772638791644493,0.06097921837391024,1.0162157397369413,0.39344352336941124,-0.4625474394656223,-0.8075828296115855,-0.058965117496846034,-0.7342627161951213,-0.548559264909317,1.2941629135341872,0.9315419055323619,-0.20738569123737985,-0.3031709875690954,0.8246644412227043,0.18370182503761892,-0.5548943263133298,-0.30798433268701064,0.34619969044376275,0.45323961309144345,0.2980701802116626,0.10006549575990988,0.11041955674381025,0.48255727042953195
3304,Harry Arter,AFC Bournemouth,Premier League,21,1693.0,0.7413609204813563,-0.37273053286103947,1.497550060650259,0.29084612786736125,-0.3311592886440137,1.220798611239067,-0.632988460835892,0.9612075585542732,1.1995942094460554,0.8778650447311004,-0.8412946854011707,-0.7158335335270777,1.012292942940039,0.1980140549748359,-0.20173211167399552,1.6286017377171096,1.3980181425269798,0.4455544065802899,-0.3163014433498973,1.0756214888961113,1.4129773507461572,-0.691490219210853,-0.9896805586338556,0.02209649776606292,-0.023393491481870317,0.3402767072428086,-0.47248174736556914,-0.35301782922394775,0.33966472884519094
3463,Junior Stanislas,AFC Bournemouth,Premier League,21,1487.0,1.5992801834804447,0.49888610322934585,0.6006401006733019,1.5146377015560795,-0.35557465766553864,0.8450703490311107,0.19793692716667102,0.3386805154619346,-0.5296131946482009,1.8731457342204798,0.46381687355898393,1.2207863308578304,1.2651166181041908,-0.4277188489209989,-0.48464132338091787,0.27599059253017605,-0.23463573751367964,-1.2240440985776448,-0.3106457224839903,1.8296079965726593,0.28486198239080124,-0.5799461914010255,-0.6249146989982725,-0.5515775417890361,-0.38051199884791903,0.898167345380929,-0.7076835861255032,0.3589575614826212,1.3307868369662164
3346,Joshua King,AFC Bournemouth,Premier League,31,1965.0,1.3831720120643187,1.1317291418670021,-0.7187765504511051,2.1963367829352647,-0.3267502996750787,-0.28775780432842113,2.3068676645843493,-1.584942422367266,-0.12217797477682227,0.3573491834026551,0.1463393543819082,-0.0929567806725647,0.17003257952605463,-1.4358216787034168,-0.9688665531047869,1.9776818769861566,-0.23636519570780198,1.132754936620242,-0.9241617920481306,0.5971300513321487,0.09771075549394434,-0.6287951431567878,-0.04485640012864823,0.39185566227210494,0.14387678950948946,1.1719346686108205,0.22448915494394592,0.24511914528197953,0.844689280153683
3810,Shinji Okazaki,Leicester City,Premier League,36,2104.0,0.71018004079836,0.7181565803965837,-1.302093221349084,0.22361275451199875,-0.5699958540501259,-0.7624593176082778,1.5115772482827317,-1.484842734500541,-0.03959802667636368,-0.031609685100717336,-0.8412946854011707,-0.623568078151743,-0.6291392800180537,-1.5420735685875986,-1.2113274648096433,1.1926026835848818,-0.16228066283088977,-0.6470217592764129,-0.9070908511436316,-0.5457131342545061,-0.6824991163954883,-0.699977093859386,0.8506423033153011,0.0036003675285574696,1.3267632043441706,0.9273767168612732,0.09321575224577429,0.46075964954073,0.9237858190118595
5108,Glyn Oliver Myhill,West Bromwich Albion,Premier League,23,2171.0,-1.1450324906279508,-0.7335584665654946,0.05053208756897675,-1.1361362630293526,-0.15455478605498763,-1.778768489217969,-0.9674181758559358,-1.106852874988837,-3.2988559671464373,-1.2370249371978637,-0.8412946854011707,-0.9863303074839346,-0.8127012559390556,2.904611456866734,4.54245881112058,-2.1781679106197753,-1.807962289111341,0.0025763711481099436,-1.5488097861884091,-0.0038187813659491085,0.011150038266371792,-1.0618448557252052,-1.275308169628122,-1.8942146925984813,-1.3608936918941283,-2.6694037430108897,0.08246995795399321,-2.814980890699026,-1.7251153950845555
3523,Craig Dawson,West Bromwich Albion,Premier League,38,3538.0,-0.19220891084098587,-0.042906469096142014,-0.917050485257918,-0.5970535547370965,-0.6339098645109161,-0.8269338180475112,-0.3321437913698337,-0.015273412905340095,-1.3772162894051496,-0.267177318412157,-0.8412946854011707,0.6747884955022073,-0.594377684804071,0.22038150804767562,0.09651893244267472,-0.45386484362370855,0.20226699578583165,-0.9080104818222,-0.02232404358330823,-0.7137783086054845,-1.0962934900035515,1.3306481897393998,1.4240866924161233,-0.5892656853842205,-0.559825141732737,0.2446283655413949,1.9146617842608888,1.7175506498025508,-0.6858923280654846
3596,Gareth McAuley,West Bromwich Albion,Premier League,34,3195.0,-0.922903188245196,-0.5423591890188149,-1.6144142359066014,-0.976947979508184,2.2422206062246532,-1.7325545280076338,-0.6076259151793237,-1.3686208914582745,-0.6550045391308473,-0.956859934114473,-0.8412946854011707,-0.9624413644318242,-0.5709395048668879,0.2069329697938447,0.914062531421263,-0.6609795439468955,-0.2555937275092965,-0.9435039248540338,-0.050534386158980586,0.1610224707085843,-0.5729622447152778,2.6107848044609137,1.2976646854660832,-0.6053933383854475,-0.9163953983955014,-0.9539862107939339,0.9368649595178139,-0.15667124913360764,-0.5406384472951618
11012,Jonathan Grant Evans,West Bromwich Albion,Premier League,30,2703.0,-0.8496510584222482,-0.5075571007639255,-1.658771439086855,-0.618686001805576,0.9348885740721217,-1.0068822227508687,-0.7452561251209198,-0.4228985644770922,-0.31735471433038975,-0.961057744926488,-0.48230451000832103,-0.44982335669652446,-0.8127012559390556,0.31222016682568104,0.3481290185235157,-0.35934727272103206,1.0656083557238052,-1.435337562753784,0.8579221912344283,0.30412586057685764,0.5034460703446245,1.5063759555668437,0.9162206617861743,-0.3708021041002781,-0.7318425126684152,-0.5666069835066664,-1.237544452273565,0.6783077570685088,-0.08685156820524127
3541,Chris Brunt,West Bromwich Albion,Premier League,22,1878.0,-0.3419871592302322,-0.7335584665654946,1.2424435501885818,-0.5606362883586741,0.2120108621760163,-0.8423509319240756,-0.7298842552480633,-0.11823974199490739,-1.038153189107581,0.034011179027104606,0.7087858962072556,0.842547641034271,-0.4013973184121246,0.6590754847351283,0.459543529462564,-0.6749360354661283,-0.3130507349734992,-1.3511263994951777,-0.5684317442669657,-0.6353478939083611,-0.8466677205884797,0.8698393968657979,-0.1809726701571444,-0.3660087156671102,-1.1156936288546044,0.06753884828112515,-1.6296192902442872,1.4666317702110205,0.05755240260897453
2966,Stéphane Sessègnon,West Bromwich Albion,Premier League,25,1809.0,0.22808023678783432,-0.05817793393791877,0.8689949486290829,1.8159748157027682,-0.08607548913271239,-0.08360833085139287,-0.0853700963847582,-0.7862576949402081,-0.28535290758761794,0.9071898044768447,0.2315084589734833,1.1654573241502002,-0.1722130348150283,-0.7835257514424138,-0.4533306873943473,-0.5034108516369634,-0.7216103106317349,0.10124275384805782,-0.32748311107831246,0.3506344622840467,1.8604520919485028,-0.6904811980500108,-0.6738559987160658,-0.3766970118501331,1.9041837344182873,0.9180923718369168,1.276680251819175,0.7976047582031758,0.45857616103005644
4022,Darren Fletcher,West Bromwich Albion,Premier League,38,3523.0,-0.5658680077441609,-0.5601603139223945,-0.5615180742329986,0.07294122462176042,-0.16170933946477772,-0.35820929652891353,-0.5339819156947857,-0.2700261824617239,0.10823412938875623,-0.263047964372479,-0.29042869386732173,-0.3147207802071004,0.6124441216911598,0.061327569302053415,0.045093211028239856,-0.03999715058074762,-0.6126271065946504,-0.29210722518240245,-0.5384332336455829,1.795608604979817,1.8349958925463885,-0.5660538175448165,-0.4345896866146617,-1.1149954236590087,-0.43710522446512423,0.1857066939836947,0.5512663980005922,0.22047730229431703,-0.07870709167631403
3967,Claudio Ariel Yacob,West Bromwich Albion,Premier League,34,2943.0,-0.8737392486123157,-0.7335584665654946,1.580228819440617,-0.7472933227769567,-0.3143398122069638,-1.0561608890122722,-0.9674181758559358,-0.6053670665001463,0.3305675773746463,-0.831485381256564,-0.5115799575429062,-0.856657910182723,-0.550238192848476,-0.44401345389162505,-0.07908365431835825,1.4248644777423287,1.8488057293182631,0.49985493995584734,0.9536026674010853,-0.0191089212881058,1.1368326397420443,0.3382074903970565,0.039180570876922685,1.0313417036065287,0.23520235250295363,-0.2710276552622247,-0.14353594384274854,-0.4597225560682203,-0.21421797466963238
3514,James McClean,West Bromwich Albion,Premier League,35,2524.0,-0.055452619664205595,-0.24950007372742633,-0.054829142920045995,0.576682995974664,-0.5493177918422232,-0.8003582621042384,-0.13810539769560876,-0.9658454953186857,-1.7638047865365876,0.536206411556958,-0.0723957598172767,2.2493248099922,-0.5066676605842314,-0.4113860104262955,-0.15905400250620594,0.8281157144966494,0.8986331229723002,-1.0987026510973383,-0.6248306712427952,0.09116542118078146,-0.3533502333292175,0.056042148349514216,0.568724169754979,0.18217844866174807,0.3584721682339636,0.8192463103457805,-1.2183476541651048,1.372124973337525,1.033618006496288
4041,José Salomón Rondón Giménez,West Bromwich Albion,Premier League,34,2634.0,1.2799212261587285,1.3537366077909152,-0.6553856727467305,-0.07412559022155596,-0.7646430677261691,-0.36905502746162777,1.8660697302562834,-1.4602047932807123,-1.2857332788979021,0.12231778846870281,-0.10450619330787152,-0.23293072535074505,-0.2261949577799236,-1.3187507226411843,-0.865574683143224,0.5248098689150689,-1.381623048614626,0.5551081142678183,-0.9430150629418864,-0.02858952086687892,-0.7725408623228655,-0.2967003719730108,1.9604086063435155,-0.14140163735016878,0.08219278780516877,1.2324323565742892,0.15835920405962223,0.04927842633667848,0.8013148902026697
4630,Saido Berahino,West Bromwich Albion,Premier League,31,1834.0,0.5963328556141737,0.5987898251720026,-0.6345492917052367,0.3891287926826084,0.4119557612111089,-0.6422077161134446,1.277806400445974,-1.416467776990609,0.03085230264230096,0.2271961939658777,-0.8412946854011707,-0.4869289570924856,-0.8127012559390556,-1.0883597611959621,-0.5069015751848525,-0.18834583091204454,-0.8384705756481188,-0.7826003164430563,-1.0133972197824561,0.966873434904302,-0.6459248912193258,-0.8909041797113562,-0.7809302265256549,-0.533458528985037,0.09067585287256073,1.029505541437838,-0.15785404401885877,0.4118229348585338,0.6283621813742604
10503,Billy Jones,Sunderland,Premier League,24,2119.0,-0.6007816308787932,-0.44527074039199666,-0.5409923648233029,-0.6260895653268823,0.5503791528507893,-1.1979543653938578,-0.3358626738716255,-0.47349065849475747,-0.6550045391308473,-0.5329764985857558,-0.8412946854011707,-0.3379805599960269,-0.8127012559390556,-0.6767749113877618,-0.32581800766899954,1.2142336108598062,1.7692432448251112,-0.5039110600449569,-0.44823249212388355,0.48036898283567975,-0.48737019130526554,0.18515890539894672,0.7214903307807106,0.4023743908988103,-0.7653344985366369,0.1522382564498949,1.1750893670593634,1.2760126022641718,1.35211853616883
10783,Lee Cattermole,Sunderland,Premier League,31,2293.0,-0.7581467944259767,-0.7335584665654946,0.543121506020246,-0.6093414117890265,0.7284677268901429,-0.6776175742044658,-0.8701463261172562,-0.3184912379724579,0.01798318332077775,0.06422115213406529,-0.8412946854011707,-0.7200409989745823,1.8822094973991979,0.055621328722327924,0.06071090379367768,0.46434017459601773,0.5183104572796959,1.725602991139834,0.37825515517588637,-0.06019151946278932,0.25695158506236737,-0.3196357975508132,-0.14178197835186773,0.6634490621148124,-0.5935350592177283,0.011165771632027479,0.11118651962716997,-0.319598468405277,0.04484325610117353
3337,Jermain Defoe,Sunderland,Premier League,33,2667.0,1.7821269890278109,2.4731695741780366,-0.5124128281529796,-0.11110428273521328,-0.8345701299110725,-1.1915740161641242,1.6122820038841257,-2.036882857669962,-0.27424647991934037,-0.23013271576767927,-0.4774587483607231,-0.8146201318900244,-0.23345206608110544,-1.4010576439921694,-0.6815719292270739,-0.3812678171276537,-1.0360117107991413,-0.16695041367270996,-1.3186948052199712,-0.1423567158121572,-1.3381960902925778,-1.045052033409634,-0.8220202567922642,-1.0052587631407748,0.02335183294393872,1.2248661995751773,-0.25171619327301253,-0.32247983047500683,0.2756726377094163
9485,Craig Gardner,West Bromwich Albion,Premier League,34,2133.0,0.9345007990840201,0.12562816038477603,0.6005283478188277,-0.4804081542211632,-1.1568426773719285,-0.9208844665494856,0.102396773942303,-0.8089174737503817,-2.186371934697105,0.37165807980346305,0.5234738716830412,0.5881223949378644,-0.08843609449922772,0.10416149607217841,0.08364165905772976,1.1209493177113257,0.6928081785279686,-0.28095965492647773,-0.39791123158395814,-0.1423567158121572,-0.4149661086717814,-0.3899430143280603,0.22663040906998735,0.9138042149312591,-0.18206312608891032,0.6806198454613666,0.0014255418008920927,0.9154021549881224,1.183967315316588
3096,Rob Elliot,Newcastle United,Premier League,21,1976.0,-1.1450324906279508,-0.7335584665654946,0.05053208756897675,-1.1361362630293526,-0.15455478605498763,-1.51319121526153,-0.9674181758559358,-0.8161999716431442,-2.2864526598782433,-1.1615250059519602,-0.8412946854011707,-0.9863303074839346,-0.8127012559390556,3.43529463398483,3.9534207177446694,-2.1642295801095623,-1.807962289111341,0.0025763711481099436,-1.5488097861884091,-0.0038187813659491085,-0.2817504555731363,-1.0618448557252052,-1.275308169628122,-1.8942146925984813,-1.24082835835179,-2.656906049496578,-0.02749915573732076,-2.795556583442939,-1.8105012232023854
3650,Daryl Janmaat,Newcastle United,Premier League,32,2865.0,-0.49478093987005684,-0.30711400460274274,0.802480663606284,0.35062813103517476,0.4392731469575799,0.33566838505596225,-0.6140924479569765,0.8861540317682077,-0.23243068229480354,-0.09142877275740147,0.5134703325211678,2.103973383257148,-0.13867962009649304,0.2784977887893548,-0.20522548923487252,-0.19782547984655405,1.1644332289695072,-0.771575246959175,-0.22069695676240378,-0.285483186872345,-0.2103591250551083,0.6733372524195615,-0.4313857518038756,-0.41338901479254897,-1.2134434420703764,0.3272950268874299,2.1598954789418108,1.2831604335353923,-1.6224560868601707
3044,Chancel Mbemba Mangulu,Newcastle United,Premier League,33,3057.0,-0.7967973968532199,-0.7335584665654946,-0.4775031486685164,-0.5954194363977088,0.9147757735774678,-0.8080108331639207,-0.7765948963882089,-0.6038592904875382,0.3786560137773485,-1.0418167407413306,-0.8412946854011707,-0.8864609282866914,-0.8127012559390556,0.2521800032798189,0.41468014549705634,-0.7591665297272325,0.6716250600582186,-0.3862422628990934,0.9807387396406967,-0.5883963531372942,-0.7662214739862917,3.1135363277730304,0.3065287470002499,-0.9962135527640809,-1.0949897712929493,-1.0128843033934996,0.9479731334863594,-0.41373622683539474,-0.2871674036026662
26207,Fabricio Coloccini,Newcastle United,Premier League,26,2393.0,-0.7743141866617465,-0.478279865745753,-0.8766260106168501,-0.9235969542745954,1.523187988540761,-1.1586927433722998,-0.716476252271837,-0.7528174440792522,1.0968897042347199,-1.0499946018757924,-0.8412946854011707,-0.8906447583178339,-0.6513078596424456,-0.01664690720407802,0.3192313551861686,-0.4805223567097491,-0.0481771457739815,0.9787157839929292,-0.010030042997042011,0.10413887323594476,-1.4890334638932567,1.2588909078928165,0.16448236989119067,-1.2163386279751691,-1.15586677864963,-1.1193814416996726,-0.7582507218846919,-0.673962242114242,-0.842261444048624
3065,Paul Dummett,Newcastle United,Premier League,23,1965.0,-0.9192999457447124,-0.4226771984934122,-0.11145726627966847,-0.942011619575103,2.2422206062246532,-0.9497437761163,-0.8713724578696874,-0.15351222162040748,-0.36032862878184907,-1.009257205683504,-0.8412946854011707,-0.3260107441885743,-0.8127012559390556,0.07991799042330651,0.006542719820725644,0.06444917544076142,1.0494869716223667,-1.9865379040828428,0.13773979799034303,-1.5665534525345244,-1.9778798786867644,1.7415822309019184,0.8779824269959576,-0.8146814694651491,-0.9201419432290879,-0.34084459060851924,-2.049681903477346,1.1385168713103158,-1.3598052407584864
16072,Vurnon Anita,Newcastle United,Premier League,28,2180.0,-0.8194806002091886,-0.45333750704180575,0.7044962071915182,-0.43621897057503994,-0.39423232528295216,-0.2291031559376817,-0.8414933479373515,0.32755847644437586,0.1395752230486959,-0.6211117366120148,0.49404996242480403,-0.42614555114270064,-0.6355386883529145,-0.11686621880724843,-0.20217376935614867,1.1951126721987193,1.6262198499355915,-0.31858270454022175,0.6470571418363724,-0.02858952086687892,0.9179574547087246,0.15026568089042694,-0.6375757416174715,0.05191630139876464,-0.7860414171649025,-0.24000233625537404,0.7880441155051204,0.23550788350354265,0.8939920170614268
9649,Jack Colback,Newcastle United,Premier League,29,2459.0,-0.5678034372624352,-0.48513158906991044,0.036351580319917386,-0.6190494738364553,0.5165423237833114,-0.35657142794409774,-0.6185516080660396,0.04597013032190636,0.8365132811523915,-0.20563262714808903,-0.44668287406043344,-0.24139165224366016,-0.8127012559390556,0.0726752327526113,-0.13089352808323848,1.1315932490213287,1.6932555321943357,0.20977577481800072,0.5975762351569679,0.06401168432113771,0.5414418257666122,0.01273870255949494,-0.19372154914291964,1.35344930618744,0.5352790443686517,-0.13614878097959052,-0.28088813673680063,0.5412218917001184,0.7869522188047829
3091,Moussa Sissoko,Newcastle United,Premier League,37,3347.0,-0.11132985679903092,-0.5510422754206955,-0.14518248536695813,1.6751040919833386,-0.47844335257926396,0.5021934293954958,0.04243536085446075,-0.00035785183501384503,-0.2981014186187437,0.9916554354030575,1.1881206443293715,1.6133319954351624,-0.23574517984436125,-0.6700556662582468,-0.5844755599693634,0.3028465913481247,-0.1583338654326122,-0.1449215094304571,-0.5219758262960243,0.43866860122979795,1.0233552154294059,-0.4195532687666856,0.15141113451178553,0.268115074893142,-0.31846430518974866,0.6485082861968389,0.7986390701601582,0.7241492265661893,1.3087759959028247
3567,Georginio Wijnaldum,Newcastle United,Premier League,38,3293.0,0.3097188204902043,1.1215332181039335,-0.6554855405377213,1.1227070487101578,0.4722941626950721,-0.16371195345302106,0.4914437084726357,-0.579034529148059,0.9935196777744316,0.48454774345577023,0.3373879068695548,-0.5227701917748965,0.008282886594961607,-0.958593132852635,-0.6386366144701743,-0.451033949274689,-0.6143936713952117,1.2359061548974606,-0.6915074450049933,1.5295264099054044,1.0750619326992958,-0.6810307654617384,-0.5227167119168779,-1.1742494742979337,0.49465077561972315,0.45435697433380323,-0.3845670241726396,0.5515249086806909,0.38493682231501525
30289,Papiss Demba Cissé,Newcastle United,Premier League,21,1104.0,0.7835085993527596,0.926446130612882,-0.9443339155522436,0.13077320806473083,0.6734221676416157,0.26851428446470843,1.5968458980975704,-0.6800086250519095,-0.23811236032545846,0.11431441191360074,-0.8412946854011707,-0.5715195843779938,-0.8127012559390556,-0.9836094075995707,-0.7064115927289205,0.2168008796568306,-0.790772470752331,-1.033420647201345,-1.2152681262738312,0.3506344622840467,-0.7484970893247264,-0.6967378683695385,0.9695139954471751,-0.5378957773446462,-0.5584334012030117,0.9243743179107555,0.12678366836135982,-0.015316801571744245,1.100982089294681
3583,Ashley Westwood,Aston Villa,Premier League,32,2837.0,0.04322617179231049,-0.30290517663835903,0.5823271225494953,-0.531079104148774,-0.10129311067099599,0.4736017843901006,-0.5198901259831389,0.6796998153077757,0.5954204436022706,0.8664345501747928,-0.1572266952095079,-0.23303286460701977,0.5486466373911819,0.7677573497047573,0.13640483191947564,0.9964109176619229,0.039257289382003534,0.4983749442153484,0.008736886546285821,0.14522147141062827,0.13988891811455484,-0.3356633163107151,-0.9770201172935211,-0.1348725677715116,-0.9157726029977152,0.16892655445352786,-0.07055867452238336,0.006360747478568337,0.5010253711417592
4269,Aleksandar Mitrović,Newcastle United,Premier League,34,2216.0,2.0575989223364064,1.196121967699622,-1.1483378117163894,-0.1320055204326309,-0.5517347082041858,-0.05168602490097308,2.2766662193774,-0.9889285361549169,-0.2714377353290605,0.24408201727953915,0.9102404122285677,-0.7796737017488449,-0.11556335460730753,-1.4158863170594211,-1.0766062520320308,0.2516554570423994,-0.7522147339553287,-0.46155029307244555,-1.0503034785904477,-0.47101750120962615,-1.1960247137898443,-0.4555300030768057,2.3798165531483506,1.090176566777737,1.2779738318343463,0.9928096968537783,0.0638065940751555,0.0982551612421449,0.6169038494160551
3076,Ayoze Pérez Gutiérrez,Newcastle United,Premier League,34,2147.0,0.96226019548977,0.9736097451577732,0.03996254756720772,2.0619022274116388,-0.42086316297494764,-0.2577705296207575,0.9345042076232855,-1.0935127913564169,-0.5442803800394014,0.5696282848280089,0.06261816423727806,0.22235897232545826,0.08672677698546338,-0.8752815425102427,-0.506156065026172,1.5420095069733692,0.7200884192089555,-0.04743727801358837,0.39495977545630473,-0.011859051021985178,0.9832291882030488,-0.7072245618427256,-0.8811567003811436,0.4886613895335477,1.0265861354886785,0.7326828361693685,-0.5164352641834498,0.6879077982070938,0.5876101764591279
13042,Tim Howard,Everton,Premier League,25,2348.0,-1.1450324906279508,-0.7335584665654946,0.05053208756897675,-1.1090596783908233,2.2422206062246532,-1.4982427266909966,-0.9674181758559358,-0.8516631157919867,-0.7256249244651056,-1.2370249371978637,-0.8412946854011707,-0.9863303074839346,-0.8127012559390556,1.7187315651748158,2.4562415342478157,-2.142977781461111,-1.807962289111341,0.0025763711481099436,-1.5488097861884091,-0.0038187813659491085,0.5865389815667083,-1.023696255115641,-1.275308169628122,-1.7879273500061879,-1.4163063855099518,-2.688094663882036,0.07820960515992265,-3.2629291426953837,-1.8725781852117245
3244,John Stones,Everton,Premier League,33,2903.0,-0.9005601788425902,-0.7335584665654946,-1.609592148634249,-0.741935514437275,0.00523024009698854,0.27949924608065957,-0.7014599942590294,0.5243360479485295,1.5958590313639895,-1.031461224980288,-0.8412946854011707,-0.8285793469916994,-0.28054225168443864,0.3066281012737323,0.07925240977781692,-0.7740215513187821,-0.3895729040898901,1.3493724950024004,-0.026674095334695766,-0.26560451033620774,0.3509389639727168,0.758617403883529,0.03647082456053947,-1.3354281191766466,-0.38901223409664815,-0.8873682366601253,1.0765182318998765,-0.18182749342657611,-0.8157596558642819
3518,Leighton Baines,Everton,Premier League,18,1553.0,-0.6880440031115943,-0.3402025800480174,0.8219740944407944,-0.4811374660555808,-0.6339098645109161,0.696381635105819,-0.6249358887206364,1.248797747860829,0.29530212692672003,0.6842611431872702,-0.21647147607285508,1.71675051533134,-0.5640120110338476,0.6901099438824926,-0.04720753556992156,0.3667755833621749,-0.0002070420599133765,-0.080303390319847,0.34806074849642854,-0.5737239966463358,-1.0359203805429587,0.6396367732651861,-0.6525553745047568,-1.4121232301257725,-0.15905681170130392,0.14397198346465587,-2.078031442985929,1.0570233929701536,-0.9752436516603722
3607,James McCarthy,Everton,Premier League,29,2520.0,-0.54657251746727,-0.24873172707212765,0.7398756383655907,-0.7324802583863893,-0.2743935556689699,0.32556818087775663,-0.5861457802135559,0.5337410573855873,1.2949566174068345,-0.4082034697428323,-0.07117528533222263,-0.713740403728602,-0.3529222114893077,-0.058930393580654016,-0.1627361480561898,0.9531112250007986,1.2371488179126153,0.24515128276164047,0.10725102684778132,-0.881843482956463,0.24224120687255205,-0.08436265677299712,-0.7955784618768392,0.4825727398463343,-0.011925953498659455,0.035012824300059246,0.4246481754361192,-0.09804788579100217,0.2111236138530889
3953,Aaron Lennon,Everton,Premier League,25,1614.0,-0.1556694035746496,1.1588879143565707,-0.17114506510414487,0.40008245352541966,-0.7076567996579823,-0.7214963788022822,0.4464079009220341,-1.0055495149543099,0.3410671570627228,0.7040811018232135,-0.8412946854011707,0.24319540462190262,-0.334120837924448,-1.2231437602290784,-0.6593337239389409,0.6118816977554341,-0.06852988596953967,-1.033420647201345,-0.4841216623470796,0.1745661843925459,-0.8016873575706709,-0.7288600444565922,-1.275308169628122,-0.6572249508056405,0.17868483727194115,0.9161286634935132,0.9715409555616517,0.41944643828510647,0.8520642244860606
4275,Ross Barkley,Everton,Premier League,38,3170.0,1.513555699660915,0.42268448314108437,0.455293704229486,1.771906010167391,0.21901158543135604,1.5932720382941357,0.2557806454951694,0.8981578634104884,0.93017501626099,1.3043456191626743,1.6075392428937811,-0.1195460078455268,2.2331536126554905,0.01418608433332506,-0.2968045426947453,-0.3492654818935628,-0.7747284673081826,0.4643350421838664,-1.1228865561145254,0.12654756314940874,1.633955458270077,-0.7510240176987617,-0.5697876972191377,-0.5558659333196181,1.330744372778767,0.5987911627172716,-0.4098800825693373,0.0716029529618142,0.28112673472978794
3683,Tom Cleverley,Everton,Premier League,22,1681.0,0.12154059880613857,-0.006750980828858594,0.1260260329450947,-0.2662707800911403,-0.008664110003183356,0.6529825524232858,-0.12027219267670387,0.721434876105964,0.45177627759304934,0.3604655771116555,1.4676891196836,0.9660685272657412,0.5658153318222353,0.20107462301045562,-0.20502052900810686,1.3936267099771618,1.2538940350389205,0.09299065638588,-0.3805210928052828,0.5046942054391107,0.4455142303168565,-0.5023471761129522,-0.5921000076075561,-0.8549887777579461,-0.13719252534628987,0.5392557438317461,-0.23248752625164976,0.4805979230863221,1.2861353692195245
9626,Tommy Elphick,AFC Bournemouth,Premier League,12,1064.0,-0.7281486083952784,-0.15942153821808633,-2.1093461679840178,-1.1361362630293526,-0.15455478605498763,-0.7431452056198002,-0.5804123607302119,-0.24412316035749432,0.7747770678143198,-1.0968107791697568,-0.8412946854011707,-0.9863303074839346,-0.8127012559390556,-0.16019615074895302,-0.004920100312010404,-1.3627755757723126,-0.5766272458346449,-0.3526226065717037,0.29695458747421805,-0.881843482956463,-1.6250121309375798,1.1690594930795943,1.1675260001053847,-0.7214577358000526,-0.9158418675234715,-0.9619797681348105,1.1941228434270634,-0.5797233064379725,-0.8806751015373289
3646,Marc Pugh,AFC Bournemouth,Premier League,26,1406.0,0.24307816588732606,0.5698875329259189,-0.5481561557572104,1.576914408290707,-0.8256518958932874,0.10636138687457415,0.22846465827130127,-0.5066054620062039,-0.1958113509875536,0.03627120057089031,0.5390046660737574,0.7508002313836192,-0.8127012559390556,-0.9594234321066721,-0.6324606613189441,0.025595156535530048,0.188797240526545,-0.7157148949075123,-0.5012137903258368,-2.1143214281969733,-0.1055414421271741,-0.5521838928162044,-0.5874453738766381,-0.8292245912896378,0.5765222443506308,0.6994604361458258,-1.8493196882561704,0.9545983290083567,-1.1923569849300202
3289,Romelu Lukaku Menama,Everton,Premier League,37,3290.0,1.9828384078939554,2.4229730714125974,-0.8246945689947428,0.5643720118495146,-0.5031766612956631,0.1456656648633477,2.8134365073758705,-0.8839204463822826,-0.316856145693682,0.712846843380235,0.9283413828423703,-0.33675436662016334,0.5959834759920876,-1.3105859251337202,-0.9107360471995691,-0.9015185136752167,-1.3244106550950823,0.9288795875546811,-1.4368857762961007,-2.1143214281969733,-1.4199528647272999,-0.9937803312333686,1.0396428456482818,-0.5667536266053661,-0.39322628355907957,1.2319801572569025,0.24127931461711663,-0.4462027774256411,0.24201576269004663
3278,Benik Afobe,AFC Bournemouth,Premier League,15,953.0,0.1581998933674087,1.8304780151203088,-1.5919726896382125,0.19808872608432496,-1.20913595865803,-0.6757325508456097,1.7330945949584022,-1.5684698554546057,1.1003180132567025,0.4849755932963257,-0.8412946854011707,-0.8261515602614936,-0.4074395588374938,-1.4557120861577935,-1.0187942056731212,0.6685276792918989,-1.218782037553971,0.5551081142678183,-1.1624194477354246,0.3506344622840467,-1.5624437013528716,-0.6388877580959753,-0.13362193963870989,0.20075009570544872,-0.29870141160023966,1.1023335472659848,0.13874046127072723,0.09596675159963694,1.0120037983540284
3488,Wayne Hennessey,Crystal Palace,Premier League,29,2726.0,-1.1450324906279508,-0.7335584665654946,0.05053208756897675,-1.1361362630293526,-0.15455478605498763,-1.697920391902617,-0.9674181758559358,-1.0116704532930838,-2.982080020138719,-1.2370249371978637,-0.8412946854011707,-0.9863303074839346,-0.8127012559390556,2.8046332557049354,4.397968931608312,-2.163012660571253,-1.807962289111341,0.0025763711481099436,-1.5488097861884091,-0.0038187813659491085,-0.17009842397018352,-1.0618448557252052,-1.2309604490289574,-1.8942146925984813,-1.5053522462353055,-2.644994195188571,0.10243784534661408,-2.7517648399995984,-1.6011004467472834
3443,Joel Ward,Crystal Palace,Premier League,30,2808.0,-0.6079530275350321,-0.29845754650734463,0.14725540194651207,-0.43426644726394353,-0.35557465766553864,-0.5723038819076898,-0.7046823903972446,0.013373722456482592,-0.12391874701492345,-0.5463403809853377,-0.49572828793433543,0.20964818762493173,-0.6751605161463962,-0.10121719327730655,-0.22214574235711168,-0.06935012787087684,0.39160201896412433,-0.31136211926081564,0.5056547971030942,-0.016486627787594278,0.5907022495642025,0.8521063030623347,0.2315351431803953,0.1054862721988393,-0.3140150326562146,0.024701403647001956,1.825760781198909,1.123641578811,-0.5796124948138327
3407,Scott Dann,Crystal Palace,Premier League,35,3293.0,-0.28295763959497,0.19398737576921948,-1.4260270259137346,-0.9237663790196551,0.6734221676416157,-1.3108204400157673,-0.02436817205782351,-0.8879872777634247,0.03945231840841233,-0.8745885833760462,-0.8412946854011707,-0.9399742959130307,-0.6954178070056249,0.2508761138613646,0.6366894677540516,-1.2874184341875636,-0.8985766756133376,-0.13987321887494042,-0.13239722249406954,-0.6872417021290143,-0.8319074098118217,1.7942608212507958,1.5882105475171007,-0.7574275058081429,-1.0291610505555369,-0.8381882818541213,0.8939416660520552,0.5169617329343809,-0.5690407062252386
3693,Damien Delaney,Crystal Palace,Premier League,32,3006.0,-0.5252817611131916,-0.3271168885471035,-1.4136676460599236,-1.051537699182025,2.2422206062246532,-1.2040724596416859,-0.4537278224455437,-0.7600647526201947,-0.20822148852185426,-0.9888747972412676,0.12711893145199768,-0.9355484225528016,-0.6842200858333378,0.5325625475355065,0.8215450120255156,-1.087843629351134,-0.5315684119156705,-1.149654459016162,0.002835780094178844,-1.0764452637839126,-1.3688413633851573,2.2010407425191825,1.379004704396941,-0.9394672459327744,-0.9836963555588323,-1.1542820201426947,-1.0375835401650726,-0.09717167909328672,-0.8526640130165174
4884,Pape N''Diaye Souaré,Crystal Palace,Premier League,34,3144.0,-0.8346502414134979,-0.7335584665654946,1.1267546250548035,-0.2261769968375578,0.1969722714793598,-0.07050309446960563,-0.7273038808903148,0.4323420419831384,-0.4791151434969076,-0.0032830581617482426,-0.5326590479689595,1.2713799640774082,-0.32133433820650054,0.2870103289377131,-0.028074442566332517,-0.9692571376652671,-0.8554792022001052,-2.5226663610786857,0.7936201918376348,-0.881843482956463,-0.07525513068778125,0.8327476367616212,-0.6216306670815266,-0.6241756065592668,-0.3415817573024866,0.06005093870223404,-2.0891894487723452,1.3338182538943046,-1.5110226499320718
5489,Mile Jedinak,Crystal Palace,Premier League,27,1640.0,-0.3877273309038181,-0.7335584665654946,-0.8900363166324794,-0.9035417969393525,1.2835104493127971,-0.4595069146559797,-0.15140225591401305,0.22578417966726977,-0.24117765085719034,-0.4183110486142352,-0.8412946854011707,-0.614012390159578,-0.10621150471139394,-0.05825999309765818,-0.13362557999915994,1.1302478176556212,1.3304404431426768,-0.426891483731301,1.5197734850257087,0.11015096077370362,0.4214442346830864,1.1501691847418092,3.184423003771915,1.3774911785869899,-0.29421994785741556,-0.07109202571075354,-0.10036258606974578,0.29172094045128455,0.4360481775106157
3507,Wilfried Zaha,Crystal Palace,Premier League,34,2581.0,-0.0107723687408068,-0.2601902435808822,-0.38767094753014786,3.7410479697450816,-0.05287340577645768,-0.08785947488918514,0.800823039114729,-1.3305619160774356,-0.6089270022682554,0.7860572964196098,-0.4653355826941291,1.5568563962853055,-0.3637887445041991,-1.0229651842144745,-0.4672957209323991,0.585650199352666,-0.03132854205112568,0.8144597487933963,0.21078077615056595,0.6171161801738873,1.9638059099591878,-0.8189117291778212,-0.9474340105916003,0.1846685420951148,2.6260168859381374,0.8747558445218268,0.7969783142914859,1.0663200636732488,1.3374191406814153
3277,Yohan Cabaye,Crystal Palace,Premier League,33,2758.0,1.074398045847312,-0.2905695675360225,0.9696035969547411,-0.23713082121666146,-0.7076567996579823,0.08036311693241721,-0.4199784779792773,0.32354160948804817,0.29677548978120283,1.3594281008048452,-0.4894634874001286,0.20365607439213645,0.4476067846846192,0.6618905013753844,0.0710991607744023,1.2221580649152575,1.6529910304974145,-0.566206305592767,2.4120881273439543,0.2398499278804059,1.3894211163826864,-0.7208312228650902,-0.8808096282285901,0.32271267142047755,0.04872079950587447,0.10093634691928177,0.07536810702789952,0.5175746684706656,0.6541654870495691
20641,Connor Wickham,Crystal Palace,Premier League,21,1366.0,1.127991780872008,1.0552605429854356,-1.0563141419002122,-0.019137948570786243,0.5644778316289047,-0.35589106610480375,1.5823060805080034,-1.1404573061046996,-1.1697171075410628,-0.14487366236692903,1.2897824245992864,0.019418678553310167,-0.8127012559390556,-1.0399199114702427,-0.5764717007045653,0.42281027413523553,-0.6433320724836019,-0.19243483230590522,-1.4589537606770147,2.815590352765067,-1.1011962006808313,-0.3733268473590286,2.618720380552131,1.0289206562355528,0.25483540479397737,1.02605622238318,-0.10170023598799922,0.01274438481374062,0.8671057269140595
3522,Heurelho da Silva Gomes,Watford,Premier League,38,3542.0,-1.1450324906279508,-0.7335584665654946,0.05053208756897675,-1.1361362630293526,-0.15455478605498763,-1.7302123446882198,-0.9674181758559358,-1.0062753281599877,-2.654819097432952,-1.2370249371978637,-0.8412946854011707,-0.9863303074839346,-0.8127012559390556,2.9951313403408357,4.299178448004724,-2.150952356184814,-1.807962289111341,0.0025763711481099436,-1.5488097861884091,-0.0038187813659491085,0.7289285752925125,-1.0365560600642068,-1.275308169628122,-1.8237565671307499,-1.3577804781783247,-2.6553623787659935,0.045831702704155174,-3.043335924682539,-1.704563669613512
3991,Allan Romeo Nyom,Watford,Premier League,32,2567.0,-0.9031196620444725,-0.7335584665654946,1.0979523397975453,-0.24453924459320045,0.00523024009698854,-0.5385739165751967,-0.7468535059965925,0.04958025391428078,-1.1281386866838699,-0.830201778260061,-0.4632851629676402,0.7381963917706822,-0.21088684637491323,0.20831802100981484,-0.011946893969677692,-0.34345574619478675,1.6553174196762501,-0.080303390319847,-0.06651790605381375,-0.0469390684386981,0.07598213061734906,0.5432794351348715,-0.8514566008007324,-0.047042535322514095,-0.36506571185126696,0.011432347446936787,2.0666557021510834,1.4953686056974584,-1.415421457110812
3309,Sebastian Prödl,Watford,Premier League,21,1860.0,-0.572691263923998,-0.0766964324131907,-1.7901614382022322,-1.1019557142491017,-3.5100403352464857,-1.7506902756632572,-0.44163124315555713,-1.2080635412509289,-0.14199157237826648,-1.0766078789807607,-0.8412946854011707,-0.9452952682089383,-0.8127012559390556,-0.06314202242140919,0.5251154959587009,-1.2526927396459526,-0.2985838489657134,0.5551081142678183,-0.0310159101040069,-1.0426014758139208,-2.1800719514736975,1.5145803654426675,0.5445696894541643,-0.3512196255677745,-1.1681269543270305,-0.9142587878560332,0.8329424975307245,-0.15002066470020448,-0.8847159536216138
3263,Craig Cathcart,Watford,Premier League,35,3176.0,-0.9774388694583425,-0.5412153646254315,-0.6115836147116767,-1.036048384044361,1.091768417930426,-1.4321545687591624,-0.7999512388530643,-0.9330565566243854,-0.43058195281292705,-1.0961044106154592,-0.8412946854011707,-0.9382665964943294,-0.5694931971621111,0.4526320354322325,0.7250620957066534,-1.4280434760707659,-0.3347024766266291,-1.414667549953944,-0.6599254632926319,-0.3995695043840899,-1.4125924250711377,1.9981870063942437,0.45661274632786364,-1.4227486716790123,-1.0774498764650449,-0.9380097479634617,0.2108970137809751,-0.7033089547893031,0.48207252692428304
3306,Nathan Aké,Watford,Premier League,24,1969.0,-0.3791009861257083,-0.4233087500791347,0.1462781544410466,-0.7486756999134558,-0.15455478605498763,-0.8204488890743064,-0.5578746934874068,-0.07513379296794905,-0.8270545897813772,-0.70664654766341,-0.8412946854011707,-0.13353507785831323,-0.6165537712575989,-0.6360021237096491,-0.32974242762591416,-0.06599761894109292,1.9467028199964715,-1.093744524219161,-0.052700116119565835,0.04251497597391948,-0.7312237258554355,1.4856834311972855,0.19823437607007977,0.07034678343195923,-0.8682379314060609,-0.09732883402222574,-2.0123395698600413,1.408552682474061,-1.2906751283167044
3626,Ben Watson,Watford,Premier League,35,2951.0,-0.6640408802498408,-0.5265500993131594,0.9893380756503514,-0.769891277454451,0.5503791528507893,-0.26534807861852655,-0.8395091037834329,0.4716325432572706,-0.09743967917829693,0.5324007642479844,-0.8412946854011707,-0.1845409599419872,-0.2891981758471706,0.7438551587001488,0.08774938112140122,0.6591112797587454,0.3801505427907243,0.5551081142678183,0.1981301987793032,1.0549075738500524,-0.27929687778424656,0.3040586144227309,0.0765834771559072,0.09315331470669799,-0.9031234124987385,-0.06496425237210166,-0.2698353390462016,0.22304059999886922,0.2859206527967293
3721,Etienne Capoue,Watford,Premier League,33,2922.0,-0.08242087020736773,-0.7335584665654946,1.0090095307371247,0.8873241503887878,-0.17001785310195303,0.597191663416929,-0.5740108271694967,0.4982891356815336,0.35861034193339386,-0.11377613120131194,-0.5092103445090168,-0.46391296969137386,0.11252146184483146,0.015218033556841083,-0.23227965566185507,0.7862411832313242,1.2345561956449034,0.6219935358033623,1.0135937667761519,0.6334982529949837,1.767126683256317,-0.20351439765703533,-0.3651023175497126,0.838846831362703,0.8201404409487257,0.17073377545094257,-0.01058848858454577,0.2337076692409646,1.0063702361263365
5540,Valon Behrami,Watford,Premier League,21,1330.0,-1.078331069470723,-0.7335584665654946,1.225127962340815,-0.7059239422914574,-1.5926200214227726,-0.8927288557685961,-0.8513164313182187,-0.5366034393374853,0.49176343663204103,-0.7883396315079219,-0.11170788533585149,-0.9289429593249171,-0.2319277261077951,-1.074842936029768,-0.7183546942835672,2.315549845872909,2.695205869157719,0.009051352512793666,0.6661074622067434,0.04251497597391948,0.7114207204280301,-0.45571235340842925,-0.45724277325225005,1.8586075691564907,-0.011925953498659455,-0.07198221479847508,-0.4091835097221679,-0.4231291314422445,0.6231662574409463
3454,Troy Deeney,Watford,Premier League,38,3439.0,1.2798037039276158,0.5098762069824839,-0.3134868709000975,-0.21180039895161587,-0.1737289891932252,-0.002643625445601705,1.4871822427315287,-0.6139186682051244,-1.6635784008021064,0.888652685062496,1.1338298009635064,-0.32051024597047323,1.882601313443591,-0.9335664148216504,-0.6308651765783667,0.26050087721131054,-0.6106420260356584,0.04966714470944851,-1.263277175898058,0.04251497597391948,-0.27903533293057237,-0.3976665152491801,4.067979624993903,0.21026850943538405,-0.1374276105503869,0.913354351460069,-0.23824917890733713,0.18004524203954897,0.39250506298226767
3302,Nordin Amrabat,Málaga,"La Liga, Premier League",25,1555.0,0.8517206636286044,-0.7335584665654946,0.303679570632328,1.1942957509141867,0.3248002924009402,0.23155956854624232,1.382739967058669,-0.9676515455452246,-1.1485036482499424,0.5858492870440702,-0.21727510721025486,2.694948135514126,0.18077629348290816,-0.7271994988350048,-0.39190974739681816,0.3192223745464731,-0.7247041931611671,0.5551081142678183,-0.5226597533708264,1.1090824285858996,0.5015361777109026,-0.9178369550318661,-0.9643322561790589,2.59951845941937,2.595567541536707,1.2596424022408452,0.0735762962723964,0.15311443360785154,1.4944002921113615
5458,Odion Jude Ighalo,Watford,Premier League,37,3271.0,1.8654018736158606,2.0677944458235724,-0.8221590382792008,0.6519944331725857,-0.1962378363555033,-0.5139721580664647,2.5259274974556276,-1.6941820673867636,0.028886584752904558,0.17686188285688267,-0.247989614116014,-0.7529913498211613,-0.4584844439508671,-1.451412504112822,-1.0779913842257882,-0.08156346826053969,-1.0355075325219858,0.9081145057054107,-0.8733649817634124,1.5831124075245573,-0.8546982198569922,-0.6921614738475018,-0.8318038479406016,-0.13941749010559526,0.41222355000251587,1.1606802499856756,0.0033661734345437366,0.027408207030245865,0.0383009837492892
43081,Almen Abdi,Watford,Premier League,32,2028.0,0.5609846274319082,-0.1311110387926718,0.6711731523891968,-0.4778067584156438,0.5987174800900423,0.2375778726044041,-0.16370047794115583,0.21302057209972666,0.5637405960945419,0.9698961299900898,-0.8412946854011707,-0.04543813475842763,0.3299448900307325,-0.46126489646370683,-0.5388550942964588,1.2442283192725339,2.1143377008134396,0.2560909356383287,-0.3383232886680471,0.22738666775999614,1.2043220295548809,-0.5097435599211071,-0.20230326116667263,0.6900142465242104,-0.11354963614050208,0.48348185270390903,0.20267280122568926,0.4787097004882484,1.153989558235588
23488,Mario Suárez Mata,Watford,"Premier League, Serie A",24,1276.0,-0.032645153460393754,-0.2548110592287845,0.70533193537529,-0.2891229774247018,0.2120108621760163,1.511415615703948,-0.64471113252226,1.5170041739020323,1.3158095269837489,-0.41859621541624975,-0.8412946854011707,-0.7470664421187525,0.3980021839913153,0.18545317433708727,-0.24967011499174752,0.27170122222390747,-0.4145078984439829,0.7223216681066782,0.6636483717402649,-0.3995695043840899,0.9331315964098895,-0.18436724766038476,-0.13839387790407845,0.5505607816051397,-0.35836340071656464,0.13038402541595578,-0.05100100136891794,-0.4441152870383128,0.09286751200686348
18672,Mark Bunn,Aston Villa,Premier League,10,938.0,-1.1450324906279508,-0.7335584665654946,0.05053208756897675,-1.1361362630293526,-0.15455478605498763,-1.9855252926286946,-0.9674181758559358,-1.2173784323555894,-3.108705855117201,-1.2370249371978637,-0.8412946854011707,-0.9863303074839346,-0.8127012559390556,2.6645840760611073,4.110525706937159,-2.148805286858388,-1.807962289111341,0.0025763711481099436,-1.4179533567123275,2.815590352765067,0.0532092268530171,-1.0618448557252052,-1.275308169628122,-1.7611855452601524,-1.5053522462353055,-2.6496765761988663,0.06828165138534986,-2.758546483237925,-1.6138563441583773
27146,Aly Cissokho,Aston Villa,Premier League,18,1662.0,-0.9315237297636603,-0.7335584665654946,1.0772054938563012,-0.7153576661316787,-0.37244345808041,0.012769394097697784,-0.5751343030830901,0.605443503101568,-0.5468780253802439,-0.42914841657382596,-0.8412946854011707,1.9987095531340273,-0.3479426550512237,0.06622212257931659,-0.2455288800803412,-0.46299847462294585,-0.17507273713670912,-1.1977512087326376,0.5190682305142454,-0.353638649281959,-1.0694298607008468,1.2017305941621526,0.033990238530614246,-0.6929502863086828,-1.1279521000563697,0.15623442821985212,-2.13285941482896,1.4182729016848317,-1.6295324394991557
42700,Micah Richards,Aston Villa,Premier League,24,2139.0,-0.5643964635369841,-0.447966277803624,-1.8184847215230713,-0.24446977310976303,0.7082843551656828,-1.0023851598311158,-0.42197940509124093,-0.6973008789122792,1.0005292636781495,-0.8185456548923781,-0.3876479139720576,-0.914965021788289,-0.4515844748845554,-0.4918029550967272,-0.17920327240099598,-0.903426457730614,0.07329199860639768,1.0723035249787087,0.057928532539880666,0.43866860122979795,-0.9073928192672654,1.6810377446241755,1.1549635055438754,-0.9024976362838494,0.009717905816364315,-0.7096685875907214,1.104474057271918,0.2972799957606449,-0.9114602845665413
4053,Ben Foster,West Bromwich Albion,Premier League,15,1406.0,-1.1450324906279508,-0.7335584665654946,0.05053208756897675,-1.1361362630293526,-0.15455478605498763,-1.9018224402269832,-0.9674181758559358,-1.2018288555622467,-2.9923435197898085,-1.2370249371978637,-0.8412946854011707,-0.9863303074839346,-0.8127012559390556,2.7600404595613925,4.663909428653974,-2.138989900537014,-1.807962289111341,0.0025763711481099436,-1.5488097861884091,-0.0038187813659491085,-0.01345230947199837,-0.9662834251797675,-1.275308169628122,-1.8942146925984813,-1.5053522462353055,-2.6748473050275434,0.019435863767921526,-2.741788458015578,-1.513984471384013
20527,Jonas Olsson,West Bromwich Albion,Premier League,28,2101.0,-0.8916877305924077,-0.44280087886361824,-2.3985086354104794,-1.0453568902574344,0.3248002924009402,-1.7951268787729304,-0.6489350467020202,-1.3115845022837807,-0.6585476096578563,-1.024000857033315,-0.3794429747458284,-0.9863303074839346,-0.2612290084315044,-0.0006313177851591073,0.6318607033436839,-1.135997412518687,-1.0062172442743489,0.025598527111431256,-0.49722484793321414,0.3506344622840467,-1.8804378427643473,2.4554161742979703,1.0550685068638315,-0.5282123962266989,-1.107294786010402,-1.022698394216743,-0.9134315459154753,-0.12942159745287216,-0.635093969413264
9628,James Grant Chester,West Bromwich Albion,Premier League,13,1009.0,-1.1450324906279508,-0.7335584665654946,0.05053208756897675,-0.6950750686598114,-0.2230340829772635,-1.1348847564846867,-0.8823970767285467,-0.4689717259918202,-0.11639225301032241,-0.6455963380228166,-0.8412946854011707,-0.0785978232243533,-0.4299317838500685,-0.33512260247647363,-0.08422890308938576,-0.008098320421175864,1.6236671872950705,-1.9350180523595193,0.2759176297961999,-2.1143214281969733,-1.2113411757744623,1.8233084767979348,0.4020817302197732,-0.4101947892880413,-0.780100627364189,-0.08798115886175913,-0.5739533594641357,1.0779108582332244,2.0615208734726105
3099,Hugo Lloris,Tottenham Hotspur,Premier League,37,3470.0,-1.1450324906279508,-0.7335584665654946,0.05053208756897675,-1.1361362630293526,-0.15455478605498763,-1.3514166791540043,-0.9674181758559358,-0.7992946606169845,-0.9237223925277448,-1.1080440748273401,-0.8412946854011707,-0.9863303074839346,-0.7014002768791743,2.07398013790549,2.5314534020337147,-2.1741993023938124,-1.807962289111341,0.0025763711481099436,-1.5488097861884091,-0.0038187813659491085,-0.0077730373140137195,-1.0360313357738342,-1.275308169628122,-1.8942146925984813,-1.35471847031086,-2.6295332233537265,-0.07353206190735939,-3.0350505802491763,-1.5771540560070982
3205,Kyle Walker,Tottenham Hotspur,Premier League,33,3060.0,-0.5652096792612011,-0.5339239267741085,1.0351257435485794,-0.13886848685261963,-1.1132649429668442,0.08360716340898307,-0.48522073430822005,0.6323046729906823,0.1082698942558592,0.32310958977631293,-0.2070787088738015,0.6100131811747449,-0.3078458345824695,0.6124658313089156,0.11034610315071221,0.013502466822076575,0.9138515124323098,-0.44441560081390186,1.058483189352998,-0.5974254955932686,0.5006518255438095,0.5773980190951822,-0.10984717373824048,-0.5485335727584019,-0.3779618095615628,0.10124896075220033,2.0755707810570554,1.19473416462332,-1.3296354066609097
20005,Toby Alderweireld,Tottenham Hotspur,Premier League,38,3558.0,-0.12276478525874898,-0.04678871753610441,-0.7045643073541656,-0.9217152824854513,-0.15455478605498763,0.5774698778038747,-0.48520182386304384,0.8343805669901848,0.6221609940465046,-0.9435131190434682,-0.2958475555041078,-0.6860064112723259,0.38132864027108293,2.005621876305578,0.8102227925712852,-1.2608706315446079,-0.7558941239732984,0.15797592390052775,0.0380910623315394,-0.7210854900990054,-0.6539609564134379,2.185739724328796,0.23668984687634306,-1.5785789247991067,-1.2996808343631985,-0.8445069673278364,1.0387116384707873,-0.23042926996618524,-0.8624722611201325
3594,Danny Rose,Tottenham Hotspur,Premier League,24,2205.0,-0.09898480644793746,-0.456514615426428,1.1512918139541817,0.36315746850165403,-0.523289461790317,0.8001172883247758,-0.24377873106529646,1.1900261712357525,0.01826186584321454,0.11615296885116709,0.478910000431312,0.9520867858873192,-0.2872394908536293,0.3209711944083781,-0.15039504111934718,-0.31079825407417255,1.1628778153022747,0.05585621780608188,0.2324993236320307,-0.18857463875867614,0.3706909296038785,0.5224379810181132,-0.3706750064399885,0.4825727398463343,0.865165678743498,0.2026028989216977,-2.095845085729953,0.976942818137425,-1.4605953088759112
10956,Eric Dier,Tottenham Hotspur,Premier League,37,3383.0,-0.3583382239494464,-0.19183659979489856,0.16347678158838375,-0.891830714845354,0.4722941626950721,0.6679264338251014,-0.7189092688528476,1.017907470596502,1.016039426475181,-0.39913861774879256,-0.26763199306485685,-0.6704708860470728,0.10060503395225595,0.4453698485525218,-0.041515048340077125,0.2723743499603227,0.43268167376520156,-0.26857346575322893,0.011333053447500492,0.2359853510988836,-0.8791935967806653,0.2090685002015847,0.618652804869701,0.2819895852607611,-0.640109700044402,-0.1766473250608998,0.2725613491883165,-0.5329774717453389,0.26871475639790293
3037,Mousa Sidi Yaya Dembélé,Tottenham Hotspur,Premier League,29,2339.0,-0.31062309214121325,0.049958025646958275,0.7990570912508451,1.6091214940710927,1.1031590336561112,1.1074033389496503,-0.6299945508111617,0.8003072720685621,1.703742542306693,0.3575439399067289,-0.42643771913914724,-0.8231726053644538,-0.3173429010808406,-0.7557416891057517,-0.5324567325987272,1.2248585000190875,2.4730195714812595,1.3271034002154494,0.49778700863588493,0.9194704370104364,1.819432462494255,-0.37252785864841004,-0.31913035965100306,1.1466302802921178,0.639971543245298,0.1897728905292274,-0.11228841608195583,-0.4075563058924523,0.5504508170621615
3585,Erik Lamela,Tottenham Hotspur,Premier League,34,2430.0,1.008901879004826,0.5233997469358271,-0.4018131171176475,0.8522433153970967,-0.7852851524443676,0.4674927125043721,0.93188320243666,-0.07482387608421102,-0.11314071232627473,2.69220276036673,2.3532746778478004,0.14441299698263016,1.4124022678177501,-0.6119673401689558,-0.5237571528273257,1.4884504605845625,1.0803544790685633,0.3009435124327526,-0.6395999280508928,0.3506344622840467,0.4011382712883415,-0.8406771662653116,-0.6285614525115778,1.7516598565529795,0.4735912363210732,0.9918972986639077,0.395326543394071,0.2263872970662517,1.1651894846088997
3094,Bamidele Alli,Tottenham Hotspur,Premier League,33,2529.0,1.4156796407106125,1.6819484205900712,0.1396351559869264,1.5285679669090715,-1.2308426037201854,0.6060210318954721,0.8711017390744015,-0.2549518094172074,-0.11283331987316132,1.5355450962816013,2.228220361136987,-0.47327062307294876,1.7834413912505072,-0.9479595678970838,-0.5986193480317793,1.5736184100122308,0.5602518866489791,0.60474963806373,0.004288903868558521,0.966873434904302,1.688649081130434,-0.44202437369792336,-0.22365870352566541,0.8194957507326404,1.5948802713081476,0.749876131882898,-0.4311891024269408,0.5132974772953937,0.489253071712694
3043,Christian Dannemann Eriksen,Tottenham Hotspur,Premier League,35,3032.0,1.751595518531731,0.47531031660398265,1.1215562924383966,0.45745291097337554,-0.5582222205441904,1.573966862356409,0.1869619666233014,1.344737385902178,0.16230679715045074,3.4373969274067004,2.9991424283991255,0.8764872406065969,2.1170253729425847,0.3879958914718605,-0.2664672564472157,0.38346922225193725,-0.2030031561860432,0.24962181398528688,-0.3343309189532702,0.8436256403802506,1.624956718216266,-0.648249605317027,-0.6971642540202105,-1.1945831677116088,-0.6778601051411217,0.8291310699880078,-0.44272316291193925,-0.0694879423083286,0.9743345096231824
10955,Harry Kane,Tottenham Hotspur,Premier League,38,3473.0,2.890854823503867,2.784332070501264,-0.14547961717435562,0.6212143820042229,-0.15455478605498763,-0.15923147299247864,2.065854583026574,-1.2072132755056404,-0.3943735515363777,0.43827788501184534,-0.561896342732909,-0.12923795245709002,0.7441664557594867,-1.0156030304192991,-0.5490412887384435,-0.2312644734909446,-0.9457086682507233,-1.033420647201345,-1.1247038345089455,-0.26560451033620774,-0.10384443536358948,-0.6620809137198836,0.39552700024216875,-0.31333966554765375,0.3307923751253277,1.1785031215141801,-0.25594334628160914,-0.21783856174330576,0.7690372255515152
4416,Max-Alain Gradel,AFC Bournemouth,Premier League,14,902.0,0.625291259376515,-0.05630603667453842,-0.06085788443014751,2.035606456379742,-0.9534799168148684,0.1156489811532269,0.8015673848573234,-0.6323176064765395,-1.0476338885840448,0.08614902414941487,1.310258405700547,1.2983478215518904,-0.3845256491344123,-0.6178767962783255,-0.41443824930895995,1.0890262095968133,0.785758977214294,-0.46155029307244555,0.08413918297209724,-0.881843482956463,1.695403458135914,-0.6149733323985356,-0.6721890026769527,-0.2341525169441198,1.507991271259923,0.976530623525417,-1.5157120508198534,0.6039972572879131,-0.22497363480263374
4831,Nacer Chadli,Tottenham Hotspur,Premier League,29,1041.0,1.0706592899838931,1.0269075039291524,-0.6310296812217079,0.9403074496152862,-1.3106464458604623,-0.01560178148048715,1.323512501130698,-0.6530172998134576,0.7259254620210053,1.485904379513191,1.02297129747467,-0.1798203136641225,-0.07069472887317964,-1.1248212767845465,-0.7018621915356594,0.09716747226549217,-0.729213432753659,-1.8276850279359265,-0.7234463702998855,-0.353638649281959,-0.6545377507323834,-0.545574456697788,0.11825824366667112,0.14352093031890367,-0.7019721079715957,0.9674652229455523,-0.4486460480547828,0.38390274176267103,1.1350657187423068
3665,Andrew Philip King,Leicester City,Premier League,25,1165.0,0.3017871768768913,0.31516546778925647,-0.7932199690554695,-0.5904210636193377,-0.6339098645109161,-0.7341902693723096,0.09294453820527529,-0.3460368894954906,0.21632010167037907,-0.21255891733928398,-0.008375849275098554,-0.527724117474963,-0.1496722476338396,-0.4846454899902727,-0.34453040690615905,0.055937096103916735,-0.2817409994190239,-0.28095965492647773,-0.600578045727394,-1.2926694647033,0.06108850777592565,0.28367102328509125,-0.13383971478987614,-1.0373471203866165,-0.6977483282747157,0.3801472999287586,-0.026712930342188294,0.662375833255289,0.7359742316972278
19688,Jason Puncheon,Crystal Palace,Premier League,31,2693.0,0.6008951652847757,-0.2798772992712929,0.2965328908761276,0.8233116094901941,0.09378579675952933,0.5655675288863385,0.2303406311008166,0.3452030519962569,-0.08353942492522873,1.754488120233591,0.23967498866515807,0.5441410422303727,0.19119803160811044,0.2167120590001174,-0.1549379303178791,0.7672968622714685,0.1727816423682908,0.5551081142678183,-0.6828152499378597,1.2587761061454754,2.2485276188141468,-0.6793389093236253,-0.781505440372067,0.09820923192590489,0.047411816023368886,0.61924327971296,0.05442814934457962,0.5283236020397654,1.2235171413202264
3589,Yannick Bolasie Yala,Crystal Palace,Premier League,26,2166.0,1.2304742628662946,0.6766024100772631,0.5631713258631476,2.8263456385038923,-0.39955849282135114,-0.15066475597511025,0.7673184165058619,-1.126739086954034,-1.5775903397811055,0.3471490587688169,0.5026809989296804,2.8545948368432814,-0.27777826793657884,-0.7303870823234638,-0.39410964175856633,-0.39161628417036354,-0.6846390917361095,1.1660807148328811,-0.9821277416428656,-0.1423567158121572,0.6764083860325659,-0.48288788470138416,-0.29857316908188136,-0.05072305524516137,0.42520805831806896,1.1018586297638548,-0.5400038561608799,0.6777329779875577,1.4056635759278107
16309,Joel Robles Blázquez,Everton,Premier League,13,1228.0,-1.1450324906279508,-0.7335584665654946,0.05053208756897675,-1.0843644220429791,2.2422206062246532,-1.125240667094638,-0.9674181758559358,-0.5593299199921012,-2.625893019004588,-1.2370249371978637,-0.8412946854011707,-0.9863303074839346,-0.8127012559390556,3.219407127934509,3.6415705476464693,-2.1557394569649047,-1.807962289111341,0.0025763711481099436,-1.5488097861884091,-0.0038187813659491085,0.3616534246820657,-1.0253737994421201,-1.275308169628122,-1.8942146925984813,-1.3350919197018116,-2.7589343531214205,0.09241639068917479,-3.3030233633149613,-1.938745575582221
4589,Séamus Coleman,Everton,Premier League,28,2477.0,-0.2138515686994365,-0.48693687118332213,0.1348943949989998,0.7118488369509484,-0.234447299130976,0.5691086166383077,0.06464941105652178,0.6215279991775537,0.6421752749842782,-0.4540446247857629,-0.057806236400868745,1.2322455745134435,-0.5008608059287303,-0.17071534371739114,-0.26731825258930353,-0.3268289961336504,0.647748293765881,0.21296345795138322,0.23510620515124783,0.14522147141062827,0.7224056649502465,0.14957727860951642,-0.7628476097936874,-0.7355668021353746,-0.15481736705480983,0.22827094881604545,1.9685191985710142,1.3237294959224952,-1.3101471822231223
4629,José Ramiro Funes Mori,Everton,Premier League,28,2306.0,-0.22174135301359504,0.32608020084411937,-0.42332533383004844,-0.8328691216399623,-0.8953762709414228,0.44725849409047536,-0.4391591541398023,0.6143510456418866,1.0006331325259035,-0.9135473479916503,-0.8412946854011707,-0.8870347657864153,-0.4777364707371577,0.6165787678571362,0.2172906996136437,-0.9001934542297649,-0.10352974004836867,-1.033420647201345,1.2722641665322891,-0.5330289701525451,0.40518185255064293,2.841918318707282,1.0576011724026186,-1.2989871374220368,-0.9613461378663625,-0.9441907856766563,-1.0380627462921626,-0.19088642246692963,-0.8935008055784289
3633,Gareth Barry,Everton,Premier League,33,2965.0,-0.636391973810104,-0.7335584665654946,-0.5944382468162915,-0.6000838116695993,0.8616779802715802,1.2577713858114905,-0.5739296326297361,1.5737180120388503,0.7635626367704123,0.42341334836128863,-0.8412946854011707,-0.4714893425497482,0.3596190057945346,0.9543706096478226,0.04927930555558564,0.8825860484209088,1.442928341165211,0.4008820209212983,0.0656893379579731,-0.02858952086687892,0.950859120773501,0.2673990654131767,0.37599752929585567,0.5046171426767667,-0.48287151292825936,-0.1398443915591651,-0.19147763992090291,-0.07385388078814328,0.33240454587482954
26696,Arouna Koné,Everton,Premier League,25,1515.0,1.0215529451127547,1.2825527273673192,-0.608766854503254,1.2558253090381086,-0.17978400071056286,0.3702827259269607,1.1276925130700128,-0.5330558237565034,1.011089321684559,-0.3507603977409983,1.0801913424936314,-0.5329134378711041,-0.30284726605418644,-1.2508476919115303,-0.8389765619350714,-0.5420011133020942,-0.01663394892530912,1.4315377757680465,-0.738622783887652,-1.621330250100769,0.21807739764586664,-0.7662246767441593,-0.15815542444889683,-0.3293001949986771,-0.2632947354444314,0.8365595805773447,-0.21107551101453895,0.14833514588767105,0.8897531060516066
5836,Bryan Oviedo,Everton,Premier League,14,1038.0,-0.7177064302276007,-0.7335584665654946,0.9202441385963847,-0.3399072943333338,-0.8551506699521139,0.09556080966535505,-0.6864226241541818,0.5264655363902604,0.17971197008747714,0.3439639891614449,0.09353233202356406,0.557820592401764,-0.44062572863868155,-0.12228420801057363,-0.31107946454502433,-0.05545954158848682,1.6179486983482911,0.47150133734838945,2.116935162082791,0.9072374052958903,-0.3973344645769572,0.189414543459019,-1.1006089118921059,0.1494103396336942,-0.09537366542421404,-0.03535409602480315,-0.6574388898782355,1.3866291302259366,2.130844686923732
3469,Bakary Sako,Crystal Palace,Premier League,20,1118.0,1.6322046783067037,0.3592531466038121,0.5759081874873208,1.1953562682603935,-0.5637603408344387,-0.07447520767241722,0.4904883459429675,-0.6155426605437724,-0.673122740041506,-0.16949102562787685,0.026639522189951553,0.9934818736370857,-0.4672500955295849,-0.2642795182703567,-0.13977372605095464,0.03899908216760112,-0.13387528930760392,0.3962552381209025,-0.5607149940264392,-0.47101750120962615,0.37730873285014405,-0.5410720985667349,-0.30211767125610983,-0.10843522636087378,-0.47678494265103216,0.8360919514740022,-0.5544206119268185,1.0145873861328374,1.536046989147695
4317,Kevin Mirallas,Everton,Premier League,23,1083.0,2.2134425746570163,1.5226989360629173,0.27405885327597773,1.0358908533666484,-0.2452435846817852,-0.06823561902851757,1.0287170811083248,-0.785972590076761,0.29175761266374894,0.6915347100659214,0.9506728937066308,0.7050862698344726,-0.4560859306040711,-0.44257914089777184,-0.18626593836932478,-0.2581017498093756,-0.5118201382937662,-1.9865379040828428,0.3779091652664387,-0.22935515900560463,0.19819113575305522,-0.8137204395721389,-1.0520544552175528,-0.1659412825797443,0.5217360735457378,0.9155684382904812,-0.6288368724569009,0.7901423339626331,1.043647331035284
23635,John Ruddy,Norwich City,Premier League,27,2542.0,-1.1450324906279508,-0.7335584665654946,0.05053208756897675,-1.1111261053852666,2.2422206062246532,-1.4374014648212634,-0.9674181758559358,-0.7640625320733885,-2.266808004290581,-1.2370249371978637,-0.8412946854011707,-0.9863303074839346,-0.66076797610515,3.2582274156486335,3.7258818451486464,-2.145663416809963,-1.807962289111341,0.0025763711481099436,-1.5488097861884091,-0.0038187813659491085,0.7716238485808433,-1.044226265199781,-1.275308169628122,-1.8942146925984813,-1.4231021750381654,-2.6266011713377893,0.007361066461581694,-2.9742928336167624,-1.6961333618306025
9930,Ryan Bennett,Norwich City,Premier League,22,1917.0,-0.7285400486602855,-0.7335584665654946,-1.50657803190447,-1.1029720372957759,2.2422206062246532,-1.6120100696817938,-0.5825657577192613,-1.029379289703009,-0.1454480205629678,-0.9257304893274295,-0.8412946854011707,-0.9863303074839346,-0.6112331300455824,0.1418946806829369,0.6134612331033459,-1.3161290659192755,-0.6851799961287302,-1.6550188582110184,-0.14017479470774988,-1.8902345290623352,-2.3830781496465034,2.5360238953477103,1.215682707240042,-0.8527428912142117,-1.123620955968766,-0.9512675527628562,0.9145099752867077,-0.2376299049715359,-0.8164988466141185
21212,Russell Martin,Norwich City,Premier League,30,2813.0,-0.5458341569474884,-0.08206714936502263,-0.7948044554816435,-0.9101290794841456,-2.934814241099372,-0.5659332956246405,-0.49167480269391894,0.017239415866479056,-0.22929965004672742,-0.7597086281764807,-0.8412946854011707,-0.38940396296461405,-0.5381087231713428,0.5546650879490609,0.32151472391509556,-1.1550062527047695,-0.4772624911870053,-1.9865379040828428,-0.021608726927916898,-1.1987663831611661,-0.6590256105598306,2.04279756786084,0.4007613532227876,-0.4747326853082964,-1.2080473319329514,-0.4774176275331235,1.308819452194868,0.8502066757677369,-0.01658182654520742
10967,Robert Brady,Norwich City,Premier League,36,3106.0,0.397303654739752,-0.1435246367892784,0.9591955406114264,0.48089201699964684,-0.014995712580476966,0.03615086266740234,-0.3653122194406514,0.3110953592278328,-1.3871845542804984,1.212614815293182,-0.21647147607285508,1.8150443634337141,0.4307449685869856,0.678959625482119,0.09025319729544597,0.17169280682000468,1.0543168520534192,-0.3812877872297937,0.22950634007862591,-0.1423567158121572,0.256351652911164,0.14937935474253083,-0.107646678771812,0.1546740229105314,-0.8995193006950049,0.5430311578083477,-1.549618698723382,1.3149769977586727,0.4472883197837608
9463,Alexander Banor Tettey,Norwich City,Premier League,23,2031.0,-0.27144420762339466,-0.13200091682483253,1.3019465822565777,-0.3848710254368358,1.0438329100848327,0.04727301415040858,-0.8575982096073921,0.46018065544010334,1.0404616753368898,-0.7962926945334452,-0.8412946854011707,-0.9487502124315008,-0.6225415329760877,-0.2840084434800716,-0.3157972252469447,0.22888774824389851,0.5419415157830333,-0.005549095662474858,-0.5818510005768703,1.8912318938346846,1.0063747568402712,0.4156010461689874,-0.0848415388716148,0.9933889457853606,-0.9391591170343122,-0.12731950875861134,0.28493695572490335,-0.37872529083239487,0.11353896962624706
9578,Jonathan Howson,Norwich City,Premier League,36,3080.0,-0.13693146631985215,-0.13854383173272625,0.35269717839725273,-0.042136750445866615,0.07155610000912911,-0.2899050022697632,-0.13740797690068998,-0.2427596159333447,-0.03964854409324499,0.07079075495520543,0.4189006965298349,-0.31724599826630007,-0.31112411653933075,-0.5043353326582342,-0.3411739721088971,0.7325356361993502,0.6834922529991688,0.5938527182060913,-0.03444401597884436,0.09116542118078146,0.22355761083890432,-0.014888715359865037,-0.392169389449624,-0.5167583397043268,-0.6907560865607713,0.43768505260979823,-0.029751259379746584,0.6118335044950577,0.8822799552509017
3286,Nathan Redmond,Norwich City,Premier League,35,2458.0,0.7678166458134537,0.7576092106394913,0.5730770631580303,1.3468900958809835,0.14504213797996712,0.3576354799408724,0.22619089024175043,-0.19891668855197994,-0.563272102307097,1.008683351349943,0.34302237410274494,1.2804465976255033,1.544180745715471,-0.46907407231054754,-0.4268000018962821,0.23092905193470303,-0.285074359265468,1.5876518092227752,-0.699893340124292,-0.22935515900560463,0.14794719560468986,-0.7703138085933684,-0.8572524194233834,-0.4727836406481646,0.28092655793301824,0.973109237155439,0.9083588527148364,0.32135294797553776,0.8729040197176438
9528,Steven Naismith,Norwich City,Premier League,23,1364.0,0.5459756791791822,1.0578834447589702,-0.4407212611665856,0.3087687535903459,-1.4689154850470492,-0.0276063768523497,1.23384290602364,-0.664659321063492,-0.19735792939219987,0.731729868193853,-0.1298940665691511,-0.4827184618362528,1.1693374400759873,-1.3690693844022108,-0.9268333183728968,0.8102755505611509,-0.09275951621858232,0.3009435124327526,-0.28898087718554544,0.1745661843925459,-0.8606183186781199,-0.7663330419124076,0.14277847381262052,0.9417248574777193,1.7902585610501085,1.0060238187357182,-0.5369199796197116,0.021117141919338445,0.621524427661441
4807,Cameron Jerome,Norwich City,Premier League,34,1859.0,1.1932846781813669,0.25226459706276094,-1.1435688431141113,0.19762221385036893,-1.2976322808345093,-0.8318006648120008,1.9582680661228427,-1.579031806881138,-1.528341879013296,-0.7555148861750376,0.202654151701438,-0.4525878385923743,0.018314122948062925,-1.4595142955963931,-0.9837994676222029,-0.511416499957936,-1.103206782900257,-0.3526226065717037,-1.2847036412748758,2.815590352765067,-1.7963851026538684,-0.7727445408314227,2.3664054590895254,0.589330002142807,-0.8867733084153928,1.2777168870790039,0.12254024336727508,-0.12125954777741198,0.7307775603968975
3520,Jeffrey Schlupp,Leicester City,Premier League,24,1467.0,0.3667754531197091,-0.3171428620926642,0.19345870225148082,0.9873914914574027,0.12914515833729645,-0.40499825663976974,0.1904335777819662,-0.6066839219395226,-0.5849882313324283,0.2884133464617034,0.4816098055148134,0.7826239418349245,-0.2861649269168495,-0.3399073690190314,-0.17893678339871497,-0.34765751109854515,1.1902168346680442,-2.5543524400973525,-0.46110474117726996,-0.5974254955932686,0.15760623618945646,-0.17649566939035535,-0.12160236939190777,-0.363155303600287,0.27617196118741494,0.5453083236584371,-1.5428352860427388,1.314153531071263,-0.3105457402929212
22594,Matt Jarvis,Norwich City,Premier League,22,1150.0,-0.37361605463566655,-0.20235699546841399,-0.14121188890314526,-0.3068864274041343,-0.058683770363802304,-0.7564359714133997,0.5692753491896562,-1.0093541719466896,-1.2235990901322447,0.5791751480079446,0.002488309456981551,2.398525193060544,-0.47686264955837004,-0.7552331108900198,-0.422778757821331,-0.17836897073880917,-0.7500848780179705,0.7994971544938436,-0.5882098056344244,1.9939383892713933,-1.3583540337708524,-0.7502868931817029,-0.7496912724397599,-1.4601926397172542,-0.7781185732505038,1.141931386642098,-0.613352788206756,0.8959523690716602,1.7957969244271164
23663,Dieumerci Mbokani Bezua,Norwich City,Premier League,29,1697.0,0.789190806453469,1.7862835147730427,-1.3015102753245522,0.32494624051773213,0.17730642210680897,-0.18389315610832405,2.025244352109002,-1.2819362127807674,-0.6219133613627028,0.6091419142930138,-0.2694912416257587,-0.5815415287783141,0.09764499588837734,-1.469674534300288,-0.9416846071998786,-0.8960057739277916,-0.8704932991799965,0.9288795875546811,-1.1871617872238698,-1.621330250100769,-0.5819412627398978,-0.45483924956170835,3.5332966205011203,-0.5706648259748213,1.6363872146190415,1.1934403210778726,0.09708669689860096,-0.13921276320713782,0.933262933058415
9539,Vito Mannone,Sunderland,Premier League,19,1791.0,-1.1450324906279508,-0.7335584665654946,0.05053208756897675,-1.1361362630293526,-0.15455478605498763,-1.4878511630564561,-0.9578384674227102,-0.7812519350881039,-3.667300818737168,-1.2370249371978637,-0.8412946854011707,-0.9863303074839346,-0.8127012559390556,3.5279437986534488,4.318694636119648,-2.1627898307268767,-1.807962289111341,0.0025763711481099436,-1.5488097861884091,-0.0038187813659491085,0.6836176913131621,-1.0618448557252052,-1.275308169628122,-1.8942146925984813,-1.2135045620042468,-2.609797364181337,0.04902712841630047,-2.67216910182793,-1.6713980800165884
13286,Lamine Koné,Sunderland,Premier League,15,1375.0,-0.49984783507076763,0.15499672145144006,-1.6897732593935586,-0.9049514603702009,1.091768417930426,-1.5291950833574206,-0.4059079204553399,-1.1728332676454751,-1.268220272905931,-1.02002440753691,-0.1355852715198076,-0.8753118739544901,-0.5318180578752097,-0.13731666532743464,0.625216141133706,-0.8260991662908912,-0.10648113840172438,-0.46155029307244555,2.2004410470041127,0.1745661843925459,-0.6449493507852019,2.683931557581901,1.6700577887983006,-1.3497142989838509,-1.0491783968175663,-0.92109247550765,0.9319004421625341,0.4198852837818805,-0.39172233361808145
13846,Jan Kirchhoff,Sunderland,Premier League,15,1099.0,-0.41853930477534457,-0.7335584665654946,-0.9994036476804409,-0.21055561544039195,1.523187988540761,0.1840877588416643,0.07856569390000169,0.3113330175627519,-0.7789556695227545,0.5277086695762707,-0.8412946854011707,-0.7779813364607505,0.592992637920047,0.32732383374406254,-0.015358546359135604,1.054713072433314,2.364459640972751,1.7870283782643128,2.4718998685416453,0.5560474531574652,2.5031199571639458,0.8127475258206622,2.0797441813967743,1.1713869320516792,0.301978936057451,-0.06470392378998761,0.07790601466535564,0.22725262129973864,0.5453818938716846
3196,Wahbi Khazri,Sunderland,Premier League,14,1101.0,0.8693383118042174,0.3761267137462993,1.7316385428227552,0.8848934604895716,-0.7160850208176467,-0.24676256257497164,0.09224897279591025,-0.588775216745764,-1.2479108017647655,2.8280394808377127,0.04004086781124909,0.8854041815172592,0.2396540501584606,0.4652401257518112,0.2585848164473703,1.4240739755728307,1.0819284936561278,-0.4727634372710518,0.45789317046387495,-0.881843482956463,0.43453079180059284,-0.6957430264421389,-0.7811996422984628,0.4858108698632893,0.013846162361464463,0.8376748438863866,-0.8790092703779896,0.8613714776291364,1.1816475422635373
3448,Martin Kelly,Crystal Palace,Premier League,13,1094.0,-1.0639420974477745,-0.7335584665654946,2.177404306199629,-0.7874571730955314,0.3248002924009402,-0.7427595542459576,-0.8890029208106566,0.15079993700427646,-0.26102540705015737,-0.827917448691724,-0.8412946854011707,-0.07935841564717902,-0.4596716422847701,-0.10673013185750281,-0.23706628372710398,-0.37811024352202477,1.185960210994702,-0.8972610390754171,-0.2024478390377907,-1.4980824555767178,-0.7840885155580469,0.9850681751536083,-0.1702635046068852,-0.6395577070071825,-1.218679923132293,-0.15269843892130028,0.8005755587850539,0.9992457107585617,2.2890131424615925
4817,Joe Ledley,Crystal Palace,Premier League,19,1029.0,-0.5415434420625583,-0.13989307126749437,0.20341059224073374,-0.7654317689694883,0.3248002924009402,-0.9749698579086633,-0.35049053859202667,-0.572417351049321,0.7408996360934872,-0.8020748959678182,-0.8412946854011707,-0.912156184013096,-0.0620415915313036,-0.7818512817620714,-0.454278575478813,0.6188716848271746,0.01091940746842395,0.3962552381209025,0.717587965145633,0.09116542118078146,-0.8750092385987043,0.6356010407854934,-0.1592023189414638,0.046019946131980426,-0.9973841194541335,-0.10725634498697675,-0.4831405118945025,0.3279669622526876,0.39524462573311514
31296,Sébastien Aymar Bassong Nguena,Norwich City,Premier League,32,2917.0,-0.5367850436679734,-0.524137248957801,-1.4865594669544735,-0.8528021288139026,1.7997389953422591,-1.425037217672625,-0.4792274327211093,-0.9658220130565695,0.3025613300803468,-1.1347363776216515,-0.8412946854011707,-0.907833386279108,-0.6803000227070406,-0.326197428096372,0.14294724100522888,-0.9979253202794869,-0.9096829020380433,0.3281754340579386,-0.538922936560177,-0.26560451033620774,-0.9317549116913199,2.515544416794996,1.7293753273262635,-0.7392279989095796,-0.7169132709818139,-0.950494256333356,-0.9604055189635408,-0.19470657005057038,-0.6437246522193933
3576,Martin Olsson,Norwich City,Premier League,24,1867.0,-0.8124185479531844,-0.40635884591116006,1.3247758880684621,-0.591297949317372,-1.3529424821948084,-1.1060467726309764,-0.7376744987816576,-0.556374468317743,-1.5628711486152524,-0.7575781322426233,0.1981808840545068,1.057728960097563,-0.6058376258706099,-0.03208071060507786,0.05501154453344604,-0.6882074125446396,-0.053623127292373764,-1.1695802553272734,0.29201145846066046,0.43866860122979795,-0.20789010321956314,0.8092551201821424,0.01973078434427556,-0.022828765606579815,-0.38548250342260876,0.08339302284240306,-2.0583615911930107,1.728211532772979,-1.3416606593543232
9452,Gary O''Neil,Norwich City,Premier League,27,1858.0,-0.6198216232812126,-0.7335584665654946,0.5554793844091896,-0.006963989546143672,0.3248002924009402,0.06474109785281573,-0.8012014694671695,0.3651333912627085,0.014849407388678442,-0.5946659957903043,-0.8412946854011707,-0.3290629399791499,-0.18910427423110898,0.7028265879569758,0.10823545628608366,0.6753639297864874,1.0629437428986954,0.38789456042895953,0.49911446370691154,1.384325642163184,1.4100137238200667,0.21570209106075125,-0.16919295541579898,0.9936204143682416,-0.43632266101477823,0.09162829193988618,0.2788078411921555,0.0730191797805707,0.42007238417988096
12325,Abdul Rahman Baba,Chelsea,Premier League,15,1070.0,-0.6475770319039544,-0.7335584665654946,0.33559752134611165,-0.36371974947190633,0.4722941626950721,0.5255557101581538,-0.5665476664188541,0.914233314768869,0.6444582377269217,-0.958169116371872,0.06557488851179581,0.654304253436011,-0.45175322104392657,-0.6703747929794567,-0.5810381077230021,0.846319545325331,2.3900846621721983,-0.2391562664667628,1.3190250467219813,-0.1423567158121572,0.4830544253763294,0.4031327134775943,-0.3714435987621535,0.2049106566167998,-0.9191475331984912,0.08148260794674315,-2.0519219654088316,1.0811350928574672,-1.3813654617812712
3472,Willian Borges da Silva,Chelsea,Premier League,35,2840.0,0.6979465650789676,0.3419374696345804,0.9167842399670134,1.191992383467739,0.36167375997447365,1.2892395837664516,0.4764496463742739,0.9542995549165461,-0.03884915301452323,2.755326356740457,1.550414155658028,1.6743007249448751,0.8191905637980784,0.6249394737670735,-0.18370341671987356,0.16873284407733524,-0.22630375464888036,0.5551081142678183,-0.5979811669389642,-0.20958278555254825,0.7972887411538349,-0.8568364252663425,-1.14760547277602,-0.6200390355924136,1.181763372033801,0.8569713623496165,0.7666609641790787,0.4768777389476392,1.0939417479220053
3483,Mamadou Sakho,Liverpool,Premier League,22,1934.0,-0.8698115284590386,-0.4176940964715741,-1.7646313322418332,-1.0375181336633754,2.2422206062246532,0.825979867332225,-0.6480483304884821,1.1457391752598225,1.5001734896373393,-0.9284667900584519,-0.8412946854011707,-0.9863303074839346,-0.8127012559390556,0.07221280121280974,-0.12339335590968627,-1.2881038888972776,-0.1627866159846695,-1.033420647201345,0.4821036508095595,0.7357838201717064,1.1903250238555643,2.4117686744424605,2.2564351493805477,-1.2490164495614968,-0.6404931728821288,-0.9003359298053158,-1.0747571233738875,-0.8112158218723989,-1.07628363488625
3537,Jack Butland,Stoke City,Premier League,31,2910.0,-1.1450324906279508,-0.7335584665654946,0.05053208756897675,-1.114288901953316,2.2422206062246532,-1.448682081171828,-0.9674181758559358,-0.8166532849846114,-2.419140709504921,-1.1857576299326043,-0.8412946854011707,-0.9863303074839346,-0.8127012559390556,2.783292928350023,3.795890644436375,-2.1497739507350526,-1.807962289111341,0.0025763711481099436,-1.5488097861884091,-0.0038187813659491085,0.9205087118517858,-1.0618448557252052,-1.275308169628122,-1.8513345069615905,-1.4335035586122367,-2.664327325265749,0.042856609222602655,-3.013356617749588,-1.774101963118077
4724,Glen Johnson,Stoke City,Premier League,25,2271.0,-0.4418920139639137,-0.7335584665654946,0.5358651857199568,0.8794776042763298,-0.4741248383589399,0.025875775296238947,-0.5292319351572957,0.3968452900358105,0.40166846555281926,-0.18594355178593483,0.44054209674793743,0.2571885841520168,0.207680242971878,-0.3470022338853502,-0.2259071171782491,-0.8744337992241549,0.08756713021729388,0.6241745821577822,0.07263447865392503,0.5971300513321487,0.3487000655801273,-0.253282662092107,-0.8494450737115276,-1.1249770163118502,-0.9529620719073518,0.17859612215887816,1.9944776921149354,0.880327081610223,-1.2962791299499512
4035,Ryan Shawcross,Stoke City,Premier League,20,1767.0,-0.7433895245199136,-0.7335584665654946,-1.9375413103263055,-0.884279587806451,-0.2230340829772635,-1.3188793539730368,-0.637284183024673,-0.9111480774504522,0.10925779262734076,-1.1525949065572834,-0.8412946854011707,-0.8999407511155213,-0.8127012559390556,-0.10577163955193498,0.35580322196749453,-0.7675489131775693,0.5223061798854176,-0.6001855304370279,0.2572607299760972,0.2558284664963155,-1.7532437726455936,2.2838327556290414,1.1876844216110627,-0.4818622284971476,-1.3870275824078409,-1.0645340327381505,0.9466162765643437,-0.38572236151761796,-0.5953845856534163
40121,Philipp Wollscheid,Stoke City,Premier League,31,2800.0,-1.0499829654789015,-0.7335584665654946,0.24578471856455686,-0.9317854106788526,1.6030805016167489,-0.6546894894260412,-0.8142283740353367,-0.2839954718936554,1.0743126166304036,-1.0238994169951416,-0.8412946854011707,-0.9863303074839346,-0.8127012559390556,0.18776022414969182,0.29883603554228005,-0.4420293741683681,0.8657938048609132,-0.19944304743003385,1.3444258695277584,0.014504113582089733,-0.7853565749780637,2.105197468879948,0.5812457993693431,-0.9583546410733352,-0.7959747571853987,-1.1182013295584519,-0.7100296609600503,-0.8402878175720242,-0.35857642953844304
3467,Erik Pieters,Stoke City,Premier League,35,3222.0,-1.007365063348136,-0.7335584665654946,1.9373160551443014,-0.64284156461791,-0.748955083340339,0.24096684053930023,-0.8555924732233942,0.9053570619464469,-0.012171769805128447,-0.4035731822151505,-0.5401306742010238,0.6481938826318396,-0.21336171941238224,0.18579855368611,-0.1044053573476657,0.38200318060002564,1.648336323984388,-0.9933737036348956,1.2702487125061246,-0.881843482956463,0.06700421083350094,0.6617804336410039,0.15048068245948976,0.6618276579357475,0.08448393752841152,-0.18744606027604083,-2.0298894741442672,0.78441801866432,-1.387570043049312
3480,Geoff Cameron,Stoke City,Premier League,30,2449.0,-0.5654464382695176,-0.7335584665654946,-0.5954875916315937,-0.3313790385829382,0.3866525605888019,-0.17140210543688794,-0.7011969441089085,0.09152693137921934,0.14569713467811443,-0.6887641053166262,-0.8412946854011707,-0.7058376339586434,-0.024186765661823265,0.11516055340446416,0.02929321485975718,0.06546506083473773,0.10264333132616231,0.4915669638090524,1.1075383293583163,0.30412586057685764,0.45150568370123645,1.2423991608404068,0.8226522917913311,-0.4166079690798076,-0.9077378048788689,-0.5507719872257159,0.8737558489980031,0.1092615579103777,0.11421225352642023
9625,Glenn Whelan,Stoke City,Premier League,37,3276.0,-0.8471564858873404,-0.7335584665654946,1.8582116286413102,-0.689785873279922,0.9917290972091887,0.7651484045809654,-0.9098083358550267,1.0032286320927861,1.3093943730376767,-0.28069247474975056,-0.5450949161438836,-0.7999440485059295,-0.6948091932596333,0.3348654285944211,-0.08088873202038599,0.20949023011386161,0.47729932966836386,0.038836266790340905,0.6992365663494063,-0.7585956884324117,1.5524283787320867,0.3736185133654499,-0.29739761151973765,-0.7515284270000123,-0.7075817907135928,-0.2679127750174661,0.08273112416175092,-0.37651797221838196,-0.038926263165434835
3533,Xherdan Shaqiri,Stoke City,Premier League,27,2049.0,0.5434998253434473,0.16085103820997013,1.034340757943883,1.5322485992883341,-0.7007966196443015,0.17563807729224187,-0.15519074443622458,-0.42163071330261936,-0.6925315863865484,1.8938087173174825,1.5265687701548927,2.0309166506278,1.8261477253830714,0.033378501620997064,0.005543036644169915,-0.47778682342851486,-0.9401985982906725,-2.789162962509368,-0.8898655991048504,0.7988082605533235,0.5891494917191198,-0.9525562829686692,-1.1278070881819005,-0.06725509957721017,0.17830550692313896,0.9419550736970832,1.2883405525860545,0.4964298128610145,0.43502656112153426
4891,Ibrahim Afellay,Stoke City,Premier League,31,2173.0,0.4471454732125436,-0.17131116627866338,0.6751093369138432,0.5900365041794541,0.3897975911746254,1.3370589663817165,-0.46999192567363157,0.9415366550512445,1.3028870313136738,0.06742486431902892,0.051802824112749404,0.06739964720764102,0.07596509780643064,0.5256619898580327,-0.060275545753950804,0.014556621481148595,-0.602126590955423,1.3493724950024004,-0.927467568363185,-1.8902345290623352,1.3785217591851178,-0.7939093092442251,-0.8858727326869058,-0.45862633314895496,0.5152061065699132,0.29258658238818697,-0.253300530355931,-0.1286558286413712,0.5694000130617991
3325,Marko Arnautović,Stoke City,Premier League,34,2888.0,1.066646210901174,0.9586345854058147,-0.13637737320595433,1.81371137477873,-0.20463665992351768,0.22291586825783918,1.0821849897770104,-0.45825345907091464,0.2450154465829172,1.035920361363026,1.1746688410951067,0.25580374148427076,1.86191368407333,-0.8463097253977008,-0.5107751640856817,0.1583364406975162,0.07144382957414301,1.1028766527054612,-0.1887728792791048,2.12232150856728,0.14588612400373377,-0.7982126635625724,-0.9404275980122682,0.2229202346744718,-0.3108180577929051,0.8341663289760288,-1.5358803597052355,0.684708693799713,-0.2764482396963328
4913,Bojan Krkíc Pérez,Stoke City,Premier League,27,1741.0,0.7403075065846679,1.0208404184478386,0.543401068532414,2.0773457727842444,-0.6339098645109161,0.5994924706815239,0.44182241343683537,-0.23633362239931788,0.627021409147994,0.9909385709523645,-0.28394233382915773,-0.15337322076459547,1.6274816106408827,-0.6194536429054749,-0.3952663016040976,0.07614289068165361,-1.2166951459870916,-1.466655763965663,-0.7027902743085833,1.5831124075245573,0.2410754942825723,-0.9589466199627044,-1.0669936038268757,-1.1774924628262078,0.5962528182131627,0.7463851559815893,-0.43197343085668405,-0.06424622265646293,0.7735029117224373
3333,David de Gea Quintana,Manchester United,Premier League,34,3190.0,-1.1450324906279508,-0.7335584665654946,0.05053208756897675,-1.1361362630293526,-0.15455478605498763,-1.7463872729970684,-0.9674181758559358,-1.1386474849103707,-1.4859036399582304,-1.2370249371978637,-0.8412946854011707,-0.9863303074839346,-0.5705605679529816,2.0718056681719625,3.2583334706484672,-2.1738509606059537,-1.807962289111341,0.0025763711481099436,-1.5488097861884091,-0.0038187813659491085,-0.6295257201284594,-1.047805213996168,-1.275308169628122,-1.8942146925984813,-1.5053522462353055,-2.740801541743909,0.054920448782521954,-3.277584943019369,-1.9246449350822465
3612,Ashley Young,Manchester United,Premier League,18,1114.0,-0.5875906315850524,-0.1851907001726377,-0.0008151210751329758,1.0325183041054191,-1.3907863041781714,1.2822386261433398,-0.3205556733746988,1.5005751786085275,-0.16656587223782787,-0.16565786975150357,0.9008066504819082,3.124540772488765,0.22737342270848948,0.6423557526004643,-0.20840145045586153,-0.45987454829609736,0.040145603490666315,-1.8998908807299795,0.10392806186228232,0.3506344622840467,1.1460937082606355,-0.016559501141417556,-0.5156643595084962,0.12200085826359286,0.3714851054983609,0.6883092209725036,0.7925652423523689,0.9291392313036556,2.3264947993673863
10958,Chris Smalling,Manchester United,Premier League,35,3280.0,-0.5770536208348513,-0.7335584665654946,-1.6560484483568703,-0.9810732856360191,1.523187988540761,-0.4447321380797605,-0.4077149487162836,-0.04587433252688266,1.0680216303676167,-1.0096044125913002,-0.5454561353746845,-0.9630604376511623,-0.8127012559390556,0.358812907386047,0.2590276318330476,-0.4441886012571626,0.2462649538185618,0.2903533206896243,0.24743407988814772,-0.5737239966463358,-0.7233247576590325,2.2425217973181124,2.39199143163885,-0.10618939090409672,-1.0272737074019278,-0.7678373970123807,0.3835528268131336,-0.4270453303699943,-0.2201046604906741
3311,Daley Blind,Manchester United,Premier League,35,3237.0,-1.0354089007124578,-0.5448399952149724,1.324492443223957,-0.8022502721638802,0.8887474435255616,0.9038650639522032,-0.8614110222945698,1.4186972201519275,0.6609511914150552,0.007359471770765471,-0.5415262442251214,-0.39685569324626757,-0.21613901105523078,1.7766924543959408,0.3789231122221341,0.1233919177252824,0.8228418997368611,-1.0857897272497787,0.9917534411374589,0.2770536894338673,-0.08872813431153982,1.0135238706709226,-0.37898278424667037,-0.6221157655948845,-0.956332385760604,-0.6411027091195077,-1.2977517685661282,0.40299259612482063,-0.48513039629549387
4751,Michael Carrick,Manchester United,Premier League,28,2051.0,-0.8422581215524809,-0.7335584665654946,0.8859630877146683,-0.7641665659180894,-0.15455478605498763,1.6928416199852936,-0.8419384747059571,1.932735180424567,1.3638149475237376,-0.6551122540504989,-0.8412946854011707,-0.7630484750563585,0.8820474403262274,0.9182212114403895,0.012226000732822262,-0.37201580122906824,0.15400890612427226,-0.2576275311350089,0.665477508495596,-0.1823289734956328,0.01716923536994712,-0.05737043967503056,-0.5385219290544794,-0.9207863926210825,-0.536918814085262,-0.03228764575008643,0.15049492927945662,-0.5124476595154532,0.0983945718740066
3606,Ander Herrera Agüera,Manchester United,Premier League,27,1592.0,0.1923477627255068,0.03388084469285028,0.38219011483937854,0.2615733636002555,-0.058683770363802304,1.9075990779166734,-0.051358556928735415,1.555001761495976,0.8106472896363792,0.6371944615697955,0.37773853581349615,0.06841454624272929,0.6428806435752226,0.02307996701194282,-0.44917919825860264,0.9704939474511645,1.5426303035234878,1.3911758834621155,0.3786922685943282,0.74502740476101,0.6158427119825624,-0.30227554534708456,-1.0095282687257154,0.5355727108587659,0.3989538933723526,0.5615996511249991,0.395903986432973,0.15801042173815413,0.5946838129254427
3294,Juan Manuel Mata García,Manchester United,Premier League,38,2982.0,0.5804361975238048,0.29072337743457666,-0.19945636829172367,0.1643751603801949,0.2619340526034414,1.4745895183871447,0.8679826422011943,1.136593601433809,1.2172280079614097,1.0643304452728475,0.7857181316459031,0.3446250911336518,1.907118443622835,0.04511151236313435,-0.40314006062555596,-0.3494140757908581,-0.8351167619618117,-1.1871492370209413,-0.6020973081478362,1.85104239562032,0.12319906946802643,-0.8065230009412736,-1.0726054762120871,-0.7644037652039386,-0.06801708186435494,0.836162711184235,0.7420122024444159,0.24334768434860674,0.6958644184674513
3296,Marouane Fellaini-Bakkioui,Manchester United,Premier League,18,1106.0,0.619600043784779,-0.18122420638317754,-1.4060920630602993,0.07099957364026892,-0.2230340829772635,0.944101078637268,1.8869538276873787,0.4819354787419216,0.84457528716261,0.11187076028772087,-0.8412946854011707,-0.8483101030508549,-0.8127012559390556,-0.7343482725962506,-0.6029914268099654,0.6109096679301963,0.05351347251491223,1.565990053384559,-0.4390147513912599,1.3366168184764553,1.9394034927834263,-0.21146908770694367,2.113162424361953,2.393028460862104,-0.08754247464988198,0.5336522050126278,-0.09355131336397457,0.49121022723654806,0.8016137466450587
2988,Memphis Depay,Manchester United,Premier League,29,1576.0,2.007202184365901,0.04167210673608206,0.7891142998902699,1.5263029300313102,-0.6339098645109161,0.9894395954658869,1.264331728840101,0.03723477212043802,-0.25416533990109413,-0.10107673307167855,-0.8412946854011707,2.0647394274425035,0.41259822800062823,-0.6079611647690424,-0.5530415725458252,-0.5441639818476176,-1.0954130762507148,1.3493724950024004,-0.9257471930484868,1.8912318938346846,0.24511013468990145,-0.7776668283417759,-0.8917679210452436,-0.15234319229787088,1.0816108116143417,1.2225071695268084,-1.5659311396623523,-0.027524555843491474,-0.2499872377389329
20039,Anthony Martial,Manchester United,Premier League,31,2741.0,0.6997813502802661,1.717991555097427,-0.476673147745622,2.0183006648992414,-0.42242968283918314,0.39922140423365615,1.7867567361174757,-0.8558796131238237,0.11871784904146702,0.5046794234518923,0.22074520232616332,0.3224194675690302,0.03271515559933545,-1.2883861184622611,-0.8616443156603358,-0.30920102174649566,-0.6130147462014497,1.5536119071912933,-0.9218828865605704,0.70277101806705,-0.21100214530287573,-0.7023767577522663,0.20221032465729588,-0.11877789291560607,0.9355634018712887,1.2130603668587188,-0.7667452150755671,-0.028576015220308146,1.3622349570076042
3538,Wayne Mark Rooney,Manchester United,Premier League,28,2496.0,1.3784511631689242,0.9796514061634707,0.29786778266850156,0.13741783815788153,-0.058683770363802304,0.7415966834208134,1.4178255973635199,0.052150933330392876,0.5769342840304167,0.8549523244073837,1.1025163003497807,0.32856650389996134,0.7346320667283658,0.07453731796190473,-0.12280222416429051,-0.5947154882824481,-0.8331553798506232,-0.6668370868623075,-1.1062256605325267,1.9939383892713933,-0.3199733487745632,-0.7926954740207073,-0.40349168150319453,-0.19446887252075873,-0.5839273701077273,0.892307660093252,-0.3281457571681872,-0.22677914784660314,0.29230229685466175
3603,Mame Biram Diouf,Stoke City,Premier League,26,1360.0,0.9423296302923472,1.5123301060876029,-1.1687285172868846,-0.15445079585538102,-0.2230340829772635,-1.2285729164392096,1.568323602515627,-1.8015181501398403,-0.21595098594806358,-0.469146224702761,-0.12780171180788025,-0.7057230536181511,-0.8127012559390556,-1.279044484386894,-0.696538660870155,-0.03150103168802343,-0.5693840985212525,0.5551081142678183,-0.8267901929615579,0.04251497597391948,-0.8057574132942156,-0.5020141417798497,0.7691869672295518,0.21605797260527962,0.646938587414567,0.9903734499926851,0.1719215295885574,0.5531277539735593,1.13165182101329
3636,Charlie Adam,Stoke City,Premier League,22,1104.0,1.1049321143495445,-0.18022360083936959,2.177841526864491,-0.041987174357189544,-0.48253457657746524,0.35861675488948075,-0.6099753049412047,0.42222683730626037,-0.20907522679689614,-0.020819522997545747,0.03764593424273694,0.11983162079857429,0.9364581522936818,1.5103350413577503,0.5896375996966697,0.37896022483180886,0.056885711213510395,-0.6001855304370279,-0.7705459130543938,2.815590352765067,1.9489470880331397,-0.412765767092909,-0.12552120702857977,2.061715476891871,1.2407124043583466,-0.013298386802085501,-0.5154349369725735,0.12685288507540463,0.19527355883979505
3265,José Luis Sanmartín Mato,Stoke City,Premier League,22,1164.0,1.065168380535509,1.3656913333026928,-0.4924834219319973,0.22932380422293966,-1.20913595865803,-0.3986441345329949,1.435187513179164,-0.9834633433519705,-0.43724211172995975,-0.2116787918926701,-0.007660283264681007,-0.1994728533448302,0.18269667534390407,-1.1233207480585685,-0.7706105551965098,0.9569984933183503,-0.9236013817407928,0.266284703091607,-1.1270113983926542,-0.881843482956463,-0.7146430162785496,-0.715557816171377,1.6846735838681963,0.46419551743052395,0.38067580387025285,0.9290656685663826,0.13214422599967188,0.012889301628358513,0.9404073277546553
3288,Miguel Ángel Britos Cabrera,Watford,Premier League,24,2162.0,-0.8578029665882705,-0.7335584665654946,-2.0162850985199356,-0.9008880827101419,1.523187988540761,-1.230784924714777,-0.681728406688195,-0.7570279847632526,-0.7604366757575601,-1.2370249371978637,-0.8412946854011707,-0.9510272672195993,-0.6340636993535849,0.6009280263157724,0.7369358010067183,-1.088966678871638,-0.5094220954615413,-1.3511263994951777,-0.01593747679375284,-0.744901489040851,-1.142758125423286,2.625476775441243,1.2129845883380612,-0.6821850236482458,-0.6349927971843462,-1.0992657134368207,-0.9636073295468989,-0.5333574674559785,-0.6112029354959034
40118,Ikechi Anya,Watford,Premier League,28,1781.0,-0.6469253028732473,-0.7335584665654946,0.3937241394149251,-0.13662869398080213,-0.01759619221043717,-0.11250946091684455,-0.12930395410415751,0.10187400425262476,-0.4000382794422667,0.019470268938343464,-0.29646007333667124,1.0278657247564789,-0.5958487026893152,-0.5459037899048306,-0.45481520663623437,-0.623993188911641,-0.9672529052682963,-0.4377223616504086,-0.3772002272745405,0.6406292729288732,0.30630018706905054,-0.03082591033454501,-0.5286429535211281,-1.6840271459336535,-0.3314068167960553,0.536693790202314,-0.38128512292319433,1.3788691657489909,2.1422350214945713
3670,Jonathan Walters,Stoke City,Premier League,27,1821.0,0.4626146123872711,0.9437663323407179,-1.165241008601355,0.05089169131609996,-0.8030940098483029,-0.5285079695503963,1.736663641673628,-1.170522804891409,-1.3062719257295476,0.31957551238819215,0.22443891601220084,0.14534441650855018,-0.17643371502012897,-1.1507457798588099,-0.6896365029359975,-0.49932240771582836,-1.3454509384242128,-0.5039110600449569,-0.8747662340271531,-0.1423567158121572,-0.8756311247592562,-0.5945506848317729,2.276430391548592,-0.9348853335392064,-0.01274606678407206,1.0508395552601346,0.49896932075280503,0.6139629884700499,0.8575035630429046
19288,Martín Gastón Demichelis,Manchester City,Premier League,20,1082.0,-0.7350838300960068,-0.7335584665654946,-1.243596705350907,-0.7835901221905354,1.2835104493127971,0.024623948978229702,-0.4758516398844756,0.3531332413607351,1.2989362197172123,-0.6854986372277875,-0.8412946854011707,-0.9863303074839346,-0.8127012559390556,-0.16937143802869223,-0.1290200002909448,-0.6636046992087145,0.18129247581256347,-0.8262212435314542,1.4006602711708167,-0.5974254955932686,-0.6960353444946524,2.0425768482231614,1.1827523662065482,-0.39499341473934396,-0.732414423746838,-0.517694928075627,0.08178323313701699,-0.3806508107433862,0.06960963641610173
16003,Fernando Francisco Reges,Manchester City,Premier League,24,1792.0,-0.35295311438587323,-0.051770864152947446,-1.5107030067319713,-0.3556295353017475,1.7192877933636412,0.12073633159770424,-0.34508460595975204,0.2452969645916633,1.6316154947227797,-0.8207641555519216,-0.8412946854011707,-0.9863303074839346,-0.38165840176741705,-0.20495199878315642,-0.3341473591037386,1.0186877514012298,1.3775674322227909,1.2321859470251675,1.6019676797903726,0.24346246704574184,0.3201138512784192,-0.16211692259874094,-0.02726135180642479,0.40365596962844014,-0.5719608132749016,0.14810188708065536,0.08781996553334546,-0.39330676267581977,-0.010675853000849922
20287,John Terry,Chelsea,Premier League,24,2076.0,-0.7177064302276007,-0.4392994628267462,-1.9588975728329507,-1.0442636897182735,-1.5926200214227726,-0.8246675928884089,-0.5789831485035112,-0.14297391116723931,1.927944146768246,-1.0214355381488673,-0.8412946854011707,-0.9863303074839346,-0.8127012559390556,-0.6811482638281081,-0.2609708395080698,-1.4086861268459332,-0.5457845568893713,-0.012223586256883086,0.04756301386517802,0.6245184501152715,-2.018919403566657,1.5269676943111208,0.6172671225120551,-1.2931485066478416,-1.2032139789186431,-0.9009003234073982,-0.9268482808075819,-0.6982699497625863,-1.0487173418458255
4587,Matteo Darmian,Manchester United,Premier League,28,1984.0,-0.8320333822742265,-0.4256543880566025,1.1503547978488022,-0.5272952378811329,-0.48253457657746524,0.2665579653177681,-0.6388013429181991,0.746359449694594,0.40819368338311696,-0.40987448076592703,-0.8412946854011707,0.5140133160081176,-0.6180367411518641,-0.17253353994313217,-0.31016571938779136,0.2303812218395988,2.342828421289135,-0.16695041367270996,0.7402543475801868,-1.1816354155825328,-1.1750564595871376,0.6086177584665812,-0.3917737179531281,0.0554937480789066,-0.2934488534399423,0.25111443311307297,0.9661328213784321,1.072290567403156,2.1010019327650746
3600,Morgan Schneiderlin,Manchester United,Premier League,29,2306.0,-0.7218573858880376,-0.46864879971309154,-0.3181666936949528,-0.4193230197453391,0.6935349681362696,0.9947621972253283,-0.47636049369727657,1.1478146422277298,1.6451234445478977,-0.6547652766266794,-0.8412946854011707,-0.8208377379880692,-0.6452188633381069,0.1059464069061471,-0.2755623816748644,0.867472149001277,0.9515951712763285,-0.05227052982333245,1.804542270819214,-0.47101750120962615,0.7420699371469421,-0.0713377816154695,-0.27923451797454757,1.3524810629093982,-0.6893430836818908,-0.057272303825570844,0.09810159303782325,-0.36035066872161325,0.260715576552112
18414,Bastian Schweinsteiger,Manchester United,Premier League,18,1250.0,-0.29338874529246917,-0.24485311315618052,-0.26985270238185793,0.03365883842595523,0.7416307954060951,2.817942892255865,-0.32230528242902906,2.6457019878741437,1.1834118899386812,-0.16287231537614308,-0.8412946854011707,-0.5589093383955731,0.7321563334120981,0.6120131138062807,-0.23663046345893274,0.4989282031514145,1.3363748774000301,-0.5795552867815834,-0.5668631393998914,-0.1423567158121572,1.2289405970055125,-0.23777404479764194,-0.018032551553559584,0.601412111468575,0.5018126912027467,0.2011004443336696,-0.6994286396746852,-0.1729871035574563,0.24954506114164432
3293,Jesse Lingard,Manchester United,Premier League,25,1695.0,0.47744514613458167,0.7080502455563756,0.034263649130238744,0.17663879631833806,-1.5378365838849526,0.4115373889823972,0.45982273880536223,-0.10676516533542564,0.863853622232036,-0.004794790893038105,-0.26881654729682036,0.00432090616376381,0.5544293541062132,-1.111867028283968,-0.7962829254423164,1.0310196203039659,0.3452395210787052,-0.6668370868623075,-0.10051089711979912,-0.1423567158121572,-0.0821795972647992,-0.7183499043959015,-1.0613402291797622,0.09345267347262567,-0.08681753750020216,0.9214602244665894,0.5289531500866427,0.41874920533589594,1.4301338301751556
3623,Adrián San Miguel del Castillo,West Ham United,Premier League,32,3012.0,-1.1450324906279508,-0.7335584665654946,0.05053208756897675,-1.115028752826409,2.2422206062246532,-1.5298257261779358,-0.9674181758559358,-0.9281573833791654,-2.2643646162358433,-1.2370249371978637,-0.8412946854011707,-0.9863303074839346,-0.8127012559390556,2.799082350757807,3.566986795136573,-2.1690237734723046,-1.807962289111341,0.0025763711481099436,-1.5488097861884091,-0.0038187813659491085,0.3252473623586923,-1.0023674890377836,-1.275308169628122,-1.8527866248018836,-1.4359366814998704,-2.6258396261012895,0.03173652195038181,-2.9096942438288456,-1.698180849193803
3316,James Tomkins,West Ham United,Premier League,25,2042.0,-0.7974795419928373,-0.7335584665654946,0.5190347071308009,-0.8559294135771486,-0.3143398122069638,-0.6744559607123262,-0.6817439518927423,0.004476629744663286,0.30152201113473553,-0.5064281490396577,-0.8412946854011707,-0.5004207826703153,-0.43443054356120214,0.11555183790519663,0.012482843359948998,-0.3505674613305876,1.2625362615081186,-1.1045488006999644,-0.2865130438672244,-0.00150209349895572,-0.8557837589006853,1.7674660982003916,0.44156974626138645,-0.794281233411238,-0.6862349847930705,-0.5642795579159088,1.5779944521056741,0.6594446087976972,-0.45697929816474625
4280,Winston Reid,West Ham United,Premier League,24,2235.0,-0.43056626131966075,-0.4602333248376904,-1.6134964058117074,-1.0792451482810157,2.2422206062246532,-1.049760369643036,-0.4914674000875958,-0.673920802386008,1.0159384461660141,-0.9700220483532899,-0.4071334128790792,-0.9863303074839346,-0.8127012559390556,0.18572641355689923,0.4775015374328129,-0.6501028122151045,0.24371185011121652,1.3980009264759459,0.7028575806085272,-0.2505742914918118,-1.4748471000821932,2.485002083633288,0.5096727027028259,-0.5542808380658336,-0.14890688862662924,-0.9720506235038436,0.16726537556240353,-0.2531088562120998,0.0926517126619054
3843,Angelo Obinze Ogbonna,West Ham United,Premier League,28,2441.0,-0.9269754071233722,-0.7335584665654946,-0.7626420669954211,-0.9017313525085003,0.3248002924009402,-0.9124263382869554,-0.791698616209202,-0.5326278778189805,0.5350782584688023,-1.1147898989824556,-0.8412946854011707,-0.9863303074839346,-0.17982227627860753,-0.13436040368068136,0.14509661777052366,-0.8354744286478232,0.032230352377142356,0.35654201908417354,0.7642558504498447,0.40422045990319955,-0.7560883505687378,2.093939914405107,0.9038163693092913,-0.7184790003915517,-0.7772992809110085,-0.9915404845446446,-1.135038709231387,-0.562006998149879,-0.9956673902993975
3062,Aaron Cresswell,West Ham United,Premier League,37,3472.0,-0.45515690486872196,-0.3816680911267606,1.0468763438774629,-0.5135619816747822,-0.8030940098483029,0.017338875949850483,-0.39913342716661676,0.45764403782926394,-0.022092798231672654,0.524698112864962,0.2766205727634312,1.0580939706810597,-0.5902275247536938,0.43094854000193583,0.05767236678601887,-0.8415173422561539,-0.6220220861397765,-0.6001855304370279,-0.205420796486376,-0.49263992130156475,-0.17749933869788104,0.3183829413290121,-0.2655545105709862,-0.9597922141171527,-0.4515232090219463,0.18386787440068766,-2.0681713432286086,1.2552891917204623,-1.4855777089723714
3963,Victor Moses,West Ham United,Premier League,21,1020.0,0.6814093651773103,-0.13465484719133558,0.24120686709882272,1.793337829489801,-0.6951041298457158,-0.3139852762210553,0.6473825586294378,-1.1365629859631081,0.05737263137314488,0.8106516294557435,1.061353244180937,0.8095561172570798,-0.8127012559390556,-1.164450366532473,-0.6192131480676958,-0.36902727051377016,-0.2482712342941925,-0.19243483230590522,-0.8267901929615579,-2.1143214281969733,0.2890875763392711,-0.9740282731455415,-0.7419616121869899,0.4301436053071106,1.056898746205019,1.1024273894465326,0.292514764729304,0.33151743135393985,1.832767067698868
3874,Mark Noble,West Ham United,Premier League,37,3316.0,-0.23543108389398487,0.003331390806812438,0.32439707797718537,-0.3692385461262557,0.5165423237833114,0.6191840364389353,-0.5897101482065938,0.7648558520114915,1.2368169397876354,0.6975583432912628,0.32921248478806314,-0.6180544423380089,-0.1138814778851563,0.24797090111161352,-0.15684270938689052,0.326040635244688,0.8166083037353682,-0.8796920573817486,0.15390228227780806,-0.5603274972415476,1.4349797782129723,-0.7106844561454888,-0.9471938821794161,-0.125601004553372,0.3862009592815563,0.1553683641139012,0.19056277840666586,-0.021255010316029457,0.8203585022268818
3684,Cheikhou Kouyaté,West Ham United,Premier League,34,3141.0,0.154169338852846,0.23887338915186054,-0.8552968246664718,-0.22530788579057412,0.5804563342441024,-0.4999263104725972,0.09774109563781887,-0.47457164614119096,0.5306368591759569,-0.5720678859445433,-0.2234338486696368,-0.6218356892819616,-0.44382408560687986,-0.8909065173402018,-0.5468261604273424,0.1981199705954565,0.9330420479121095,-0.8262212435314542,0.2878462309661727,-0.645837067910408,0.814118511113056,0.2927280274281543,0.8992832276857168,-0.3051495515178975,0.09220023501115503,0.07206863034344492,0.10754517075785151,0.3905799948349565,0.6436346855938236
27853,Mauro Matías Zárate,West Ham United,"Premier League, Serie A",30,1570.0,2.810319299014016,1.9901178661297276,0.44355646724419046,2.224878463528061,-0.3220402953950109,0.29873679855231233,0.6499538973786184,-0.5859631684919283,0.12190371748383567,1.3286262295737625,-0.8412946854011707,0.47211248967835445,0.17128446976231598,-0.7693317945673364,-0.5551727900367047,0.41816131297944986,-0.13899351707770433,1.689771515317221,-1.0797269931365694,1.5831124075245573,0.3412374899966956,-0.8621600150822757,-1.0443045651313259,1.0464920510474136,1.1580831803013882,0.9306802438911786,-0.3565569245435244,0.26452964028732867,1.1719871967197817
4271,Andy Carroll,West Ham United,Premier League,27,1531.0,2.0419100029391273,2.4585078522412593,-1.0364635278723757,-0.22257123619207758,-0.8953762709414228,-0.7109782949713129,2.204040974049817,-1.250791077523187,-1.5928681270538696,0.12720112288487914,-0.20749295836859485,-0.5875051053859954,0.19635007609958158,-1.221335754886072,-0.7620980240433529,-0.7030173102077311,-1.2578426486141103,0.5551081142678183,-1.1479497899488118,1.3366168184764553,-1.0029744004650107,-0.1549995450887052,5.160151489284907,1.6104212504088158,0.47482761937892837,0.9418441157915636,-0.10455479400597562,0.3297666904077776,0.37740561612913637
3349,Michail Antonio,West Ham United,Premier League,26,2133.0,1.1840447938494567,1.5576058719685608,-0.5080145070506781,1.665611110969275,0.10042131950667592,-0.37680578906656276,0.6574135524090585,-0.9242636578785538,-1.1773381608789493,0.09188712032497151,0.5234738716830412,1.017518586507446,-0.2695023848591846,-0.3423478551551316,-0.1028190286820238,0.023395640967123647,0.3856960158354219,0.3009435124327526,1.385981528052941,-0.3743525643280179,0.465212582111657,0.19797109689444134,0.396661191564113,-0.3147040571130027,0.30804395544679164,0.6755426027994488,1.252075040271569,1.4368462994484223,0.6743475746482759
3897,Pedro Mba Obiang Avomo,West Ham United,Premier League,24,1173.0,-0.46437092945828823,-0.7335584665654946,0.7381972122062971,-0.323146228102668,-0.058683770363802304,-0.6842887625158077,-0.8357768116315847,-0.42172201236817275,0.306800746365237,-0.9826551773651175,-0.014056455148080751,-0.7260569125939325,0.1750593510629607,-0.4484677944307782,-0.21185840906036318,1.179484413003309,1.6225602355504178,-0.035972355116056516,0.23007906668934006,0.6406292729288732,0.5346860743288879,0.12176995295721746,0.5282792226848857,0.5524782525652996,-0.07940386783373365,-0.1243284255603374,0.038767459782114766,-0.16666710098121248,0.5368816711926975
21254,Carl Jenkinson,West Ham United,Premier League,20,1302.0,-0.6680814683746568,0.2048158679377968,0.5505669715002944,-0.45252528742433396,-1.8665372091118746,-0.14648089392205982,-0.5720896550285833,0.47424238102108107,-0.20800434730520706,-0.5495232591245657,-0.8412946854011707,0.3619638401230869,-0.8127012559390556,-0.01127248827737007,-0.11109697133813527,-0.6868307779648151,0.2764174615659545,-1.1977512087326376,-0.7946264937241098,0.04251497597391948,0.20163452033168147,0.8644543750545126,-0.11467177990727606,-0.45664164878105207,-1.1038935653921211,0.07555681530943592,1.8371947375042366,1.051143568546039,-0.13547603748195483
3490,James Morrison,West Bromwich Albion,Premier League,18,1392.0,0.38450009797744045,0.5829969036104594,0.02281608040472793,0.5080659972620287,-0.3143398122069638,-0.03573092734095697,0.10491043688825762,-0.1935877746952421,0.6631054849589395,0.4777780989159942,0.5528869871374427,-0.6025111901272882,1.4069217172666253,-0.5790398027806428,-0.3206312479503759,0.31487072236212305,0.20887959211772986,-0.080303390319847,-0.13796690287157357,0.04251497597391948,1.4616277126633908,-0.5470579923271772,-0.58052721357454,-0.9977970187238202,-0.5290462646330439,0.47002635212894855,-0.09287637367062421,0.551048183311399,0.41201743999964163
3464,James McArthur,Crystal Palace,Premier League,28,2254.0,-0.5153047877771064,-0.19151614911949455,0.43227457464827906,-0.2053456312051278,-0.02382158283973457,-0.17294538617220856,-0.6172700574088522,0.016340643851740916,1.0972238599407051,0.020548008097703158,0.019708370576534778,-0.783157708411637,-0.47000880044856047,-0.2678527925477713,-0.23814474311868777,0.9743930480096347,0.30945325114619,1.302651060841543,0.5205098998122383,0.6749707636631285,1.9274058301837866,-0.48562158316388093,-0.17580343571369103,0.5969833150106036,-0.16034098880167993,-0.0010781430930389972,-0.10068979564332686,-0.006212038236872002,0.3983102536483146
3329,Cédric Ricardo Alves Soares,Southampton,Premier League,24,2039.0,-0.7099521074052304,-0.7335584665654946,1.0446739376908964,0.01752012101030861,0.843021998839782,0.20551019915429386,-0.5971781840109567,0.6352376059800927,-0.9682167942225516,0.44582002369660917,0.1104958433745767,2.5697714286081923,-0.05504672462412006,0.7466380661505924,-0.017483075116235494,0.19242834292400124,1.3588454435728157,0.0025763711481099436,-0.2846558147220729,1.0549075738500524,0.29086185228895134,0.5415937756827773,-0.3563163900908435,-0.48667627931887614,-0.6850298098130182,0.3637171914838226,2.2020503976055585,1.4604485330927275,-1.6455134710567696
11062,Graziano Pellè,Southampton,Premier League,30,2286.0,2.0371446709675163,2.205942237449409,-0.8770816242851481,-0.3296188521777624,-0.7330867772949011,0.19051522146761224,2.8227896942110298,-0.545491728917124,-1.2248583458651794,0.45977491743448407,1.7055568738819649,-0.585673231098144,1.2146709085637706,-0.8556578179833779,-0.7035949974130752,-0.6179285095176599,-1.3576577850958913,1.132754936620242,-1.2266488128325963,-0.881843482956463,-1.233008915772436,-0.5132793267498786,2.77028645243191,0.5075258887433929,0.04948352660512237,1.124985670012818,-0.11882568460699025,-0.1665606099898033,0.30886293954075944
3726,Gerard Deulofeu Lázaro,Everton,Premier League,26,1445.0,-0.4083164479501985,0.11195252549214224,-0.5050654187291781,1.7676728499558407,-0.37244345808041,0.6941902995185973,0.48115307125594314,0.048391718365670224,-1.5333129465291226,1.6538125686660516,5.202410502683171,3.661846321257516,0.7909571413112766,0.25561791746740725,-0.11960508227918061,-0.2340167749834718,-0.9012906724702304,3.0513675965765046,-0.35960104440300716,1.230975851741554,0.6587027646554355,-0.968862591817326,-1.2334770670837198,-1.548799217987124,-0.2754717698639498,1.1307639187928176,1.7681738978930752,0.24032522568962597,-0.033555728032683065
16334,Graham Dorrans,Norwich City,Premier League,21,1341.0,-0.08656400276381737,-0.7335584665654946,1.4437845035332353,-0.28276954180429575,0.6443703447048925,0.673078666527411,-0.6859419106165949,0.6421053018086579,1.1759975970415737,0.4317431180807233,-0.11769256453101827,-0.7017472610577857,0.33931782635114105,0.21155257981458594,-0.16633511438440182,0.2556454517586324,-0.2726959264277943,0.6995198198559239,-0.17584187960491107,2.3225991746688623,1.3541502832407766,-0.5608777738949093,-0.4639532276595093,0.24595743616894225,-0.95965583800193,0.11141408120910085,0.36285956286451104,-0.11165251499864949,0.38360738449121945
10966,Wes Hoolahan,Norwich City,Premier League,30,2032.0,-0.009926612863713548,0.16833379489362282,0.28870050850361056,0.6472405980347239,-0.17978400071056286,1.3295513710779325,0.3244422788673837,0.7300237544227578,0.5270698806216514,1.552905593014939,2.5014479861579453,0.8541881371632912,1.658158569548764,-0.4125204593512346,-0.597185906964364,1.0002927612200063,-0.33423845778805117,-1.3312697899768131,-0.6427320486251854,1.3366168184764553,1.8007307955079979,-0.9296013799900817,-1.0373320153892966,-0.5432356155936772,0.9640928047465507,0.7824555258147844,-0.04816207162930292,0.16524994480654562,1.1011081101112745
3267,Luis Antonio Valencia Mosquera,Manchester United,Premier League,14,905.0,-0.6549060257709748,-0.7335584665654946,0.8647778738033135,0.6903514043882553,1.3572573844598628,1.8309056728154633,-0.057419971891802556,2.0779992717973363,1.2125915071656108,-0.4127825938724182,2.375336620964161,1.3751115106838085,-0.3859450157868037,0.029185601394973806,-0.5193156790424377,0.028246706941683332,1.0873758015989456,-1.033420647201345,0.07872609246659268,-0.26560451033620774,0.5341982009701647,-0.0720888973687758,-0.13985951327094204,0.7255040520022961,-0.5812431590170494,0.5769641223458905,2.1425538402794797,0.8712611541832977,-1.6457687028934649
3602,Faustino Marcos Alberto Rojo,Manchester United,Premier League,16,1286.0,-0.5931638116910134,-0.7335584665654946,0.33537110791780295,-1.0372625138360918,-0.6339098645109161,0.7396578279264139,-0.6472205185512931,1.532564974752515,-0.35805119777744626,-0.19294190665575564,-0.08674535096347699,1.5657555721538605,-0.8127012559390556,0.5614911078396218,-0.13797355021757085,0.23123401194659993,1.3938918203111101,0.266284703091607,0.2646608873129358,0.09116542118078146,-0.7109236563315748,0.8535946010085148,0.8868328771264942,0.2404583124355483,-0.448573143287912,0.2113848978380145,-2.124900136979042,1.0038709165719977,-1.4715588289862256
3101,Vincent Kompany,Manchester City,Premier League,14,1226.0,-0.34907670634553684,0.2629858919363694,-1.5012830282339487,-0.5657169905628485,0.6734221676416157,0.3163978284788772,-0.39364364897160387,0.5513166803647793,1.0846507924979214,-0.8719649107494813,-0.8412946854011707,-0.9240748645381817,-0.8127012559390556,1.0522406353569198,0.4594478887640002,-1.099845910429982,-0.20501715936451637,0.5551081142678183,0.5536453099126176,0.3506344622840467,-0.2131790661849783,2.2259048509685626,0.6475236279981459,-0.3675261909261385,-1.0790070566285959,-0.7386256149424739,0.8244558941007594,-0.4266445480201582,-0.9325316825039806
6560,Marc Muniesa Martínez,Stoke City,Premier League,15,1162.0,-0.9159974902687957,-0.7335584665654946,1.2049703059000063,-0.47958733981489404,-0.6339098645109161,-0.32066497037563413,-0.8788264832367941,0.06172971092680312,0.8307841121915039,-0.723469466829858,-0.8412946854011707,-0.3294871659048199,-0.8127012559390556,0.14432009020227662,-0.0029531501906468307,0.002449111852384326,0.5275475520090019,0.11689328351770474,1.197598649321645,0.54024645385951,-0.5987175802624246,0.6725704370487016,-0.39098714208660046,-0.7129799746665698,-0.8755941709849125,-0.7118573928383796,-1.3233079839519701,0.12634636346621866,-0.5559504976836402
3077,Jan Vertonghen,Tottenham Hotspur,Premier League,29,2697.0,-0.8489939250914234,-0.7335584665654946,-0.6129354124242824,-0.9004083404069324,2.2422206062246532,0.29361427672501894,-0.7702083160409117,0.6309800514796029,1.4652239904549733,-0.9604438023407899,-0.8412946854011707,-0.9580302803977303,-0.2398953273698481,0.48357479148759824,0.18642649499287697,-1.21822676776141,-0.14244125170926913,1.3493724950024004,-0.2745000851280413,-1.4100483166309679,-0.8562539636535746,1.6117256283742305,0.5849118094830821,-0.9226136009149777,-0.5750755789021332,-0.9806659683214359,-1.0792321904431321,-0.9163616002492326,-1.009501049233755
3041,Ciaran Clark,Aston Villa,Premier League,18,1520.0,-0.5613950555022095,-0.3316626167223091,-1.4117580242192178,-0.8015266802332119,0.8041553708568687,-0.8728323125597021,-0.4143223650720887,-0.5766007424458603,0.14053237651341163,-0.9425752053388394,-0.8412946854011707,-0.8859024482056541,-0.30452441733670266,0.02370969753704731,0.3031021101926407,-0.6017427299146805,-0.3919269893431408,-2.0694176655507994,1.0352603369392688,-0.4196642534912718,-0.9009613254362578,2.5623223977105165,1.230017106772986,-0.4986339140083511,-0.8175901377381659,-0.8977118715628446,-1.0133298534858712,-0.14649814453261947,-0.3586502550266454
42699,Gabriel Imuetinyan Agbonlahor,Aston Villa,Premier League,15,1062.0,-0.2261607471908138,-0.1583403010648895,-0.6639149683448573,-0.3579011693321139,-0.8551506699521139,-1.2132621533205281,0.9712550223256566,-1.6725343800641277,-0.743273555530272,0.3082354258538898,0.9861072808641306,-0.26763752922128753,-0.8127012559390556,-1.3965640013579161,-0.8129049239271747,0.18184606209629625,-1.1030171795894659,1.3493724950024004,-1.2020772131698647,2.815590352765067,-1.4998853715953773,-0.724470414176215,0.7737068533095611,0.9257026001326559,0.1680726957200701,0.9829712858226738,-0.2131659438280022,0.08975182713877629,0.3931992515471656
3086,Ben Davies,Tottenham Hotspur,Premier League,17,1359.0,-0.5575299069252178,-0.7335584665654946,0.6149073481103694,-0.6683230126153221,-0.058683770363802304,0.464197857664918,-0.6012956767291471,1.2233183656368765,0.03280421633303592,0.29986255212272456,0.5867412882366143,0.5862266060126122,-0.5285111180893217,-0.055517344764077936,-0.2575361526818281,-0.21231972404615174,0.18899314531238134,-2.1837345779203945,-0.555302325309666,0.7988082605533235,-0.23225717285946224,1.2120812229932367,0.5483001234131789,-0.14966321072673439,-0.7361113301825811,0.20350632530977536,-2.0863608099282125,0.7088948150588931,-1.237662164364321
3300,Maya Yoshida,Southampton,Premier League,20,1094.0,-0.9828517042675985,-0.17516569530256723,-2.3829454772090677,-0.6712308097842576,0.8041553708568687,-0.23683754058819773,-0.638074104665763,0.31491135777915585,0.32590109751327956,-0.9642866115271039,-0.8412946854011707,-0.7072620330726251,-0.8127012559390556,0.6055550613875255,0.2645474480695789,-0.9193863252367328,-0.4393120033485781,-0.4377223616504086,0.5829299634667368,0.8695725444905772,-1.1391451531627383,1.4763273025645236,-0.1702635046068852,-0.9817368848957184,-0.8364501589949429,-0.6585372969051679,0.25773974107785735,0.17363739826940502,1.410125737896417
3595,Manuel Lanzini,West Ham United,Premier League,26,1967.0,1.0197965519126735,0.8192673894630831,0.8348162537469037,1.643487825882157,-0.09881582344383306,1.2493243016774407,0.13162324930537267,0.6514125419122024,1.3609338371664055,1.1900272501640987,0.14533515098609398,-0.055062308889204194,0.36538028144108176,-0.5116982429127597,-0.5623626328227219,-0.23187527652869555,-0.09523596557039508,0.2903533206896243,0.01122238016345533,0.74502740476101,1.6411089702263124,-0.9480002773936637,-1.090928068428341,-1.069528661767985,0.5673746369223174,0.47936302402511055,-0.5087032452836421,0.243178102441306,0.8367293651855587
3491,Dimitri Payet,West Ham United,Premier League,30,2677.0,1.1415530228568362,1.3202088946055113,0.8313759252915951,1.4762433710533294,0.4119557612111089,1.0860283084575284,0.05163449161557255,0.7733511931011029,-0.5676808157109521,4.335924787938694,3.5084271409127994,2.5776019418386804,3.082625127370727,0.939557186453106,-0.020765577424384497,-0.6194699745497654,-0.7592346467240166,-1.6688321517890108,-0.72349041552193,0.7614604440308835,0.8550476278254351,-0.9949244864825777,-1.184989240712677,-1.195028998519179,0.25194802351457707,0.9217550097193334,-0.6562433826298513,0.24043538205728368,1.2170086488489607
3962,Diafra Sakho,West Ham United,Premier League,21,1567.0,1.4591748778463205,1.215649228908796,-1.008716035792946,0.8924476786192349,-0.9790455209991844,-0.5255118010580838,2.0764348359412383,-1.6037714325225096,-1.402271388145728,-0.09455246131856064,-0.2220538148926353,0.13394983302936586,-0.5662338677209392,-1.253831015784308,-0.7685363152549549,0.06281676630624473,-0.9121601516924299,2.461342628030815,-1.078828940565315,-0.881843482956463,-0.1475016467958384,-0.46164345213350305,1.6949136712161326,-0.3016002675397344,0.5627620200305031,1.1456374370036415,0.3607374792060147,0.40379701826112846,0.7457928821050348
3651,Matt Targett,Southampton,Premier League,14,1104.0,-0.9039648543803619,-0.7335584665654946,1.3091285370417058,-0.8482022923261519,-0.058683770363802304,-0.3529617294907763,-0.8586312151427566,0.21141677619950647,-0.09005882764279004,-0.6964891975532781,0.03764593424273694,0.8803179464927995,-0.8127012559390556,-0.011127924358351103,-0.17743420863477408,-0.6438910293488246,-0.36694337976941027,-1.313749252166492,0.34125961999419974,-0.6643473749728436,0.0724641820450592,0.5202854228160169,-0.07076944690479202,-1.4421083875138698,-0.27435774769332366,0.2505259303611548,-2.205507224817074,1.133081739355902,-1.77229787134356
6870,José Manuel Jurado Marín,Watford,Premier League,27,2036.0,0.4235647809870085,-0.7335584665654946,1.104116776286761,1.5492864201184566,-0.03192906831044825,0.7498278740225812,-0.09101600905518051,0.24886913900629232,0.6207820466659236,1.6206993759329424,-0.8412946854011707,0.2882550971087797,1.0842260394331864,-0.6361317092337683,-0.5870820124325515,0.14181106611059593,-0.2452070082532943,-0.4727634372710518,-0.5239391455078589,0.20563705696163428,1.6316684827353027,-0.8638693576698732,-0.919045243243083,-0.9749022647741727,0.7538584520107016,0.636959607514668,-1.0773908101106164,0.36928817633711836,0.6754941706817696
3509,Thibaut Courtois,Chelsea,Premier League,23,2114.0,-1.1450324906279508,-0.7335584665654946,0.05053208756897675,-1.1361362630293526,-0.15455478605498763,-1.7291298107566455,-0.9674181758559358,-1.124610149520953,-1.996455256314877,-1.2370249371978637,-0.8412946854011707,-0.9863303074839346,-0.8127012559390556,1.8976567246683835,3.23942719134693,-2.1521110127123193,-1.807962289111341,0.0025763711481099436,-1.5488097861884091,-0.0038187813659491085,0.10120170999272372,-1.019473562332936,-1.275308169628122,-1.7761623366823482,-1.356998640996566,-2.723253665298483,-0.059558983980829316,-3.318273148293264,-1.8631208673787
30702,Brendan Joel Zibusiso Galloway,Everton,Premier League,15,1268.0,-0.5153668666121667,-0.7335584665654946,-0.6338931031383475,-0.434195024671518,-2.277412990645528,-0.7010547645492573,-0.38558687808937026,-0.36777412895751677,0.6402155233178607,-0.7664007600940604,-0.07603408280899855,-0.625170182634598,-0.5081157690796013,-1.1411539808487843,-0.7165124228000268,0.46092526147327506,1.8821585030427956,-0.080303390319847,-0.48400171100369943,0.7988082605533235,-0.01003891102184588,-0.03754891222897113,-0.7509348455403633,-0.7133187285288962,0.9679878284862695,0.12617263568983653,-2.1072559995489466,1.0970470506864742,-1.6504507586592663
3973,Àngel Rangel Zaragoza,Swansea City,Premier League,23,1896.0,-0.48997950436867993,-0.7335584665654946,0.6045514257213841,-0.39844214062013944,0.15048935478060282,1.7007078203661694,-0.5149588455841241,2.423893146274332,0.5926858723148413,-0.21411236660462857,-0.8412946854011707,0.4628818390634034,-0.2016025259742007,0.7008603563486747,-0.1875279027525508,-0.6093117726854159,0.21568749720204775,1.407489400909809,0.7817597868856047,-0.06019151946278932,-0.11904396263252157,1.087716113432067,0.3506111879719541,-0.709581715984372,-0.5680224527982753,-0.023589396592746857,2.1032452443939036,0.4719598857513752,-1.4649827263293387
3297,Andros Townsend,Newcastle United,Premier League,16,1205.0,0.9899665251681222,1.29426457662668,0.7676215401381051,2.7153449928897113,0.11467203883121825,0.3828779882282421,0.029268999474766806,-0.4771261219040252,-0.6529876442164524,2.22958103456426,0.7692454707596171,1.9906681434871665,-0.8127012559390556,-0.7396754898383547,-0.585627752466614,0.9874640733744688,0.521866672441246,-1.9865379040828428,0.7940089768962284,-0.3995695043840899,0.6469910800765755,-0.6158386437853369,-1.1248203442920353,-0.8586848983797857,-0.11727137663775887,0.9132107959214274,1.179075003436579,0.43898845980570766,1.0896333869060304
3482,James Collins,West Ham United,Premier League,19,1508.0,-0.3802661963252552,-0.7335584665654946,-1.2976221012369522,-0.9675001337686983,0.8041553708568687,-1.0928400988211528,-0.36441110449845837,-0.6841465413707162,0.39640277974312144,-1.1380939928066798,-0.8412946854011707,-0.9357167975028385,-0.8127012559390556,0.04870044788862712,0.49513337435026056,-1.21930689793443,-0.6909421702767786,-1.033420647201345,0.4046649753272096,-0.881843482956463,-1.6973155348259934,4.046424788762919,1.8512061326129978,-0.818513483948888,-1.0200877346696844,-0.9736427072461422,0.40831960283021124,-0.18994487714431638,-0.23090709610861504
3052,Pablo Javier Zabaleta Girod,Manchester City,Premier League,13,1106.0,-0.9044007813898512,-0.7335584665654946,0.1617369036240536,-0.6187923330280862,-0.9534799168148684,0.6996500307634651,-0.4399798708533668,1.2094180724614931,1.0159778126355716,-1.2370249371978637,0.03605652986725157,-0.29622928531853565,-0.8127012559390556,-0.5151527729028437,-0.6955187942860331,-0.04900600913743105,1.4919265610442893,0.7994971544938436,0.22686226948702978,-0.4196642534912718,-0.8702309487321809,0.5579185119286263,-0.0729476362768052,-0.08905968061507692,-0.6546663832840514,0.3411269155513372,2.102935752892678,0.624162566001496,-1.5282001646708854
3081,Jamaal Lascelles,Newcastle United,Premier League,18,1221.0,-0.8544087719084988,0.2670667451652876,-2.170949969480371,-0.8757930167915693,-0.058683770363802304,-0.9124905211350693,-0.6301747792189413,-0.6208278995786974,0.9483346044014743,-0.9926549713634564,-0.8412946854011707,-0.8613095490048305,-0.49639134820949926,-0.32645024725126,-0.038751076739367916,-1.0615946232610873,-0.8882427481872239,-2.621949408670509,1.5675237570593434,-0.285483186872345,-0.7306313122714,2.716210085232804,1.893029556257501,-0.6678624547276919,-1.2484976012928848,-1.0009179220160784,-0.5786622997677064,-0.2489087044147069,0.18929148080740066
42900,Cheik Ismaël Tioté,Newcastle United,Premier League,20,1258.0,-1.0039945094846874,-0.7335584665654946,2.1148302982332683,-0.07485467689532926,0.3248002924009402,1.0171350180086292,-0.8992255772712494,1.3615118199981284,1.2910691272398191,-0.2882944816054589,-0.8412946854011707,-0.9863303074839346,-0.19868790564050512,0.3084109680528747,-0.20122006823903746,1.0730307790422868,2.0602698977165623,0.7994971544938436,2.2564286105476996,0.1610224707085843,1.5601884573708629,0.5758157383279809,0.8869076037818735,1.9742052342145244,-0.34195179561375294,-0.3413139659527878,0.14093292877273317,-0.7487215034234036,0.29622595476760044
20046,Phil Jagielka,Everton,Premier League,21,1929.0,-0.6391528682690915,-0.7335584665654946,-0.5874985555214779,-0.9383887646428309,0.3248002924009402,0.17902981559167871,-0.709481174138307,0.5294444315932144,1.0885739565505135,-1.0050064859662842,-0.8412946854011707,-0.907195861603693,-0.8127012559390556,1.4591813346814637,0.5577457090139103,-0.8003469593447812,-0.012983470192694219,-1.4198195351262763,0.296476162286644,-0.7543457644833066,-0.34175555740856944,2.9779910893859136,1.2001866520184674,-1.2473440850124118,-0.7466390441192282,-0.9677941119897276,-0.14140587905682278,-0.5272050629804564,0.1461154905111012
3083,Heung-Min Son,Tottenham Hotspur,Premier League,28,1166.0,1.7461251639915016,1.3620905617763321,0.08902172230269828,1.5355748997768826,-0.6926064047300095,0.24332268467184692,1.328064000310022,-0.5366205908396758,0.45776248559590704,0.9380982964319785,-0.009090187899562785,-0.5281174332468404,-0.4814710695430107,-1.2727764241955046,-0.9219692675613708,1.34136812895052,0.5997940562324561,1.1905196188554836,-0.7066600033509154,1.8912318938346846,0.11370335397125476,-0.831382812248558,-0.75690385421936,-0.3959824774638848,-0.16050009582923463,1.0124237048611289,0.06343585359593207,0.3230684675624815,0.9362056399756074
9014,Declan Rudd,Norwich City,Premier League,11,1034.0,-1.1450324906279508,-0.7335584665654946,0.05053208756897675,-1.1361362630293526,-0.15455478605498763,-1.5699059025253785,-0.9674181758559358,-0.9835075419843244,-3.5674170997571544,-1.2370249371978637,-0.8412946854011707,-0.9863303074839346,-0.8127012559390556,3.048909118215926,4.133129927092445,-2.1248949104492123,-1.807962289111341,0.0025763711481099436,-1.5488097861884091,-0.0038187813659491085,0.05227475039214099,-1.0618448557252052,-1.275308169628122,-1.6528581351451879,-1.5053522462353055,-2.6783464067461513,0.05750838679114376,-3.0964322595569147,-1.6693967029679488
28559,Enner Remberto Valencia Lastra,West Ham United,Premier League,19,1070.0,1.590972532354029,1.5501114091789638,0.0756001932016397,1.0028633129758833,-0.9534799168148684,-0.5232862748295682,1.004864730574506,-1.5218641091309342,-0.14746734031566153,-0.26102956430689217,0.9724444624247632,-0.48700674546482076,-0.8127012559390556,-1.3177185117001717,-0.8097238889051481,0.47308492310231764,0.11614256356028162,-1.033420647201345,-0.6311026396570842,1.8912318938346846,0.12003390057302732,-0.39214082408963974,0.19347175802907735,-0.2615616432088183,0.5463642493935448,0.8662047198429788,-0.07730227067521028,0.7393903725964727,1.0348324248361453
19847,Alessandro Diamanti,Atalanta,"Premier League, Serie A",19,967.0,1.148475527446317,-0.10182972637765347,1.365774933460117,0.9019717438675127,-0.17001785310195303,2.259534469568958,-0.027051408940655466,1.393292287052608,-1.2043497012809559,2.157114681335668,0.1621700964880481,4.459829920595719,-0.013912430007745884,1.8539979360008383,0.22408265605041058,0.29977032585565794,-0.1627866159846695,-0.7530920422361984,-1.1680135167512902,-4.579277318677993,1.6254866491583853,-0.7839557733117919,-1.0252732443885704,1.0736972253716484,4.116231730560344,0.8043962316198244,0.20470461693598888,0.33393859222806754,1.5646359549391675
3725,José Holebas,Watford,Premier League,11,982.0,0.029374405307349406,-0.7335584665654946,0.42417728375441827,1.1298043943986875,-0.7160850208176467,0.2217197224314761,-0.670398437906424,0.4642048430733425,-0.270973313907164,-0.173567657163913,-0.8412946854011707,0.3349812422873313,-0.4194075722956867,0.0190924121223724,-0.278580717509593,-0.5093721929550427,0.6697546615146788,-0.3002535265232699,0.7010679686732658,1.5831124075245573,1.1542603991046334,0.8536655300756038,0.20198575729639923,-0.49646037260165754,-0.9730719993332423,-0.07597225153575488,-2.0526286972950896,0.9759532222185796,-1.3628160034733212
20302,Gaël Clichy,Manchester City,Premier League,14,1130.0,-0.9880185257799636,-0.7335584665654946,1.8284315046360136,-0.34847122742073827,1.4204690431573477,1.3076306850462238,-0.6789333101265245,1.8057165015445562,0.4580392325626565,0.0832216481287351,0.0174225217553554,0.769824116709713,-0.4709186034277386,0.25710262348854196,-0.2389165030064897,-0.2526553920655307,0.6765013380310195,-0.080303390319847,3.013331714377713,-0.7057752050649614,-0.4068277460441533,0.6820525894851057,-0.6868963333951326,-0.7899550447811997,-0.765247180808295,0.16122863389709555,-2.0287198628346625,0.6733797405267159,-1.2547727440742653
5689,Juan Guillermo Cuadrado Bello,Juventus,"Premier League, Serie A",29,1831.0,0.647636507267827,0.6009728098116599,0.5196412215892601,2.3013330173613666,0.20859300065404904,1.5009342320967825,0.5974436773677042,0.8016487623772629,0.8859109972198516,1.940652125355015,1.2785315168639844,1.306342831692538,-0.6017703999380791,-0.4253847165799375,-0.4439106656852209,0.17592552482551188,0.28752651200836665,0.012683659132006564,-0.20808525480048243,-0.5121000993843097,0.348466531918852,-0.7683235638696392,-0.9451828655502322,0.5591595549824591,4.032804240756408,0.8186764987443311,1.7843998166879214,0.500956224754713,-0.383045169462911
3970,Fraser Forster,Southampton,Premier League,18,1697.0,-1.1450324906279508,-0.7335584665654946,0.05053208756897675,-1.0986726090922478,2.2422206062246532,-1.8522244701517132,-0.9674181758559358,-1.2231599755229536,-2.6335047320217293,-1.2370249371978637,-0.8412946854011707,-0.9863303074839346,-0.8127012559390556,2.5507610128163765,4.359643745411721,-2.1700529603875474,-1.807962289111341,0.0025763711481099436,-1.5488097861884091,-0.0038187813659491085,-1.2686212183195074,-1.0618448557252052,-1.275308169628122,-1.8942146925984813,-1.5053522462353055,-2.699490084316418,0.06979490483768566,-3.1021017451722885,-1.7460094180815606
4346,Gilbert Gianelli Imbula Wanga,Stoke City,Premier League,14,1316.0,0.270598734996188,0.19483316225159106,1.2553937214166648,1.8107672815050475,0.2619340526034414,1.243040863697714,-0.3025092488048251,0.8047422881759526,1.4727978472663925,0.00998608526487351,-0.8412946854011707,-0.7543389000325877,1.5351066306128496,-0.31844313374029565,-0.40427160940840684,0.35420220463090607,-0.7413042728990056,2.461342628030815,-0.4295696872653267,1.5831124075245573,1.393915954935981,-0.8236190200037773,-0.6322662209402322,0.3814328491040017,0.2422742665416208,0.2283796263974494,-0.26463224666040286,-0.45239256061465377,-0.2258249407863773
6950,Alberto Paloschi,Chievo,"Premier League, Serie A",31,2404.0,0.9214907405660221,1.5534362197301723,-1.0482556799526699,-0.21053155188362233,-1.5378365838849526,-0.6797816377877743,1.9230516288788284,-1.5160631878143878,-1.0051803207508307,-0.36821042056446973,-0.03401478183471951,-0.6688379071033477,-0.4913914411821603,-1.3784271811617297,-0.8763745205666176,0.5600066817576171,-1.0294143416152601,-0.080303390319847,-1.1914040807225386,-0.353638649281959,-1.2281554694119456,-0.856915143465674,-0.5964227845325045,0.7529768009002682,-0.15729273906453908,0.9882596537323416,0.057409579644320065,0.2802536336867894,0.48985486736329353
5597,Keylor Navas Gamboa,Real Madrid,La Liga,34,3152.0,-1.1450324906279508,-0.7335584665654946,0.05053208756897675,-1.1361362630293526,-0.15455478605498763,-1.7683081756295418,-0.9674181758559358,-1.2222139366787659,-0.6714055719965984,-1.1896937620259393,-0.8412946854011707,-0.9863303074839346,-0.8127012559390556,1.3917805196166189,2.445667299621325,-2.1606919327719445,-1.807962289111341,0.0025763711481099436,-1.5488097861884091,-0.0038187813659491085,-0.3505184019348054,-1.033427052986862,-1.275308169628122,-1.8150387153120902,-1.3063550879391788,-2.670977014354212,0.04342031407088212,-3.0926728321537014,-1.874002483176674
5721,Daniel Carvajal Ramos,Real Madrid,La Liga,22,1675.0,-0.7213291347396513,-0.7335584665654946,0.8323101869285562,0.49595943335540543,-0.7007966196443015,1.5118869974652986,-0.15821019585076534,1.743586098277006,1.3763359744825863,1.2568617469653354,1.4759601064480823,1.6565712071349317,-0.12097397712510644,-0.3194565263535405,-0.4761502799272597,0.13208332692615074,0.035732211508332876,-0.8890089416132393,1.528933435089034,0.8788392959585516,-0.27531531773265727,-0.1527466217363294,-0.15660713173169738,0.7131565952327713,0.3045912607828387,0.29437453974507705,1.8572558104271812,1.053083953975763,-0.4560865983734229
20016,Kléper Laveran Lima Ferreira,Real Madrid,La Liga,21,1936.0,-0.5493364308095289,-0.41802040263902646,-1.2292669513205032,-0.6435550073635464,1.091768417930426,0.569753249476711,-0.44454719939389103,0.9111966673538734,1.348714585122175,-0.7746658541134455,-0.3400806130422479,-0.7892095093137561,0.18475328263994334,0.19563133527504564,-0.09805921869859824,-0.9120260940660015,-0.4061738410835322,1.1028766527054612,1.1140104078403705,-0.00150209349895572,-0.4194341003872502,0.7888351903751433,0.9414593745573003,-0.605151260745663,-0.15540595889587844,-0.7854802237406903,1.0672457601139438,-0.34668880691860804,-0.6496919118933466
5485,Raphaël Varane,Real Madrid,La Liga,26,2253.0,-0.6725270837618379,-0.7335584665654946,-1.7553857819637766,-0.8821715996554509,0.9639403970088448,0.20443751992929932,-0.6551911141780881,0.5814592114060697,1.5721220098701958,-1.1708075097047854,-0.8412946854011707,-0.9863303074839346,-0.8127012559390556,0.7780603692233832,0.24296359042140647,-1.1879710938675967,-0.4372617615756314,-1.466655763965663,1.0117479367954085,-0.17382423781829792,-1.2310480363539513,1.4627357273572676,0.9515064258725072,-0.5649860353057747,-0.9485488348288329,-0.9936019567121541,0.1942370917522232,-0.662837449019933,0.09368962582697046
5552,Marcelo Vieira da Silva Júnior,Real Madrid,La Liga,30,2548.0,-0.44869897305249795,-0.25405949344018636,0.028979583153284603,1.358990139296658,-0.058683770363802304,2.303267658057934,-0.03817893843867556,2.3150449423734143,0.8027417757669157,1.397768581791836,0.301190138876939,1.9192983369410392,0.3999028173350055,0.6776905547065668,-0.23011421249163427,-0.6486494789174176,0.8731392886355628,0.7291934579904663,1.7750873207782178,-0.3995695043840899,0.6857456341492877,-0.6575714987160002,-0.9431876027233878,-0.8657970535598591,0.21783193769159404,0.28130397492660597,-2.0048470428304324,0.8656732337610842,-1.6373679697559922
5574,Toni Kroos,Real Madrid,La Liga,32,2808.0,-0.5131742987539288,-0.5160080065364199,1.2904744744678944,-0.5021893326605961,0.39327958932321605,2.7176704337645115,-0.8085546776716108,2.911896232970442,1.9133216157769806,1.2069358001695365,2.268802891800351,-0.11652776558657713,0.5627061419875413,2.0571715412393234,0.03383356835857329,1.1174729033505966,0.3582752870235871,2.265831395849995,0.767926871565839,0.722703275941559,0.2909862298577734,-0.9182985188161397,-0.9739395070664187,-0.16114052310746985,0.6539464533767967,-0.022432916676436186,-0.3364724778135616,-0.39104825307768176,-0.1369498182706975
5463,Luka Modrić,Real Madrid,La Liga,32,2675.0,0.015696913061374145,-0.2768244914166031,0.7307884965093158,0.40869676408554034,0.6492868070480302,2.7381355521254354,-0.5505128460413707,2.511368615641955,1.6727006341718156,2.0534737485488415,0.6096966328595764,-0.3015437081434355,2.3636414511380828,0.9026704435118814,-0.24782194262487928,-0.015981133603699234,-0.09375978400389556,0.6199460228992129,1.3419677253852647,1.1722864257777204,1.1485920541823822,-0.9781318517707595,-1.04934202691163,-0.3548561031739418,1.2302697479364952,0.19935808159851817,0.6465946814120018,-0.2965431049289639,0.10076751894047176
4926,Francisco Román Alarcón Suárez,Real Madrid,La Liga,31,1870.0,0.8474495338868795,0.24646563786494813,-0.1379686498503515,3.521557555250617,0.1428552991183983,2.3966449411309036,1.1611827923293299,1.4308040115534721,1.2143981356850009,1.5552612900570548,2.7910331801646713,1.3401589245669252,1.4591481401655824,-0.3865993847327687,-0.5845079684399797,0.34775572393799786,-0.35669895468255014,1.7601988988306327,0.026505689942902633,0.3506344622840467,0.5141150050386436,-0.9899949245236622,-0.9520678317850118,0.44126493687603663,1.9047708927943627,0.7032674712385621,-0.31620593092743354,0.18272592498297044,0.9973343675068637
6399,Gareth Frank Bale,Real Madrid,La Liga,23,1771.0,2.912417594786011,5.820225917099785,-0.3115270610734805,1.3408437654615593,-0.5922268142104004,0.5337809980928852,1.8711343574838601,-0.1614706305893231,-0.048399552959820555,2.048309168693904,4.637815670820597,2.504544349303724,1.149991898233782,-0.5982019994947556,-0.4487988352164981,-0.6385451168705285,-1.3323930233850505,-0.5039110600449569,0.1145668035154605,-0.26560451033620774,-0.9525950677357676,-0.9354008774202123,-0.18311721443152512,-0.9078009360502377,0.32453767767125696,1.0774419768534544,0.5312736688674858,0.1432522579767787,0.9525117589760556
5207,Cristiano Ronaldo dos Santos Aveiro,Real Madrid,La Liga,36,3274.0,5.032896327856377,4.677427807438059,-0.09809245110639268,0.7086111314331826,-0.24033411588394346,0.023839144040047947,3.2406691841127246,-0.8038823021141505,0.18932715811515588,0.3122687038604115,2.1225124132148188,0.36579554376426365,-0.10491677700602857,-1.3193892674800098,-0.9266872051546051,-1.4589091864171264,-1.493546865721201,1.132754936620242,-1.2488871695761556,0.04251497597391948,-1.806096381406127,-0.8703328216327194,-0.11217609261844456,-0.9795072506679781,0.027302715155999063,1.3224326328357539,-0.6237831113377612,-0.36988364004077073,0.49733595126563346
19677,Karim Benzema,Real Madrid,La Liga,27,2008.0,3.1845806735319306,6.567816335366489,-1.1782635739291207,0.41526573688701696,-0.3404271634154501,-0.2016035699581416,3.0057515845109957,-0.8564075731675328,0.33729219900893037,1.1404709057010314,1.5749165797553908,0.19199656731501313,1.880028605977796,-1.1649576446106245,-0.8222455873091613,-0.6282366641235354,-1.248710516467742,-0.2391562664667628,-1.1820468454058453,1.5831124075245573,-1.2330371225691583,-0.771892693124025,-0.7033595041119012,-0.8377989637852353,-0.09968706034274505,1.2676330875178383,-0.26514969759306944,-0.21628597099921937,0.4130685623370912
6610,Iván Cuéllar Sacristán,Sporting Gijón,La Liga,32,2972.0,-1.1450324906279508,-0.7335584665654946,0.05053208756897675,-1.1361362630293526,-0.15455478605498763,-1.4922572037874913,-0.9674181758559358,-0.8515182756127864,-3.735417840399236,-1.1868271363425793,-0.18829977013409507,-0.9863303074839346,-0.6827502474135552,3.331230937180513,4.257341420966908,-2.164267099168809,-1.807962289111341,0.0025763711481099436,-1.5488097861884091,-0.0038187813659491085,0.17837939317544282,-1.0467753883242534,-1.275308169628122,-1.8522290465004487,-1.2239529447775257,-2.59055053913196,-0.04892876657567509,-2.8414619717231586,-1.757656934424826
26633,Alberto Lora Ramos,Sporting Gijón,La Liga,31,2507.0,-0.9327160403548449,-0.7335584665654946,1.590990298975622,-0.6543091414122533,-0.17978400071056286,-0.20234583797385364,-0.7757934377189597,0.4042126617044776,-0.0067737571196600736,-0.22538006667038218,0.31987457357793725,0.14012816994137278,-0.6586468493424112,-0.043649501039694324,-0.1590114817857267,-0.18968464896809784,0.7676743151738585,-0.8262212435314542,1.5356855642142944,-0.00150209349895572,-0.4364672483060657,0.3494555479982279,-0.4314278301055222,-0.2517000429332864,-0.37947442682076166,-0.13585121203987874,1.9455632302902242,0.6192223355944146,-1.3008693188491414
6561,Luis Hernández Rodríguez,Sporting Gijón,La Liga,36,3331.0,-0.9053399024406155,-0.7335584665654946,-0.9886695741622847,-0.9261890915961691,1.7192877933636412,-0.5630239638830763,-0.8077439062909043,0.1224800102730517,0.34190454685379634,-0.6099969882375879,-0.8412946854011707,-0.09270024173544106,-0.6967557749009929,0.5044442548771836,0.18389031880070922,-1.3347880274031863,-0.5999157801265788,-0.4792827071539624,3.2783821505158772,0.4447167481802693,-0.5105566908207589,1.667560966692259,0.013092300363765798,-0.9576990801446175,-0.9404416701776129,-0.8010797701118375,1.0080631775706643,-0.04054935675326273,-0.48550800745592454
8818,Jorge Meré Pérez,Sporting Gijón,La Liga,25,2238.0,-0.8279176018375569,-0.7335584665654946,-1.8697415767408243,-0.8804694236274757,1.6030805016167489,-1.2594866051647229,-0.7297617898322003,-0.7871495484868628,0.4350044612682058,-1.1703636931666281,-0.8412946854011707,-0.9863303074839346,-0.640130032821188,-0.06436504092772698,0.3099863761356433,-0.8305966643481864,0.5754798053813522,-0.6153867626041963,1.0289098518288122,-0.016486627787594278,-1.0723538911289694,1.3795973999078017,0.29120867766695196,-0.6675884707603392,-0.9448169084789237,-0.9048561980613481,-0.8642483730664426,-0.7756045135091132,-0.6466715018265498
24263,Ismael López Blanco,Sporting Gijón,La Liga,31,2579.0,-0.4914671890990089,-0.2598231491853923,0.2730331629073822,0.04712833375265724,-0.39423232528295216,-0.2987413287696676,-0.44850925429534894,0.1559613405269882,-0.42597860767909645,-0.13792861354675562,-0.8412946854011707,0.5230081281989462,-0.6629477090845433,-0.10258733313758216,-0.1698112331153557,0.037805054016731544,0.8771979603606018,0.3833752751900716,1.0688261954599274,0.5299039815917576,0.3864694763899529,-0.002529662218677446,-0.6659268115074539,-0.5394735038842979,-0.5325115437158927,0.04075948071030776,-1.7731889631849407,0.8296384944886656,-0.6467875286246076
13107,Sergio Álvarez Díaz,Sporting Gijón,La Liga,27,2253.0,-0.9481552377670704,-0.19127556220540368,-0.08290495512074099,-0.20493249732504637,0.847733105261953,-0.1589625492549533,-0.7313440560507339,0.11513468437578234,0.07453055414469635,-0.3761983797878444,0.02009052905677395,-0.681436140833496,-0.46985669549716635,-0.2749147276171589,-0.21440339745343523,1.7153837700662602,2.8856486082079074,0.02091260156137378,0.7393481790311726,0.8788392959585516,0.665424035077411,-0.14742984138037238,0.7637027852881165,1.8165486423436576,0.3042588408357305,-0.11291992156855296,0.2841431089426513,-0.4418994436001047,0.1300206111480816
18925,Ignacio Cases Mora,Sporting Gijón,La Liga,24,2032.0,-0.1845582863659041,-0.432927712745789,0.21301363838018286,-0.35395342922931894,0.40149710495388924,-0.18925647381693633,-0.4101450385243078,0.01990923362378726,0.7769141955163351,-0.7965095903221582,-0.8412946854011707,-0.573152697461088,-0.4325689750947758,-0.43808607619539675,-0.35167844150066097,0.8986362365342998,0.4486773276024465,1.0089734746875798,0.323750871442253,-0.285483186872345,0.7812243347743163,-0.5108303734955245,-0.5316326876317927,1.2990085803219649,0.449625085791997,0.11219591815835922,-0.41335409483740365,-0.04168054281427075,0.13718937081240776
6581,Jonathan Rodríguez Menéndez,Sporting Gijón,La Liga,36,2937.0,0.5464628610200949,0.3064171748400937,1.0088328336289598,1.8943761313790037,-1.0858732241979345,-0.12690909488222757,-0.10867902121707203,-0.5911503232114065,-1.8781247544421091,0.5916312116303982,1.4714234312512382,2.9637637694064147,-0.41820238225387857,0.018383935869833126,0.0017404771734282785,-0.007243272583039202,-0.5971704590183551,0.7223216681066782,0.41541784400653214,1.242214252458033,0.08791785255530286,-0.9551015122422637,-0.9665954874184098,-0.27974723337907087,0.7726694737034666,0.867168064860439,-1.4002975429223206,0.7225913153723413,0.9326237857933759
6926,Alen Halilović,Sporting Gijón,La Liga,36,2428.0,1.0106761247788236,0.02123769294230053,0.45433820213287646,2.29402539916008,-0.3924027257468605,-0.13632453050301804,-0.006385613528355548,-0.707683337239565,0.12252166843668331,0.1762044183473711,1.1569558172489007,0.08247359850896747,-0.17643371502012944,-0.38286939797019665,-0.21527259869615323,-0.6070861393211494,-1.1141952630806489,-1.562930234357733,-0.9927238556553729,0.12654756314940874,0.19090364058816944,-0.9511699205136027,-1.0263545321624647,-1.2775029617746618,1.034948655330736,0.6477409905545242,1.3174328305249259,-0.07343836329698165,0.04387242054610886
23994,Alejandro Menéndez Díez,Sporting Gijón,La Liga,21,1092.0,0.31726789628050006,0.385272470726891,0.5653304613643917,0.6686718346531279,-0.7266882667927086,-0.6674190973919418,-0.27610009584502737,-0.7444099404229841,-1.647156823156322,0.40240214128461615,0.0473046223706927,1.2503048002521275,-0.4590250679007879,-0.024572368827123936,0.06846623665071966,0.3944496635509745,0.5058650999031101,0.20210172283022693,1.3736504721107505,-0.02858952086687892,-0.24586773950649052,-0.0775271169201845,-0.3342998967313748,-0.5229911738803183,-1.026689972922278,0.45449671727021534,-1.9433974983964781,1.5475644104371118,-1.1934504468545586
6602,Miguel Ángel Guerrero Martín,Sporting Gijón,La Liga,23,1122.0,0.5944359434722978,0.35535720502388607,-0.4808435007449126,0.33710022450445754,0.4722941626950721,-0.8804806218803207,1.2345828257150278,-1.4897833762031547,0.052802523388294394,0.35856719266209003,0.023545282590696378,-0.510148300923817,-0.12426204499825638,-1.4268207373776114,-0.8614527455697503,1.4302944244627576,-0.30665539142638526,1.0846177014242064,-0.5642376136063393,1.1722864257777204,-1.8284782270625186,-0.7824284566080937,0.17927335066587513,3.555237776175395,-0.10776079581331074,0.9899683322115459,0.31166815430116107,-0.09650744285289789,0.5991975015238304
5695,James David Rodríguez Rubio,Real Madrid,La Liga,26,1556.0,1.0784911054037938,2.0146239513853397,0.4638615495377065,0.8659300710529546,-0.4578202438536361,2.6223143755079095,0.9181159401261423,2.0565893191323563,0.749201560259012,3.844566836273217,4.147653613246002,2.447321436477839,1.9176061802535362,0.7745829215840324,-0.2821245417385636,0.5388749280921646,0.17673455442204858,0.266284703091607,0.26551965437520825,-0.3995695043840899,0.2494396746245903,-0.8891464349708538,-0.8479910906157325,-0.611116078682257,0.2414574277882782,0.7423020546225453,0.007782424004303012,0.2807100712488145,1.0687504105407302
27526,Rachid Aït-Atmane,Sporting Gijón,La Liga,18,1107.0,-0.6642038177872316,-0.7335584665654946,0.4738651406680667,-0.3321060098787345,-0.2230340829772635,-0.19592259647749352,-0.7814316413962382,-0.06194258062239095,0.0170595795651345,0.24541996394121693,0.03526398134397293,-0.36580044527667344,0.2339502273611839,8.982216052074283e-06,-0.11997664807152579,0.8820699880669988,1.40440953110826,0.7223216681066782,1.334050739613472,0.8246644412227043,2.870343420089278,-0.7381848223692634,-0.6200675931873454,1.3746731718073286,0.2889178254356425,0.07435329207375198,-0.15025767993521194,0.07297732138570438,0.49674703782358265
5456,Mateo Kovačić,Real Madrid,La Liga,25,1088.0,-0.32965666214345923,-0.7335584665654946,-0.36611887958052575,0.3247052059795337,-0.058683770363802304,1.926848214115222,-0.3839452542157129,1.5929312816961614,1.7651660346776068,1.0940354400194123,0.9424377485820551,-0.7758748670845971,0.9621810847676924,-0.5596480778563636,-0.6186393971838317,0.7709676011201904,1.1164584386708123,1.2092081925198277,-0.195023048888063,-0.26560451033620774,0.3604905104458037,-0.8148607172199013,-0.9419665712274145,0.2848712116880109,0.6085048225279618,0.2689986361483963,-0.6240917075230624,-0.3153907291751631,0.5024657006698608
6880,Arnaldo Antonio Sanabria Ayala,Sporting Gijón,La Liga,29,2298.0,0.8623958327984453,1.924760470604404,-1.0468492750470528,0.3854782453342987,-0.5816165832248151,-0.5363999115633037,1.1007108109509682,-1.325806100572152,-0.28234538691677785,-0.4579760382845182,-0.41903600651219114,-0.654192913874304,-0.14043946770965884,-1.3120563669019618,-0.7792287526628775,0.26083370445630255,-1.1971172284779927,-1.3511263994951777,-0.9612655567131211,2.143329655361153,-0.9340631208242003,-0.925419616469592,1.0657227018787916,0.3863842145124059,0.45078924251025815,0.964885392261273,-0.12382971055371125,-0.2906216289935575,0.713013261324958
6730,Rubén Iván Martínez Andrade,Levante UD,La Liga,15,1396.0,-1.1450324906279508,-0.7335584665654946,0.05053208756897675,-1.1361362630293526,-0.15455478605498763,-1.8474936770272736,-0.9674181758559358,-1.164190062984778,-2.3237159986864686,-1.2370249371978637,-0.8412946854011707,-0.9863303074839346,-0.8127012559390556,2.407266964874019,3.517222128769168,-2.1781679106197753,-1.807962289111341,0.0025763711481099436,-1.5488097861884091,-0.0038187813659491085,-0.22157638792979273,-1.0297628663873624,-1.275308169628122,-1.8048297784126985,-1.4304669736768778,-2.634111673446757,0.04148982549099374,-2.940412842554239,-1.8706872849219487
6647,Zouhair Feddal,Levante UD,La Liga,28,2606.0,-0.7705728622587108,-0.4991449240629463,-1.2889861773963691,-0.916572799260588,2.2422206062246532,-0.7853266351932157,-0.5855605578104209,-0.23022348360096198,-0.049208776408823394,-0.9507857504328875,-0.46894225098564024,-0.9863303074839346,-0.6644992615653843,1.1037841893102949,0.7560909579644919,-1.0684500233369658,-0.4433822411515949,-0.28095965492647773,2.45471405192671,-0.751345818166291,-0.7450767923932441,2.3581493752840275,1.0673780394443366,0.02107832663947488,-0.8635113222656033,-1.1265010152279435,-0.903817550981412,-0.3476541696528361,-0.5641450335779261
26023,Juan Francisco García García,Levante UD,La Liga,20,1562.0,-0.9746492189139059,-0.7335584665654946,0.8390225642400271,-0.28140371798671404,-0.496951270666365,-0.5368347836508941,-0.8795448964505218,0.12523413735304698,-1.2085472804303448,-0.854981751175058,-0.2200716098013792,0.2841271184692161,-0.07093224696763109,1.4303426051149317,0.7048358423723212,-0.9174361002452943,0.2290221870903123,0.6485509825895345,1.2015209306488286,0.70277101806705,-0.26165669390112223,0.48647056312494563,-0.4239568572807748,-0.37638789114924703,-0.300667784744797,-0.5115062863502998,-1.810422272633513,0.2258704718118012,-1.0697770014319867
6668,José Luis Morales Nogales,Levante UD,La Liga,35,2743.0,1.1835595946859805,0.8253813228371657,0.34763281489714554,2.780857431314096,-0.514780200042579,-0.0453901997704062,0.514998922039063,-0.702390656746729,-0.9080894243898868,1.5367924420355268,0.5737260132308009,1.9353405530362182,-0.2495012598212456,-0.4932343645172731,-0.3106158695915504,0.3772367218782402,-0.613886016739481,-1.1695802553272734,0.37534742361410023,0.7519063514321196,0.518368306784161,-0.8495867651298097,-0.8125430195333738,-0.8479256569888878,0.019107695311398804,0.8597899204659748,-0.07612338585442667,0.9155783284164131,1.7882447198201894
6784,Antonio García Aranda,Levante UD,La Liga,27,2463.0,-0.7488320068560306,-0.7335584665654946,1.6492960202130083,0.49004185555359675,-0.3143398122069638,0.1010259513746034,-0.5842881802347867,0.5294696239169627,-0.31181157460333586,0.03497877655772657,-0.053352790080931155,1.8646302774683057,-0.34228177075295546,-0.17623312608265734,-0.30295187788112954,-0.5064057942238941,-0.25017097979336084,0.24515128276164047,1.4911184240277693,-0.8212298135184051,0.4300187430749134,0.0837283469887987,-0.09731171307929562,0.7908892581841823,0.4470767682234847,0.16904417076827313,-2.090479518853285,1.344943506785223,-1.203605423552961
24149,José Antonio García Rabasco,Levante UD,La Liga,29,2204.0,-0.13876105075598325,-0.45638891494950445,1.1218408990348905,-0.5880688429322256,0.4257171510232412,0.5290101744586518,-0.7650185828878847,0.9777772093865014,0.23684225443219006,1.5382483975653543,0.4795090043722519,0.29499065572171207,0.2386990997899509,1.233268058265812,0.18258783460658234,0.6272815786255183,-0.024649467814057184,2.3705695559468625,0.3446898729999758,0.42313316494525377,0.34299614365019165,-0.43190829919867085,-0.7267968885331889,0.5402669901348087,0.012467579413554438,-0.03542228986914024,0.3152736701565762,0.30837118315659157,0.6072839682482357
5678,Jefferson Andrés Lerma Solís,Levante UD,La Liga,33,2766.0,0.041654759967555,-0.5127046372951977,0.979537066082998,-0.35465473560235744,-0.6339098645109161,-0.40154359434965337,-0.5208084282488097,-0.22014610749539198,-0.11891153921430932,0.05744676902257571,-0.1396674662494173,0.03464995387009485,0.30433243122736064,-0.3152367864817163,-0.17958236265109762,0.18173354921351795,0.08667326554723419,0.15797592390052775,0.803105085457986,0.025074250333723385,0.60340504766289,-0.10652997148005777,0.38553480991861905,0.5869760923561121,-0.4471036801601695,0.1602468674814735,0.7541021472659606,0.6349992844458754,0.6175037101202213
27250,Nabil Ghilas,Levante UD,La Liga,20,1059.0,0.6141466339436887,-0.7335584665654946,-0.3644382671262583,1.0851152639365298,-0.7116431204767422,-0.8114522113050447,1.154962156827567,-1.65584336440896,-1.5111927371013536,0.030860593753175843,0.07499468578567908,-0.48182019288482986,-0.8127012559390556,-1.4284821394926115,-0.8796059988280225,0.006477841417241928,-1.4544912285295508,3.732165637206146,-0.6215702708073726,0.04251497597391948,-1.5558365832254053,-0.6812234071504593,1.2361380057950253,0.9336910343896848,-0.41948043754104897,1.005744216087359,-0.3231269219750113,0.17718881460783723,0.7146769703859229
23791,Víctor Casadesús Castaño,Levante UD,La Liga,23,1013.0,-0.09413941889117662,1.0755679651076822,-0.14517950980131572,0.05630262531622286,1.0312183027570452,-0.3112847470688689,0.11655467651331795,-0.5910765679662036,-0.8570515473432585,0.3829814848761366,0.1166030876362175,-0.4589105529326495,0.7123309151874533,-1.160930968375268,-0.6809960009772652,-0.43809186951061246,-0.8841571233756162,-1.9865379040828428,-0.5794646264761508,0.04251497597391948,-0.5806231867036307,-0.7523629210663709,1.7082033395851883,1.0621053122193556,0.14581996291083862,0.8348320252411326,-0.08085631072751027,-0.06311137132608885,1.0823181620547961
10763,Asier Riesgo Unamuno,Eibar,La Liga,34,3159.0,-1.1450324906279508,-0.7335584665654946,0.05053208756897675,-1.1361362630293526,-0.15455478605498763,-1.5907446089292303,-0.9619869451487794,-0.8875468545224389,-3.232119071906093,-1.189798642755982,-0.8412946854011707,-0.9863303074839346,-0.8127012559390556,3.709195426610624,4.317152913411604,-2.1650899708817977,-1.807962289111341,0.0025763711481099436,-1.5488097861884091,-0.0038187813659491085,0.9954469599369884,-0.9767803597790923,-1.275308169628122,-1.8547144266271762,-1.174425242463336,-2.5601536690854334,0.06872295258758913,-2.7917608048788654,-1.7815689352460264
6699,Ander Capa Rodríguez,Eibar,La Liga,36,3223.0,-0.7046334083363581,-0.3544820211657788,0.8755883424989526,0.027678016568766207,-0.19517809778854095,-0.12663641228276631,-0.7438361628977919,0.6193890470211202,-1.4626428162828913,-0.49640879501030843,0.36298759084688986,0.8371379906746043,-0.45320910824641975,0.6472799898655466,0.019849131740955716,-0.1870668018558394,1.269802249714928,-0.40400359077016706,2.526131697148986,-0.5017334624617267,0.7890631943709838,0.1748894549452669,-0.450107580185642,0.3900233067803012,-0.46741402230415824,0.10159893883449934,2.16958714654104,1.1151367261974254,-1.649809211611032
6837,Mauro Javier Dos Santos,Eibar,La Liga,31,2773.0,-0.7931241633541536,-0.7335584665654946,-1.0269747757695806,-0.8839422392125714,-0.8953762709414228,-1.444437430246403,-0.6085573923627473,-0.7790266896098779,-0.9305164963534037,-1.1294246024399082,-0.4913666493078159,-0.8487082861144916,-0.5341477778735755,0.5555863585653354,0.6869231577074816,-0.812482948620178,-0.053098931365396757,0.4329135941548061,0.9742229791805733,-0.29803814047411603,-0.5971705513328098,1.5707525152980317,1.340455689441261,-0.27426220528484885,-0.8644660982523957,-0.8672882714524647,0.9544395897973809,-0.5205313539094027,-0.712299125674985
27239,Aleksandar Pantić,Eibar,La Liga,20,1734.0,-0.6334241276572894,-0.7335584665654946,-1.50894543715967,-1.0261434935980953,0.3248002924009402,-1.7266666636449877,-0.7002636425771056,-1.0989818982530046,-1.3179852968195325,-1.1509881066661996,-0.8412946854011707,-0.9863303074839346,-0.8127012559390556,-0.025998999612737595,0.4363522460569302,-1.177501884924619,-0.40478002526200324,-1.400004207540383,1.6365707721653464,-0.799678286607096,-0.7525552270971918,1.8309366880754778,1.339135739397036,0.048747352090403435,-1.445063987589651,-0.970647538527576,-0.21380157621190132,-0.4322172252761043,0.10450882710851808
6776,David Juncà Reñé,Eibar,La Liga,31,2426.0,-0.8159244892874667,-0.7335584665654946,0.9476306323415541,0.01692891099197297,-0.37244345808041,-0.2606670265537134,-0.6350228268107446,0.37973213696586194,-0.9325621857557077,-0.2530983806148091,0.7586236065804863,1.3103463754340368,-0.33510719492777585,0.446186387482578,0.09314077374213477,-0.1516748420953307,0.8922448132101859,-0.21646299844577482,1.1327221738173328,-0.2539773599094109,-0.7935527897673502,-0.08341030208616675,-0.6524109810804959,0.31749084274536504,0.0890311413112375,0.1417701543802007,-2.095246088959132,0.8207609056488072,-1.442726017840839
6712,Gonzalo Escalante,Eibar,La Liga,34,2893.0,-0.4090804120456125,-0.10008280970931512,-0.10864724225769404,0.24833546392184144,-0.04042262451786224,-0.3788344358183558,-0.4514550134155911,-0.15717344066167188,-0.24056411898105604,-0.5150650001129419,-0.5058814658758085,-0.5378242784914067,-0.14520316168086614,-0.29706131453918505,-0.28182386275569404,1.6013792763860473,2.009048657347494,0.6628049794521684,1.590839879485213,0.6171161801738873,1.3706540389940807,-0.28779616724216955,0.14547445602448525,2.6777943158893858,-0.24061169414239703,0.16895794062639458,0.7101574079237799,0.042488136829147295,0.012191609954817237
6775,Daniel García Carrillo,Eibar,La Liga,35,3141.0,-0.5801621299841259,-0.7335584665654946,1.4928711283351492,-0.5491579754754732,0.060328524976980116,0.08798497207370287,-0.9018699129947816,0.5966391563848407,0.014828939122664182,-0.5720678859445433,-0.8412946854011707,-0.7190342541358211,-0.5667831423842717,1.2867425014222174,0.36479096818755674,0.2726529853199191,1.0224226241193968,0.22068100659009968,0.9130908325507111,0.9375287219223852,1.267557073878084,-0.2918771116169798,0.11027218972228858,0.6880161616574672,0.15876492172975715,-0.1199725798820051,-0.2320507890833719,-0.7347064235107738,0.08642593747526804
6742,Sergio Gontán Gallardo,Eibar,La Liga,29,2361.0,0.20764181899003165,0.04265715193722764,0.3284397086491294,1.0719185018854602,-0.7040593881873934,0.22288033200802104,0.6313097855415909,-0.5403283046576691,-1.1867814637649496,1.1641350955816432,0.3916791952683015,2.375727294106614,0.49594557959771146,-0.5149273040642893,-0.3604194468664702,1.8989088832469119,1.4818562000836606,0.7464971216737419,-0.197125498995405,-0.31300750823007417,1.6617820181602823,-0.9100906596536137,-0.7632713786356474,0.7483380436012819,1.5498146296300064,0.9850425888647374,1.6243052775331115,0.5973462149819002,-0.5057225583429306
6557,Adrián González Morales,Eibar,La Liga,32,2282.0,0.6820953956727921,0.6049202620971755,-0.030510454618707276,-0.32820514944182627,-1.1297944284308423,-0.3415376943857951,-0.11782565532942325,-0.13009710644232245,-0.4617327446408899,-0.12563418767446483,-0.8412946854011707,-0.01637850271035863,0.03351784427520472,-0.3761624626239834,-0.3358838138639272,0.12103361317447282,-0.4136723014570978,0.08789377265924138,-0.09654425905815144,0.6245184501152715,0.24586616837294503,-0.5908216432909008,0.949695873684577,0.6757778532199157,-0.7265716641333735,0.4300390984256486,-0.9794221266080572,0.13769636489362216,-0.3478142440731373
5687,Takashi Inui,Eibar,La Liga,27,1670.0,0.7673411890175917,0.36383379408416266,0.3298371931992,0.5769846548790324,0.06914425055777874,-0.4353308541505487,0.7174861833301501,-0.8817298691528633,-0.7636930427185478,0.5496560704896294,0.9018498249345326,1.0246323357889382,0.1123631688221143,-0.7405359984216419,-0.4496896632797839,0.5430615980927153,-0.07082135380601401,-0.5722348777425559,-0.0788297760259574,0.5971300513321487,-0.8476585363028388,-1.0082083801376263,-0.91335641407925,-0.10094992320897965,-0.1281806948494162,1.1225784037416005,-1.2525140205783047,0.22658474623687933,0.8226749056260765
6566,Borja González Tomás,Eibar,La Liga,36,2642.0,2.0112928966077006,2.734732743284861,-0.9617173516837247,-0.5104847342583704,-0.19142825362852106,-0.8780111880614548,1.9159362771852262,-1.5030182164859403,-0.6578534421637146,-0.333540521501236,0.2605415493681796,-0.5818820021391565,-0.5203360800588225,-1.437802976705858,-0.9270678713348535,0.6938456661379298,-1.0995484867719851,-0.080303390319847,-1.1771418653751928,-1.8062019418868456,-1.417375884447465,-0.8753758821173654,0.8295467782344332,0.04221034462236093,-0.12045655463622032,1.2091136499168171,0.0012251126929834965,-0.30562989538671065,0.8363257865661177
6659,Víctor Camarasa Ferrando,Levante UD,La Liga,34,2189.0,-0.010285608994714153,-0.17542078565033487,0.5908886333119902,0.2579429489856328,-0.5140710948969338,0.4642244366039229,-0.18362384950111188,0.20397933450830283,0.9994233158647634,-0.010263148913577762,0.4885597377421018,-0.5330515273699965,-0.8127012559390556,-0.36849792314386665,-0.4121923357896612,0.7282891891380152,0.030321366177943107,0.8506483489597563,0.24551939935479358,1.4290526643694932,0.8117740158655681,-0.4275916941973469,-0.06031433693140551,0.5569491396281845,0.022868354829147414,0.3255621030945864,-0.29130694251942285,0.11595704597534501,0.46858711010477244
23943,Rubén García Santos,Levante UD,La Liga,22,1076.0,0.17411829210978433,-0.1658245522888752,0.7854495341870485,1.8181304995759793,-0.2887742080226474,0.12079982551554522,0.356050595263292,-0.26396382999884604,-0.9868128758158625,1.6746341213337523,-0.8412946854011707,0.7870240849764077,0.2641046845938119,-0.4184762660014237,-0.3752075260136315,1.3029949034997523,0.6272430752871809,-0.6930216268865244,-0.06585132798084274,1.1090824285858996,0.40163346504250363,-0.645613841639439,-0.6573663713537,1.2369155913146477,1.3121713357864344,0.9125198050147678,-0.363526294118887,0.5024612209785114,1.4207420116486542
24070,Saúl Berjón Pérez,Eibar,La Liga,29,1450.0,0.9351318298753808,-0.31226074810918986,0.32707558402836967,1.4945873534368568,-1.8802330684963295,0.2448343036432585,0.42882763163443466,0.005325537347279899,-2.0767220205826593,2.261173256474407,1.8355341258729672,1.8034863626740898,0.7854272847690341,0.7266599186114385,0.1121539928455055,-0.0982613939605919,0.32182273746655815,-1.7554791751418743,-0.025099472206226468,0.7614604440308835,0.466363826534798,-0.8147471612941516,-0.3581973076373935,0.6014121114685753,-0.6401949456154554,0.9946206788107335,-0.7963790133083825,0.4437906969722051,1.5703481308968468
6700,Sergio Enrich Ametller,Eibar,La Liga,38,2498.0,0.41756445337563514,1.4673763716469888,-0.9117910598838215,-0.01630595391176409,-0.6339098645109161,-0.1665490759942819,1.9379141103941446,-0.8501371426267736,-0.8322761875191986,0.01715646671727583,1.877861883297038,-0.43634907652841975,-0.03965402347750952,-1.368744123476036,-0.9471695052742689,0.980688543248858,0.21501570032323106,-0.15090466860736548,-1.1065800113136763,0.3506344622840467,-0.7111251819696797,-0.739124187958467,3.394854773965032,1.2028401883494273,1.005612697517262,1.060013250022628,0.15737974777540137,-0.18926652260315072,0.6412468412631187
25134,Deyverson Brum Silva Acosta,Levante UD,La Liga,33,2228.0,1.7218113558783832,1.734096482202361,-0.7594311079365899,0.09086566311268934,-1.2358906607113842,-0.629561340168234,1.5430243932974361,-1.2213238776265698,-2.2011435749126274,0.1021838971100864,-0.4057693514304015,-0.30118512748848475,-0.29266391661528335,-1.2307425950937776,-0.6998096890690618,0.7639459040063779,-0.37987891755524444,-0.19243483230590522,-0.3368020309512352,0.4626779118513657,-0.45203300363899745,-0.498998895564704,3.906547820830754,1.0741026461706837,2.060638722058661,0.9519997430681946,-0.21678245965665854,0.1544170227511148,0.781155839547378
26753,Javier Varas Herrera,Las Palmas,La Liga,31,2803.0,-1.1450324906279508,-0.7335584665654946,0.05053208756897675,-1.0680922165813325,2.2422206062246532,-0.8644218498076925,-0.9674181758559358,-0.23485246900422208,-1.478301043186773,-1.2370249371978637,-0.8412946854011707,-0.9863303074839346,-0.8127012559390556,3.392059235775068,2.6381392782603905,-2.1437770815763812,-1.807962289111341,0.0025763711481099436,-1.5488097861884091,-0.0038187813659491085,0.7362708468573333,-1.029888767879591,-1.275308169628122,-1.805180557597873,-1.2069866650963395,-2.554296216733734,0.023224101927631892,-2.8924801005106002,-1.648818775801332
8440,Aythami Artiles Oliva,Las Palmas,La Liga,31,2730.0,-0.8525724132462605,-0.7335584665654946,-2.133374891440588,-0.9964091844990961,-0.6339098645109161,0.3658980703354725,-0.5337731983945477,0.8047163761206119,0.9586711464375558,-1.0184346600668666,-0.48585496229242603,-0.958372368637234,-0.6712307807237488,0.8063632452120947,0.24175296664346937,-1.002834783596668,-0.16257392358995343,0.5551081142678183,0.6542756392986498,-0.6554699828102466,-1.1469919482062612,2.235619569271614,1.4037977367367351,-0.43157627263244086,-0.8543715545295879,-1.0227448865795388,0.46939274821708127,-0.7244064890952847,0.05478610619490835
7907,Pedro Bigas Rigo,Las Palmas,La Liga,27,2433.0,-0.5980972863177616,0.019686529441462666,-1.224953341889145,-0.5873930507989369,0.8726346677791439,0.11545488854790346,-0.6500829513693681,0.3778293546465393,1.0146102877071357,-0.9304325324672725,-0.8412946854011707,-0.860847080107867,-0.8127012559390556,0.3119752867117695,0.09193811855030233,-0.8027588920361387,0.15367134333439444,-0.005549095662474858,2.1339946330245887,0.2831014241886763,-1.27980089609108,1.9570531989246365,0.5134743658094609,-0.6120389815077206,-0.3022632475654219,-1.0295857367709167,-1.159163315571259,-0.45270842152183344,-1.0102506105282283
7906,David Simón Rodríguez Santana,Las Palmas,La Liga,27,2343.0,-0.6906770993904978,-0.4728321790018407,-0.6885150223272859,0.11204459639799251,-1.009057317215556,0.45161525993606777,-0.16191311463964034,0.8730603676585047,0.40539661588867243,-0.027221514792312086,-0.012997251268115746,0.577309601381481,-0.8127012559390556,-0.6094946442726238,-0.4986299436449132,0.061173906409022684,0.14914044292554188,1.2034872005817634,0.17996952153785425,-1.8902345290623352,-0.040611332376278106,-0.18255461785968743,0.06621511043436447,0.7153822642791494,-0.38990367078113114,0.30914678534058826,2.1245411565586574,0.9159346888492809,-1.4984772454387492
6932,Dani Castellano Betancor,Las Palmas,La Liga,27,2319.0,-0.8389940597901322,-0.7335584665654946,0.38871958984362315,0.45394463494972037,0.4570361761129209,0.578440840196212,-0.5235046492347949,0.8342161616809964,0.6173131484654791,-0.529363658387617,-0.8412946854011707,-0.13059313657456803,-0.6461577469533776,-0.5760786704335931,-0.5208146037527501,-0.46198016277926246,0.5325831489066306,-0.5404289626074666,2.4208969036099317,0.2520362266648061,-0.3974151484728172,0.29005337544943494,-0.10235972506159567,-0.33377533688600514,0.7486331028713189,-0.06416032053634492,-1.9955445075259972,0.28982200129507685,-1.4346875611022576
15805,Hernán Daniel Santana Trujillo,Las Palmas,La Liga,18,967.0,-0.31936960412121435,-0.10182972637765347,0.16762353045080877,-0.34719122810153386,-0.6339098645109161,0.603099712982632,-0.7012766380497244,0.7331506556051798,1.0964016887155756,-1.0827458636281577,-0.8412946854011707,-0.9074004491059686,-0.013912430007745884,-0.5993142596369498,-0.44117067256611664,0.24280622846541827,0.22431354239807677,2.3705695559468625,1.6244924591209164,0.4492326979032881,1.1568510526784246,-0.5523815379672808,0.4124275757388527,0.8156179281568541,0.3324732846401949,-0.34763075114590364,0.28907058745769926,-0.3174305046384072,0.19131710204119431
3610,Roque Mesa Quevedo,Las Palmas,La Liga,34,2883.0,-0.12958837873384113,-0.5216674878066875,1.1976630229180596,0.3413455229556877,-0.16170933946477772,1.967133009508498,-0.6162984358522873,1.6521893172144386,1.3949839837854765,-0.5125608033141734,-0.16814141166764746,-0.7480623375000851,-0.14288787172506268,-0.06404298207155379,-0.3999960398925761,0.1241754824609089,-0.18497471906227927,2.0165545748194487,0.5799333780253387,1.0408221116187326,2.0157028209659877,-0.5802700480302758,-0.7092171305126643,0.2265919913988439,0.8515987187150033,-0.06738460618835981,0.2949567559467234,-0.3194801347833023,-0.13368846433450837
6626,Mubarak Wakaso,Las Palmas,La Liga,20,971.0,0.590853104267148,-0.10443211047729457,1.6544766099472075,1.2864233322918315,-0.2452435846817852,0.8562610575967862,-0.34897942906216817,0.272101043605932,0.5017297396136602,-0.00787672593602503,-0.8412946854011707,0.3499497562394261,-0.4149521340669772,-0.14006628519738337,-0.1517080778789766,0.6583038801300674,0.8905763021273915,0.6685744543727592,0.4737373750649745,-1.8062019418868456,1.6050782135900357,-0.46223214459938666,-0.2792885086326674,2.346551761274478,2.1551571015640953,0.3256659048334532,-0.8606592787877654,0.35899602233897954,0.7013207908822883
10755,Jonathan Viera Ramos,Las Palmas,La Liga,36,3196.0,1.297625310448994,0.41327825138502317,0.5418274780620018,1.5692178106415724,-0.4647257191735296,1.752771837370336,0.36393349353360105,0.9381969943780597,0.4859355909184425,1.7971462671900804,1.8912315964454731,0.37491339212029196,1.6041598037467297,-0.3679806112322438,-0.5549257473290131,0.6398171131083776,-0.343921874702253,1.6353076720668502,-0.39665086082641243,0.8436256403802506,0.05411621871210301,-0.8516455889121806,-0.7457442118851539,-0.6448395716637848,1.634768118968156,0.7241533185245684,-0.8798680173081604,-0.16819020705748536,0.6034133217221381
8167,Sergio Ezequiel Araújo,Las Palmas,La Liga,30,1893.0,1.7136501815780047,0.879969509561401,-0.23192786813572008,0.6102676873276839,-0.6339098645109161,-0.4372389721352322,1.3437813698367789,-1.2907707604340986,-0.2913922575831255,0.023939577472231743,0.6965031657666183,-0.7444121678595508,0.41143312548024186,-1.2895575210838743,-0.9158353444843983,-0.1412425263908609,-0.6709450383730077,1.2457727931674545,-1.0949253086712654,-0.353638649281959,-0.6269420357870669,-0.6359831398872168,0.5767069937349928,0.940226738328181,-0.1799659959460474,1.03038141977493,-0.42103629811151405,-0.12526510368216462,0.367823819893885
6823,Sergio Rico González,Sevilla,La Liga,34,3166.0,-1.1450324906279508,-0.7335584665654946,0.05053208756897675,-1.1361362630293526,-0.15455478605498763,-1.4921113681296467,-0.9674181758559358,-0.9891218851254373,-1.0013967494079563,-1.2370249371978637,-0.8412946854011707,-0.9863303074839346,-0.8127012559390556,1.793906940048277,2.561446308696728,-2.1607692112589536,-1.807962289111341,0.0025763711481099436,-1.4712713586150898,-0.881843482956463,-0.05696631530021786,-1.047698785884514,-1.275308169628122,-1.8942146925984813,-1.2411959847278762,-2.705093229256766,0.09964997151246957,-3.1636824273741793,-1.9047215138667237
6672,Jorge Andújar Moreno,Sevilla,La Liga,21,1794.0,0.43736019858699116,-0.39304470304172545,-0.8426372336000427,0.06875666052865682,-0.4647257191735296,-0.2331805360661276,0.2471703085901072,0.07844427611678498,-0.3051540870186171,-0.6549095252729252,-0.30040815023568923,0.4601891371931926,-0.597420098002719,-0.26450399319291235,-0.22184920537686686,-0.07489403710762767,0.4350716693213475,-0.7009378831729158,0.7090106809256576,-0.09753933598522926,-0.9108850331121565,-0.18808454410480646,0.20720102756982256,0.5402038732417355,0.35934947936675,0.3141499518035103,1.7736358229105385,1.351015595911518,-0.29255103735184657
10476,Timothée Kolodziejczak,Sevilla,La Liga,29,2465.0,-0.8931094760341216,-0.7335584665654946,-1.4386534425043591,-0.9298049989927871,0.0851227531729763,-0.17412517275544656,-0.5637179922345924,0.27292615514172974,0.8044131095098833,-0.994935096805319,-0.8412946854011707,-0.7386218351058637,-0.02930491245469811,0.5250445204553085,0.2934631311641464,-1.0720129541370507,-0.25143490783337547,-1.149654459016162,0.7417351302553947,0.24346246704574184,-0.7548725637010554,0.5551915269486007,0.14694931688156365,-0.2743352254555643,-1.081255530245183,-1.0840765671155332,-1.2175589536672806,-0.20725362258142171,-0.7370957395388197
27483,Benoît Trémoulinas,Sevilla,La Liga,24,2227.0,-0.6271754758958157,-0.7335584665654946,-0.4795349453319178,-0.25115627081145003,-1.097801875919879,-0.093361462440078,-0.39730722952045083,0.40683766227646473,-0.21562321612049581,-0.16517678889499413,0.4658680143117277,1.686935744611469,-0.2924304018692913,-0.079742686078414,-0.19974935867048382,-1.120757464710717,-0.547322909375882,-0.080303390319847,-0.11579379963129982,-0.31300750823007417,-0.8867897507280913,-0.01609013187577603,-0.48818093472772334,-1.2218410588130149,-0.09709215878718841,0.24162819638859315,-2.166971881210686,1.684459254251087,-1.7626716650109078
3637,Grzegorz Krychowiak,Sevilla,La Liga,26,2344.0,-0.31240297567040853,-0.7335584665654946,-0.7680796185951677,-0.7021716163995455,0.8041553708568687,0.09732195617274675,-0.39648553562353245,0.35788402977197065,0.939867576541698,-0.9187914386016487,-0.8412946854011707,-0.7909587041098054,-0.4831667872208063,0.128807482291024,-0.005081652948038177,-0.05140701601194461,1.0665536480943254,0.15797592390052775,2.3261929795085994,0.017532314921746825,0.39988803381516347,0.5431305699201826,1.2260811171193955,0.8739720354622476,1.2597800534562666,-0.46813293121399874,-0.07075012219639752,0.22243376665266648,0.19346367299084385
7154,Sebastián Carlos Cristóforo Pepe,Sevilla,La Liga,21,1485.0,-0.9658145307509555,-0.7335584665654946,1.3966200112443903,-0.32270825367307787,0.7284677268901429,0.45604223883906425,-0.8865422131439159,0.5045553148501734,1.2864431055289745,-0.9356353126687614,-0.18786004291842665,-0.780740615762741,-0.5526242206947537,-0.4260406823107959,-0.36571913423440594,1.9206961839849344,2.3512138570677217,1.132754936620242,1.0135089049264099,0.9072374052958903,0.8128693690668712,-0.5491379392499973,-0.6240387481960774,2.559260749002664,2.36649369789674,-0.37640052703116755,-0.016389840950718,-0.08143995014217734,0.4175684599910697
3497,Vicente Iborra De La Fuente,Sevilla,La Liga,29,1778.0,0.45159995282064647,1.6714875639921534,-1.3785321276294673,-0.7428100380327644,-0.37244345808041,-0.7420881840661538,1.705562933076722,-0.700490026778592,-0.8218662891885512,-0.3140404008868612,0.2502131257201733,-0.4282722368037261,-0.16104591734886178,-0.9238327962344767,-0.5203827898431758,-0.07145745618073597,-0.33423845778805095,-0.012223586256883086,-0.3061888889588453,-0.47101750120962615,-1.4352919436957852,-0.35654631847121393,2.940269419745357,1.614821871050361,0.14094445441926529,0.43264674898082,-0.0797381773740029,0.9445118905632158,0.2910259395199591
6356,Michael Krohn-Dehli,Sevilla,La Liga,27,1736.0,0.13251489040765813,-0.3816680911267606,-0.15493678464487567,0.18225633278032607,-0.7936948906628922,0.32367449943230125,0.18891774756406998,0.2699550801987358,0.647565022686935,1.4270440653361658,0.8355782018457322,0.20075475725702988,0.2996673999877542,0.002027392272383111,-0.15142031480783993,-0.06015187647682659,-0.4603029675527449,1.4446842206905504,-0.13471611281784815,0.22738666775999614,-0.5317719610697668,-0.8296570020151498,-0.9271172527118684,0.262144873127662,-0.3611950058322298,0.5711932246909264,-0.3404816325091613,0.6185493726007796,0.9711710230659113
3486,Fernando Llorente Torres,Sevilla,"La Liga, Serie A",24,1205.0,1.1372078366023337,1.29426457662668,-1.6699117850855232,-0.08093591894193808,-0.6339098645109161,-0.5484588781094037,3.3325750662850946,-0.9627365322571575,-1.3069393901610815,0.496278048683198,1.574515548840011,-0.4796071668931089,-0.1716815093203199,-1.3432362101559676,-0.9488848820805038,0.15320004871172554,-0.8760307044903063,1.3493724950024004,-0.6320546180248553,-0.47101750120962615,-1.8243602658180997,-0.6158386437853369,5.045180494487538,2.0407985254325625,-0.8113118114365322,1.1810847399732296,-0.05571708367823142,0.260210047794989,-0.1027921775274597
7788,Ciro Immobile,Torino,"La Liga, Serie A",22,1370.0,2.1574181641857333,1.4959367588419605,-0.6744248957227932,0.6736863709264158,-0.8551506699521139,-0.42871998106035336,2.7896455768244497,-1.5005895356948957,-1.1181244295872388,0.9409000867715623,0.5752753059665299,0.8521592623695493,0.8787486594089228,-1.1428884562792487,-0.563681693130543,0.4152161772454398,-1.05657827730162,1.132754936620242,-1.369622441883935,2.815590352765067,-0.4933912927989744,-0.7676272542356752,-0.4811278943143193,1.0203859544871323,0.40230907660347626,1.2032578321378429,-0.3420080992303305,0.39024371508058087,0.5095983234628844
6401,Kevin Gameiro,Sevilla,La Liga,31,2152.0,1.8642802324925078,2.6728450190942232,-1.082410018644681,0.31145445064725985,-1.0447856460445692,-1.0656051939809055,3.0827151719065196,-1.774944663095603,-0.3544642254177612,0.21880459206794436,0.5114243351660345,-0.2769885504997977,-0.2742982856726219,-1.4725906834396514,-0.9468927950503534,-0.07923150798888365,-1.1121893278546202,1.3493724950024004,-0.807330557084626,1.6779184033122885,-1.0423515220933057,-0.8329177979780338,-0.3764837357744171,-1.02445628040039,-0.38805841198530533,1.4190691880585724,0.12095141103159099,0.302433753707058,0.5865402703731665
23816,José Antonio Reyes Calderón,Sevilla,La Liga,24,1220.0,0.5274236349454849,-0.23283576840021433,-0.009243245228932613,0.8440942187642013,-1.0880357283112696,0.4925547020984621,0.7764342566723259,0.1769959858942071,-1.4940760189620295,2.5538142336210514,-0.04592546893651996,2.141750555282177,1.403282991081042,0.22821257394966746,-0.22141629443859198,1.2984630136260191,-0.5806644099109619,0.15797592390052775,-0.2408890476381296,2.246754378038679,0.8103680133137321,-0.7681631697210842,-0.23484521330853636,0.8673395578035893,2.179248689123142,0.9646430193148351,0.651405147918563,0.6323795947362614,1.1696804738558417
6841,Víctor Machín Pérez,Sevilla,La Liga,28,2117.0,-0.13931243236687157,-0.15643830429658345,-0.5056477417101862,1.3264132409686975,-0.7040593881873934,-0.007718982391487397,1.180278242677545,-0.5683514167634348,-0.28787825366417075,1.088529865203122,0.9921497058824849,0.5639684365945747,0.2819073335870332,-1.1747952929330192,-0.7655150507005077,1.0352987161070546,0.4906848960702852,0.6162053743243254,-0.3892128957910098,-0.1423567158121572,0.5550469227767005,-0.7656661124003122,-0.618597402947339,1.6423372262494969,1.951326466286927,0.8328670358593149,0.6777829533349152,1.0262057366185438,0.9259857887182431
6608,Nabil El Zhar,Las Palmas,La Liga,30,1760.0,0.26630894340338757,-0.03937472592726484,0.02671578909577316,1.5369380177170897,-1.1780426562716997,-0.13732488477022953,0.2511370658988295,-0.7436349344041299,0.33415604131867277,-0.05030329061452316,1.3640472329780904,0.4881332628290009,-0.15438126047691625,-1.2113297783820087,-0.7239732950494746,-0.28464571080733375,-0.31916628224042626,-1.033420647201345,-0.014518150581350217,-1.2179738316584208,-0.27564472068511636,-0.8582700506541667,-0.4853895940240209,0.1618414812067644,0.6329626729103471,0.7921295220210498,1.2120443190131167,0.5060255783252338,0.5709358133173921
6929,José Vicente Gómez Umpiérrez,Las Palmas,La Liga,21,1515.0,-0.7351379487310605,-0.33033622777893185,1.277297308169985,0.03886240395115463,-0.2230340829772635,1.3955706087315651,-0.4577966569280023,1.42450195329183,1.4643198796465982,-0.6461819108932869,-0.20079934276957007,-0.633672742229511,-0.5577742609966211,-0.3821679690341612,-0.5015068384960805,0.08519615900301719,0.7863753070201535,-0.5795552867815834,0.07156421841310516,-0.1423567158121572,0.13261381974937972,-0.17498431878206785,0.48021757279637434,0.49433901426437804,1.5997915307418793,-0.20480887512228613,-0.41895553167375404,-0.4908225328078158,0.023969356765653198
23800,Laureano Sanabria Ruiz,RC Deportivo La Coruña,La Liga,23,1603.0,-1.0896907001481548,-0.7335584665654946,-0.6083982859908468,-0.34292577355628046,-0.6339098645109161,-0.4342970913275824,-0.8068699119391508,0.20786601409727198,-0.06943380135070479,-0.4924816351796197,-0.8412946854011707,0.29924653118750294,-0.8127012559390556,-0.47467749660262637,-0.30712741209062466,-0.2710077978386851,0.9358485496811474,0.8930929571335983,1.6671726814595749,-0.881843482956463,-0.17855784113199616,0.5306866823851013,-0.21948383466459967,0.20752965268568985,-0.5923405388853907,0.051074947789855156,1.8254114686081082,1.074502156911273,0.04537288192595202
6869,Alejandro Arribas Garrido,RC Deportivo La Coruña,La Liga,31,2821.0,-0.7676646488451248,-0.300462619871668,-1.8901425438873276,-0.865696756196598,-0.15455478605498763,-0.89827745079543,-0.6146634957330674,-0.43483610763835395,-0.1746053817084549,-1.0254859593291568,-0.8412946854011707,-0.9592742376322887,-0.5388874329416872,0.47468468565593297,0.4393624160126653,-0.747851118908144,0.11608055766770048,0.7742155296428761,1.7579938807704414,-0.006135469232942497,-0.9878800335971332,1.7799757127602578,1.4673648990045232,-0.3460591069489424,-0.17127416835641546,-0.9280034145715381,0.9726687265795495,-0.5962255178080921,-0.44299349225816487
6777,Sidnei Rechel da Silva Júnior,RC Deportivo La Coruña,La Liga,33,2985.0,-0.9667151235141563,-0.7335584665654946,-1.6184424049486723,-0.6462723176963091,0.2414341917999095,-0.6282543231900918,-0.680026922859167,-0.2978506934587877,0.2951397503139378,-0.9871290173621758,-0.8412946854011707,-0.9096215908492682,0.09299414820316157,0.7685282467900393,0.5896055004884382,-1.1586012137206139,-0.11503129493795354,1.0846177014242064,1.9463939398176209,0.4666323865419775,0.29323381036890744,1.578830672700458,0.22318422403116178,-1.2671727820288692,-0.6998526377575834,-0.9724350782742042,-0.9183455927006351,-0.39855495349662323,-0.7013010359946762
6913,Fernando Navarro i Corbacho,RC Deportivo La Coruña,La Liga,35,3036.0,-1.1158121710827884,-0.7335584665654946,1.4029259732537815,-0.466035385756449,0.0851227531729763,-0.26096899744870117,-0.8939516569327499,0.43208289211125134,-0.059691538824920634,-0.7456288102482403,-0.2020651438419647,-0.13156881744745036,-0.4310664759610041,0.12861281663525506,-0.08943491665189848,-0.4046209466081222,1.2127832320760217,-0.4498794695187955,1.4833871221259363,0.3506344622840467,-0.6632024117798141,-0.04397083037001341,-0.0010853885654255446,-0.1679906186390553,-0.09358233182352246,-0.1420926600788001,-1.9357332325286427,0.641804073491018,-1.2233381901936322
6733,Pedro Mosquera Parada,RC Deportivo La Coruña,La Liga,37,3390.0,-0.3599626663880155,-0.7335584665654946,1.2205482125056792,-0.70479588638654,-0.008664110003183356,0.4198136494834068,-0.871256553946132,0.6778426979999519,0.8249128756236271,-0.4008687664910178,-0.26881654729682036,-0.8512415056228848,-0.24306350175352703,0.6351017064406527,0.09812248482120187,1.4250591019490322,1.780707394538735,0.9461305786294593,0.9495057974549433,-0.1852255139074793,0.5098258505093163,-0.11062806742867203,-0.31245243761050284,1.3081382860716353,0.2215595730943858,-0.10888011740822567,-0.24820277846673264,-0.5654927973658931,0.1415430069357405
5582,Celso Borges Mora,RC Deportivo La Coruña,La Liga,24,1965.0,-0.2421023110949973,0.1990853376507534,-0.6074952718119996,-0.5537623326666039,1.2835104493127971,-0.11771827039859341,-0.050618140532655884,0.15781538705266804,0.7002780860208212,0.2055040290597483,0.1463393543819082,-0.7532763439679251,-0.026514187566967207,-0.5281403652147398,-0.43854407590923866,-0.026657143680447925,0.0017555760200068512,0.9731419988649669,0.9497821903727045,0.5971300513321487,-0.46236925690402453,-0.40087424180498904,1.4624470175082072,-0.24316388074750278,-0.388132576859799,0.32095648053274517,-0.13237556701557027,-0.3366527317304105,0.527342367991014
6728,Federico Nicolás Cartabia,RC Deportivo La Coruña,La Liga,26,1390.0,2.1737231116985667,0.5848912278840934,1.2467309310442483,1.8368337711665736,0.38379784051859334,0.9382842917915668,0.08176665387939021,0.011561038514702932,-0.06716992532981332,0.9095630360669659,1.2529868485992783,1.264987746552913,-0.25699708710770547,-0.11652334154880131,-0.2124390186210867,1.5271417177901823,1.3563030163450323,0.28472023997519535,0.9237177416963475,0.966873434904302,1.142498184461464,-0.7718606010196973,-0.6665001088559904,0.08074177105170766,3.15757589079854,0.902081182395363,1.3698932095640297,0.5582635038281981,0.5005238052676548
5724,Fayçal Fajr,RC Deportivo La Coruña,La Liga,38,2934.0,0.2155946587449431,0.3074805446165818,1.1575050951244479,-0.07437238578597484,-0.6926064047300095,0.6486209413303289,-0.4294264519433752,0.5808978981988812,0.010580386880908146,1.4070680878120525,0.15088368278581787,1.2508765372428576,0.5036395666164606,0.6221173240798094,-0.07557085884778264,0.3141424025745145,0.010082498712328884,-0.949813870281915,0.3337566378693319,0.18630406958531262,0.003151354868352237,-0.7565520328511189,-0.5748439337704206,-0.4482141585446313,-0.18702433274249278,0.7429234143387157,-0.24833476374831404,0.16678054252080374,1.3627291846843823
7782,Luis Alberto Romero Alconchel,RC Deportivo La Coruña,La Liga,29,2151.0,2.113135022617006,0.9704350948337874,0.12913501601122357,0.9919246819502869,-0.5540173514349284,0.1071237885892438,1.122401231221544,-0.6768752457814248,-1.190284639156331,0.6356260771356801,1.8654011140043383,0.6104306350159215,2.7783205696098836,-0.8043126460787845,-0.5728334050977848,0.24825502578668368,-0.15473327703179734,1.725602991139834,-0.7499224631387086,0.70277101806705,0.012106599033413224,-0.811990143783066,-0.5165724812181433,-1.082062780535748,-0.2903378286206469,1.1447579637478729,-0.7837087555860847,-0.009360017962251084,0.6762736030289795
6732,Lucas Pérez Martínez,RC Deportivo La Coruña,La Liga,36,3233.0,1.5440684167747842,2.289672918583371,-0.06963147105215066,0.31904800363125363,-0.32297684064761123,-0.1705758124919334,1.3994661360966052,-1.0273482652152441,-0.20958088775150438,1.5316950901805277,1.2596806033733805,0.17046940780315556,0.14297928185936903,-0.8917591365005078,-0.5284933985955474,0.16457529978844176,-1.4027224233376308,-0.3526226065717037,-1.0552547905090583,-0.5974254955932686,-1.0058387560251485,-1.034139036290854,-0.994859933423382,-0.5047534345345464,0.4670975743602653,1.3573526639363644,0.07783584231453307,-0.6089384167165245,0.9267468731838834
6625,Vicente Guaita Panadero,Getafe,La Liga,38,3534.0,-1.1450324906279508,-0.7335584665654946,0.05053208756897675,-1.1181465005134312,2.2422206062246532,-1.5815889904350795,-0.9674181758559358,-0.9619511035760093,-2.603923797580294,-1.1525949065572834,-0.8412946854011707,-0.9863303074839346,-0.4848452310343117,2.6676034519282545,3.660879920833156,-2.170374435495785,-1.807962289111341,0.0025763711481099436,-1.5488097861884091,-0.0038187813659491085,-0.14118884831627504,-1.0618448557252052,-1.275308169628122,-1.8942146925984813,-1.3870275824078409,-2.616076079406695,0.0762261242575723,-3.02547106829364,-1.7455809642340772
27403,Santiago Vergini,Getafe,La Liga,26,2278.0,-0.8334859054159659,-0.7335584665654946,-1.0460035457058312,-0.7175070659402389,0.3248002924009402,-0.8049203133836882,-0.7791251797638913,-0.425487138757437,0.9463843493710652,-1.1715342154498807,-0.8412946854011707,-0.9863303074839346,-0.8127012559390556,0.31026000585609226,0.318304329852711,-0.981209189052648,-0.24690188306081495,0.22068100659009968,2.384580535122049,0.08050230990256507,0.1100473833557287,0.9238584667850985,0.024889905725881862,-0.47002029168225057,-1.1841148083771156,-1.1051009415074757,1.0668907929638352,-0.8106923339375383,-0.6213647164712365
6856,Carlos Martín Vigaray,Getafe,La Liga,14,1228.0,-0.8560654217709062,-0.23609780552181164,-1.0571277209014658,0.05461607965723937,-0.5088607136093697,-0.8926132916857533,-0.7718142595247474,-0.38605170131412536,0.06350134530871841,-0.38660551619351546,-0.8412946854011707,-0.1161736114571402,-0.49819441771610085,-0.4610423901260394,-0.14007920130028356,0.09832013534957994,1.77373866739058,-0.5264433829026756,0.9500365258752046,-0.43815142266987905,-0.7454409282400551,0.2511131704658567,-0.2416234736102925,0.44289509948386,-0.654050613567836,-0.16935654416529272,-0.3227295918980462,1.3138008556387324,2.137924717031924
6627,Damián Nicolás Suárez Suárez,Getafe,La Liga,31,2720.0,-0.8514971923735337,-0.7335584665654946,3.0755561596514274,0.055910375681898654,-1.3670411609729243,0.15924975019394286,-0.7151055610925962,0.9854262879538168,0.11136079431445173,0.13418704940053403,0.22894477498876448,0.0519165318194646,-0.670710668682516,0.1342829691509619,-0.1962338614789884,0.28746126400230754,0.8756237905005175,-0.3002535265232699,0.888006340952214,0.0767504744528227,-0.11552905026440875,-0.15623634787242435,-0.5864021995999931,0.39955994349256346,-0.1601704752041351,0.053696862474052795,1.875161117114537,0.755758481851488,-0.01925121016946481
6745,Mehdi Lacen,Getafe,La Liga,31,2744.0,-0.6924157042039065,-0.7335584665654946,1.460602805774389,-0.6032485528182977,0.49153249360300233,0.08808706795365265,-0.8798811462441649,0.3726719857907862,0.7345036894407985,-0.6389686305065511,-0.8412946854011707,-0.8194385296745474,-0.5312038817861489,-0.07716118222538433,-0.17480055480100806,1.1541902676878348,0.9544642875691765,0.6727769114136828,0.8219615457991744,0.4436516656984248,1.6966066389407184,-0.3110514784223961,-0.041717492553394554,1.152560013532947,0.1328449626339746,-0.15723803252898816,-0.7128481009405032,-0.5534202799393627,0.04028863514648391
6907,Pedro León Sánchez Gil,Getafe,La Liga,31,1879.0,0.9323316211979981,-0.08333846469040994,0.9282910269220543,2.1120163661359515,-0.15455478605498763,0.09279104425650646,0.47528897316871616,-0.42772573537982206,-1.8285527964921213,1.1448994503791294,1.2243794904090999,1.9383170899122892,-0.8127012559390556,-0.04256507577628499,-0.16468535306587495,0.5115515623345664,-0.5628656514180346,-0.080303390319847,0.21493152988995542,0.8984024379464955,-0.3311818714749286,-0.8473274985987251,-0.05287823843432604,1.3597957757167334,0.831355204880043,0.9025764500306996,1.0106126133632283,0.6568758634219679,1.2579282447689228
6736,Álvaro Medrán Just,Getafe,La Liga,20,1528.0,0.6547709087912199,0.06602489961466565,0.3134330004822847,0.11208011258452298,-0.4421678331285448,-0.24622737601672673,-0.24878957673940827,-0.4594227795108859,0.7932330953560449,-0.5535726800032698,-0.20624858325007472,-0.8864282485160118,-0.8127012559390556,-0.27982910770282604,-0.03503724752260582,0.5526137483196334,-0.03187430784050444,1.7601988988306327,0.5397547439573254,-0.02858952086687892,1.1623716290767487,-0.4170136668876229,0.030134320443759167,1.0456598148103549,0.47871540707319693,0.10663637445194597,0.0038653973617808167,-0.06967508923566264,0.17259377395542538
11675,Moisés Gómez Bordonado,Getafe,La Liga,22,970.0,0.3182729137285471,0.5259914133554178,0.2601275912982987,0.8956683170420585,0.3866525605888019,0.1325102858869819,-0.11839923298218263,-0.18368909090572907,0.7505507648976778,-0.4680153282189685,2.1597891622901946,-0.042101362517009494,0.38177626160049605,-0.5312292616874265,-0.46016411545464136,0.8031978772761028,-0.26435052351911154,0.7536742094514641,-0.030335590123691275,-0.26560451033620774,1.3432009953140491,-0.9695016451775176,-0.9637311429442993,0.8072370025256523,-0.8587140576276855,0.44524655411051023,-0.6665729145569492,0.4448645638926886,1.256450514451953
6720,Pablo Sarabia García,Getafe,La Liga,31,2592.0,1.079634893261835,0.9161991886549907,0.3390235439955164,1.610967101901926,-1.1988640641196886,0.7473494454305476,0.6609326805333952,-0.032409040509151825,-1.3605948556288985,2.504183075619987,1.4048868981332618,2.3116709972102125,0.9753283613655206,0.17680383181162151,-0.26261479010608996,1.168967291068884,-0.03886826860114927,0.8144597487933963,0.1559586978194341,0.14522147141062827,0.9922448657093556,-0.854500146856555,-0.7622638988385555,0.41655086672286745,1.1565418403554764,0.900199709069143,0.5717026705902161,0.6601845856339319,1.5967350457938083
24035,Álvaro Vázquez García,Getafe,La Liga,34,2040.0,0.9423296302923472,0.46424877218282423,-0.8530720199839208,0.016954603174995152,-1.4889756801350045,-1.0779128882146194,1.7239163816196872,-1.7787010611729916,-0.8840946414796155,0.22560118184042724,1.061353244180937,-0.08838709511342724,-0.43405968992161625,-1.308754070497299,-0.8338615825020763,0.25202100892560453,-1.3492296259298266,-1.033420647201345,-0.5861169952192741,-1.3440227124216544,-1.6149906665015752,-0.7544868166963825,-0.14935432614128732,-0.12036230735474,0.23697842862411506,1.168510754584665,0.2536505368119098,0.16038626238297668,1.0999283889092695
23416,Stefan Šćepović,Getafe,La Liga,34,1902.0,0.25422445162934687,1.1935131162788035,-1.4093965253918321,-0.501046571181788,-1.3907863041781714,-0.9524933498161555,0.9810401236413999,-1.4113551831465527,-0.6682156107581234,0.3317223198148139,-0.3311209503397223,-0.5850412798735607,-0.40658727345978285,-1.3824188486764117,-1.0130492088584573,-0.6939042610201176,-1.4143494046148994,1.3493724950024004,-1.0325392042806711,2.815590352765067,-2.239472268964309,-0.5909041920487758,0.21836129898549397,-0.7789240598660955,0.8580616029430881,0.9624222171851264,0.17595175831455762,0.09183783441318936,1.2050349769407818
25921,Rubén Gracia Calmache,RC Deportivo La Coruña,La Liga,18,904.0,-0.16369521032803175,-0.7335584665654946,1.9227211313285173,1.0440080319587766,-0.9122450713562942,0.2964221292865408,-0.28416454649680367,-0.06410211276656426,-0.4153809785940184,0.0832216481287351,-0.8412946854011707,-0.05759479468921729,0.8962120066175302,-0.25626099592614937,-0.3888569813201012,0.35059061849418505,0.0553854312454293,1.6141272885805944,1.3025286516654173,-0.353638649281959,-0.03443722244430601,-0.8636746914967607,-0.67352333711711,-0.23782522087255906,-0.2332966650326311,0.6606444216354965,0.00394876869478904,0.35456525514316134,1.475364771979152
6738,Juan Francisco Moreno Fuertes,RC Deportivo La Coruña,La Liga,35,2746.0,-0.498908017655535,-0.5110960879195945,1.4851802771332512,0.16038448021570825,-0.4284719737440898,0.21170868752986755,-0.6362693544403946,0.5372061672741725,-0.5909697897035296,-0.2591001176223713,-0.8412946854011707,1.6264032201345484,-0.2501165547915126,0.142388112713701,-0.16268970179326453,-0.5432920922026236,0.2027100830855658,0.016623788346068657,2.1612034914630374,-0.5700117136787438,0.7734972851697937,0.06352496983137249,0.0014087656400410948,-1.30348001574357,-0.28711666876622804,0.3489519215745363,1.615923801813832,1.2338353685061851,0.5147419025926027
6861,Juan Torres Ruiz,Getafe,La Liga,22,1979.0,-0.8760697110247795,-0.42487645961165815,-2.2722129632815142,-0.847009235954365,0.3248002924009402,-0.9763651501742284,-0.646640743443322,-0.5005043069400892,-0.003917117056212797,-1.0108684983773903,-0.35097106534716643,-0.9477627617277482,-0.03207589497333868,0.9600220221896499,0.9910015621162644,-0.626399981700029,0.5091128504351049,0.6199460228992129,1.676381322515666,0.54024645385951,-0.548071837049218,1.404918067773279,0.3435068826018263,0.37568336062067087,-0.13191320996410993,-1.098679383802259,-0.5357959386152322,-0.5140109380768598,-0.16860207322546442
25881,Juan Antonio Rodríguez Villamuela,Getafe,La Liga,32,2575.0,-0.4904519420286727,-0.7335584665654946,-0.16227508989510872,-0.741102037126336,0.4446390620149225,-0.6214451096734985,-0.6409305516262473,-0.16947285398568618,0.41687101006791405,-0.889402729488569,-0.46445956148393786,-0.7788444001594873,-0.36274273476881685,0.014175477341517256,0.00902689923617744,0.2605148731104231,0.08183813458943712,0.4329135941548061,1.6449001815218183,-0.7162867440435591,-0.6385497656583369,0.05129427258555993,0.8843138778487216,0.9648529081773695,-0.2468143607057823,-0.22860094680604065,0.5837969339645864,-0.22590189497741123,0.019249850106266203
5577,Francisco Guillermo Ochoa Magaña,Málaga,La Liga,11,985.0,-1.1450324906279508,-0.7335584665654946,0.05053208756897675,-1.1361362630293526,-0.15455478605498763,-1.7786659137369423,-0.9674181758559358,-1.146689206737373,-2.136262243625853,-1.2370249371978637,-0.8412946854011707,-0.9863303074839346,-0.8127012559390556,2.3345158851127166,3.4517618627946796,-2.1502063460632463,-1.807962289111341,0.0025763711481099436,-1.5488097861884091,-0.0038187813659491085,0.22046343662267226,-1.0618448557252052,-1.275308169628122,-1.8942146925984813,-1.5053522462353055,-2.682495483119685,0.05514729386427103,-3.1324947175602196,-1.8372621384430468
6569,Roberto José Rosales Altuve,Málaga,La Liga,35,3176.0,-0.6422516271191258,-0.7335584665654946,1.231753049436991,-0.07520474578844057,-0.579643251855528,-0.07574663673391537,-0.63788646110835,0.4592456605592641,-0.3304222888660473,-0.48544879542503927,0.07528318999575062,1.44088709749113,-0.08307707960822132,0.38720466335750053,-0.015079721052657284,-0.2703369788188266,1.4626744946047192,-0.6470217592764129,1.079196038025193,0.3143851109534436,0.7480807447016612,0.02397290180105076,-0.11435019299828575,-0.3619501246102067,-0.18872957001911872,0.18908344122997764,2.1249901542088763,1.2495502532513298,-1.5233520381119074
6727,Raúl Albentosa Redal,Málaga,La Liga,29,2644.0,-0.5746394753613412,-0.271469441027187,-1.8471294740544415,-0.991864355167174,1.2835104493127971,-1.0614434766509573,-0.4482878338315154,-0.42533257586787443,-0.44745518070124424,-0.7856244405506454,-0.8412946854011707,-0.8708610592971069,-0.6666292448430691,0.8084408001593696,0.5850852613754367,-1.0687738009785979,-0.3922064148446404,-0.080303390319847,1.2830144126627432,-0.09386578026171068,-0.6352977612214361,1.3265403384138303,1.5366627118882865,-0.3368076477003562,-0.9913515176459153,-0.9048905690961971,0.9352835375629992,-0.08732407155757581,-0.553776482173143
6878,Miguel Torres Gómez,Málaga,La Liga,23,2021.0,-1.1011369487481326,-0.7335584665654946,2.050074678224736,-0.947390629982544,-0.6339098645109161,-1.093139708981184,-0.882523283209191,-0.16693266986769512,-0.5441021809245679,-0.646474262712339,0.11897294852943244,-0.193243402940958,-0.6216006140104123,-0.20001760161110693,-0.08871301351768675,-0.5359967076876591,0.8777006850418884,-0.7047595241387598,0.4554108560692038,-1.6661476299276967,-1.7910778627346056,0.312108801458844,-0.1088599836361358,-0.3506553135367193,-1.194991512465196,-0.07093677897882138,-1.24068355865131,0.7945288704552682,1.356768501815827
8234,Ignacio Camacho Barnola,Málaga,La Liga,23,2072.0,-0.1174700565841744,-0.14390432393842692,-0.2805272817854803,-0.5838366620820546,1.2835104493127971,0.2701466725537823,-0.24701208080771309,0.613758184606341,-0.11332981992636754,-0.5170062878643421,-0.37297883400789167,-0.6916385196403319,1.237664753093605,-0.08585965622531248,-0.32507630118015246,0.7594832382643919,1.2632440350459784,0.7887152850721073,2.2424900083618526,0.3891493980728129,1.1393062975151167,0.2999055295472813,2.050385615188205,1.5384766160844878,0.8659665293938287,-0.03919704007873364,0.11502183220163573,-0.009972705616537778,0.6888102329027888
6764,Pablo Fornals Malla,Málaga,La Liga,27,1357.0,0.29320154257800274,-0.28338772834763,0.714921934980959,0.4099227525430883,-0.7210653333210851,0.695766807195997,-0.4363902998322821,0.48490837605664633,0.16684242418985548,0.3021276773833296,-0.8412946854011707,-0.7613482203756278,0.3257346978937767,-0.11693646190072564,-0.3334145100372978,0.14576366977574473,0.19193633681484784,0.11689328351770474,0.6220376274929124,0.04251497597391948,1.5851797450290943,-0.5997885553428927,-0.38443207269869467,-0.42295349639093144,-0.2727528004983536,0.22417123280234422,-0.0676724036197109,0.1679302180388317,0.7106797294020982
6563,Juan Pablo Añor Acosta,Málaga,La Liga,29,1668.0,0.5568934592830838,0.7313856383784926,0.40171833329018364,2.408558777742713,-0.9740973395441558,0.31929145604701364,0.13319728278798454,-0.4046339203585037,-0.13746193240522303,1.177886532725069,-0.2595498148454903,-0.2084358579183573,1.7342761845379664,-0.7601801506005438,-0.579639006037065,1.04994275049496,-0.5736744040042451,0.266284703091607,0.36445556277003355,-0.5974254955932686,1.4452329266685333,-0.7396401282746409,-0.8766838441225596,0.1256271452255747,1.5029884873349169,0.6051190861352986,0.9831981017874718,0.3188910329893069,0.3884687135563195
6740,Gonzalo Castro Irizábal,Málaga,La Liga,24,1444.0,0.08367789911045187,-0.31051020357266784,0.1570842388712823,1.5935734913602169,-0.07723945082016055,0.40219924111667815,0.5653285393130498,-0.059925053937346394,-1.5180825566706968,2.1723930106434715,1.1746688410951067,3.0836408316884825,0.2571447200658984,0.2689460476268562,-0.1188046790138667,-0.14683963784188542,-0.3173988156711299,-0.8262212435314542,-0.018768265915441864,1.5831124075245573,0.9304613002435566,-0.9998137516869386,-0.7311272407523594,-0.3387686235816179,0.5217360735457378,0.8527894038337882,-1.551074641507292,0.77861158267688,0.20318394912358775
8419,Duje Čop,Málaga,La Liga,31,2074.0,0.9508843930830044,1.0336981151943196,-0.9738645512278493,0.3352424231330401,-1.5926200214227726,-0.4198295569845113,1.0676278317434589,-0.9191861290143016,-0.8592934865810022,-0.15803845594010824,0.5622980495364496,-0.10310747564409134,0.3046017257517496,-1.2562926467800963,-0.9379835096482307,0.43793710113126183,-0.8152948868169166,-0.16695041367270996,-0.6610807781226085,1.3366168184764553,-1.018795675710425,-0.9322794060175047,0.4150798266333896,0.21154562905887128,-0.2956337448864311,0.9233078588717877,-0.6899910532565079,0.13833774300849394,0.6038663333151618
6707,Charles Días Barbosa de Oliveira,Málaga,La Liga,35,3092.0,1.3224023580019622,1.4396946412540619,-0.7104109716222345,-0.6015400990536298,-0.19142825362852106,-0.78539500762388,1.9013729899331868,-1.2539839172828031,-0.46742453293901687,0.2587136748328852,0.10018375323421885,-0.566689964057226,0.061652166235756464,-1.3993378353558221,-0.8926402517631673,-0.32985152129327133,-1.111851792459444,1.2457727931674545,-0.7548684482287409,-0.881843482956463,-1.528038581155803,-0.52591377122383,1.4811206751032147,0.930718623777553,0.18513676559466252,1.029915330181867,0.134175066823777,0.16113830901595827,0.30928715541224416
23843,Diego Mariño Villar,Levante UD,La Liga,23,2144.0,-1.1450324906279508,-0.7335584665654946,0.05053208756897675,-1.1064833615688736,2.2422206062246532,-1.1226947551536126,-0.9674181758559358,-0.5603098632763692,-0.591343647589209,-1.0978571534833996,-0.8412946854011707,-0.9863303074839346,-0.8127012559390556,2.728043860587217,2.732875033531001,-2.1653217627241683,-1.807962289111341,0.0025763711481099436,-1.5488097861884091,-0.0038187813659491085,0.6269193690522651,-1.0618448557252052,-1.275308169628122,-1.8942146925984813,-1.2127967224715968,-2.6273163560791315,0.026251945502804064,-3.0038049025616376,-1.866239394690361
6787,Pedro López Muñoz,Levante UD,La Liga,17,1338.0,-0.7472168397799118,-0.2769951692847458,0.1413133583304321,0.33684613059491403,0.015538951461631936,-0.14843109006041358,-0.6083724221119906,0.38219858483217817,0.32774590815154253,-0.9025229996599587,-0.8412946854011707,0.6109079925473118,-0.8127012559390556,-0.030118955782850877,-0.13301212787650155,0.0037954341837990254,0.22033549518001805,-1.1977512087326376,1.478492095726864,-0.769800033389144,0.10664898834809278,0.1431719276549321,-0.733192087326224,0.5305348180795257,0.2135390025049301,0.062264583428397746,2.07756372640527,0.9420906038514121,-1.3665679318553234
27656,Carl Medjani,Levante UD,La Liga,14,1307.0,-0.7377812734629347,-0.2661662004892575,-1.5007044597712937,-0.9902085949392224,0.3248002924009402,-0.9071874641354395,-0.6786196512301086,-0.5316420294167159,0.22380472794364503,-0.8945891358009878,-0.8412946854011707,-0.9279330825019201,-0.8127012559390556,0.4328336225358622,0.5382587160923652,-1.314183377631696,-0.877159670322224,1.5326642751719197,-0.04621354014630092,-1.8062019418868456,-2.1398869104920553,1.5424173790014675,0.38961451924702695,-1.034970574901331,-0.8654756403190684,-1.0808409574946787,1.044710093556533,-0.5990817142942717,-0.27451818295967856
7141,Giuseppe Rossi,Levante UD,"La Liga, Serie A",28,1574.0,1.6166775581754291,1.2069805796913111,-0.21635695934500868,1.1257734961516745,0.18784169855638977,-0.23948892162581836,1.2235658257865838,-1.0782632320518064,0.35005445161053955,1.227323517496893,1.008166135603038,-0.5014181534083747,0.4141551523766634,-1.1676861174248752,-0.7663225399498648,0.35031962892415724,-0.9161440239681176,0.5551081142678183,-1.0029372855912344,0.70277101806705,-0.16164911570806004,-0.8342135616178179,-0.5456557424638455,-0.4672362150506094,0.4871478901985935,1.0021628660803723,-0.13187839562367493,-0.3327360890975841,0.10708101140647913
25859,Sérgio Paulo Barbosa Valente,Málaga,La Liga,26,1136.0,0.6510911653576051,-0.1958104984654574,0.9988689132536143,1.438236759539547,-0.25876241180627685,1.4006035038754243,0.2710458557641186,1.141610868769147,-1.63230727083231,3.359432144639019,0.01288704354854268,2.037114047548804,2.5870733685133076,1.2986955000253815,0.029750471478054107,-0.020376927478836546,0.08673283029681465,1.660171600507237,1.2604565888667685,0.8246644412227043,0.8314816955147101,-0.8647213648993758,-0.74321359941103,0.302639888446463,2.911824112563226,0.8621073455703365,0.5499326795142915,0.34001465271045966,1.0066520602875346
26211,Joan Verdú Fernández,Levante UD,"La Liga, Serie A",18,1139.0,-0.13250608868900002,0.3391047323135966,0.27437428023377297,-0.01979173745838288,0.5165423237833114,0.9171218498125917,0.04183228319742267,0.7800724872521783,1.2525247000744588,1.5135853762174296,0.010637223366936987,-0.18220205759989822,0.20454474231675207,-0.4879079791995745,-0.5032722396601129,-0.08651277091156301,-0.3290629570634741,1.0846177014242064,-0.1478762470915335,-0.02858952086687892,0.6500098701314911,-0.8652405663677493,-0.6915457684487734,-0.9082339535026294,0.23850813070915394,0.5587902777912447,0.034203564669518224,0.08837375466109225,0.8394466559306777
6792,Pau López Sabata,Espanyol,La Liga,36,3306.0,-1.1450324906279508,-0.7335584665654946,0.05053208756897675,-1.1361362630293526,-0.15455478605498763,-1.771229709442352,-0.9674181758559358,-1.162308376469648,-2.317299867312184,-1.2370249371978637,-0.8412946854011707,-0.9863303074839346,-0.8127012559390556,2.244179668618315,3.505454530577708,-2.149009564035192,-1.807962289111341,0.0025763711481099436,-1.5488097861884091,-0.0038187813659491085,0.019890307523840998,-1.0482978330042045,-1.275308169628122,-1.8942146925984813,-1.2840035216615133,-2.6262720514213553,-0.028367355041345386,-2.9339416343696816,-1.840154513287833
6791,Javier López Rodríguez,Espanyol,La Liga,31,2510.0,-0.9683135859683638,-0.7335584665654946,1.4809110771302216,-0.19896281001864766,-0.2452435846817852,-0.3507268863179152,-0.8580492018071255,0.12976597211050928,-0.38398383444358025,-0.8209631646905571,-0.06810708055107177,0.26041554714204873,-0.04334986681995524,-0.031799873635834336,-0.16242740944745607,0.23588429631242136,1.4356979922215338,0.00733957583017635,1.6787040926981531,0.9108517101206425,0.23067561430789865,0.3656119447729124,0.07328657853644074,0.9394651446888139,-0.04762538679116878,-0.13262310711560932,1.849808417343219,0.6409713576633731,-0.45718762790706285
6762,Álvaro González Soberón,Espanyol,La Liga,36,3334.0,-0.6660786746399399,-0.7335584665654946,-1.7220360756580138,-0.9263780062675248,1.1963549805026283,-0.6476321347447155,-0.478534105258703,-0.08388351489988284,-0.05394517143775249,-0.7895508395916679,-0.550247761559877,-0.7116146276345293,-0.5810189539967715,0.9699347759883117,0.5914548639892458,-1.149674639630414,-0.5448651541364455,0.9787157839929292,0.40241892856082023,-0.5330289701525451,-0.9791176264358887,1.6919714936160757,0.5739678363765237,-0.659126442235361,-0.40790341084094933,-0.8308025131121052,1.1306693332610904,-0.1549569905980495,-0.7070725563713647
16456,Enzo Pablo Roco Roco,Espanyol,La Liga,33,2570.0,-0.7653275133788303,-0.25816415391052033,-1.6169126670946943,-0.9382348755390283,0.8041553708568687,-0.9669386432937769,-0.5868875553023543,-0.5854522856921202,0.644018444160129,-1.1209254320290658,-0.8412946854011707,-0.8081392419940674,-0.6624232803212395,0.5767064332408786,0.5686813296462385,-0.8867951475358038,-0.6427456255903584,-1.033420647201345,0.8869528104173499,0.49563186760645994,-1.4394005717337615,1.4998707847407018,0.3945992099605852,-0.0006457167499364332,-1.0985824388751297,-0.972284902831794,-0.825332498033556,-0.38005981332464067,-0.37665304389024756
6612,Rubén Duarte Sánchez,Espanyol,La Liga,22,1925.0,-0.6841863080871056,-0.7335584665654946,0.43007459889406174,-0.8058722592305643,-1.20913595865803,-0.7630896923063064,-0.6109037279825416,-0.12272225512741526,-0.3404652617946152,-0.5395232347162268,-0.3372165326287687,0.7582450765501941,-0.21080868865938562,-0.24346422107506782,-0.1627858416347905,0.01089577067460808,1.2060900350028367,-0.26477769810336216,2.3407191394024722,-1.4273665078989841,-0.9072670390976137,0.008376976648253749,-0.42749494065676386,0.5041798983231057,-0.3106112120459884,0.08446633657531538,-2.0054685129591663,1.1884154619934169,-1.4153980170253606
5598,Óscar Esau Duarte Gaitán,Espanyol,La Liga,14,1239.0,-0.5006289302954132,-0.2405143247078335,-2.1295975451783753,-1.0335118550692772,2.2422206062246532,-1.1865004833315724,-0.5935312019209145,-0.6197334273656966,-0.05033384130943608,-1.1166150387782465,-0.05812241414461364,-0.9247280693471364,0.4341571696873797,0.08723679647249935,0.287355249795399,-0.6999174002371813,-0.5994849585024125,-1.033420647201345,1.324117247393816,-0.7543457644833066,-0.4548706781879719,1.9022305950266365,1.651856148854282,0.42214594071638106,-1.0834804121289083,-0.6994565350824045,-0.302285259529411,-0.0038612749622130146,-0.20322983784298496
6758,Víctor Sánchez Mata,Espanyol,La Liga,29,2355.0,-0.2409520815669298,-0.4741607205945214,0.2976712800153052,-0.21826878750363338,1.0579315888629481,-0.2774481189678682,-0.3190122546042452,-0.211837651492281,0.14173761230747323,-0.16008494126903308,1.2188973402609833,-0.402953188619019,0.33528209071254483,-0.3943259906332663,-0.3284464769911837,1.9970101651681675,2.2055102341124035,0.5236520991892217,0.8487244894098825,0.08270447418828411,0.1075735357797081,-0.605422362827081,-0.42829495313986965,2.0797133393554303,0.49222432366721447,0.2135695782904921,0.3828718292203362,0.21664988286765874,0.8173212892655026
6867,Papa Kouly Diop,Espanyol,La Liga,30,2560.0,-0.3826560909949512,-0.01768148403231962,0.350420097344759,-0.5152786387005759,0.6315875426127343,-0.29302337136045065,-0.6591236996919801,0.0011337402455194778,0.25776700908966305,-1.062195408906568,-0.8412946854011707,-0.956515786760695,-0.3601062590588348,0.030829946087943285,0.0007573875448405377,0.49535633172904125,1.1164584386708123,0.15797592390052775,1.9992396211529146,0.5171855359651967,0.8439478767921116,0.040321862354713425,0.778909430516239,2.443886587908707,0.8631285149017194,-0.15278731660670766,0.26014730099627753,-0.5392600216105001,0.00684113678858636
6838,Hernán Arsenio Pérez González,Espanyol,La Liga,32,2525.0,0.5062569495852357,0.9599749363380684,-0.4560819884342411,3.1190374809643413,-0.24248382411495092,0.35614082409517295,0.6158060096135106,-0.44790644959789855,-0.8785429997371705,0.24008262856357834,-0.4569974798222108,1.6132597449629595,-0.5067888620081344,-0.7273538589143789,-0.5069548074382034,0.8760101110398963,0.11925992515776881,-0.48354530669278817,0.24980535891927189,0.6171161801738873,0.7479515806040848,-0.7248378516868129,0.47223791033080875,3.0970389155356317,1.0615666093991674,0.7469952021449895,1.2912150302297218,0.8671816254514746,0.8235574050835418
5719,Marco Asensio Willemsen,Espanyol,La Liga,34,2900.0,0.6598159639264108,0.10903697034711557,0.05101859712567848,1.3192057790057763,-0.37711250105238336,0.3116774307742941,0.23950616621201148,-0.11620075127812267,-0.36839303547261876,1.6952882545568337,2.1701377272822344,0.9349585313984785,1.1849594199460567,-0.11527755417644323,-0.2556079127042749,0.5143138130006746,-0.0008719635300934352,-0.3526226065717037,-0.6176534831992975,0.7988082605533235,1.0021320493479469,-0.9537396144116193,-0.9418133107224028,0.1711316280087377,1.0540714347650848,0.7416997367084021,0.05309683440096639,0.3147834944100782,1.3032338631493918
6766,Gerard Moreno Balaguero,Espanyol,La Liga,32,1978.0,1.2768563200454996,1.1194699209824608,-0.613058815243284,2.1744347861721,-0.3267502996750787,0.20484617030051291,1.947060399529698,-0.8958613188495893,-0.4370543252943285,-0.25651824667977796,0.6304198405142111,-0.2145894272868353,0.35882876631914995,-0.8245689249689735,-0.5839771575721032,0.2585735911151436,-0.43593881318523425,0.11689328351770474,-0.3697788023043193,0.09116542118078146,-0.8412302561904161,-0.6769258613037271,0.7110347557930145,1.0076769400376313,-0.13121885251402338,0.9969175183056881,0.1575198483094286,0.048909908099334425,0.715254953589892
6675,Antonio Manuel Luna Rodríguez,Eibar,La Liga,15,1036.0,-0.973772084953988,-0.7335584665654946,-0.1696294059952725,-0.46110341742709965,0.6734221676416157,-0.49798558496706113,-0.6693191020428781,0.23185825923456865,-0.42580290748314864,-0.6610100177310464,0.09533701738538737,0.5608015786949805,-0.8127012559390556,0.014428632244450849,-0.12066432555919206,-0.25074973601251666,1.1729144372766458,-0.6001855304370279,2.0055337712024612,-0.3888523048602591,-0.454164587178912,-0.024320752660453568,-0.6918531196603456,-0.9306522199857181,-0.6980947907019832,0.05125714007381689,-2.0691819867142085,1.2319593799992834,-1.4010851258483779
26669,Weligton Róbson Pena de Oliveira,Málaga,La Liga,30,2687.0,-1.0129701309121149,-0.7335584665654946,-2.1487766546690077,-1.0414941778320819,-0.6339098645109161,-0.8422938161122511,-0.8269419303457176,-0.18404626586030132,-0.3081700773019634,-1.0149365648243533,-0.1190390515441745,-0.9011142601618359,-0.23776355986493813,0.8911642522182074,0.5847378567471537,-0.8558991348939305,-0.03176034354361715,0.7419938509112497,1.374738101533266,-0.9973882903227609,-0.10016072242979374,1.5883399903428712,1.0867402239518833,-0.26885298544650943,-0.4938018730381727,-1.154515435018779,-1.0529901143676055,-0.635545178921241,-0.5692356021504025
6580,José Luis García del Pozo,Málaga,La Liga,33,2822.0,-0.013330135912126385,-0.7335584665654946,1.0764153569382493,0.21558210829453242,-0.058683770363802304,0.2910951630855813,-0.40807454794684556,0.3630028059648592,0.4886064295642806,0.3489551918798008,0.5341134564654126,-0.3913076968769719,-0.6758428585833548,0.0014335634455690692,-0.24317157723497518,0.7009715723757542,1.1102406766698578,0.266284703091607,0.32148193120644636,-0.2799356492343532,1.259479259136473,-0.5698603870560055,-0.6113024153841423,1.6431726979997556,0.23574360886872206,0.24435701385290798,-0.5481071404460539,0.17757462895632997,0.41180840480331304
6927,David García Santana,Las Palmas,La Liga,19,1654.0,-0.6623142250584138,0.005113470268414021,-1.5245624553872332,-0.9055105530005737,-0.6339098645109161,0.14599470348249696,-0.6043564931855921,0.8124712558318116,0.5412869707475682,-0.6056373622321203,-0.2546257349254303,-0.6171638114670392,-0.3456947295330238,0.36778214843084167,0.00581060744973023,-0.9542577715742485,0.2854561762417844,-0.6470217592764129,1.642219975896405,-0.4519093160120991,-1.2933464941619546,0.725281002576776,0.6250479641000558,-0.9134665531525401,-0.4308798832627486,-0.44120901540714336,1.740392902785442,0.1702571930106656,-0.8135303175112961
6928,Pedro Taunausú Domínguez Placeres,Las Palmas,La Liga,27,2152.0,0.13289483014923012,0.6857763191260542,0.18750796184122345,0.7250517974120065,-0.4056455414366647,1.1495706116523283,0.49158655375140553,0.4220029285849577,0.9133946808250859,0.7734063175025381,0.5114243351660345,-0.5607252532934525,0.9819753116157233,-0.8610433878266336,-0.6923613068965532,1.1302166020636728,-0.1555015061266295,1.9764233218981226,-0.23696191931248511,0.5649784527606573,0.40163346504250363,-0.9577871022037636,-1.050602061164696,-0.09671397405575925,1.4579053141668694,0.49517333087927945,0.44901669265175426,0.1062453781907452,0.4048491795743911
6934,Jerónimo Figueroa Cabrera,Las Palmas,La Liga,23,1422.0,-0.14685651156620486,-0.7335584665654946,0.3455518534559673,1.4569703490757604,0.5562130888969056,1.3827805272326044,0.1667465453587388,0.9555673969670608,0.798964158653908,1.2809136981085611,1.2058581502251482,0.6775799348481942,0.27369648622068665,0.06762891278994375,-0.3389865292433292,-0.1347812124460115,-0.031099062104462765,0.20210172283022693,0.8680771784809381,-0.08953623244470695,0.5866165394610973,-0.841377064016767,-0.8077235177692768,-0.7534570114145244,0.8471617451360642,0.5457270893440757,-0.11222324150392288,0.3184667923145239,1.8839980105617102
6721,Willian José da Silva,Las Palmas,La Liga,30,1809.0,1.5031134836739204,2.305653930258598,-0.23375583463595387,0.2344867378105603,0.3248002924009402,-0.5742696725394528,1.1855378890898411,-1.109729527154428,-0.1388972656965533,0.4123710179365273,-0.3048931132138437,-0.39564350664319176,-0.1722130348150283,-0.9654010665556279,-0.606580686988072,-0.19129703609925777,-0.9802655436030697,1.3493724950024004,-1.3452553403367264,-2.1143214281969733,-1.6108856885319351,-0.5914508893366257,0.8966024475543035,0.17512759933108477,0.575042589417734,0.9074424021414639,-0.3775510749386108,-0.00031063984998295813,0.20526969734902853
23848,Carlos Carmona Bonet,Sporting Gijón,La Liga,20,1235.0,-0.06754799501119768,0.2557236253561938,-0.7211287409768062,1.0259564258072487,-0.7708684583554675,0.29390909472145604,0.5051885668275881,-0.030099129782392067,-0.7745860985431637,1.058172972677608,1.5158318994252464,1.3621365556389307,-0.4999770475683768,-0.49595890439296436,-0.475192821912513,1.9698792492196255,2.056535385172444,-0.566206305592767,1.3334222742232316,-0.49935032753699443,0.8649363404696809,-0.7717301537616201,0.2909025037752567,1.7431361149486455,0.27224828034191684,0.6520900017531663,1.5020194921068604,0.6138469545477374,-0.2957123191758485
6772,Mario Gaspar Pérez Martínez,Villarreal,La Liga,33,2974.0,-0.1606594662195047,-0.32274360996721446,-0.1466462164101349,-0.6444604470175386,-0.7589590154124625,-0.01856353126816585,-0.38474062434463235,0.6338186515457569,-0.05593417135683711,-0.8357125924987229,-0.5150167956611326,-0.24207004571752558,-0.5529740216836498,-0.11329786650940728,-0.17355609741670394,-0.6686289067954654,0.7722932555088239,-1.4983558944606128,0.8449740703067999,-1.7743275122685567,-0.4552572000987814,0.5193851365885088,-0.21841877985461647,-0.5096201308262407,-1.013234638003324,-0.016041648661571723,2.0196204034356597,0.9144785748651915,-1.5610109367717522
3324,Eric Bertrand Bailly,Villarreal,La Liga,25,2073.0,-0.9738546997179407,-0.7335584665654946,-1.3915060305846736,-0.7067771263975464,1.009593261623695,-0.8132402813293155,-0.8101640039918572,-0.44338010618215384,0.300998355341402,-1.021123541912906,-0.8412946854011707,-0.9863303074839346,-0.6263942625296067,-0.053212343151339846,0.1192686195277548,-0.929271980909688,0.4943313084479808,-0.7530920422361984,1.174872422704006,-0.7210854900990054,-0.33063340313237344,1.703551435061307,0.6200060158436616,0.2727550359691509,-0.09333317543751177,-0.973493893549701,0.8119368183847491,-0.3617032855225168,-0.0654659226001674
6827,Daniele Bonera,Villarreal,La Liga,14,1011.0,-0.9695371589976587,-0.7335584665654946,-1.5878288036666317,-1.0732521673505526,2.2422206062246532,-0.38294789746140345,-0.848624105997034,0.18348153876755607,1.2575304698361938,-1.089460284238511,-0.8412946854011707,-0.9863303074839346,-0.4306889934882264,0.7412955301299017,0.448748758532137,-1.0339840078466787,-0.6972030809329562,-1.8276850279359265,0.2723078821879221,-0.1423567158121572,-1.9839411390757806,0.4443267980150193,-0.19911927034037763,0.0805641830233242,-0.7815353486675936,-0.9485758358391816,0.5569477672206722,-0.835413737838392,-0.18836831278855412
5588,Antonio Rukavina,Villarreal,La Liga,18,1406.0,-1.0188406127629257,-0.7335584665654946,1.658919299838247,-0.683961151142676,-0.6339098645109161,-0.7752802933163533,-0.7477662267305248,-0.0809584863596469,0.3137682498737252,-0.9187009027556753,-0.8412946854011707,-0.33490635540860203,-0.5380110729107569,-0.5037275248493264,-0.29909728243941025,-0.8754990753679727,0.255355891514474,-1.494606416660135,0.8082812045023786,-1.0187854768720759,-1.3947892992996396,0.1804537413654842,-0.3724882502042994,-0.20798036552614582,-0.9848836235888215,-0.03585504974165546,-0.015496803295569772,1.0064366739102106,2.3790989703698044
6771,Manuel Trigueros Muñoz,Villarreal,La Liga,31,2184.0,0.07355116512909159,-0.1741429979193018,0.9867638631963407,-0.5830499105137538,0.4257171510232412,0.4887563050155406,-0.668894459487589,0.5708859887178047,0.6659151727081057,-0.28069247474975056,-0.396995031515239,-0.9164354603671827,1.3093558722905514,0.21329087946654568,-0.03756828095061203,0.4133659692434063,0.420167789198871,0.06633003381576864,-0.03137849822538347,0.3506344622840467,0.5544728405887002,-0.32360655162143964,-0.19591632718773536,0.44829215187838034,-0.021499198964919974,-0.0616024112896322,0.48491314908764066,-0.2551050298410485,-0.3977920281188277
6357,Jonathan dos Santos Ramírez,Villarreal,La Liga,26,1808.0,-0.31089580237301956,-0.7335584665654946,0.5694880066904487,0.37589929639789826,-0.1657025785772185,0.46712000211985727,-0.16079930786251595,0.4324075507503541,0.34205318570215926,0.6608295292091222,-0.30459643092834165,0.4489882122897193,0.8962120066175302,-0.15090652179253736,-0.2884031968911416,1.2265160126149848,1.090578609221413,0.15797592390052775,0.8273055786897795,0.2802071511274464,0.7891187432092017,-0.5416481746255385,-0.4729283929467728,0.7284019709675627,-0.05983454032317553,0.4173439194424176,1.0625949792891123,0.539828180458302,0.25150641245470706
18867,Matías Nahuel Leiva Esquivel,Villarreal,La Liga,20,1040.0,-0.2920239315980211,-0.7335584665654946,0.26779798518220826,1.4313488049641117,-0.7708684583554675,-0.17890579352623537,-0.010571106022655536,-0.7209660083526506,-0.7708021264573038,0.48437349520873985,0.09173458775928557,0.18790312407749807,-0.06998126105869362,-0.7746344784464948,-0.4881452054550822,0.6819775100759407,-0.09830094056177448,1.2239623296232556,0.10350428292688527,0.70277101806705,0.21951548669701,-0.7603975482161676,-0.8103393759614941,0.9853546967096605,0.20347206949220298,0.7476038907340953,0.8461915074105872,0.553189325588026,1.231002148464899
6829,Samuel Castillejo Azuaga,Villarreal,La Liga,28,1749.0,0.12301911227531795,-0.3842836285085239,0.24718170274890497,1.9172479230349158,-1.1132649429668442,0.12957411137402117,0.22937167667503375,-0.5081062184478774,-1.1144789233477148,0.6395519702474904,-0.28649168706676614,1.1519964389558386,0.291399365381094,-0.5153676177935014,-0.3413509488858582,1.34136812895052,-0.36330848190506276,0.5551081142678183,0.416206373765743,-0.881843482956463,0.8910114531069697,-0.7033483436504205,-0.6186627034436901,0.10342826091431412,1.6027505013698358,0.6635021740487687,-0.6674672612379595,0.9534584080412056,1.3130909919078775
6761,Leonardo Carrilho Baptistão,Villarreal,La Liga,26,1325.0,0.9974674976374119,0.6495698921401115,-0.22072450849805833,1.2149695602401342,-1.1621787264827557,-0.06432345664750505,1.3115836154554972,-1.1992946052250641,-1.212134302612551,-0.448862636070815,-0.10895472759975666,0.6265790098306373,0.3532290001750224,-1.1902040131446197,-0.7360967911710422,0.7319451100182136,-0.8898045360869064,1.5326642751719197,-1.0856274056277877,-0.1423567158121572,-0.7879740410261735,-0.5548283600765812,0.5950946003666914,0.2718010241389638,2.0450574308367204,1.0958025870526538,0.3851845889259919,0.13179220130062713,0.77496835271453
6752,Víctor Ruíz Torre,Villarreal,La Liga,35,3102.0,-1.0020394375346033,-0.7335584665654946,-1.349764710237713,-0.9926705166983187,1.4204690431573477,-0.2337635300110168,-0.8623285890492837,0.23407638210459808,0.5867573217636961,-1.2370249371978637,-0.8412946854011707,-0.9617251582087919,-0.56369132857749,0.7936403986109062,0.47094779788153823,-1.4057094081466146,-0.8425829128221968,-0.13987321887494042,1.774994143946805,0.6147368791212987,-0.46947460693046383,1.2915376426137486,0.5758731978067124,-0.4058492549698369,-0.9998404450188393,-1.0260006149698953,-0.9133434046516775,-1.00025544619137,-0.945031436074079
24173,Carlos Castro García,Sporting Gijón,La Liga,25,1071.0,0.9257632642532977,3.2591323292622354,-0.9080163542683874,0.16980963434494092,-0.8953762709414228,-1.2311032666464987,0.7787453167919386,-1.8710559450864266,0.3901513990527913,-0.6798340347070864,-0.8412946854011707,-0.8437996388536954,-0.09147922542964684,-1.512072734627012,-1.0989723624352978,-0.3908861126472473,-1.1963187382026552,-1.7142186878309873,-1.0903846476316783,-0.881843482956463,-1.273465521357106,-0.8109403340690234,-0.20297117583113655,-0.7291228139490616,0.8372772325672773,0.9323255101539005,0.007915148118656372,0.10326551016588824,0.6469950103604225
6609,Denis Suárez Fernández,Villarreal,La Liga,33,2460.0,0.18926707650504446,0.2597450972745745,0.5169591135308684,1.4740905230917611,-0.66238640382513,0.2880449387794209,0.12060305073329454,-0.12020875128647786,-0.8378829550222398,1.2494394651672307,0.7365109147400891,0.8752592791378487,1.5422645814864835,-0.4770926948492267,-0.3741467799934148,0.5648502058860526,0.17018246333967668,0.24962181398528688,0.3472254057812896,-0.49263992130156475,0.03985457056904637,-0.7523449488285858,-0.7838777372975396,-0.4232151536158669,0.534449519453772,0.7960666023901982,-0.7377551202669784,0.6533417972047043,1.473121863914192
6862,Cédric Bakambu,Villarreal,La Liga,34,1924.0,1.1142874765324036,3.0765144550247925,-0.8172804932230577,0.31778063519088473,-0.24171025486515632,-0.5468460688034463,1.3600476696844757,-1.3515328987063135,-0.43893948232774704,-0.22899882813093356,0.6717257575617319,-0.07391919512201038,-0.6119661221876067,-1.3317487783689108,-0.9064287100438855,0.5416900970488238,-1.2242941189094976,2.143636875736983,-1.0384425061527969,0.966873434904302,-1.208840089130534,-0.9454559339070439,-0.11288618546155176,2.061950459378922,0.45069466524928303,0.9416290701472502,-0.0512812127473363,0.1837258123433084,0.5191337692854816
24138,Joaquín José Marín Ruiz,Rayo Vallecano,La Liga,27,2120.0,-0.39180983850340917,-0.7335584665654946,1.094314688026615,-0.11652404375432009,0.2120108621760163,-0.353310457000887,-0.6517893766331166,0.33763006669285445,-0.8757828650146322,-0.6036802309350567,-0.38358221177528673,0.9578014589220222,-0.44834805090340657,-0.07280325640566429,-0.17773008482747338,0.5890377741833125,2.4738310783583772,0.2930827515512551,1.3460800923154757,-0.43815142266987905,-0.27495069559660207,0.1423193214402763,0.036254748356045544,0.7544458305858945,-0.5191273359375204,-0.06043711709446368,1.9651843172123828,1.3300142931277243,-0.935034723942563
27144,Antonio Amaya Carazo,Rayo Vallecano,La Liga,17,1074.0,-0.897231121524284,-0.1647673196738351,-1.7128515921205694,-0.7809640801731139,1.2835104493127971,-0.541943304044497,-0.6319410679583111,0.057136787344842586,0.06251228856140309,-1.2370249371978637,-0.8412946854011707,-0.9152640383484663,-0.8127012559390556,0.24491738957486545,0.17486319484501622,-0.6395008107213974,0.021842858998162646,-2.168084048250748,1.7654887190335429,-0.7543457644833066,-1.6408747841416835,1.4401918546450982,1.6513110530780286,0.5456439147296465,-0.9213307909751645,-1.0343178421951404,0.40178583229524334,-0.7173418655883224,0.15880158148816045
6914,Roberto Román Triguero,Rayo Vallecano,La Liga,29,2556.0,-0.7285400486602855,-0.49455936963214464,0.12177834631220329,-0.5143070305247875,-0.5188646456814932,-0.43350837032072237,-0.6854914044302324,0.23497207880204532,0.34908383769009327,-0.41987701153797363,0.2976142865317812,-0.0009114065843754699,-0.5104990670988456,-0.3120183787369384,-0.23804136403326515,-0.28707019505805376,-0.27023871393950466,-0.12568992636182294,0.660185995906261,-0.3995695043840899,-0.8971621082850496,0.5852314231750579,0.16725933184932748,0.05854493499702475,0.08973921666416422,-0.18755570167290767,-0.24687491937984024,0.9500114605971305,2.092225380658314
11298,José Ignacio Martínez García,Rayo Vallecano,La Liga,22,1743.0,-0.3815824894307676,-0.7335584665654946,1.2873479466133064,-0.5160622799934752,-0.8030940098483029,0.23467068475663433,-0.6425819695857498,1.099410747393075,-0.24097311388753517,-0.3810991532511875,-0.8412946854011707,0.6338827750778816,-0.591120993553635,0.48210500826107777,-0.08546093897703885,0.30267899175797075,0.7154621369267302,0.28472023997519535,1.05675719109036,-0.3821902619130132,-0.7287148900146112,0.1458220888729224,-0.269609746149529,0.5398447261703059,-0.4857439339251455,-0.035183435129305794,-1.0867018166371454,0.8685171561443126,1.5504262024213737
26848,Roberto Trashorras Gayoso,Rayo Vallecano,La Liga,36,3209.0,-0.23274661509329256,-0.5431933398089844,0.9480331671488731,0.032755423834074315,-0.19517809778854095,2.222208934731954,-0.7428607349821128,2.4219521385015286,0.7882395546735316,1.412930892060043,1.2753937248849387,0.41696829333815766,0.029773278608940298,2.497514359418913,0.21140205580870897,-0.1869629456905189,0.11674215996186166,1.132754936620242,0.17242732449573292,0.6792952476815165,1.0087686298580196,-0.48962773458442427,-0.5406893525854908,0.16667998822972083,1.2311222321976891,0.03645559543283251,-0.09948706912277566,0.32043468962831545,0.9063318378063453
6713,Diego Javier Llorente Ríos,Rayo Vallecano,La Liga,33,2965.0,-0.6962320346122036,-0.3214966171478609,-0.5633260019127877,-0.2784523408537476,0.66034884732009,-0.17365754062645197,-0.7185945382276036,0.17428454679001104,0.8001851416049458,-0.884810755412589,-0.5140264074629338,-0.8318780180036787,-0.6824434490797682,0.294418425579343,0.16359901526876433,-0.1531470818766217,0.30669472281612487,-1.3890614146944413,1.597393635225054,-0.006135469232942497,0.3831676648978493,0.9773361596575396,0.9264327622705149,0.6729562188364334,-0.3065817313235964,-0.734264799924525,0.20508097069650724,-0.24469450242940335,0.5888639763383567
4711,Pablo Hernández Domínguez,Rayo Vallecano,La Liga,27,1957.0,0.44155471165561794,0.20289788258367641,0.21038096368042686,0.6181275691057541,-0.9534799168148684,0.5339200873483236,0.2424446636633178,0.32416376457126733,0.0027163949021442326,0.7450315102674133,0.6462123826931699,0.4957118876906893,0.17404988697813498,-0.2757002104594659,-0.3371239968463754,0.20731646058445274,0.10479117617284749,-0.5568620187605955,0.20735437516049887,0.966873434904302,0.3102007586947375,-0.6956806687808745,-0.8737766104576564,-0.8102684568003219,-0.22331025758044312,0.5169183078130752,0.006345203121220513,0.4586924515426233,1.5011526025421804
6852,Jozabed Sánchez Ruiz,Rayo Vallecano,La Liga,27,2119.0,0.7389127931191333,1.8610310689959892,0.13711876927362993,0.00396812007028688,-0.028408712777112006,0.4595098032331318,0.14994925073169013,0.2545395354127552,0.8239213217541114,0.6639058470548278,0.0745622698483567,-0.4100194208280167,-0.0836509542160006,-0.21914353307552417,-0.3717175460071208,0.4733643130654149,-0.48307135061635864,0.8728138665616509,-0.10068176768245454,1.0408221116187326,0.5513813182388675,-0.6391317163610858,-0.8474227766833723,-0.5987029019077017,0.12268679870176535,0.2959445096089943,-0.19615198370008471,0.24442677049661043,0.6194107460328595
11539,Adrián Embarba Blázquez,Rayo Vallecano,La Liga,28,1889.0,0.7334829172939694,-0.0867806033980598,0.16758500810488455,1.2197702754506217,-1.0447856460445692,0.16765396726364254,0.476734280904905,-0.4525990452561781,-1.400000465037109,0.6584270159020497,1.2134442115535666,2.7713409967981515,0.005116419736515143,-0.3353769887256527,-0.3697700611299326,0.39525077760888605,0.4213473180915711,-0.5039110600449569,0.20559462509335236,-0.19713351337840215,0.3383779024773963,-0.4928268722550714,-0.18734519027052732,0.15354684594251275,0.43159556594298104,0.8990817851794444,0.24394081551154628,0.924316649430252,1.9890654344470222
11542,Javier Guerra Rodríguez,Rayo Vallecano,La Liga,30,2150.0,1.784555974431119,2.6760137665227437,-0.9630074783976962,0.2536607483053157,-0.8174926605153144,-0.3051692730255147,2.3682719460199544,-1.0808923210552885,-0.3586989480307993,0.42832796485131597,-0.8412946854011707,-0.5248292611260692,-0.6330666525261311,-1.295212026595812,-0.9065690718666606,0.21735784914294126,-0.8068582632287061,1.660171600507237,-0.9779105729392711,-0.1423567158121572,-1.4617787892869396,-0.8743666631481559,1.423673479190259,0.8335634420794645,1.6551545593236434,0.97360056128535,-0.12848344609910936,0.1713682482177378,0.7821246673792809
8801,Iván López Mendoza,Levante UD,La Liga,13,990.0,-0.6073786109969649,-0.7335584665654946,1.6252754981186008,0.4050957546983257,0.5644778316289047,-0.677554654026453,-0.8980959221027759,-0.1559220367731799,-0.5632476578323831,-0.6342456881396591,-0.8412946854011707,0.3243039772386746,-0.42258570307260274,0.6176103483843103,0.27458633325628223,-0.3698455159412269,1.4059465511179345,0.368222377624388,0.5589039758576515,-0.22935515900560463,-0.32060212364108076,0.2500816658437084,-0.6036865787763259,0.5005787052436437,-0.6605858584246773,-0.049638973744836785,2.016822091688433,1.1166669701651988,-1.2446589732639506
26012,David Navarro Pedrós,Levante UD,La Liga,20,1736.0,-0.7362173286965559,-0.7335584665654946,-1.7683608233351777,-0.8797821471774707,0.5987174800900423,-1.0985455654646439,-0.7005714242974729,-0.5229350061179903,0.6763907380259525,-1.2370249371978637,-0.8412946854011707,-0.9863303074839346,-0.8127012559390556,0.351149256703414,0.4597416470068965,-1.3452402567433346,-0.5681157132774327,-0.41182243619167264,1.1379681932156571,-1.0764452637839126,-1.5013601907191378,1.724409388795458,0.5352845983363977,-0.5285203009719239,-0.903164224970529,-1.0032644808921658,0.3471157789434693,-0.7472687598073421,-0.06249997963523004
27122,Simão Mate,Levante UD,La Liga,30,2233.0,-0.6285669412287278,-0.45998851951594605,-1.3051316206031554,-0.7375417756859874,0.18784169855638977,-0.6682391578401202,-0.6908121387127851,-0.15952855082479242,0.15861854889577787,-1.036593413496244,-0.8412946854011707,-0.9863303074839346,-0.29382835311175387,-0.16157364621424042,-0.041332467144547205,-0.09986483253715392,0.2036410417768758,0.35654201908417354,1.6942965819554867,-0.4431648922776378,0.41127943133214806,0.9438182484229563,1.702324499172945,1.346859078917177,0.27365086109988457,-0.4477803530396303,0.044018649823884176,-0.29916369469285814,0.09469129812184593
26685,Nicolás Ladislao Fedor Flores,Rayo Vallecano,La Liga,22,1590.0,1.1983268715372897,2.7242624301985203,-1.4865376488629174,0.34330107474226335,-1.0225761443400472,-0.7804144750085901,1.795008237854892,-1.420946326617308,-0.10779629243851248,0.8272096609920259,0.9895552091023673,-0.5543010260603886,-0.3268969825581898,-1.3905955718580385,-0.9663443362313844,0.8705219205247845,-0.3954118998429799,0.15797592390052775,-0.7768391519207065,-0.881843482956463,-0.6006798038058534,-0.8083366079008931,0.3974097547574834,1.4018961806976311,0.20410426494752235,0.9341205394990508,0.15267644889907842,0.24937700177255104,0.8154825050862691
7900,Tiago Manuel Dias Correia,Rayo Vallecano,La Liga,34,2288.0,1.9568168149354295,0.06742277263246334,1.700871741913585,1.9481802147550042,-0.4007100966134373,0.06901898146935292,0.007426017547876333,-0.6843469739617988,-1.4849120031324248,0.3278827286263214,1.7033306050364383,2.7165080704512654,-0.47510125826616395,-0.4628173838651573,-0.2169209162031367,-0.25214405829942776,-0.41732865631982735,-0.19243483230590522,-0.20764576904937154,-0.1423567158121572,0.57603083601214,-0.31801383719641113,-0.060048822544889406,0.12366537187881527,-0.36309000310194406,0.7612837394090013,-1.1779707595818567,0.8805592854558191,1.298157285413394
6593,Martín Montoya Torralbo,Real Betis,"La Liga, Serie A",16,1468.0,-1.0846013665549858,-0.7335584665654946,1.313936112982332,0.20640491045107556,-0.17001785310195303,0.4493802159797054,-0.6752305429556106,1.1445774818802315,0.5842703450494441,-0.6272652744925272,-0.1802930204918558,-0.20644093706677036,-0.5496124294146768,-0.6711023932082639,-0.6366818784185848,0.5985602099870252,1.1244268875203551,-2.0694176655507994,1.3776320255961718,-1.4100483166309679,-0.8149665110627236,0.2500200325391156,0.12466599113924613,-0.4491991725324062,0.48859566504795515,-0.06508147031763656,0.52937237859533,0.5598943119975082,2.389910249432048
7161,Germán Alejandro Pezzella,Real Betis,La Liga,25,2240.0,-0.47176502082218486,0.08458665632956264,-1.3126411296572236,-1.079372137376436,2.2422206062246532,-1.1591148032491236,-0.4772108100300187,-0.7298716578728747,-0.14164096078474678,-1.2370249371978637,-0.4081025228623876,-0.8841090935756848,-0.6402841142704002,0.18157577969405653,0.38785523749580475,-0.8133564549108075,0.155577342399533,0.4875111456946623,1.738958004398146,-0.26560451033620774,-1.1032696387380974,1.937248254696342,1.5311106207168834,-0.501565806400347,-0.8519782431630228,-1.0819210911126385,1.0528948944206984,-0.3261342408312013,-0.5758484842747277
27349,Heiko Westermann,Real Betis,La Liga,20,1678.0,-0.35200903884803997,-0.3695050149792952,-1.2486428659095838,-0.870921277857203,0.5987174800900423,-0.9901198304567151,-0.5788747929307453,-0.5675071958809941,0.2492972604072835,-1.0592086509738998,-0.8412946854011707,-0.9408445070956788,-0.8127012559390556,-0.09484456248273486,0.21062992021316554,-0.7994194890421822,0.6459020641170689,0.04966714470944851,1.3039851501012356,-0.40781350401780536,-1.0909719939485938,2.8883313380250977,1.9307043111364117,-0.25822572688110224,-0.6331485710970974,-1.006004567737406,-0.8336725491847902,-0.1869509184750879,-0.4126576674228442
27347,Juan Manuel Vargas Risco,Real Betis,La Liga,20,1776.0,-0.24591536083964655,-0.04562863350058204,1.6498483293780661,-0.34859794316005743,0.6734221676416157,-0.33098247128598046,-0.6486177774725269,0.31690320059887056,-0.6342537344182202,0.6950251051804192,0.2514423011831475,1.7641263790563584,-0.5952381943749859,0.37379499926110255,-0.09424505484588419,-1.1701503595320708,-0.4906556549752356,-1.9865379040828428,1.1465674114996676,-0.7870374871687318,0.7175051809784616,0.6277343260017687,-0.050052564695791224,0.07305868898591032,-0.9755895410415627,0.059423017283188835,-2.015962171170268,1.5141840955034926,-1.0788020935938598
5671,Alfred John Momar N''Diaye,Real Betis,La Liga,34,3107.0,-0.4026652091290999,-0.34032918316566035,-0.7419964044735942,-0.21534066183623943,-0.18651179128538337,-0.7161660050222913,-0.3765502695096019,-0.5846095362007032,0.5177071447562319,-1.0929748591722066,-0.8412946854011707,-0.7898058837916446,-0.8127012559390556,-0.5590845942814616,-0.25838060715912353,0.7471319152893712,0.9630369457102419,0.3133754766529456,0.9400314894664276,0.11587675842871148,0.2760341915396221,-0.09606029610270592,0.7285322382238737,0.5957895213081409,-0.3613694407273499,-0.19855723383590845,0.0009588933266004722,0.14752190855648029,0.35121900301131787
27346,Petros Matheus dos Santos Araújo,Real Betis,La Liga,30,2406.0,-0.813188761928028,-0.4796591765565,0.3067524864002377,-0.07918163740563297,0.0851227531729763,-0.0694895285930415,-0.5894735941406091,0.17123744499462143,0.8716254160287943,-0.24491943999483348,-0.4379902614249144,-0.8594389142146194,-0.17061580733092888,-0.6733478387366735,-0.4821845148541828,2.085941630256123,2.159331665785146,0.46166524594610314,0.7468884217024522,0.5149648549827817,1.1917441198905057,-0.37310881529367884,-0.5467411072327821,1.4249897018381692,1.9271695321660467,-0.2304185744457632,0.1944021764127464,-0.2388377154556474,0.47467996769878573
6651,Joaquín Sánchez Rodríguez,Real Betis,La Liga,30,2010.0,0.13490473028462022,-0.42963722688308587,0.2892956991224534,1.6472827540609323,-0.24171025486515632,0.5170288288012321,0.02275192626009551,0.047785017893957074,-0.2658435110880805,2.3256703258924216,1.5725123894418012,0.8743331151644056,-0.04411539059022296,0.023426304559897238,-0.27567556302885715,-0.4584969123278792,-0.36466608913129334,0.3501366611750232,-0.20535044356730286,0.12654756314940874,0.6329584231806772,-0.616208466514972,-0.16262165344081805,-1.0871711987459507,0.9911215565483423,0.8488300765959486,0.899984107365881,0.5698076098945137,1.415431253237117
6697,Daniel Ceballos Fernández,Real Betis,La Liga,34,2197.0,-0.4585877330654038,-0.7335584665654946,1.0217201269798115,1.9891202863456168,-0.367601487590956,1.253887217126958,-0.5066634146221997,0.6367516735323282,0.5773287835377763,0.1889855985235832,0.042046638301036686,-0.43048016236609665,0.7694241769421896,-0.34960522566707297,-0.5253455451449659,1.0499164454141796,1.0033151697306741,0.12187299750350133,0.7418031245039683,-0.0702116653590541,1.7691032410180665,-0.6133687262104917,-0.6700233494703814,0.7752086071546286,3.062615294588665,0.3897671858295077,-0.35096611627283003,-0.0068879720859570505,0.9677931920980484
6630,Jorge Molina Vidal,Real Betis,La Liga,23,963.0,0.05254546555944773,-0.09920572330314532,-1.2647043842833683,-0.5419697141390093,0.3248002924009402,-0.5950630874385763,1.1705578744751661,-1.0599170636125195,-1.5653065283022376,0.002334266473211321,0.16633817450212582,-0.6692994744559259,1.192565604589441,-1.3321039276717432,-0.9643791975608722,-0.3334450651497105,-0.4474841104546383,-0.3526226065717037,-1.2938911343741524,-0.881843482956463,-0.9757502761480493,-0.8293087336295226,0.9215848845599961,0.04941989000826044,1.1000020339283143,1.028868259310549,0.15941579632431685,-0.28677990547986193,0.8410751245781556
6832,Rubén Castro Martín,Real Betis,La Liga,38,3481.0,1.4799108257548717,2.074286137912035,-0.3376092133765749,-0.09510731109536698,-0.9871188696889689,-0.6962071499745854,1.2406977380051323,-1.179161377692902,-0.3619731924621333,-0.1227231653824235,0.2737302431674873,-0.021576611917804998,0.5186899443061213,-1.2409708091101002,-0.8459815654759326,-1.2287117398120428,-1.6466612894749795,-1.033420647201345,-1.0198956917533413,0.3506344622840467,-1.2829119818624837,-1.0232469323276512,-0.5112686695496641,-0.9980545360101962,0.536793445642441,1.1573336351257815,-0.33636250961834324,-0.2686555787428672,1.0184727855820495
3601,Charly Musonda Junior,Real Betis,La Liga,16,1267.0,-0.1647795609139987,-0.2514103278428094,0.6404181688765549,3.379904672893304,-0.18651179128538337,-0.20151634915242211,-0.29033617885881285,-1.063612103705361,-0.342791253991594,0.05821303088497943,-0.07543008864752099,0.88113643647525,0.10177640153005646,-0.8810552842300382,-0.5370091891628482,0.46300820793901487,-0.03530631520708387,-2.2248172183032175,-0.09565275167501486,-0.1423567158121572,0.14586843147523573,-0.8851027203044142,-1.0844764626773356,0.07549864920661455,3.1977029297861765,0.7589616134698999,-0.14232416074053977,0.31021873475030903,2.030669217749914
27092,Abdoul Karim Yoda,Getafe,La Liga,18,1031.0,-0.45666864861737705,-0.7335584665654946,-0.2536237829911843,2.995367121058787,-0.07585469854729841,0.40528476575934425,-0.268480418567771,0.26106828539574667,-0.055960675628964326,0.2099960535092719,-0.8412946854011707,1.0124860575891153,-0.43809951264343183,-0.21252509395797664,-0.279170580181963,0.11923668063489339,0.4612293522327161,1.4446842206905504,1.070349552966221,1.1349386092552805,0.8784099500449111,-0.19304840343367377,-0.6303950998480268,0.04225615439826493,-0.4913867710503856,0.15875345467922447,-1.511565777983515,0.9033885919082546,0.44570577286361734
24132,Francisco Miguel Varela Martín,Real Betis,La Liga,14,953.0,-0.586504326058511,-0.7335584665654946,0.7946256090020422,-0.6024462673838816,-1.3529424821948084,-0.11369211865362965,-0.5713429694698329,0.6503731897521188,-0.24923393565876356,0.1718845877519275,-0.8412946854011707,0.8557252855741366,-0.4074395588374938,0.32499259235884376,-0.12180294468597166,-0.834296388478731,-0.33501166021791623,-1.3511263994951777,0.6407354650451694,-1.099339590940083,-1.2907179500135693,-0.1689354273968313,-0.5776110290790368,-1.1086028969845076,-1.0665701245498271,0.20085939632100405,-2.0146745126009806,1.1066590147875046,-0.8279759577267433
23806,Alejandro Bergantiños García,RC Deportivo La Coruña,La Liga,22,1802.0,-0.3573486714127438,-0.05555436916078615,-0.25789386624844707,-0.783329266740414,0.5165423237833114,-0.198675447995612,-0.3199744851424604,0.10109496112277322,0.4018352723806954,0.4187782164303898,-0.8412946854011707,-0.9016186836753961,0.0446004029683549,-0.38607522638923786,-0.37855501272909925,0.5500630462283392,1.0482976891886535,0.43957874979733397,0.49464189275550946,-0.3888523048602591,0.9465334601880919,-0.11740236383070972,0.23416321935621492,-0.3015560773503599,-0.8672067160426209,0.18705741365127707,0.49864698129296103,0.06278252019798908,0.06348535247688658
5201,Sergio Ramos García,Real Madrid,La Liga,23,1991.0,-0.298450414965901,-0.11991538091844058,-1.0344904126218892,-1.008409852720429,0.8041553708568687,0.885738660258254,-0.42452152008187904,1.2069781426296238,1.6783773641234048,-0.7874382044748934,-0.353926305648848,-0.8329899296808344,-0.4247410376188264,0.5440693346778089,0.04339439380287693,-0.8017525222350407,-0.11588158674818666,0.5551081142678183,1.96518813363489,0.3506344622840467,-0.20715863170197196,1.0301393289827028,0.5766268046442844,0.738038591450147,0.06983369788672228,-0.7759308099416635,-1.0626076088005323,-0.2688190388742677,-0.9244278606546478
5539,Carlos Henrique Casimiro,Real Madrid,La Liga,23,1582.0,-0.023504170285186202,-0.34741327581856524,1.446769071248887,-0.6538923636771398,0.8041553708568687,1.0783675207780052,-0.7938934445901245,1.3072102912325432,1.3893348526250617,-0.7655082995812214,0.3854441819652951,-0.8898383061546133,0.40795107445850554,1.0846141294107305,0.09475255373689648,1.3560006360937118,2.6877337980986447,1.3493724950024004,2.020212476159238,0.8864944384755727,0.5998543287422462,-0.18423412842780837,0.4058685053232767,1.9706940747620048,1.4022033679422357,-0.21760122565835763,-0.03121459732768597,-0.43766925032054893,-0.1486057015957242
6576,Gorka Iraizoz Moreno,Athletic Club,La Liga,37,3352.0,-1.1450324906279508,-0.7335584665654946,0.05053208756897675,-1.1361362630293526,-0.15455478605498763,-1.0288322646347055,-0.9674181758559358,-0.4355034542803603,-1.738490875859219,-1.1035035790756331,-0.8412946854011707,-0.9863303074839346,-0.8127012559390556,3.683388302604557,3.3909629942394317,-2.174059596018316,-1.807962289111341,0.0025763711481099436,-1.5488097861884091,-0.0038187813659491085,0.47608714601206514,-1.0217615110513134,-1.275308169628122,-1.8569887557836386,-1.4117903364874846,-2.4449264097177514,0.07410948689652752,-2.7252698079289357,-1.5494629578413814
6392,Íñigo Lekue Martínez,Athletic Club,La Liga,20,1204.0,-0.3345326637755924,-0.22618164616545952,0.44728409699133753,1.2928402765373168,-1.2591556190186486,0.07055595626594219,-0.34040875445069313,0.1491642750031979,-0.08909744106692809,0.1259871106102445,-0.8412946854011707,1.7395687300693914,-0.17114910089289553,-0.4368686658694842,-0.45603366359392883,0.23520076446584937,1.5342328283539772,0.4073379969218504,0.9998474158166719,-0.1423567158121572,0.2201359057513475,-0.5782701526494827,-0.12060991957561547,-0.5469078631602863,-0.6370811458070228,0.4731192932833294,-0.8904054626987044,1.1436806307434675,1.9391881488343834
6386,Eneko Bóveda Altube,Athletic Club,La Liga,23,1530.0,-0.855121084944576,-0.7335584665654946,-0.7839224553818256,-0.3881854308968028,0.3248002924009402,0.4645290604968813,-0.6870708261188917,1.0234547695652307,0.09806119453305212,-0.2619408578390031,-0.8412946854011707,0.46035597911299386,-0.05541812390417641,0.6803734567041273,-0.018726020080612957,0.09900911399126582,0.6386119145234017,-1.033420647201345,2.221736978440703,-0.3311618478490007,-0.028258797467536775,0.9872087378002786,1.2531495841668754,-0.09997319947837523,-0.9587387011813698,-0.17770933225467397,1.7762874798225508,0.31143465045217106,-1.080425489319593
26087,Carlos Gurpegi Nausia,Athletic Club,La Liga,15,1181.0,-0.7694487051109622,-0.7335584665654946,-1.4720345600823672,-1.0284718756775038,2.2422206062246532,-0.7106524372197324,-0.6042247422423224,-0.06846819642605365,0.5392853250710641,-0.9843782578720286,-0.8412946854011707,-0.7924475647621061,-0.8127012559390556,0.37899623352763373,0.17460432286211333,-0.9887951794620873,-0.38165717547669203,-0.5039110600449569,1.3612776513728206,0.43866860122979795,-1.0811716095967447,1.6685742063622186,1.3861558821808593,-0.20369695910682561,-0.44313540804835977,-0.8095914617466887,0.36825410734528313,-0.7150175537258054,0.06463629600192967
6789,Mikel Balenziaga Oruesagasti,Athletic Club,La Liga,34,2999.0,-0.9083859013939056,-0.7335584665654946,2.0620462874891747,-0.11858394722381628,-0.6339098645109161,-0.4040845836244516,-0.8015093808198219,0.21219402093487855,0.17108258245749508,-0.24210753711846605,0.12937931668639965,1.075136520515713,-0.555139137007553,-0.3630430201503286,-0.27985661160932723,0.06267317824856626,0.5323543986769778,-0.8427971958250451,1.5617247734951252,0.18846631159450625,0.2547392492510119,-0.07621425564802055,-0.2675398605807453,-0.10508577337735027,-0.5990381906232027,0.14927106543475638,-2.041941111375031,1.0516490832905612,-1.3731220600668
6389,Mikel San José Domínguez,Athletic Club,La Liga,34,2770.0,-0.3123483232572181,-0.29248865301918253,-0.5354090021188185,-0.49349258776745075,-0.4284719737440898,0.13983864869507825,-0.3727984108107802,0.5678347272696704,0.489253632491639,-0.6445821554069027,0.20962637317667196,-0.6832339524058031,0.72100212699079,0.00787549859353838,-0.17867184100323513,0.7848494338848921,0.5906961562031182,0.9130864267115734,1.5086955670790871,0.02911847656913127,0.34064204139813864,-0.12407788362901408,1.2341804460094559,0.8536776367894329,-0.29767177846271087,-0.19525018732480706,0.28024952971941985,-0.4760536550479079,-0.0901764818545024
6396,Beñat Etxebarria Urkiaga,Athletic Club,La Liga,36,2976.0,-0.25074932390302457,-0.5282890808929,1.5906066379827843,-0.13208264260948147,-0.20555000716732033,1.2183165461094703,-0.8578792315433569,1.688155826376357,0.05561196390193008,1.7206645736799704,0.4629397824575316,0.5524836653284267,1.263720235124323,1.9745659263077078,0.23694287984446186,0.7879800123513265,0.6447776761253037,0.5551081142678183,0.8433653445967904,0.5206314202482556,1.5876484639971282,-0.8812543028396066,-0.6862852018447927,0.2861044238579527,0.9184545393554209,0.2768410413433371,-0.19994937497278364,-0.18439388041378849,0.30097439428601486
6393,Iñaki Williams Arthuer,Athletic Club,La Liga,25,1638.0,1.2921348208861339,2.2499906995475336,-0.036230958969093834,1.0762091470330428,-0.2807008593328639,-0.2750201729384938,1.2322302605424096,-1.1625441401189756,-1.5431203030438259,-0.3262321158187082,0.9359039301425561,1.0639185412741219,0.8377876215728607,-1.1134574610159216,-0.6536623916434845,0.23471197103710417,-0.43680531784351795,0.15797592390052775,-0.34985173150157434,-0.881843482956463,0.26793115141881735,-0.9798183774914535,-0.42655560976046764,-0.2182748363873934,1.4942646665263344,1.126680347068871,1.0762489783461893,0.43179665607124595,0.20984488039842125
6391,Raúl García Escudero,Athletic Club,La Liga,31,2445.0,1.7213553707176124,1.015387072220394,0.5453599201722901,0.03397086699396166,-0.8256518958932874,0.014710777007065306,0.7447989628570832,-0.4879257399256821,-1.509753813878539,-0.199726904309358,1.5399333982476018,-0.11225879605579243,0.7669077311275639,-0.7955411500449854,-0.5228390047575914,1.4208971518235047,1.0626347442944537,1.1905196188554836,0.30865575221522884,0.6171161801738873,-0.2307374654178924,-0.5306353439242952,1.9633088267492513,2.188610344730037,2.2144702988633345,0.7247222266467879,0.46222391251372485,0.00612151570915163,0.6270172580012108
6390,Markel Susaeta Laskurain,Athletic Club,La Liga,28,1956.0,-0.01117653281720586,0.20337664349837437,0.65370190604521,1.6916226345269891,-1.1959123702868322,0.030097790046727333,0.7255014336297847,-0.49676461225113977,-0.6249619134640441,1.6613078017553133,3.127418787346784,1.5500379176423704,0.964358854510891,-0.6910758919600194,-0.5415661122396186,1.1730742054267842,0.5842019053934879,-0.8427971958250451,0.01999556719304173,-0.43815142266987905,0.6099383886298352,-0.8786691620007535,-0.5954458230603529,-0.23556702118377099,0.632476802671959,0.9556510948244714,0.48434429946223273,0.2821161670445659,1.324236576451924
6394,Aritz Aduriz Zubeldia,Athletic Club,La Liga,34,2866.0,1.826508839921532,2.889954708573349,-1.0809508462592579,0.283561059650714,-1.263063404984322,-0.5280720364085971,2.1455525352507245,-1.3704341672227542,-1.4423535451328227,0.11638904315438585,1.19014378791399,-0.5069677412149618,0.6696289501724839,-1.4079084443188674,-0.8385866704242435,-0.6742094038855391,-1.0569596179153657,0.831373985827673,-1.2490179802079648,-1.4100483166309679,-1.2279299601934535,-0.7024280679863866,2.8162874257216197,0.8487107898897349,1.0114827132615543,1.1977529909343594,0.14156359525949588,-0.37342115195251907,0.07968731454523735
3253,Adil Rami,Sevilla,La Liga,28,2500.0,-0.5772699937376297,-0.7335584665654946,-1.5023201583315657,-1.0089846215668192,-0.058683770363802304,-0.7284016273846214,-0.47328915110341147,-0.2082855767723901,0.392361282035679,-0.9983243545708146,-0.45315450776642074,-0.8031498921603513,-0.6582154970039402,0.6951320472900202,0.5728009492464071,-1.4290216730212528,-1.0967431681147213,-0.28095965492647773,-0.22318181302391027,1.4461704136089444,-0.45426456966579526,0.8908446745161946,0.6589620120250509,-0.5465762184022709,-0.7108494584994098,-1.100683529912717,0.9893025576046873,0.024841818829729006,-0.3462525278009509
5737,Steven N''Kemboanza Mike Christopher Nzonzi,Sevilla,La Liga,28,1908.0,-0.26162320727200683,0.22694733809117584,-0.3693831816424999,-0.569685030098779,0.2120108621760163,-0.0852843048552069,-0.059198554160644026,0.2456236917753198,0.4026235164104605,-0.533308596905856,-0.3327252702612993,-0.4662950613259625,-0.8127012559390556,-0.2216448126964282,-0.17871797722842983,0.2685788998868673,0.20296014005542287,1.175021777280175,-0.13353029003095437,0.12654756314940874,-0.6142518499812394,0.135277425667379,1.7659971474366158,0.5255492421625538,-0.5739176087318416,-0.18844002169902682,-0.0697835774631613,0.5912575684852226,0.5836892686797265
8523,Yevhen Konoplyanka,Sevilla,La Liga,32,1692.0,1.5289376022176442,0.34956510038777255,0.42477941912965833,1.681940897044528,-0.2887742080226474,0.10513699175595972,0.7969806763189072,-0.28218205988733064,-0.9837770490681202,1.8490124416240616,1.4526779956552716,3.7952703683188265,-0.35618305577618536,-0.27165773833123336,-0.35846728885401985,-0.5829375166234781,-0.5911820335802322,-1.8998908807299795,0.11968702794692672,0.8864944384755727,-0.4590396197840113,-0.9559667065156816,-0.98951174798906,-0.27176227860689606,0.34819102489173764,0.9870404728617013,-1.5026407223538727,0.9960983144419525,-0.07484812820952182
6825,Daniel Filipe Martins Carriço,Sevilla,La Liga,14,1094.0,-0.5773997383667179,-0.17516569530256723,-1.378083947766515,-0.8455703547511683,-0.058683770363802304,-0.5236043962559606,-0.46556054356614873,-0.09840629454276222,0.7937694756778539,-1.2370249371978637,0.0456801263784224,-0.9165632388811071,-0.8127012559390556,0.14652682574072906,0.27049810527344786,-0.5165762179141594,-0.26823071762823286,0.025598527111431256,0.9195204502543913,-0.881843482956463,-0.902440728092944,1.8038333875051331,1.0452856269164754,-0.4114382550814917,-0.645335276926268,-1.1123759574486614,-0.07762905931723438,-0.17936839743355684,0.962432612130739
6718,Sergio Escudero Palomo,Sevilla,La Liga,15,1211.0,-0.2659617378043735,-0.22911446015621115,0.7072682615164584,0.018833230024213075,0.15048935478060282,0.06818037274023865,-0.2306903428227658,0.4816227025825809,-0.31236413203561075,0.7340781398215338,-0.8412946854011707,1.7238120882338226,-0.17485749485269989,-0.11513456124105292,-0.30752142935975146,0.09616248477089086,1.3603614060580933,-2.0795249535346962,1.0864722964397342,1.1090824285858996,-0.33496581307735324,-0.24821805428521707,-0.027456328656576785,0.7848231647815125,0.48012779613133366,0.4276510255447366,-1.9193800317230407,1.2622236078685374,-0.7844770659013564
6842,Iker Muniain Goñi,Athletic Club,La Liga,20,1051.0,0.7963533068978262,0.42891858721498577,-0.2525756262392543,0.9810414016655432,0.27001685486312005,0.9087014703993984,0.33855767981729673,0.3736634430472243,1.048670599723368,1.1760994114342926,-0.8412946854011707,-0.26011553059056525,1.0246650491883869,-0.6851879389692122,-0.5833903603215483,-0.31756656213181284,-0.2942754423810922,0.368222377624388,0.08621079599989342,0.70277101806705,1.3527263359699666,-0.763552562852323,-1.1027697970972135,-1.181856898859074,2.9706637595881347,0.6775980261345808,-1.0048018356129107,0.050195540950238995,0.49178546107111976
6378,Jan Oblak,Atlético Madrid,La Liga,38,3535.0,-1.1450324906279508,-0.7335584665654946,0.05053208756897675,-1.1181515895551613,2.2422206062246532,-2.222158768032887,-0.9674181758559358,-1.5927203475270613,-2.733897767624548,-1.194821863890394,-0.8412946854011707,-0.9863303074839346,-0.8127012559390556,1.4417328776839244,3.6826086090694496,-2.1781679106197753,-1.807962289111341,0.0025763711481099436,-1.5488097861884091,-0.0038187813659491085,-0.856321867338539,-1.0365059832411154,-1.275308169628122,-1.8942146925984813,-1.3574882568554396,-2.6771047067864253,0.048216783034435454,-3.07033963721888,-1.9070966369065214
6375,Juan Francisco Torres Belén,Atlético Madrid,La Liga,35,3131.0,-0.9466964219681652,-0.538450931668771,0.10508299044796347,0.08218032715780929,-0.058683770363802304,-0.0011865848619314555,-0.47971586204318223,0.5278425144051605,0.07306888944700304,-0.04580915835799104,-0.5313775841278161,1.427017546906937,-0.8127012559390556,-0.5620982342141936,-0.564125873046204,-0.7927040903104485,0.07502467582280783,-0.8064879669914642,1.1561693989125061,-0.29239750914578416,0.4138165599249167,-0.23220112761710898,-0.8119729296920379,-0.10080673694505565,-0.8041907482081992,0.4596755278014395,2.220576953660393,1.5116334693337412,-1.6941708817360221
6376,Stefan Savić,Atlético Madrid,La Liga,12,970.0,-0.9621193150833884,-0.7335584665654946,-2.687956876157901,-1.0705941798012426,2.2422206062246532,-1.0717903307088081,-0.6490360722782783,-0.43733178239582265,0.33585744195031775,-1.2370249371978637,-0.8412946854011707,-0.9076445620700242,-0.8127012559390556,0.6470030428501228,0.497594429494653,-1.070803475115592,-0.1678747881695973,2.0501940074152665,0.9819805405861217,-0.5121000993843097,-1.4599162529093825,1.3390786185146701,1.5288850705262849,-1.1223713511344433,-0.9664870890622889,-1.10448492929676,0.7689906950009396,-0.5718729244728751,-0.40360268348661327
5249,Diego Roberto Godín Leal,Atlético Madrid,La Liga,31,2734.0,-0.30138393773221933,-0.5101196619708928,-2.0207971116716763,-0.8105834136373504,0.18784169855638977,-0.7883530641725446,-0.23945844460018487,-0.32956911809975864,0.48893623766978905,-1.127889703736338,-0.4863749911484738,-0.9863303074839346,-0.5301742644703005,-0.020651482315382264,0.08541293930508995,-0.9642586197910237,0.5880517673012501,-0.8972610390754171,1.8183262100231323,0.05483975542632487,-0.7713182512208872,1.4772556757021573,1.5325319120968344,-0.1598727292746308,-0.24353266458876105,-0.8464590308868516,-0.964679326972976,0.02548157137704048,-0.6793303470404799
6320,Filipe Luís Kasmirski,Atlético Madrid,La Liga,32,2927.0,-0.9025647348667954,-0.5248527297149165,0.41443690682979695,1.6658045891515179,-0.21029374866614217,1.5328448605649925,-0.24642647449598615,1.8983314582586084,0.49026172661415135,0.03721373842483572,0.48477356753613654,1.3083793708663884,-0.5488034784619198,-0.14740201386331736,-0.5318689471663046,0.1789575907773317,2.124569307933604,0.6325973221443633,2.14145776238477,0.5467104990268558,0.3428857555954849,-0.22028177360714432,0.06701718277468187,-0.31686259573341335,0.137569743041087,0.3404388714643133,-2.08168543620313,1.0613666429965973,-1.4049597476370612
6384,Gabriel Fernández Arenas,Atlético Madrid,La Liga,35,2962.0,-0.6358768078578915,-0.5273188677263178,1.7309245926353394,-0.1702645773754015,0.06914425055777874,1.5882091755233547,-0.8805313199955015,1.8613476360544754,0.6437609750846047,-0.17931219345038937,-0.18609519580841308,-0.3421272938825409,1.2735345163109832,0.957032454516133,-0.18057929702540898,1.1925363920357284,1.5725969856780218,0.2581868504418064,0.854672046767956,-0.371852609063838,1.6983111833465987,-0.38142940325954683,-0.3978012295212851,1.3074672302424424,0.1887437509271293,0.03497404485339127,0.7019889590915281,-0.21922574697888272,0.46409238618104004
19668,Augusto Matías Fernández,Celta Vigo,La Liga,28,2250.0,-0.6324691253797441,-0.462055492449209,0.5095494742786111,-0.2319468126291146,0.4446390620149225,1.1730938007079985,-0.7767819780347458,1.242498823646978,1.5464614711174232,-0.8391906328194486,-0.4100278213625596,-0.8845634100819437,-0.6410504126778163,-0.14991044312800145,-0.2961938568367278,1.463515188817486,2.2680303341441403,0.42543229700502927,2.8699501243599204,0.533223787504863,1.4476134049833245,-0.3651666339265406,-0.14698389699710457,1.1559958457056991,-0.2508741603365226,-0.1724231178838808,-0.10715843942311574,-0.6636401707874792,-0.10497559329985087
6381,Saúl Ñíguez Esclapez,Atlético Madrid,La Liga,31,2412.0,0.5836183537079926,0.2795123323758692,0.01058365087273478,0.4717099494943912,-0.9639576234477848,0.16277979978075777,0.19916154215433088,0.022421885595341896,0.20504987473992248,-0.12368266748214991,-0.03669232712018078,-0.13194404198214596,-0.4924571453770424,-0.8912150827594486,-0.6731530153568116,1.413044101085413,1.9942696355672795,-0.15810888067752019,0.8938435640317839,-0.4196642534912718,0.6705347599796924,0.16365521460293606,1.656771163568152,0.9511309588046719,-0.11842235579994598,0.3913035250617489,-0.39196039592190374,0.5125735074498242,0.6881687882850406
5199,Jorge Resurrección Merodio,Atlético Madrid,La Liga,35,3052.0,0.07578709844240711,0.2672306745905385,0.08590989973467006,-0.0321000576698713,-0.579643251855528,1.7889741697524286,-0.14103649264022716,1.8186964658367593,0.20132847281622787,1.891423065777878,3.6098541406854117,1.0393377846428486,1.2120138021882754,0.5220039148666468,-0.4522888464273248,0.8314336794550445,1.1356224015003158,-0.04059017128311805,0.34140533500508435,0.6128638123352195,0.7228081511829667,-0.6216110046541523,-0.6217314576917412,-0.13615518121441464,0.6525802409759031,0.6197215013384247,-0.46008361848371915,0.35447245962092233,1.234037019401
6382,Fernando José Torres Sanz,Atlético Madrid,La Liga,30,1751.0,1.7428228708394518,3.104076376026207,-0.6449514864777248,1.4780608201523746,-0.9534799168148684,-0.6205128540905592,2.0701317494502884,-1.6541722885175831,-1.1091434266406806,-0.04420363623459745,0.26704391435539626,-0.594025020525946,0.5107061592675295,-1.5353051168704042,-1.1170916688762056,0.11832129490530821,-0.845959810983117,-0.5039110600449569,-1.2684138276537096,2.815590352765067,-0.8515107497119933,-0.652602529140365,1.4863568527207824,0.3861981494959164,1.002171055104352,1.1282294184239452,-0.08179681094028744,0.32658781825091854,0.743549628526662
5487,Antoine Griezmann,Atlético Madrid,La Liga,38,3112.0,1.4775850841787224,3.388715160360757,-0.3796300239917437,0.5390620981415577,-0.28316224612852925,0.4618506314252006,1.287504202613859,-0.15280541016951069,0.39981659864592944,1.112012769406692,0.7177516579260702,-0.07886520372260888,0.5524524621572403,-0.9114333625294245,-0.7487821353345204,0.5610006841077343,-0.27433291001735816,0.9288795875546811,0.10775187693489349,0.70277101806705,0.1454251176570637,-0.6157072687764643,-0.10989795413978658,-0.49082558362761064,0.006309971669718837,0.806041744490184,0.171236629339905,0.19488233470424673,0.7526969845663742
6884,Sergio Álvarez Conde,Celta Vigo,La Liga,31,2824.0,-1.1450324906279508,-0.7335584665654946,0.05053208756897675,-1.1361362630293526,-0.15455478605498763,-1.3473416773020233,-0.9674181758559358,-0.7744167244532588,-1.9556136310705303,-1.2370249371978637,-0.8412946854011707,-0.9863303074839346,-0.8127012559390556,2.514320196883445,3.0187712198142735,-2.1635385863873844,-1.807962289111341,0.0025763711481099436,-1.5488097861884091,-0.0038187813659491085,-0.18801078224223808,-1.0618448557252052,-1.275308169628122,-1.8942146925984813,-1.4683338891207285,-2.634465838701115,0.03427952260102777,-3.0485139007973645,-1.783719326343899
6802,Jonathan Castro Otto,Celta Vigo,La Liga,36,3055.0,-0.7384922412179418,-0.5335971926664301,1.038554480909885,-0.24128837712281606,-0.5670231093775306,0.4219550595431082,-0.3496445724419324,0.9932524907862614,0.7787860462118915,-0.35801297171364044,0.4292132610300893,-0.2618032965204974,-0.433439981957594,-0.43241505611419856,-0.3847991017542136,0.34615271284689264,0.5813516672042909,-0.5446425667492942,2.187730236370189,0.27111975613949774,-0.2135766144467002,0.022998950021604705,-0.06836789670623637,0.10718814536036916,-0.581432215704287,0.04338497895820074,-0.6866581666561301,0.6990805139364813,1.7201763959684522
6805,Hugo Mallo Novegil,Celta Vigo,La Liga,34,3040.0,-0.8823956448213671,-0.5326105416439019,-0.3259997817523198,-0.6760480866846592,0.15048935478060282,0.14572686930285123,-0.4312538694838391,0.7358107657976899,0.4513127437875176,-0.7462753840994899,0.435482214713138,0.11837614457715005,-0.4315686269872908,0.29143104305073764,-0.0294538971098976,0.23176943459605934,1.1164584386708123,-1.0835847133530034,1.6005256763734486,-0.5974254955932686,-0.7518920419506918,0.6471120605290378,0.1761898079693451,0.568574916678219,-0.8519782431630228,-0.1605840224189553,1.7350665751029541,0.8915070379417798,-0.7479864884826212
6804,Sergi Gómez Solà,Celta Vigo,La Liga,31,2713.0,-1.0796341197181736,-0.7335584665654946,-1.0256444434978758,-1.0189674080141173,1.091768417930426,0.3307038684492337,-0.878880907424421,0.6480070657769531,1.244480408589647,-1.0720549436756681,-0.4836277321807976,-0.9863303074839346,-0.5279873618455887,0.3878758988370727,0.2142623919928952,-0.45234263049048484,-0.08327627198954035,0.1103200610564528,2.2063308184672747,-0.21363254878992136,-0.36972489935357933,1.3153205790888363,1.0418234523301573,-0.37641733664173854,-1.158555871585808,-1.093187952843846,-0.6701064515019812,-1.1436392809057536,-0.1054915356434471
7577,Carles Planas Antolínez,Celta Vigo,La Liga,26,1751.0,-0.9930401031822979,-0.7335584665654946,0.42199301768438385,-0.8456699204536051,0.0851227531729763,0.5885061050335721,-0.5656777018638223,1.26236435390235,0.27630008685200735,-0.7258158082136068,0.26704391435539626,0.23417502971869691,-0.1509975483357632,0.16568200467957364,-0.14325984009101125,0.5587438822662829,1.5590463843374431,-0.8064879669914642,1.6056447473269604,-0.6353478939083611,-1.4430690387499259,0.7030126776719178,0.27812840544313694,-0.46895666628948285,-0.9083228887734824,-0.1011563471390521,-2.101787476995586,0.7526259250046129,-1.460492980899413
6797,Daniel Wass,Celta Vigo,La Liga,36,2768.0,0.42539078134333563,-0.29216996095737163,1.0311182625215645,-0.3552193898851803,0.2120108621760163,0.7884964826163868,-0.29178916551421863,0.8683921441738157,0.36115193862819983,0.5954849547186076,0.9115059722702075,-0.10395836469210644,0.8616386169126283,0.29060789292924666,-0.10210147530800492,-0.23290469431219618,0.05149597710852517,0.612872796503061,0.2692814583170652,0.11015096077370362,-0.3115775687650018,-0.34992140446521564,0.12228589226000858,-0.3164159544780517,0.26971007425008675,0.35759862366160744,0.416711286037412,0.1038863531828456,0.32771859126087083
27341,Marcelo Alfonso Díaz Rojas,Celta Vigo,La Liga,14,1021.0,-0.10237364472261078,-0.7335584665654946,1.0307667190021437,-0.7002589416592575,-0.2230340829772635,1.6862789985974758,-0.8497876130475619,1.8052611830734242,1.6645959686664709,-0.7986668643029401,0.10909752232348653,-0.7620643729545719,-0.43443054356120214,0.7515622863299933,-0.05519667711591815,0.35754341385526,-0.3414555186662258,-1.033420647201345,0.7353462237261155,0.09116542118078146,1.3634651235484891,-0.4477308502219747,-0.9200920490992583,-0.30542191821690756,-0.07189703871139398,-0.14076222141164965,0.033694458957076484,-0.5055742428536402,-0.1144067352922613
7105,Fabián Ariel Orellana Valenzuela,Celta Vigo,La Liga,33,2989.0,1.1403112834475517,0.4927012024107033,0.26273433494775794,3.309279104262299,-0.5100573562017292,1.648684156154135,1.1736514664516409,0.541508878668906,-0.05882628349808588,1.009028554399913,1.4311887902121185,0.7756091172577937,1.6423250235584286,-0.14430244103614656,-0.3175141671564194,-0.4550563738215683,-0.7747778499885728,0.8439315254440306,0.05272581203642315,1.298694420161362,1.2197225395263547,-0.41754319765493997,-0.6888470280680058,-0.5583154331447208,1.992133216848175,0.8508315262242091,0.2661099888484651,0.1346969654184989,0.8741594359619091
6801,Pedro Pablo Hernández,Celta Vigo,La Liga,33,2362.0,-0.13095626973208188,-0.21630047184776216,0.05325603726655178,0.15583638519283347,0.4446390620149225,1.3054174813682544,-0.06669846049417456,1.077326688501677,0.5474980237995867,-0.6054082388832758,0.3911571910851227,-0.72781998385483,0.8224147361768989,0.08574569202417626,-0.20504004320858876,0.946850637912189,1.1238871111376598,1.5425719389648664,0.8935850274790519,0.770201422365923,1.0566842329155006,-1.522046898464967e-05,2.4865689036018797,2.5962230369887296,3.7172138748505117,0.2215670754973281,-0.28219930886917155,-0.3176856753053138,-0.04741917887381382
6724,Manuel Agudo Durán,Celta Vigo,La Liga,29,2549.0,1.6740118802108594,1.9026512664192323,0.10078680663678445,2.9293242231206977,-0.8280045588550344,0.9831209282406981,1.5230429412274795,0.21552121016400208,-1.2925054067995136,1.9234868963301495,1.8234574168381879,0.9599765769205588,2.5206517222607667,0.377857284778758,-0.08741661106600851,-0.10359314054102023,0.06440123687550658,1.1157653241981114,-0.15235761097915962,-0.24435489059068236,0.7349660789488051,-0.8861427877941402,-0.8010363518434093,0.3576258916911344,1.6525793810108789,1.20411510310226,-1.7480859861869968,0.06919689545026421,-0.8997306694393715
6038,John Guidetti,Celta Vigo,La Liga,35,1330.0,1.056114407560559,2.0222987895020657,-0.9632813247299102,0.1545006991843327,-0.10129311067099599,-0.9406723333803898,2.193129314337476,-1.5515350057124975,-0.29734715979388615,0.5577162855619036,-0.8412946854011707,-0.5272315222117955,-0.2319277261077951,-1.491479194093627,-1.1339632125141779,0.544983633061275,-1.0339802619088463,1.999225170148877,-0.9950804740896211,1.5831124075245573,-1.0409039180961772,-0.9608227720057425,0.17903031281787257,1.1080431168054963,0.9312906524402758,1.309518777511813,0.07737869720433996,-0.2901812670021602,0.26174653768653655
5217,Iago Aspas Juncal,Celta Vigo,La Liga,35,2717.0,1.5323532257530723,2.189320441384949,-0.47075550093718743,0.40821565756822004,-0.5467543957007474,-0.08440852861524144,2.417304011444102,-0.742778348804344,0.14415700684700533,1.0142457399527187,0.9444072728006601,0.10924633918821558,1.0352145207967745,-0.9918070384436145,-0.6870329609432283,0.06210193865810251,-1.0157747088214384,0.0025763711481099436,-0.6904648152194252,-0.29803814047411603,-0.8267989846012808,-0.9299745366508484,-0.6301361592772985,0.08060960947887315,0.37998164558902164,1.1437399689728338,0.3825187613723596,-0.04728828760247733,0.1320913053574332
23785,Théo Bongonda Mbul''Ofeko Batombo,Celta Vigo,La Liga,23,1235.0,0.21978120381993657,0.2557236253561938,-0.4614037471088365,1.7466539887527823,-1.3529424821948084,-0.5817600840588707,0.3106933366618395,-1.3277039440867842,-0.28925238653994023,-0.029026037263404917,-0.05558582379236509,0.06429960496576827,-0.8127012559390556,-1.323222243721684,-0.7732068234378959,-0.5947735646595742,-0.29247300507848417,0.8728138665616509,-0.7537112867645082,0.04251497597391948,-0.34072291936962457,-0.735465816016172,-0.8348114177334218,0.4296483233344051,1.5419629421827903,0.8596535725062053,-0.794811021204947,0.6950393022642399,1.7134551470646895
5633,Yannick Ferreira Carrasco,Atlético Madrid,La Liga,29,1541.0,1.9636606096394629,0.8521175665601189,0.48743008112767333,3.649584181374892,-0.18761375698298294,1.5823965770766941,0.6915249862350162,0.3724235222302936,0.1154813599713795,0.602410117115055,-0.21160588326822213,1.192973790027874,0.9416795236615407,-0.7523114525099402,-0.7832251544375185,0.4134027952765519,-0.5326795317657166,1.0089734746875798,0.4424837058389222,0.1534379910455655,2.3007876329059047,-0.7712124279794008,-0.3339047716788167,1.0208587969022986,0.6654945387939531,1.048068549914009,-1.1096053250741198,0.3931365339309577,0.8431904549628558
20669,Tiago Cardoso Mendes,Atlético Madrid,La Liga,14,1088.0,-0.5742694106888068,-0.17208632340222021,-0.20358088969478827,-1.0777026042689972,-3.5100403352464857,1.211838225393749,-0.5731797152882177,1.6051547222141165,1.101737996735485,-0.6885401425585048,0.9424377485820551,-0.9161784940174886,0.9621810847676924,0.23614440724377997,-0.29942591122326706,0.20139207310174173,0.772408941284677,0.23740236197398565,1.3843948112956743,0.54024645385951,0.30098806535702644,0.008419744464445073,0.16917209010827786,0.5142486752971155,0.32025158587842545,-0.09404906890835348,-0.23778322594929233,-0.17108645146921322,0.216465248577167
6796,Nemanja Radoja,Celta Vigo,La Liga,30,1526.0,-0.7962268937507055,-0.7335584665654946,0.8964126834146807,0.0720543013263062,0.060328524976980116,0.22284989099507083,-0.7875255645436726,0.41122256001051716,0.8697526351571366,-0.9437329369188879,-0.8412946854011707,-0.8862973152801429,0.19965627312460973,-0.26665459828318866,-0.24933427676135256,1.007407385621339,2.3621160225885056,0.9288795875546811,1.5881429681327082,-0.7870374871687318,0.9985626018171904,0.1121120804642689,0.2695095131305969,0.8042022318514814,-0.5462711408081016,-0.22303752060528603,-0.09509001657129293,-0.5477621306161826,0.07041271410349274
6898,Jaume Doménech Sánchez,Valencia,La Liga,17,1579.0,-1.1450324906279508,-0.7335584665654946,0.05053208756897675,-1.1361362630293526,-0.15455478605498763,-1.6102936323523738,-0.9674181758559358,-0.9584274353318493,-1.8655945073812048,-1.142542439324586,-0.8412946854011707,-0.9863303074839346,-0.8127012559390556,2.4497276379958075,3.1206250253017966,-2.1694465233214277,-1.807962289111341,0.0025763711481099436,-1.5488097861884091,-0.0038187813659491085,-0.4996759313505305,-1.0334810450123308,-1.2370270149880578,-1.8942146925984813,-1.1743204524051432,-2.6553080105745814,0.041132656352627195,-2.907749290306427,-1.9471557384829101
6663,Antonio Barragán Fernández,Valencia,La Liga,24,1714.0,-1.1450324906279508,-0.7335584665654946,0.05053208756897675,-0.2459264044818603,-1.1132649429668442,0.10643335727838091,-0.8072570761695218,0.8683893410295119,0.3043950072501504,-0.5406988501878023,-0.8412946854011707,0.8394177059998561,-0.587371969277569,-0.06738960387586378,-0.2329922949138319,-0.10527631180102107,0.6489606093754161,0.13150044454270846,1.6021275284771959,-0.20958278555254825,-0.5714135945501801,0.11399561697215779,0.06480025552540365,1.0906365024642168,-0.10254225130765075,0.03489732931335082,2.133735757140786,0.9951006689113661,-1.6082184045742438
27482,Aderllan Leandro de Jesus Santos,Valencia,La Liga,17,1567.0,-0.6921268613280774,-0.7335584665654946,-1.0021356672142872,-0.7709911535326068,1.6030805016167489,-0.6752594442126225,-0.7046394985784818,-0.3434543695966045,0.9333744964526048,-1.141818897541255,-0.8412946854011707,-0.9863303074839346,-0.5662338677209392,0.3153681645351799,0.2906384495159602,-0.6841781260024284,1.1780448356183624,-2.558408258211742,1.7410561331732486,-0.17757037139045734,-1.1390318613192143,1.510446873953518,0.5376843825755138,-0.8590153163102958,-1.1050720656677298,-1.0796450927879173,-0.2977530282680077,-0.7968471223136963,-0.030132444814879936
6592,Rúben Miguel Nunes Vezo,Valencia,La Liga,15,1130.0,-0.9095115433559703,-0.7335584665654946,-1.2229937427356805,-0.573518380451771,-0.6339098645109161,-0.6899576449701154,-0.7548503800553169,-0.15384163713554846,-0.19735792939219987,-0.8409509615998843,-0.8412946854011707,-0.5810639019007854,-0.4709186034277386,0.3183997720753707,0.23361762612379416,-0.24046860397341518,0.9249477007452552,-1.466655763965663,2.4702196309769846,-0.3821902619130132,-0.4641185958287451,1.1576609836333722,0.8643712348554765,0.4247305678178104,-0.5802209144515423,-0.8129796623421258,0.10022678830735275,0.06849073754729844,1.0245941238312157
26780,Guilherme Magdalena Siqueira,Valencia,La Liga,15,1219.0,-0.7811568132730997,-0.7335584665654946,0.7589362092535911,0.7414105346126514,-1.2730499691188204,0.17998108783543187,-0.6436963304991982,0.6161039069817975,0.5765053304176091,-0.8698685857411641,-0.8412946854011707,0.57899317593471,-0.495872381995013,-0.4520887916831891,-0.4981406908697052,-0.43842643089054284,0.6486470835292869,0.15797592390052775,1.572636691502736,-0.7625714237396396,-0.6201527396227118,0.07710524319561643,-0.5810971733416063,0.15305914174692992,-0.13321324060360443,0.11141463098913212,-2.150003441609301,0.8785001392282281,-1.5526664334161115
10037,Danilo Barbosa da Silva,Valencia,La Liga,19,1401.0,-0.13189455898926206,-0.7335584665654946,0.9445068215179677,0.8605347663608947,-0.11097705164990326,-0.4538143601435744,-0.7102430053476924,-0.7487911307651139,0.011522580239371435,-0.49161804997920594,-0.8412946854011707,-0.9318512403522479,-0.26136021762672385,-0.6355124920676236,-0.2649025528794806,1.183506697573619,1.1978662961893733,-0.080303390319847,0.2910260081155587,0.70277101806705,0.27563263372390734,-0.35856001879171073,0.10532722055972442,0.5105648830549993,2.0763125243536535,0.10701132228092791,0.2589684822135153,-0.04437627970937573,0.2055830277949043
6595,Daniel Parejo Muñoz,Valencia,La Liga,33,2826.0,0.29898482940006865,0.5634302632893732,0.7957887152065034,0.28115910359124324,-0.2230340829772635,1.2756518278816407,-0.3299404442882624,1.3039589400245306,0.767350092398599,0.6106662322878752,0.8755320026506251,-0.149076109112991,0.1439515329372781,0.8753015024245675,-0.08864830242204329,1.812811132412817,0.4769354345061378,1.2457727931674545,0.31883466762910057,0.5799326846543745,0.7948204599473174,-0.6181007654075844,-0.3983500414458405,0.26936834702087104,1.8609341956374603,0.1719257716570578,0.05772176675197346,0.06315203673791683,0.5414247570018195
10802,André Filipe Tavares Gomes,Valencia,La Liga,30,2445.0,0.3788699166696905,0.0159896214856004,0.6174565980669067,1.802132752362525,0.002402186536776002,1.3155653709364836,-0.11130960649942623,0.5183458786648738,0.6514854310598125,0.1663782837689382,0.3493193564232154,-0.33077667391282795,1.2407904272475496,-0.22186752937500168,-0.3448270772346881,1.0660597513009278,-0.20042795040409575,-0.12568992636182294,-0.3941690460996612,0.5649784527606573,1.1990734359546205,-0.7870813151385276,-0.06391707938009708,1.3720453372643333,0.8462597075626858,0.39629599907330854,-0.4418160378346742,-0.18912376871004422,0.630157524783814
6594,Santiago Mina Lorenzo,Valencia,La Liga,26,1617.0,0.17167088806017802,0.7775898123748702,-0.23035171424748122,1.2622094788428,-1.8126518607140187,-0.11958943013550406,0.5392797883709085,-0.8367780047108895,-0.26312908627798315,-0.4066657675768675,-0.24120164638640587,0.19371256591577363,0.1426837714889922,-1.1061808363927965,-0.709075051624105,1.2965363454030558,0.21761050935248813,-1.4418994715791305,-0.7897291996171989,-0.1423567158121572,-0.8864481749458353,-0.7294778270377955,0.25733479279805477,0.8838485401292252,2.0504246412328997,0.7705743791686535,0.01081539179594662,0.3278984967848481,1.741689328313543
6402,Francisco Alcácer García,Valencia,La Liga,34,2504.0,1.0869611510510027,1.95002724005514,-0.7385147685440713,-0.4506142343775148,-1.1665266183508365,-1.3564081491160869,1.369093370123425,-1.8567540423717732,-0.26917716405798287,0.19289069355522587,1.096306041609362,-0.6815173160642336,0.11273260349653955,-1.3763904993054699,-0.7844673775336207,-0.03881230293159675,-1.1726248786027582,1.4895367974849731,-0.8625451568433987,0.70277101806705,-2.087664402823408,-0.7398974802933713,-0.6959540816728985,-0.8975586206867175,-0.5033729443992169,1.0757290133159483,-0.017978823095309328,0.040528362135015754,0.13149945081305386
6694,Gerónimo Rulli,Real Sociedad,La Liga,36,3291.0,-1.1450324906279508,-0.7335584665654946,0.05053208756897675,-1.0975000912084674,2.2422206062246532,-1.1908390978056247,-0.9674181758559358,-0.6057707598031947,-1.5167872705916603,-1.191692860582274,-0.8412946854011707,-0.9631382160067261,-0.8127012559390556,3.0407773109153466,3.207765692850234,-2.1405077359321987,-1.807962289111341,0.0025763711481099436,-1.5488097861884091,-0.0038187813659491085,-0.2205759071364202,-1.034627318736066,-1.275308169628122,-1.8183828237419923,-1.314760011975387,-2.562976130341461,0.0853787106848185,-2.851196796979555,-1.7485965868697082
6679,Aritz Elustondo Irribaria,Real Sociedad,La Liga,31,2669.0,-0.6132204852979385,-0.5046781024734595,-0.8830965461640494,-0.23097283560779547,-0.48253457657746524,-0.04089630574889165,-0.5302905884952455,0.5284408964621823,0.009819355399091989,-0.5662664622248896,-0.8412946854011707,0.6436939952268588,-0.6679974727476777,0.019607751425448048,-0.1462450446631381,-0.19686739022609023,0.576278813793854,-0.6129277397536256,1.6703858524026471,-0.03671574907725588,-0.5877586463192844,0.6497394926427604,0.6497218678451789,-0.2578913853233417,-0.3303072051161758,-0.13350942511631297,1.8313178235674243,0.9414358634527608,-0.8597598499532244
16622,Mikel González de Martín Martínez,Real Sociedad,La Liga,19,1596.0,-0.8671099024728358,-0.7335584665654946,0.21309425382624705,-0.8971294181749664,1.2835104493127971,-1.2002063588522318,-0.8384162374806945,-0.7732541493953701,0.5079474024230218,-1.1435488318457925,-0.8412946854011707,-0.7950391469538768,-0.8127012559390556,-0.11137158925709466,0.2480849060610983,-0.9788077567171579,-0.1661822314090792,-0.6930216268865244,0.912209378695094,-0.6507538682238674,-1.3005075682479117,1.856570896170382,0.3153745455471845,-0.2523549530806811,-1.1778464802842867,-0.9625210556802496,0.597350789653889,-0.5520251619038328,-0.00445424899343181
16539,Diego Antonio Reyes Rosales,Real Sociedad,La Liga,27,2379.0,-0.7348425824605529,-0.21999672485751445,-1.2405542497818969,-0.6551086156301087,1.2835104493127971,-0.5824146465442984,-0.7005755786535135,-0.1155116136480167,0.8239213217541114,-0.9234733101656957,-0.8412946854011707,-0.8259159042651597,-0.8127012559390556,0.4225585459981348,0.25286640945074346,-0.7831162077505841,0.3948800581713905,0.4983749442153484,2.1659946783330946,0.5560474531574652,-0.770681234650878,1.103116291100045,1.2655049105173866,-0.687837717114196,-0.8022679890410879,-0.7921108188231036,0.6240325345494803,-0.21950406598872096,-0.011395563674238203
6674,Alberto De La Bella Madureño,Real Sociedad,La Liga,15,1286.0,-0.8690981511594822,-0.7335584665654946,1.0747332738029376,-0.6417675170630484,-0.6339098645109161,0.22200248163148714,-0.40707227557281134,1.0465168765206891,-0.1018643692339997,-0.30895113227154536,-0.8412946854011707,1.269001400102954,-0.8127012559390556,0.21139191937130342,-0.20604463736719267,-0.5718999622421914,0.5206588813777143,-1.9269680755277494,1.3145649614452937,-1.128339072004565,-1.365358013513265,0.5749852254836102,0.322796082320942,0.1434277212976382,-0.2047010426077442,0.25215312382148547,-2.1286908160159554,1.4242683551391075,-1.5126026952237541
6671,Asier Illarramendi Andonegi,Real Sociedad,La Liga,33,2931.0,-0.47915614021495895,-0.5251375550125631,0.7995405844303173,-0.2685030903065041,0.66034884732009,0.7104238287412813,-0.7215618716034288,1.038437068271737,0.4181516664810539,0.1372747324819223,-0.5102300507758296,-0.23115118142003135,0.6367557112106107,0.5594788851202932,-0.08370990209632266,1.2281869663729226,1.5444954540984968,0.010469681764105943,2.764586009581691,0.661745399917574,1.133027544020794,-0.12974868238732234,0.4363988531159642,0.3195791288189008,1.027001447009707,-0.0003280572614060077,-0.28018722920827555,0.024504032345987442,0.7932695632874015
6899,Rubén Pardo Gutiérrez,Real Sociedad,La Liga,28,1842.0,0.6369311006571576,-0.7335584665654946,1.1984995782324699,-0.37681592856254037,-1.4183090838024353,0.7835500293407649,-0.4923800933373354,1.1463775451192226,0.11127255857306415,1.9216757693897164,2.846247718837767,1.3340875485875174,0.8646685479167029,1.5883522329574846,0.21584304051314185,0.49829422552810393,-0.28383422251477897,1.82593112344315,0.8500826733926603,0.7614604440308835,0.9942787692089922,-0.7457623679384681,-0.422108103073723,0.0025700661929839346,-0.994571266634824,0.33140757399760473,-0.25661901072282267,0.29697838202404536,0.7651958846834603
6690,Xabier Prieto Argarate,Real Sociedad,La Liga,36,2452.0,-0.4937959398514303,-0.2352862873145626,-0.9820099200405719,-0.09901031309025422,-0.4901033409741375,0.516117998836913,0.2640978818470204,0.35063689998517866,0.05468376155198155,0.7099618705268431,0.3459203766953311,0.943588423834407,0.44737834385797026,-0.6144318345794078,-0.6056014408395811,-0.08891903525205108,-0.5103400412210546,0.9288795875546811,-0.8479914208214002,1.759180685416058,-0.3715934061276915,-0.4042949143864516,0.9926472839823478,-1.029091208317487,1.3085260051689782,0.7689712931982156,1.1754611507070738,0.5346411075734572,0.4304752413295972
6685,Mikel Oyarzabal Ugarte,Real Sociedad,La Liga,22,1552.0,0.684099264817672,1.6280975582862165,-0.2718108187839883,1.1578366499544988,-1.8665372091118746,-0.2836045013974802,0.5692176712723416,-0.9420464624217185,-0.5802041824172274,0.7816252863717363,-0.21606888379880365,0.29231305549211,0.43154615816464414,-1.0935674070348933,-0.7165940796770247,1.2024879381550149,-0.8432049356161975,0.7536742094514641,-0.36250182051284807,-1.621330250100769,0.0918093666428742,-0.8309868293559863,0.12678845044908135,-0.4470084273534098,1.1216153949831507,0.9305095346433591,-0.32657040591366804,0.5535382956310964,1.314981662225543
6669,David Zurutuza Veillet,Real Sociedad,La Liga,16,1144.0,0.32834592951465497,-0.1995709737668564,0.07833357317001931,1.2535143413801488,-0.5670231093775306,0.8883746902002759,0.007426017547876333,0.25728533894581096,0.2766829419943335,0.0670647843222906,1.7033306050364383,0.21459024752207606,-0.47510125826616395,-0.7201421706555814,-0.6505917452123574,0.9395832003237871,1.1369089332706874,0.5551081142678183,2.099156340429773,-0.4468512669892241,1.6512358577561845,-0.47460984109720994,1.2080478874550058,0.7235756613180113,1.8757439934394442,0.5398415696464022,-1.229364059697823,0.7642633209210828,0.34676176002296694
7005,João Pedro Cavaco Cancelo,Valencia,La Liga,28,2181.0,-0.6976038837823572,-0.45346598982929937,0.5468510801729437,2.0411972810825563,-0.39643120178963065,0.506102229174872,-0.2751491768904043,0.557685453894801,0.014382714007616653,-0.4161838690168147,0.9383484949507318,1.6033362701458183,0.24978676974949562,0.21588654444104774,-0.1130647690997908,-0.03137103533744444,1.066846532697433,-0.5355235727110097,1.9404550063888546,0.07233299077812534,0.4707651014814902,-0.0351035188240489,-0.13900203930114927,0.7375788192558194,0.5557266813838164,0.21036770972055369,1.429514452912807,1.109315830639606,1.0314260286421424
8522,Armindo Tué Na Bangna,Real Sociedad,La Liga,32,1520.0,1.6564271979756073,0.07023323312087698,0.02453025952403894,3.0046573240728884,0.15048935478060282,0.9679575103451105,1.5384444770831265,-0.16100376483540282,0.06466069620211126,0.9222730964349813,-0.2029062353440169,1.6247940337513564,0.7118292598680037,-1.0699604798805822,-0.8127993744517809,0.37672807190227475,-0.822894254489984,0.15797592390052775,0.22773842346186954,0.7988082605533235,0.8026876286844994,-1.002915306888852,-0.9969386944724435,-0.334447940056571,0.3516054467069716,1.1473484322883727,-0.7712968166079901,0.31089983447565045,1.535872851271872
8584,Jonathas Cristian de Jesus,Real Sociedad,La Liga,27,1671.0,1.9341701593232972,1.8254911099345046,-0.8637208876397852,0.9183785900456946,-0.5273865137429322,-0.7379348312725226,2.3798385830152267,-1.667014951162141,-0.5105400563331635,-0.07637728079764024,0.3201062051875482,-0.34686147282151464,-0.5815735495729348,-1.3317810951768696,-0.8860517348169428,0.36012636082239646,-0.9119099775467314,3.1364673516552095,-0.9611696624370522,1.8912318938346846,-1.7402199895944592,-0.6598120270391329,1.1121438050335595,1.316795258774452,0.8719750659606723,1.229484627217656,-0.25718432713509065,-0.0010082312324887798,0.4273352422567212
20542,Álvaro Negredo Sánchez,Valencia,La Liga,25,1215.0,1.7025417607509747,1.7803579604371496,-0.4992118806906702,0.0673566397024455,-0.25876241180627685,-0.7437765600574865,1.9415489908970365,-1.177609601035746,-1.142785207089904,0.2364354493888588,0.7559899962233145,-0.7350540176024758,0.4587864719219762,-1.217686591379337,-0.7821973371327738,-0.6820516045951303,-1.3458316062025562,0.5551081142678183,-1.2457398334759036,0.3506344622840467,-1.5703271027806174,-0.4352030689221736,3.5504173350107098,0.05709844638399091,-0.042654889563199565,1.0675671143644216,0.07428727292809106,-0.011746773667721576,0.16851954297582594
5259,José María Giménez de Vargas,Atlético Madrid,La Liga,27,2506.0,-0.6494297524206173,-0.4897908321833549,-1.7363470025476646,-0.8570724050708793,0.6734221676416157,-1.2991824096537854,-0.5566298804710891,-0.7910834872567609,-0.03344166038270233,-0.879831327919558,-0.4540838138581244,-0.9254163625106759,-0.5044694942967667,0.3923305907520225,0.6303336308744055,-0.7933675207112346,0.43261544326764323,-0.39800914261367965,0.5573207910215998,-1.139803983123082,-1.1844835905264661,1.4938069270101766,0.31664404492082826,-0.5000097741252654,-1.0047624274408988,-1.0842525703274146,0.918413506878734,-0.17241723175360849,-0.8506933877386454
6377,Ángel Martín Correa,Atlético Madrid,La Liga,26,1013.0,1.4822001887139846,2.2816522528897996,-0.3748043068688083,2.943259933942353,-0.6781580255991557,0.4566628025154962,2.1998150021604777,-0.807695723127429,-0.978380023738802,0.8248014181690456,2.0323986337109963,0.06850920161863566,1.0935889579690807,-0.8703292348231997,-0.6148091754052888,1.7370031818758411,0.6863116583751154,-0.15090466860736548,-0.21596019158405388,-0.5457131342545061,1.4005204144358088,-0.929209740871419,-0.917286788522525,1.6780053132230714,1.6937939089853489,1.1176396292924347,0.059571907011349984,0.16654926932614048,0.5345950019212515
6778,Iván Ramis Barrios,Eibar,La Liga,23,1850.0,-0.7614091819182742,-0.7335584665654946,-0.34221867995046634,-0.8612137950022533,0.0851227531729763,-1.016770294277293,-0.6428214065928286,-0.43206994715965136,0.29290330616335936,-0.9950986710218006,-0.3167809318406982,-0.8625597565896216,-0.8127012559390556,0.45101698138282065,0.4775094954987932,-1.2551339930699266,-1.0491936678489442,0.5551081142678183,0.9724045771875149,0.285767202008231,-0.6341330635678856,1.6979692584270338,1.3058969714293223,-0.6801259771063998,-0.8837640054746473,-0.9026817613668455,-0.846336653834575,-0.48975108039103443,-0.7727211476490632
17054,Emiliano Daniel Velázquez Maldonado,Getafe,La Liga,11,1001.0,-0.43603836364203524,1.0972557944584092,-1.3494600096572429,-0.5645254872237577,0.3248002924009402,-1.0436804037401624,-0.5046349983279722,-0.5805515250081386,-1.0395182012974924,-0.7899084612480965,0.1280863776226804,-0.9100813833565687,-0.041044118401016835,0.5059347546399691,0.6451509513327542,-0.5410476361474802,0.9031889949863998,-0.2117678395448815,2.375052938241232,-0.4196642534912718,-0.5476796754346434,1.2647243450866616,-0.06759701724726987,-0.024364439800986622,-1.1920460309758694,-1.041800382973185,0.5927432239070001,-0.20375735010235974,-0.02189090824518545
15893,Víctor Rodríguez Romero,Getafe,La Liga,33,2364.0,0.5436646566901842,-0.21673808436444353,-0.05963780352276975,0.6657165241935205,-0.5909825440521761,0.4650791037787284,0.6147654964163767,-0.200450132164392,0.9179596103273239,0.08824796761601927,-0.4308249543999548,-0.1791690019478397,0.004165066687400526,-0.9412514454999859,-0.7221411466917105,1.019936035533218,-0.4224499307712344,0.7366542584357231,0.21653422770803796,-0.011859051021985178,0.6421958257730394,-0.9671188465973953,-1.0963227202894457,-0.5746150711586248,0.3961761552610168,0.7187262775101846,-0.35995445118901753,0.310846071941656,1.0231151041984927
6654,Antonio Adán Garrido,Real Betis,La Liga,36,3325.0,-1.1450324906279508,-0.7335584665654946,0.05053208756897675,-1.1170157154410016,2.2422206062246532,-1.5010356997070324,-0.9674181758559358,-0.8435827406942623,-3.7146341242676435,-1.1472878760598755,-0.8412946854011707,-0.9863303074839346,-0.8127012559390556,3.341501399447136,4.110985559818852,-2.1533178585101385,-1.807962289111341,0.0025763711481099436,-1.5488097861884091,-0.0038187813659491085,-0.0965956406692432,-1.04837524456261,-1.275308169628122,-1.8566864699809316,-1.411030585641412,-2.6438050336956986,-0.033086832939974324,-2.8658937796549213,-1.7556811725608803
6872,Bruno González Cabrera,Real Betis,La Liga,32,2912.0,-0.6271344369312077,-0.7335584665654946,-1.4040147287627975,-0.8086509227240639,1.091768417930426,-1.059526058359934,-0.6433628258508225,-0.6880836101241306,0.48802202193059474,-1.2370249371978637,-0.8412946854011707,-0.9863303074839346,-0.6800726854247052,0.17562919848671452,0.3796972188394545,-0.5560946974937327,0.28090965930448347,-0.080303390319847,1.6968071352880618,-0.6417503767407796,-1.1054928070161398,2.383267230092367,0.9249905861157431,-0.22303602916072035,-0.9668571887581494,-1.0489911628884956,0.08140088808111375,-0.5827407326481673,0.3946166046866948
16332,Ognjen Vranješ,Sporting Gijón,La Liga,11,941.0,-1.1450324906279508,-0.7335584665654946,0.05053208756897675,-0.7307643986429547,0.3248002924009402,-1.2128180579221992,-0.9491851707508273,-0.4179026225542483,-0.6421200471659994,-1.0784831049535433,-0.8412946854011707,-0.17522326124064944,-0.8127012559390556,-0.661638060537636,-0.3274237666273213,0.4121397262601565,1.8716489135391048,-0.6470217592764129,1.9730498662146165,-1.0187854768720759,-1.1959315760740095,1.508260015947415,0.8444751723802039,2.349146504539979,0.4943471468020741,-0.22118622149538006,1.931616043855073,1.1304220760412191,-0.8050746695906584
8697,Andrés Eduardo Fernández Moreno,Granada,La Liga,37,3453.0,-1.1450324906279508,-0.7335584665654946,0.05053208756897675,-1.0993127352382916,-0.6339098645109161,-1.6061666794746303,-0.9674181758559358,-0.9437972404256307,-2.149477509370071,-1.1506143584883906,-0.8412946854011707,-0.9863303074839346,-0.8127012559390556,2.6540998373264557,3.4271433083469485,-2.154239030438905,-1.7808607938060905,3.732165637206146,-1.5488097861884091,-0.0038187813659491085,0.646026425627102,-1.0359042492290402,-1.275308169628122,-1.8580776117402849,-1.23287655425034,-2.640512497072699,0.0655095190218319,-2.949484522498268,-1.7437523204420675
4546,Dimitri Foulquier,Granada,La Liga,21,1594.0,-0.8111069317605254,-0.3503202659622058,-0.025630148288523714,0.49912637811364363,-0.8443584355403478,-0.8163417220037781,-0.49381758402914017,-0.21964237689130275,0.17641328991991798,-0.30109103417461613,-0.2325428384206973,-0.028674434817772442,-0.5704086603695523,-0.8698573743066932,-0.550807917913879,-0.0356174119156095,0.42296343547027665,-0.030139324168189045,1.839337363960178,-2.0582997034133137,-0.2419997428370401,0.005837308888270803,-0.36520613936470947,0.29767835990708946,-0.7839355301705516,0.03847382761096081,1.2870117592869148,1.2423294645371492,1.3229103468268761
6702,David Rodríguez Lombán,Granada,La Liga,31,2729.0,-0.7549428308004125,-0.7335584665654946,-0.9514734316413095,-1.066247123346758,2.2422206062246532,-1.2981441026259166,-0.7222246784750722,-0.7362253770432214,0.43868227279957267,-1.1276897491129199,-0.8412946854011707,-0.9024257566761371,-0.8127012559390556,0.47096880167450433,0.6580852879164422,-0.9721269212325909,-1.0192581280092283,-0.8262212435314542,1.0598795466136266,-0.371852609063838,-1.5969197150579775,1.3342059830002446,0.45235162069053286,-0.9340065048848831,-1.1605891225914482,-1.1331054541356174,0.010312891822632415,-0.445758459067323,0.43233909546741917
7158,Cristiano Biraghi,Granada,La Liga,32,2913.0,-0.8100370249464405,-0.7335584665654946,2.2012814681401816,-0.6123395937707183,-0.6339098645109161,-0.8082351010056981,-0.8142809623641456,0.00045784231162678246,-0.7701893782911297,-0.46880730515921465,-0.5081843372766001,0.7691748742702842,-0.5475351746910034,0.18093886471407375,0.04217473279161567,-0.6653829555531927,0.6656980861908314,-1.590437225898325,0.34732817748663825,-0.6353478939083611,-1.1284800464719007,0.41412489473834796,-0.6320454719018909,0.11907847237150955,-0.9311547014824584,-0.11435937675165585,-2.1005220706453662,1.0437593710719701,-1.4842890082730038
3160,Rene Krhin,Granada,La Liga,24,1504.0,-0.6731554154199045,-0.7335584665654946,-0.03860898352766499,-0.586611216814946,1.3572573844598628,-1.2455316465518917,-0.7506709030672158,-0.757220212782499,0.18017136329517008,-0.8402487027779018,-0.8412946854011707,-0.9355821871039525,-0.2991182807558263,-0.844778832092245,-0.36117058599227087,0.3215011442583513,0.30757610970979116,0.368222377624388,1.5524179879109654,0.6749707636631285,-0.4016471904785253,0.5759577648596115,1.4576201122954102,0.345875856264901,-0.04568692022275887,-0.4287569973835131,0.05152263063659118,-0.373542406593462,0.08273035737656505
6599,Rubén Salvador Pérez Del Mármol,Granada,La Liga,31,2545.0,-0.5524512991289663,-0.7335584665654946,2.2224149797648796,-0.28679327487097583,0.5503791528507893,0.30585431686591896,-0.8797779591758602,0.5369292838019092,0.07507780496480203,0.052614752830397314,-0.07874030890853902,-0.6564376145305263,0.24957802946939947,0.9254101403502438,0.2181311931818939,1.382289621015407,2.0897332349110807,0.4052469103556331,1.3449426110272618,0.22738666775999614,0.9702912070294832,-0.18195375325706298,-0.0165124964009835,1.1946750648911957,0.1377100797617903,-0.22432019976247614,0.13699780506701575,-0.42428684833867397,0.5235145285741132
6918,Isaac Ajayi Success,Granada,La Liga,30,2480.0,0.8939331295048812,0.7443811102771895,0.1702774369941191,2.452821358896996,-1.168048380504665,-0.002642728267709751,1.011201070884963,-1.2438138188948387,-1.5675297347589179,0.14657218992464854,-0.058754004685949164,1.2603380928221133,0.5888832505287251,-1.0313733264434684,-0.4913443997493678,-0.33462137003992015,-0.6759284590021202,-0.7157148949075123,-0.5094509362610465,1.0549075738500524,-0.5355011465684175,-0.7728999711082475,-0.32474696644674905,0.9737435298172897,2.583504418152529,1.098351176661,0.11249361986603795,0.19434364799450832,2.0041692305428245
6847,Adalberto Peñaranda Maestre,Granada,La Liga,23,1705.0,-0.0003500372200451418,1.0578834447589702,0.20561208122268182,1.3248632491487145,-0.02382158283973457,-0.7939062412707153,0.15962749806640708,-1.6455169386027768,-0.30056463789126286,-0.18702237432228136,0.8660667997956762,-0.22531685183854863,-0.13314513159104102,-1.3386005671427754,-0.8063400350937605,1.0283511544851645,-0.10648113840172438,-0.26477769810336216,-0.9008977758440793,1.1722864257777204,-0.6327989863968687,-0.9305062718084062,-0.7789778444238622,2.78965966107576,1.0085090207172893,1.0062993537743172,-0.036493134941217475,-0.4547805857124187,1.2245080570071145
27109,Youssef El-Arabi,Granada,La Liga,35,2604.0,1.3078584809604186,1.377783786066911,-0.6029182622250028,0.4264031097821187,-0.18451447845848334,-0.8203702910633126,1.4045529491081785,-1.4894692981337088,-0.9175270942869161,-0.0338970005695922,-0.46865626601297006,-0.42942620303755613,1.4120360559145646,-1.135112394731546,-0.5864295787240088,0.5876807432048496,-0.5142093404150886,1.0846177014242064,-0.8888994052821472,0.1745661843925459,-0.643647526029309,-0.6834646496791891,0.767411876280567,0.4059021775094051,0.6625246303178907,0.8953325973619886,-0.021552858096315127,0.20196220404649246,0.5608444662227697
25707,Francisco Manuel Rico Castro,Granada,La Liga,28,1522.0,-0.2707267402424775,0.06917700224086842,0.021561264256200273,-0.38425402047823487,0.00523024009698854,0.45583233856622474,-0.4263220033279853,0.783156456476157,0.23564950206949684,1.899645005338918,-0.8412946854011707,0.16707243902351734,-0.5589467241796678,0.4538213634835253,-0.11765041416460068,0.3824187937019112,0.1595849022480054,1.0515233522269323,0.8705725564245618,0.10413887323594476,-0.2235873671010565,-0.4144716254073171,0.6310027846949791,1.9590855633526243,0.005736118294546747,0.2385966625930111,0.17857507118582108,0.0037489386627318115,0.9024933485131535
20064,Hugo Miguel Almeida Costa Lopes,Granada,La Liga,26,2035.0,-0.6655033547408552,-0.7335584665654946,1.4875541258186908,0.2384760771061441,0.4119557612111089,-0.3371970611316958,-0.773503222789664,0.2930089271932569,-0.022570957783077814,-0.3572930601939975,-0.3644640003461955,0.5889312493527782,-0.6229153113013218,-0.5164914888363872,-0.41724611111852483,-0.05329510922202967,2.2847896680009794,-0.6585992540456997,1.5273130016625982,-0.5193499696504303,-0.5609640618036815,0.6327778459472221,0.35836597028165246,0.006631276101242198,-0.47793366646562263,0.08820392267840861,2.0560537747303047,1.0956847511941399,-1.3073246468692437
22819,Bruno Soriano Llido,Villarreal,La Liga,31,2693.0,-0.3214817095370421,-0.2798772992712929,-0.2501748404776843,-0.49872550931817466,0.7508936954728764,0.9112661728766126,-0.6616074166329352,1.1353465816529755,1.079938620737138,-0.5168458678162173,-0.4809714607123948,-0.8446199973252024,0.6214405834140395,0.10739919004792826,-0.2171552474836817,-0.5111166676292448,-0.0009678253053610986,0.6162053743243254,1.732853719603147,0.14522147141062827,0.9744284752570704,0.03578090351411051,0.3632190683578791,-0.5504869295471513,-0.5348747073236342,-0.06580307405733317,-0.493389730263535,-0.37198071315837394,-0.03761092375283233
6622,Tomás Pina Isla,Villarreal,La Liga,27,1696.0,-0.7788825902896319,-0.7335584665654946,-0.09587678559877938,-0.9112218028951543,2.2422206062246532,-0.49166809663718514,-0.6436963304991982,-0.14775583734652867,0.42016583032387594,-0.709237681978858,-0.26915409336881574,-0.8963242071873625,0.09818175665006797,-0.703791622327333,-0.41079888969264927,0.3551894064534743,0.9509251899284261,0.4915669638090524,0.8394743635772958,0.12654756314940874,0.8701907004515487,-0.11118892638403556,0.7918290380643166,1.7109065750691423,0.4670975743602653,-0.05804222242492698,0.4034525545536452,-0.21082762121829476,-0.12780880016330784
26009,Roberto Soldado Rillo,Villarreal,La Liga,28,2303.0,0.4343111896602038,0.5927152888874853,-0.404298398182137,0.13372381236720396,-0.6339098645109161,-0.09455301670013307,1.3122695740335868,-0.7695816513262752,-0.9401126069783495,-0.07098865645348584,3.3721245247024987,-0.35663934440170736,0.8643043773123055,-1.1474218586446157,-0.6716836864818533,-0.06138155690373898,-0.8327321028600627,-0.2391562664667628,-0.6427582775363899,0.6406292729288732,-1.2484783412513158,-0.45898763879751014,0.1420087785002886,0.9774357766927481,1.6721505042681974,0.9124434621910127,0.26590193907402726,0.038964154363426665,0.4611879058362017
6605,Joseba Zaldúa Bengoetxea,Real Sociedad,La Liga,13,945.0,-0.9572803421853843,-0.7335584665654946,0.9777879996320962,-0.2615482529695987,-1.7401138917169043,-0.3809055969973605,-0.7313924071249387,0.3938893760309574,-0.720647826126115,-0.44767115866926244,-0.8412946854011707,1.355923680339664,-0.8127012559390556,0.2502918292011163,-0.11046348081266848,0.1388693555287822,1.0638498118218211,-1.5264123317952232,0.9190455430419919,-2.244055948748606,-0.8624264086168599,0.691698967849665,0.45171877827649654,1.406878963574874,1.1496278297409543,0.378827053010165,2.1894913544488888,1.3406474652443465,-1.4891462823512291
6665,Íñigo Martínez Berridi,Real Sociedad,La Liga,30,2787.0,-0.6357371041099017,-0.5143687673327562,-0.9894649314343185,-0.7483397246613819,0.5503791528507893,-0.08534761885596662,-0.5611106713500628,0.33530942444459205,0.3653975664293778,-1.1299651136299373,-0.8412946854011707,-0.9589441671712353,-0.6741241488928454,0.8612655309538786,0.4096225988876654,-1.1256964266257772,0.03881936890681097,0.266284703091607,1.8423766061113696,-0.8338248617133267,0.4111754062623639,1.0272256232958559,0.7200369226764608,-0.23762711185788052,-0.4925873760263851,-0.816230879430186,-1.2477813888687637,-0.22816623584163195,-0.9233596513589309
3023,Yuri Berchiche Izeta,Real Sociedad,La Liga,21,1897.0,-0.4903248143245361,-0.7335584665654946,1.3314378497406496,-0.197747765150877,-0.8393477552777424,0.47033782624298315,-0.37953111351858143,1.036371680737769,-0.027318852901497305,-0.21465159305196296,1.2047789974388396,1.9508007588096858,-0.40551686233042267,-0.1493262299248122,-0.3996986763271782,-0.04390605507807666,0.7079336664714077,-0.37932056894933663,1.7510899888652547,0.20563705696163428,0.2546595933506369,0.21304638531007986,0.8595775408812777,0.21068930661463972,-0.0725447329086338,0.3639146866585707,-2.130452333480029,1.1491023255080164,-1.6476720649225467
6633,Markel Bergara Larrañaga,Real Sociedad,La Liga,20,1388.0,-0.18631970094013353,-0.29344197394183286,-0.632705217589112,-0.5406854924915518,0.9147757735774678,-0.804546016716864,-0.47297270600270536,-0.2905177266431448,0.5590440972649161,-1.1295408852224273,-0.8412946854011707,-0.9313409897234929,-0.8127012559390556,-0.6133124702233473,-0.2957163621002446,0.6891515326382581,0.7540662447381534,1.725602991139834,1.4578712288340692,0.8581253809124927,0.309390427919995,-0.5133075567585743,0.8585904007295302,1.521989145821841,0.6035206167069322,-0.03986209742841478,0.2037059428894324,-0.07798049828168366,0.4050281734070144
5560,Carlos Alberto Vela Garrido,Real Sociedad,La Liga,35,2819.0,0.774615007948095,0.3499493230081886,-0.43127714186545163,1.5927301110335332,-0.7052188844465092,0.4590234645030059,0.7489162337580408,-0.36215794729967743,-0.18514601984273169,1.3032437675951374,0.5355771756656963,0.9360135331177013,1.2423593897036638,-0.43906250923792534,-0.381677833249729,-0.08734911215552313,-0.712471587253252,0.5551081142678183,-0.8521466809819405,0.966873434904302,0.07017599120102394,-1.0141827871381581,-0.5891534404145099,-0.03510994320478907,2.12888130047395,1.0642312754239995,1.0321283776396364,-0.02379394053925485,1.0358666666690661
6935,Adrián Marín Gómez,Villarreal,La Liga,11,962.0,-1.0528153491112016,-0.7335584665654946,-0.5281763593184924,-0.012655023495532965,-0.8030940098483029,-0.01922859605860724,-0.8247382772787457,0.6357291563956667,0.06983122600140346,-0.3065392980591589,-0.8412946854011707,0.12443104669579919,-0.8127012559390556,-0.2697215184198787,-0.2244269821627414,-0.30289738954300455,1.888602788833668,-0.030139324168189045,1.5133938940252631,-1.8062019418868456,-0.09845766269216079,0.19515549991093611,-0.5841383412047559,-0.20798036552614582,-0.9620058819340309,-0.16155932975988263,-2.1285476359625357,0.9007150931145765,-1.5074237153987655
21210,Mariano Ferreira Filho,Sevilla,La Liga,23,1755.0,-0.5889972817788114,-0.7335584665654946,0.6761121122183826,0.09553205882994596,-0.12635742849875664,-0.2640163935755133,-0.009349079113545348,0.24828665794911803,-0.6449987505936507,0.46312166270989297,0.26451778649270336,3.1887218936233817,0.06755947873396631,-0.016115008887793495,-0.09317116618837816,-0.5931216143768819,0.9648218083413671,-0.11696174635375065,1.1088805683674083,-0.29803814047411603,-0.2300585428626343,-0.34730308977785684,-0.5175812466158393,0.16769919110364523,-0.4927156146930782,0.584055799083032,2.064686315767879,2.00067345329481,-1.2615756083336809
5504,Éver Maximiliano David Banega,Sevilla,La Liga,25,1764.0,0.8163069172095745,0.65166078912984,0.4951327278734399,2.4679352069971063,0.4590197143686,1.9932858546419019,0.17056320909708575,1.6107120914291955,0.1911184697209334,1.9767725896685846,0.25887588612589835,0.9174721949342615,2.6903771779637875,1.526447034332232,0.10359927578749574,0.6166411907319215,0.9506749507013028,-0.11696174635375065,-0.08757965703882925,1.4070441296330556,1.4790285371713285,-0.8841208195520763,-0.9326440926629199,0.2986546647166762,2.22821348560631,0.4328739195697137,-0.10446029027833491,0.557017506132317,0.9810105752356996
26723,Álvaro Cejudo Carmona,Real Betis,La Liga,30,1931.0,0.5088587807382099,-0.4172033698479172,1.1691726035141603,1.431918639631862,-0.7076567996579823,0.015270457001064268,-0.4254229785289898,-0.4316623018254746,-0.9284713073643597,0.38542205761312487,0.1637290785417344,0.9504555441593394,-0.012671432349644168,-0.2837788445440714,-0.31574601909836336,0.8670144416985246,0.6151724413140578,-0.2709268416961468,1.3751639160560118,-0.3995695043840899,1.0297158353748797,-0.5747834370674126,-0.5866438765744938,1.853748917859553,1.1473935766992855,0.5254554902677653,0.5679378903474022,0.7444485510539107,1.4593588142049807
6788,Xabier Etxeita Gorritxategi,Athletic Club,La Liga,30,2564.0,-0.799038379320959,-0.7335584665654946,-1.9813858868892724,-0.9873628915833307,2.2422206062246532,-0.5230315390616921,-0.6127634708609764,-0.03746782770219134,0.48442646430418607,-1.004282559441381,-0.46284287413483927,-0.956562299273524,-0.5114419756443692,0.49417484422227315,0.2656235839503388,-0.7602417703546086,-0.16554191157378215,-0.7157148949075123,1.3234990480213733,-1.9910736336729222,-1.3339831754364522,1.1041148487747656,0.4456566712050686,-0.48288128156211935,-1.2199470654861024,-0.8312760253462531,0.5096602080227142,-0.7437803571762935,-0.10464878375344831
27241,Víctor Guillermo Álvarez Delgado,Espanyol,La Liga,27,1997.0,-0.5675324546697811,-0.4276587711415377,0.21341920525276276,0.5829895854876247,-0.7404332152789006,-0.6285226019594363,-0.15122413911523774,-0.6107922277081956,-0.895677918296133,-0.34055304450739393,0.13051347092018623,0.08382735172578379,-0.4259066667174348,-0.6332100672151451,-0.3174713205124291,0.1664309802118544,0.5819498930321112,0.18133664098095656,0.7868169400236386,-1.0764452637839126,-0.5082988204998871,-0.25447757672539356,-0.034304829496360545,0.5426767785736571,0.27449481270972115,0.22831541019138413,-1.8328235483786952,0.7885211159640969,-1.147997493403497
27148,Abraham González Casanova,Espanyol,La Liga,20,1144.0,0.09570723159740141,-0.1995709737668564,-0.8080190257641495,-0.8026966438094222,-1.5926200214227726,-0.1862632733597368,-0.08255960030478318,-0.044967008407248765,0.3480075571955184,0.7191096450823677,0.006913744744698324,-0.18571660414659422,0.5376987347525124,0.006421933223263509,-0.12372822238092315,0.31362544831967437,0.23708717087617892,0.3009435124327526,1.133518248089666,-1.3255355432430467,-0.1596357578127323,-0.7878018488988072,-0.4299103629615255,-0.36717031948052675,-0.6829234311792853,0.24414003282055832,-0.6013774844254264,0.25890997796506554,0.36778678842446194
6624,Jorge Franco Alviz,Espanyol,La Liga,26,1044.0,1.4041884903810342,-0.1484227464872931,-0.11705220313135287,1.9086827375102422,-0.8640003021697615,0.14505823229707868,1.1032853522018171,-0.3926284727845418,-0.7508891304971596,1.0493791109539474,1.9470686596760558,1.7186806148390976,0.29711023066378456,-0.5458665375013725,-0.4816084629882855,-0.3446633075272681,-0.3737636180151124,1.3493724950024004,-0.6082478639771852,0.966873434904302,-0.7862424351348312,-0.9760470451588671,-0.8700192785968659,-0.9380358404655095,0.5974606372157195,0.9693249559526165,-1.7293131496166316,0.5185405290356521,-0.7982988555707077
4498,Jean-Sylvain Claude Babin,Granada,La Liga,25,2319.0,-0.6477200405164955,0.056715390823434506,-1.8534742051024065,-1.1087210751331618,2.2422206062246532,-1.2220424524501519,-0.590091678227966,-0.6883849257611968,0.8264878658811557,-1.1083592501414554,-0.8412946854011707,-0.953417339372036,-0.8127012559390556,-0.2027185049359834,0.1792497410358616,-1.305228121925812,-0.9201691919321103,-0.6001855304370279,0.46250826997608363,-1.854852387093708,-2.18407933839161,1.854392757237233,0.6535403836590543,-1.0870908879196144,-1.1897942973603783,-1.07094372093409,0.9194018953610641,-0.39190117778641953,-0.47461583745855
19454,Ricardo Miguel Moreira da Costa,Granada,La Liga,14,1295.0,-0.5284950302016851,-0.26183515246384004,-1.5662412551025564,-1.0870429651673705,2.2422206062246532,-1.2838439715076164,-0.45071311457996927,-0.8053691011028824,0.7577822634907903,-1.1218219533045004,-0.8412946854011707,-0.9863303074839346,-0.8127012559390556,0.39886707137854355,0.5366481151589422,-1.146666873726511,-0.4349524030174805,-0.28095965492647773,-0.4114198478233307,-0.26560451033620774,-1.6789500514927544,1.3936288548613733,0.5450715862713409,-0.3525147364180603,-1.2631750095753087,-0.9650820594782153,-0.7118587133414636,-0.3121454320355613,-0.9207765724854691
3292,Abdoulaye Doucouré,Granada,La Liga,15,1204.0,-0.40821446621671587,-0.7335584665654946,0.6524970892084803,-0.1856671823293516,-0.3143398122069638,0.0048845415837413236,-0.5256615380476966,0.055275256805486374,1.0017764099125372,-0.12183326171850241,0.7705831286966282,-0.7961513048639351,-0.17114910089289553,-0.33619166310332643,-0.3254401330832591,1.093033231913346,0.1351744070894252,-0.46155029307244555,0.7959548396562655,0.8864944384755727,2.1020737039079975,-0.5038740444839871,-0.020201376092788804,0.17856504499874176,-0.8107353658926794,-0.06519240226162451,-0.20188008418074388,-0.14667625829717448,0.458297812009937
6680,Rubén Rochina Naixes,Granada,La Liga,35,2538.0,1.5813683883518717,0.7106062893721949,1.573817548210099,1.5441682358853601,0.30688047638389615,0.7015818108301487,-0.39956567170771035,0.34530715138267515,-1.001969132186465,1.0554599727841383,1.4526779956552716,0.1564421810727002,0.4046806111619322,1.1509106908255633,0.30522288427135236,0.5076791813127662,0.4781097061289237,0.042679481535830496,0.6274904061620293,-0.3066871085108921,1.951442411046422,-0.6559786170886984,-0.03685700919218574,0.7115422147213379,2.4488733988357207,0.4122328149309047,0.3367607296777017,0.22072982605507124,1.1265634086782506
27054,Roberto Lago Soto,Getafe,La Liga,17,1402.0,-0.8919286671212099,-0.7335584665654946,1.6923156063781666,-0.22920586743353613,-0.058683770363802304,-0.6107090429272515,-0.6614756329902601,0.04631731322146399,0.5166765450994044,-0.2793282344324209,0.5429427526685503,-0.11528696310170208,-0.8127012559390556,-0.611550549209828,-0.49966895178842685,-0.09580916928797638,0.728482507595577,0.9731419988649669,1.5153960481195543,-0.353638649281959,-1.4354477679968964,0.05621933760360746,-0.5423687730494856,0.4198472512582758,-0.386880343686462,-0.02013421893637112,-2.122832428898277,1.0308654781295032,-1.5445427437710022
24255,Juan Carlos Martín Corral,Rayo Vallecano,La Liga,21,1867.0,-1.1450324906279508,-0.7335584665654946,0.05053208756897675,-1.102083868422354,2.2422206062246532,-1.0172473373971351,-0.9674181758559358,-0.4281560113795401,-0.46800915020537803,-1.1571171363719903,-0.8412946854011707,-0.9863303074839346,-0.8127012559390556,2.231021834702961,2.2751430229548077,-2.1634158264804175,-1.807962289111341,0.0025763711481099436,-1.5488097861884091,-0.0038187813659491085,0.31223839375356605,-1.0378563944956236,-1.275308169628122,-1.8273794809201993,-1.337371784813401,-2.6161092152775307,0.001625207782428901,-3.0422616611653157,-1.7236502555587414
26222,José Eduardo Rosa Vale de Castro,Rayo Vallecano,La Liga,22,1763.0,-0.6418396934690587,-0.04055598016544626,-1.0508865908409177,-0.7034023726293522,1.2835104493127971,0.6582401974896656,-0.6462670087947139,1.2400011033605383,0.017555086104245995,-0.8139169844414667,-0.8412946854011707,-0.8997447453154795,-0.5936346664110987,2.147057474811763,0.6870140393616117,-0.7487261014487269,0.3152700033226668,-1.033420647201345,1.2360644247829964,-0.32722840759823385,0.34341266744244414,1.478510057242942,1.3989876714266756,-0.26632426453432095,-1.1495728684988384,-0.9699408854957566,0.07374391801634113,-0.4867349013749635,0.8590316268078553
26607,José Raúl Baena Urdiales,Rayo Vallecano,La Liga,24,1889.0,-0.7223665238455187,-0.4101695349817772,-0.8405688835701004,-0.3957084937927893,0.6734221676416157,-0.41024640744757696,-0.5496130625792145,-0.14634653449188068,0.6227480979869252,-0.6052076194978927,-0.32760996116248664,-0.7843049685440374,-0.608246837020163,-0.17953815543383406,-0.1663636536787467,0.7233069843235876,0.27272667761137687,0.10124275384805782,0.595462272044855,0.5747213614186855,-0.004336021591364167,-0.13719063258623782,-0.12334736795537476,1.2765128509488646,0.8743264944408751,-0.20282825281376893,-0.07917842057678601,-0.12751165310806542,0.32676929890070894
26690,Alberto Mateus Contreiras Gonçalves,Rayo Vallecano,La Liga,28,1032.0,1.004020080571484,1.6342000286346707,-1.3906944523019864,-0.39688253359601844,-0.6339098645109161,-1.2915962902068054,1.6427460443121011,-1.578577755948804,-1.2543897215971251,-0.08052986633037792,0.09896737282254543,-0.5425793013706024,-0.4384624988287955,-1.321388047315013,-0.8077964866093061,-0.06980633507103863,-0.4477666017708044,0.5551081142678183,-0.8351857696269863,1.5831124075245573,-1.5094545468402414,-0.23728799022429395,4.464713566140136,0.40311618323844095,0.31801706466408824,0.9778848628913982,-0.032696960331496945,0.307209189589463,0.5495228706633498
6649,Óscar de Marcos Arana,Athletic Club,La Liga,34,2975.0,-0.7573795253141811,-0.5282200827800688,0.5268033280465991,0.23154525858445293,-1.083305250563349,0.011947645538556184,-0.09657920832989507,0.485033557264519,-0.24321044241500775,-0.43467003761114426,0.13720996409819902,1.0661113207915107,0.3556784334861866,-0.11382239077511726,-0.26530214864770074,0.5019832977931292,1.3376331155618995,-0.7474854701368953,1.7931094738901598,0.0767504744528227,0.6971043426623095,-0.09837149256546722,-0.07654828814138667,-0.21648238734331737,-0.6971450760484147,0.4056663511731997,1.84442591992541,1.0177020056720076,-0.465241752299244
25144,Diego Alves Carreira,Valencia,La Liga,13,1209.0,-1.1450324906279508,-0.7335584665654946,0.05053208756897675,-1.0835508033674282,2.2422206062246532,-1.5754820462231558,-0.9674181758559358,-0.9314113927142076,-1.1446758666984422,-1.2370249371978637,-0.8412946854011707,-0.9863303074839346,-0.8127012559390556,2.5085433420336307,3.0603348449165595,-2.1667774469770205,-1.807962289111341,0.0025763711481099436,-1.5488097861884091,-0.0038187813659491085,-0.811938974173579,-1.0618448557252052,-1.275308169628122,-1.8942146925984813,-1.5053522462353055,-2.668372888217744,0.01812643014276673,-3.1063004007924606,-1.818067411920155
3638,Shkodran Mustafi,Valencia,La Liga,30,2769.0,-0.37612336699533816,-0.29232936453469505,-0.8935264127835577,-0.8146983828423775,-0.6339098645109161,0.04355722347391381,-0.5150961030190929,0.4442964744108272,0.7034331077615318,-1.0753912815728306,-0.8412946854011707,-0.9587661424238071,-0.8127012559390556,1.1403991833792422,0.45346348634648176,-0.39772614291143543,1.1660964936385845,-0.058641634481630726,2.0860595274924525,-0.0702116653590541,0.014650008004933246,1.800994764883763,1.7589952256611412,-0.0015399766212989073,-0.6747720762048126,-1.0175868947109303,1.06507723125332,-0.429294137740814,-0.9567246718221571
4406,Aymen Abdennour,Valencia,La Liga,22,1918.0,-0.8212628185873936,-0.7335584665654946,-2.0333007480464085,-0.7715199814631722,2.2422206062246532,-0.4295178725125789,-0.6722203095739054,-0.032002426491226595,0.8598685364151379,-1.003675827486854,-0.8412946854011707,-0.9863303074839346,-0.6113381707785822,0.2131751309272293,0.23685125614293162,-0.7421855806833327,-0.10027135318015666,0.4643350421838664,1.7789551794661087,-0.02858952086687892,-0.9659362581755351,1.0864106472142192,0.9937783312684573,-0.332821488802617,-0.7422877170997929,-1.1147396164743275,-1.1117514969712607,-0.5597370272954926,-0.8903402288309188
6751,Javier Fuego Martínez,Valencia,La Liga,26,2108.0,-0.9766968357150235,-0.7335584665654946,1.234604588839958,-0.6535873390728689,0.4446390620149225,0.5183050041812032,-0.7964967271452864,0.8683967026077215,1.1292477502718554,-0.6000748531005435,-0.8412946854011707,-0.9139155322927648,-0.07984661203433398,0.14167613804479562,-0.17433142384613637,1.6173690846916908,1.210794591179914,-0.332599134788479,1.246104768238112,-0.4196642534912718,0.7558938552292854,-0.339482644182811,0.015046404826230073,1.8350189093043787,0.42873398676803604,-0.300575925961575,-0.08021004529518401,-0.4125181069302625,0.3148887490243332
5718,Rodrigo Moreno Machado,Valencia,La Liga,25,1419.0,1.2306474426252427,0.12744462259820147,-0.46326216448872465,0.9248135281181241,-1.009057317215556,-0.03382500196793782,1.644257430658463,-0.6806071193359341,-0.566895539978585,0.6554215424034767,1.2101861689051185,1.1114017214154537,1.6368615178735562,-0.8927480809924324,-0.5845792399363211,0.22861538390766634,-0.9506268255754876,0.06633003381576864,0.18118782971807018,0.22738666775999614,-0.5912970150123008,-0.872472944031216,-0.08257638037757505,-0.3993008212404841,0.48377791110948737,1.0773916097329357,0.5826552251807258,0.42092208387618946,1.185877047716878
6596,José Luis Gayà Peña,Valencia,La Liga,20,1493.0,-0.9667748413196199,-0.7335584665654946,0.0014921344822819785,0.3116721126324484,-0.4647257191735296,0.1659890096266897,-0.5996805671988514,0.6587714191249074,0.3688151649575308,0.16192355442080966,-0.8412946854011707,1.160794453509174,-0.8127012559390556,-0.13116739271081512,-0.33649074726102957,-0.13049365691040649,1.764806235653996,-0.949813870281915,0.013228583619179278,0.09116542118078146,-0.9437807675014829,0.018069716386398125,-0.6680147016777371,-0.724128448226787,-0.10495250756731847,0.1080228979207574,-2.1697852618071685,0.9861353123353291,-1.8812402045714265
5741,Enzo Nicolás Pérez,Valencia,La Liga,20,1277.0,-0.7282138995279694,-0.7335584665654946,1.6989398107892597,0.307637269630581,-0.33637912615896065,0.43682750115904145,-0.9271113838342275,0.4719307510313517,1.4925918692691154,-0.5360639467112279,-0.8412946854011707,-0.8667920568159736,0.3970540998566792,0.034834458624555274,-0.1483883316176712,0.8089789497663358,1.2698931988598523,-1.033420647201345,0.7580343331268242,-0.5737239966463358,0.3214434869654627,-0.00969629388585277,-0.18661851178691774,1.623505156517182,1.7691924833360402,-0.16711478501933408,-0.060684465233105035,-0.29328983130009034,0.28382794964908753
6865,Francisco José Molinero Calderón,Real Betis,La Liga,21,1230.0,-0.7122866850713035,-0.7335584665654946,0.27889174367391756,0.31111819264176005,-2.482850881412354,-0.3330140906350106,-0.6186934237440029,0.1771289237518993,0.07655323609744012,-0.6305702049136944,-0.052391885330541406,-0.11758850039376893,-0.4987058109489841,-0.5897199759925057,-0.49366731472119685,-0.27484921753409913,0.7788423871707588,0.6485509825895345,1.0457646870332842,0.2558284664963155,-1.012806571814511,0.9408016006646843,0.0024109544313926715,0.9463361412989815,-0.9954018048130362,0.08323278193668943,1.8118284944040182,0.9378154196360632,0.07069140228007759
26448,Javier Garrido Behovide,Las Palmas,La Liga,18,1626.0,-1.0904735176026663,-0.7335584665654946,1.1158109119472888,-1.0579372215394796,2.2422206062246532,0.3504496466799126,-0.8513481661124069,0.9335495854161157,1.0921990601000147,-0.7782676673888057,-0.2445231945728349,0.04635961080195019,-0.8127012559390556,0.11539537777028261,-0.1304571621886638,-0.9416511212979976,-0.3115797272941503,-1.033420647201345,0.2628998942332099,1.5831124075245573,-0.9795953069902326,0.5081600985126922,-0.34594249963024926,-0.6663540263908274,-1.2481816669202621,-0.49538265984608326,-1.8651592525546667,0.23286468573331479,-1.2945425121900447
3379,Alphonse Areola,Villarreal,La Liga,32,2984.0,-1.1450324906279508,-0.7335584665654946,0.05053208756897675,-1.1148306930791962,2.2422206062246532,-1.8675033032314998,-0.9674181758559358,-1.212774335208565,-2.2463048768026717,-1.2370249371978637,-0.8412946854011707,-0.9863303074839346,-0.8127012559390556,2.109862348569117,3.539335315739946,-2.168937970576819,-1.807962289111341,0.0025763711481099436,-1.5488097861884091,-0.0038187813659491085,0.14258075175607446,-1.0468359893995924,-1.275308169628122,-1.8523978895812723,-1.2250845773571146,-2.6794015563154474,0.025424095780042344,-3.165919463344648,-1.8714786018897236
6734,Luis Carlos Correia Pinto,RC Deportivo La Coruña,La Liga,20,1147.0,-0.5262852185155693,-0.7335584665654946,1.1336694085781112,0.5821291621400186,0.2010957560252169,-0.3331135247299572,-0.5785003877987567,-0.20956794889371397,-0.8386356178903639,-0.7167533970342869,-0.8412946854011707,1.2095988212861382,-0.4759842573882378,-0.3452073269455067,-0.2547733161899778,0.18704647227981133,1.1292065673882588,-0.7686658536231509,0.5914400978318998,-1.621330250100769,-0.7887833940849321,-0.5932855833733819,-0.43212151677146443,0.7167287815780382,1.5023327897033634,0.47587590134216395,-2.0847054062754706,1.0594165688462591,-1.4755094041544636
6794,Gustavo Daniel Cabral Cáceres,Celta Vigo,La Liga,31,2763.0,-0.9523877780565878,-0.7335584665654946,-0.6682870828429679,-0.8600197777686936,1.2835104493127971,0.876785604405437,-0.6693550652560296,1.1957137046039246,1.576502128124285,-1.075040285577988,-0.8412946854011707,-0.9310822632917571,-0.533139621963096,0.8143453951874072,0.14861388418238033,-0.32906650929600767,1.0032072559445397,0.1723300994559722,1.9606810343098222,-1.1158582826856742,0.4670909821032198,1.3857682548285026,1.1749074061178444,-0.08775301755899065,-0.635132799508559,-0.9857724429929048,0.43670758219461875,-1.0520845180950045,-0.3598509328483582
6873,Francisco Portillo Soler,Real Betis,La Liga,19,1012.0,-0.7067276974505167,-0.7335584665654946,0.3344260464115358,1.7536737702100444,0.8666799463076422,1.0428914603531405,-0.018004700540918767,0.5350239089633807,0.8518209044697642,1.1216764721603285,-0.8412946854011707,-0.5338095186410899,-0.04943169598295224,-0.4759797770513682,-0.6385495157553263,0.27123198852675356,-0.6983006690833303,2.143636875736983,-0.214643146530097,0.7988082605533235,0.8934254534148444,-0.6635463240644779,-0.9766622053165528,0.4485179792035975,0.3540520312826533,0.5198779230116025,-0.34902687032080976,0.18805568013754967,0.9234182755100422
5202,José Ignacio Fernández Iglesias,Real Madrid,La Liga,16,1203.0,-0.7763172365169254,-0.7335584665654946,0.2223355336622002,-0.8718976066234227,1.091768417930426,-0.33769403036515083,-0.796273459607486,0.06345169519041254,1.7159308045916213,-0.9889985628971063,-0.8412946854011707,-0.6691018243106465,-0.8127012559390556,-0.6229674932127937,-0.33797098629919103,-0.9189677777436712,-0.174370660624552,-0.8064879669914642,1.1039970318188084,1.393500415949094,-1.2837158732957654,0.7996039021978386,0.08133394655630416,-0.027162220727865376,-0.2018629632980831,-0.6754093206968913,-1.035681890692047,0.3593302434449534,-0.18282679598260343
5200,Lucas Vázquez Iglesias,Real Madrid,La Liga,25,1294.0,0.5003379601747573,1.1547929762834779,-0.29003045660342475,0.8291132186172232,0.3727358002465335,1.1128379572110307,1.2601083396435941,0.48625649508026175,0.6167706089288719,1.4146913497139062,3.658011855959918,2.0218488467866598,0.08269533757977367,-0.6299533304812852,-0.6349224275895192,0.9293688736726673,2.0972919748821366,0.025598527111431256,0.4431608071808791,0.3506344622840467,0.023340643837681405,-0.8195688125958396,-1.041745792593108,0.03439953001902733,1.806961092369157,0.8820363217416031,1.4050122224330888,0.7443073518885929,0.21881825098236257
7781,Felipe Salvador Caicedo Corozo,Espanyol,La Liga,31,2189.0,0.5570878318219042,1.498992257095145,-1.119770591739131,0.8097659704082313,-0.24756398038225766,-0.9514770279329023,0.9920676400311239,-1.5518182209697744,-0.15818785710528085,-0.2828768796434191,-0.8412946854011707,-0.6376543227809052,-0.6362670863009614,-1.3968843013308412,-0.9467436619938192,-0.1964926153303725,-0.9956974181695641,2.2272436526564117,-1.2123730638990586,2.815590352765067,-1.9978069454756529,-0.7754079440674628,1.34797396914888,1.2409948602495795,0.4049235050952607,1.0088590588844621,0.21628985826065922,-0.27078044833814097,0.3113325968050948
18724,Sofiane Feghouli,Valencia,La Liga,21,1318.0,0.4703767380053605,-0.27006704641250345,-0.09244821134373703,0.8415637748932088,-1.5458536723051213,0.2738676353980815,0.7378934875066053,-0.2405384248266318,-1.449560114662328,1.932368231218948,-0.10506521340809444,2.6619898004402436,2.7036665498678194,-0.24166920505428488,-0.22411745143783415,-0.255651233751301,-0.7429228738340772,-0.080303390319847,-0.5243965545236051,-1.2179738316584208,0.060540400301774086,-0.7899998959945318,0.14640976548303955,-0.0007193936098195611,0.39825638183568507,0.9152391177137058,1.6745886567683232,0.4942206458133327,-0.6044524983374637
4353,Aymeric Laporte,Athletic Club,La Liga,26,2280.0,-0.366849243793629,0.07023323312087698,-1.0168543049865952,-0.6063377569354632,-0.17978400071056286,0.23522136084486595,-0.36540913010480963,0.7678919359991987,0.7922035477440152,-0.9098585684656145,-0.4157023853630678,-0.7519986358346136,-0.643308976404938,1.0907976136979987,0.351424172916056,-0.7587812536630808,0.16217378013137274,-0.4377223616504086,1.1429299254029224,-1.1776381898141852,-0.34727541534701195,0.961402987656255,0.7925793600997767,-0.19762629509675442,-0.2673804509404542,-0.8406244394245034,-1.2244793066543114,-0.3614655474735642,-0.8631389738573115
3063,Danilo Luiz da Silva,Real Madrid,La Liga,24,2100.0,-0.38463628943555633,-0.15176637917345406,0.9439471783231622,-0.4095554546720186,0.3248002924009402,1.2907449639461126,-0.20759675882576445,1.5897531871614934,1.115817832919469,-0.3845228563869743,1.4690635148056748,1.0853529610565933,-0.6287896381591566,-0.2142286654666097,-0.4275368170000908,-0.4272746557282706,1.1777320158243432,0.31801426927242077,1.6074472927746837,-0.06019151946278932,-0.4000074067840829,0.004499361313567136,-0.06638930609488895,0.5419924256574548,-0.3106112120459887,0.32548787340622093,1.2187121885667205,0.5258511262995699,1.2807106870200733
6743,Manuel Rolando Iturra Urrutia,Udinese,"La Liga, Serie A",23,1445.0,-0.8994604764020332,-0.7335584665654946,-0.6912650753846866,-0.5641738619868145,0.02981255181267708,-0.4284236476720984,-0.7774416188576565,-0.269130124736021,0.8773897388144001,-0.5143155607318849,-0.8412946854011707,-0.7222293626690796,-0.8127012559390556,-0.47538769708105433,-0.3587609812450731,1.9483881762945354,1.3653883691325455,1.0089734746875798,0.4898337711579944,-1.4980824555767178,-0.10292853248090349,-0.37997492040075825,0.0632871117927588,1.8190016594736094,0.5926791546334776,-0.18160973253606785,-0.07366309390296265,-0.06235850352804687,0.5851353557027248
18398,Omar Mascarell González,Sporting Gijón,La Liga,26,1841.0,-0.6149717673632905,-0.7335584665654946,1.3692260641472702,-0.7217365624453219,0.8041553708568687,-0.5385377559183668,-0.7344298841135798,-0.0576813589148199,-0.23811236032545846,-0.5887343814481379,-0.31421676900417234,-0.7375790645132889,-0.6029161406007678,0.4708102542351796,0.1396457316215347,1.1430462781777113,0.4286397666829403,-0.8168030888191865,1.784795071187058,-0.29025406924101854,0.22299816856223129,-0.06442783142277937,0.36635242723938605,1.359182553333586,-0.7103724706340491,-0.06695182019089592,0.19304686453732373,-0.33881154499739774,0.07366028838474709
6744,Luciano Vietto,Atlético Madrid,La Liga,19,984.0,1.1088519133129202,-0.11274373916545155,-0.8620873647682167,0.8667605283012051,0.2010957560252169,0.540512173608159,1.8223798410395262,-0.5973005662344164,0.39894084030339627,0.12749821044151727,2.1170908148636918,-0.13310174694895047,-0.027712643463876252,-1.233807240030632,-0.9757126790316293,0.7048001097894111,-0.9520342712238814,2.6731464628933694,-0.9251139993562714,1.3366168184764553,-0.3680516221045817,-0.9708154713438465,-0.6610201292148941,-0.24568072649727535,0.9381602855797354,1.0742755287818309,-0.012963758371286027,-0.13797664116997257,0.645500405268081
6559,Juan Carlos Pérez López,Málaga,La Liga,19,1294.0,-0.11667595887625822,-0.2614706058532515,0.617668535473884,0.0921446629997573,-0.2887742080226474,-0.31423262893883724,0.06679056348313159,-0.3821934488599842,-0.3786544988266304,0.3770632374440832,0.6584741617191925,0.9011546520583992,-0.5142357247661125,-0.7905385960990206,-0.46253459267118274,-0.5179770258607991,2.5796070824791295e-05,-0.46155029307244555,0.6328722922636684,-1.0426014758139208,-0.6770776278719345,-0.36962758964130354,0.07935361717495983,0.22726095228077844,0.27198661838172317,0.5772367667971424,-1.8092389199049208,1.124581140046444,-0.7822832706577009
27305,Germán Darío Lux,RC Deportivo La Coruña,La Liga,29,2640.0,-1.1450324906279508,-0.7335584665654946,0.05053208756897675,-1.1120545127523578,2.2422206062246532,-1.2247083815771684,-0.9674181758559358,-0.5522084477471922,-2.625289681726048,-1.1805143825986573,-0.8412946854011707,-0.9863303074839346,-0.6664079236141361,4.059035045969709,4.113254356925243,-2.1625189668196723,-1.807962289111341,0.0025763711481099436,-1.5488097861884091,-0.0038187813659491085,-0.0917280722288981,-1.0109511544574457,-1.275308169628122,-1.846949033430545,-1.2281632752349432,-2.5804382756830178,0.12090798970199355,-2.960391785039263,-1.6717062019337474
6666,Sabin Merino Zuloaga,Athletic Club,La Liga,22,1168.0,0.9056935656700306,1.8815172687155097,-0.8855821195895817,1.04111787160307,-1.20913595865803,-0.6062107524409108,1.089102451324709,-1.2925541802990883,-1.172205082005365,0.04026842018146573,-0.8412946854011707,0.7126889556486178,-0.8127012559390556,-1.3031144817444433,-0.7675261044199778,0.0855697130663317,-0.6061455516666203,0.5551081142678183,-0.7081020406502946,0.966873434904302,-0.5573143274988861,-0.8317774390353331,0.6912550501605279,-0.6122146220160892,-0.6103193653143701,1.0948827428023722,-0.8038893535390522,0.226394135314743,1.0869626931993468
26103,Idriss Carlos Kameni,Málaga,La Liga,28,2550.0,-1.1450324906279508,-0.7335584665654946,0.05053208756897675,-1.086272874220516,2.2422206062246532,-1.7973301516206701,-0.9674181758559358,-1.0922326416846593,-1.0584381999793382,-1.2370249371978637,-0.46076509948474936,-0.9863303074839346,-0.6612446295320799,2.2377216657676624,3.0244781031315626,-2.167367070977351,-1.807962289111341,0.0025763711481099436,-1.5488097861884091,-0.0038187813659491085,0.27639372138699886,-1.0442815392092724,-1.275308169628122,-1.8942146925984813,-1.4643562303562605,-2.6522127565541105,-0.011943995409875846,-3.052129552162365,-1.7577451974243765
6573,Bernardo José Espinosa Zúñiga,Sporting Gijón,La Liga,16,1383.0,-0.2469988955827032,-0.2918508080248998,-1.1619562378858492,-1.090166761416,2.2422206062246532,-1.0027679767913438,-0.3099093807676669,-0.4485291176067062,-0.47349700906057623,-0.8055343684577172,-0.8412946854011707,-0.9863303074839346,-0.5334428341474516,0.5800096198944283,0.46629666308370893,-0.7741759028708541,-0.4546511786409302,1.82593112344315,2.0012503974287914,-0.32722840759823385,-0.5668527299327133,2.403195571875838,2.264909760458352,1.3538896077057134,-0.5982820467423318,-1.0169500604938553,-0.7722561036776371,-0.07076409786853627,-0.7342960817759608
7034,Mateo Pablo Musacchio,Villarreal,La Liga,13,1041.0,-0.9745946613501165,-0.1467364764006125,-2.156347462691619,-0.7697050196214752,-0.6339098645109161,-0.5546320043127939,-0.8190845348999667,-0.18671828939173385,0.7955554708925539,-0.9504007985967,-0.8412946854011707,-0.9863303074839346,-0.8127012559390556,0.27247107284604677,0.19308855156556626,-0.9875854428309725,0.2596396855742163,0.41697517848789145,0.3377351644139304,0.04251497597391948,-0.46797100647708423,1.2183494066458873,0.5827803814316024,-0.21607947372534034,-0.7019721079715957,-0.9974455012613295,0.9786557587965429,-1.1258137214492145,-1.1651275029580594
6677,Imanol Agirretxe Arruti,Real Sociedad,La Liga,16,1197.0,2.190038567233428,5.900912705449004,-1.2064631682989246,-0.020770987042216756,-1.8665372091118746,-0.7772383452548538,2.056960601608055,-1.29821875269279,-0.7649522038975523,-0.863120515789579,-0.8412946854011707,-0.28492938554038877,0.47790658813041276,-1.2397614548467124,-0.840581399204485,-0.37193727116931097,-1.495242278120434,-1.033420647201345,-1.036097460171013,-0.1423567158121572,-1.6520541778283855,-0.7251045766603296,0.3406234775340942,-0.8517640643332114,0.9400241395323021,1.0353299711947086,-0.013210651677435176,-0.055482410918330186,0.72088457335579
6828,Jaume Vicent Costa Jordá,Villarreal,La Liga,18,1592.0,-0.9221357817357079,-0.3498388109363222,0.14223950688810374,-0.9364634592251229,1.091768417930426,-0.3401911177825879,-0.5578856403355403,0.3896594825681604,0.45586505265583566,-0.9558920273827148,-0.2317780747938373,-0.26718608903393654,-0.3275072894342964,-0.17270897806596192,-0.18744129324026335,-0.491384772367486,1.3075009987771842,-1.1233373695486566,2.0748940768031368,-0.17382423781829792,-1.0107567919518292,-0.10535016858238673,-0.21218856601849495,0.06529127793155677,-0.06070620929156471,-0.11251754247486853,-1.9452029358409753,0.8694556202553229,-0.7491256145398004
19431,Fernando Damián Tissone,Málaga,La Liga,12,1021.0,-0.44992659335772406,-0.7335584665654946,1.5484549146067064,-0.20211343152200592,0.7082843551656828,0.2223735106021916,-0.7825701485856341,0.5092173273322909,0.18357346174158565,0.5164073543818306,-0.8412946854011707,-0.46304312691542143,0.7003815935723585,0.4293169924614295,0.05155168774251174,0.006859932810840142,0.20848452025069203,0.266284703091607,1.6970961226374943,-0.19713351337840215,0.9830224579857738,-0.2722697057924805,0.44156974626138645,2.38330431535191,-0.6862349847930705,-0.13751186315317304,0.2847611601219453,-0.3254190828525473,0.1907802154798703
27335,Arthur Etienne Boka,Málaga,La Liga,14,1074.0,-0.5668292960527285,-0.7335584665654946,1.4232340494299403,0.5805292874424678,-0.9314406028628716,0.5077420869748305,-0.5680406664540015,0.9920365060663189,0.09677063026629165,-0.5424818080456028,-0.8412946854011707,0.5771276134963712,-0.09349381210704777,-0.2226588579089284,-0.3693583163918962,-0.6907897140513433,-0.23955787644605195,-1.033420647201345,1.0797717869186558,-0.7210854900990054,0.951082749408891,-0.31123384261411396,0.019158025030367457,0.08090894190524126,0.3440490287551408,0.2494707162557447,-2.0550024337546047,0.791540275030157,-1.3779079372585918
24783,Javier Márquez Moreno,Granada,La Liga,19,1358.0,0.29214246007932376,-0.7335584665654946,0.9667751673876425,-0.5743469782169809,0.8041553708568687,-0.37610575742889407,-0.7147339666673187,-0.16899935973834893,-0.4997843065190302,-0.02858126594531422,-0.12675091214132164,-0.2556769572119091,0.6092957887508869,0.6597544747174122,0.3271178018640536,1.1277002759586467,1.086309771374089,0.5551081142678183,0.07812685245235994,-1.2926694647033,0.1037273821540282,-0.20437218635382118,-0.2960660857646786,1.5055714543264487,0.804069855934766,0.10799910589010488,-0.3226899488591409,-0.2340857390673477,0.8267400408437754
6614,Alexis Ruano Delgado,Getafe,La Liga,15,1394.0,-0.9541152234706064,-0.29533630604781735,-0.9804711592866112,-0.7712821985744502,0.0851227531729763,-0.9648683128419748,-0.6720277975964163,-0.5078607575664562,0.4800434118430706,-0.5948963971322727,-0.8412946854011707,-0.8768250376826532,-0.5356464515360513,0.48769247082665534,0.5268320255743407,-1.6348329895832066,-0.7338565411741369,-0.4377223616504086,2.4134928595687013,-0.9640086793058305,-1.0066144474475487,1.2192444234782518,0.3724291623038311,-0.9095699707642768,-0.9054105504444003,-1.01204921654573,-0.6284581610464002,-0.423770360219915,-0.46452182547694354
26020,Ángel Lafita Castillo,Getafe,La Liga,14,1031.0,1.264240956409057,1.043982828570226,0.20516045999347748,1.3304329215008799,-1.20913595865803,-0.5051111869978324,0.4637400890674495,-1.3513351194944871,-1.2760963666332987,-0.22411024370286886,1.0410534117605654,0.12412322866775992,-0.06349776934780751,-1.1362927430053602,-0.7119045973667978,0.49323277688565337,-0.7187503012661935,0.5551081142678183,-0.0011247221424910956,-0.5974254955932686,0.062112585024877376,-0.4971271617357097,0.3076602743775663,2.341815285206901,0.9281648942085017,0.8471552342011521,-1.1497075639339376,0.7731231005078792,0.751214145322343
11634,Cristiano Piccini,Real Betis,La Liga,16,1467.0,-0.2984200421292612,-0.7335584665654946,1.4880127360458892,0.9873914914574027,-0.4578202438536361,0.2748121499713013,-0.6984223138996555,0.6896840191275903,0.12167202514640545,0.08502157530709435,-0.8412946854011707,0.7826239418349245,0.5036395666164606,-0.46975119262746384,-0.4316659864723534,-0.38520644237077556,1.2540078798548397,0.35654201908417354,1.1286180169159339,0.2736045907065151,0.6430358631986434,0.3119728472081825,0.537658087885929,0.6575509557318424,-0.5789596583754909,0.3168708205907682,2.057914265539472,1.1678109324523926,-1.3517242054344627
6673,Sergio Canales Madrazo,Real Sociedad,La Liga,16,921.0,1.1667040602284053,-0.7335584665654946,1.3722891895963347,-0.44584504987770507,-2.934814241099372,0.897094343528435,0.15031848889371205,0.55795359419193,0.1778613616373095,0.38282157900089503,-0.8412946854011707,1.7484478800288485,-0.3933588049751164,-0.432839711826725,-0.5582136270918368,0.5880080401475857,0.020991390804533543,1.0846177014242064,-0.6159071630179933,-0.353638649281959,-0.37640947726601487,-1.0132167806810917,-0.6190004261247382,0.40902394307686957,0.4242647878109584,0.8032587596556641,-0.1294872510393892,0.31405237162207494,1.2177616530592514
27184,Marcos Alberto Angeleri,Málaga,La Liga,13,1148.0,-0.9132043805083183,-0.7335584665654946,-1.1765573841731087,-1.0807566282460193,-3.5100403352464857,-1.4157571159198892,-0.8030193641460246,-0.9071882080763609,0.27495261621437,-0.9771157662189341,-0.8412946854011707,-0.9863303074839346,-0.8127012559390556,-0.08993641591920562,0.30654923299781695,-0.750678890805518,0.22996156300165763,-1.9865379040828428,0.9103336018925908,-0.3995695043840899,-1.0165660758944524,1.4739737091840703,0.19898312736362544,-0.2637964843665193,-0.7768516156320635,-1.009451540650913,0.08776575445928764,-0.42866014433437205,0.5553956696288715
4691,Claudio Andrés Bravo Muñoz,Barcelona,La Liga,32,2952.0,-1.1450324906279508,-0.7335584665654946,0.05053208756897675,-1.1145997383913897,2.2422206062246532,-1.358608230750384,-0.9674181758559358,-0.8698601016862619,1.110548305915926,-1.2370249371978637,-0.8412946854011707,-0.9863303074839346,-0.8127012559390556,0.5787880658690131,1.15421963695725,-2.164172920229439,-1.807962289111341,0.0025763711481099436,-1.5488097861884091,-0.0038187813659491085,-0.7189386695657678,-1.0315017275980856,-1.275308169628122,-1.8942146925984813,-1.4699390211365368,-2.5849857971312646,-0.005701697770498725,-2.805890651741272,-1.7943913057063037
4324,Daniel Alves da Silva,Barcelona,La Liga,29,2195.0,-0.49837816615150293,-0.7335584665654946,0.9961895994597656,0.3410240364214917,-0.5775151493984542,2.777063684030457,0.236325651844152,2.8395356608795383,1.213288709689352,-0.013616484097953884,0.9269976956227465,2.0040864954447253,2.1784808646725176,0.17227798165141514,-0.5403944756167373,0.21216369634991702,0.9206088500676339,0.4558250666759959,0.07285608834843663,-0.7543457644833066,1.5083048748872485,-0.3885177100232742,-0.6143958068764684,0.5502489195856516,-0.362319821726164,0.3607848718113151,2.004854984019505,0.7918553710132931,-1.4514526607759846
5213,Gerard Piqué Bernabéu,Barcelona,La Liga,30,2643.0,-0.6751193381695408,-0.2712946059815804,-2.0620486430289464,-0.871537690178829,1.7192877933636412,1.9330695101596973,-0.41563349430765617,1.9809018037886466,1.9581781109699932,-1.011239293396266,-0.4741549033024666,-0.8996956048148164,0.06406241565637781,1.14352247500685,0.1559025348495855,-1.219455470168527,-0.32085617555129037,-1.4872860076211059,-0.06270059695115196,-0.881843482956463,0.32100231949396235,1.5816236686932723,0.7830099862173372,-1.0916105369204647,-1.030710518691309,-0.8348290543685686,1.0759906972550919,-0.26588461731591373,-1.165999589614598
10609,Jérémy Mathieu,Barcelona,La Liga,21,1308.0,-0.6702693171005893,-0.7335584665654946,-0.8913110372296226,-0.8931094253716052,2.2422206062246532,0.8203839674686632,-0.46896573201154007,1.0982557462394262,1.5659087500498134,-1.0089089369808826,0.6424215899610227,-0.5778622559851182,0.07311158199165162,-0.032137438497625924,-0.14375105745447284,-1.2306171851089622,-0.5916894481988857,-0.19243483230590522,0.23415908699410587,0.8695725444905772,-1.2498967648926422,1.0610606038840937,0.2959166530068142,-1.1310260675015222,-1.0258116935217036,-0.6709327900866039,-1.2869763506919927,0.24303913769761268,-1.016655735492374
5211,Jordi Alba Ramos,Barcelona,La Liga,31,2657.0,-0.9113139242095132,-0.7335584665654946,0.05053208756897675,-0.7532935337481076,-0.9934261733528623,2.311790812977851,0.33051513938129634,2.70476061770594,1.2884516162417665,-0.33864111097637684,1.3499370287581254,0.9383165101487491,0.6408719369016989,-0.4159202277435081,-0.6223188764017767,-0.6025542691431071,-0.18780899167237614,0.6241745821577822,0.3452348373686676,-0.7916621698900842,0.17994526682302672,0.236069031329138,-0.6610663684350983,-0.8610233171849465,-0.8364861234063221,0.20719571221405655,-1.9746046535518083,0.9743929033374388,-1.533000954300048
5203,Sergio Busquets i Burgos,Barcelona,La Liga,35,2963.0,-0.9653911336132103,-0.7335584665654946,0.2964741842474221,-0.4924391243395106,0.5165423237833114,2.019441143279919,-0.7300075886267117,2.2681061992293325,1.8415993581204353,-0.5824713651949027,0.7961512209216012,-0.8832926118356145,1.4031761503189273,0.5587371408595363,-0.29102956394883855,0.5267808091442007,1.4451226649116005,0.771024644952948,0.025353754900169577,-0.49263992130156475,-0.007609327042308161,-0.049123753211838636,0.23431039097699524,-0.2096876564411703,1.3877516755697397,-0.06821049248371504,0.028576225150725474,-0.5100004324227768,-0.28327120458981575
6379,Sergi Roberto Carnicer,Barcelona,La Liga,31,1970.0,-0.42452170777221326,-0.7335584665654946,-0.08740136934119326,0.316103296821918,0.4526283133225213,1.3778547744934124,0.11253104631892694,1.4996298222705355,1.4286460688342808,-0.32826637389691554,1.6215237006061252,0.2922132004852395,0.9517300009340893,-0.8123303698765881,-0.6332041626395966,0.18458429440691662,0.5196984729000376,-0.9361637842542532,-0.1157658219665877,-0.3995695043840899,-0.2067459965426348,-0.5844257697210442,-0.2934451332559531,-0.627399056016219,-0.12563861538216028,0.47029712820078884,0.8418638040337937,0.473979974630403,1.1465849404565858
5216,Andrés Iniesta Luján,Barcelona,La Liga,28,2300.0,-0.25790358923682394,-0.46795773101695426,0.5494583067738367,1.0751966319712296,0.3727358002465335,2.757837613523279,-0.19161173602709317,2.2951838830707225,1.4585479955638345,0.7737680142799954,0.002488309456981551,-0.1567088612720526,6.4078287812456844,0.8032468919301029,-0.205290898828732,0.07909017421592598,0.06366697666923721,1.2457727931674545,-0.9084097991524193,0.966873434904302,0.41492231238788424,-0.8087040111586097,-0.9073763415962685,-0.5921485339547995,0.9490614000884002,0.5388978351516344,-0.9424425458446396,-0.4954526333739148,-0.39736693944976276
4320,Neymar da Silva Santos Junior,Barcelona,La Liga,34,3129.0,2.342243152424417,2.9758541711689928,-0.6033921619502799,4.4107474249335175,0.05088310471183869,2.419665633770831,3.583724034832108,1.0550901326545454,0.32457695424297217,2.6726602208833974,2.8800876505024724,0.7455608036237715,3.5073703026491825,-0.3953623272410587,-0.662085001157894,-0.45293312209837217,-1.060267631960263,-1.9865379040828428,-1.0388502780288242,1.1090824285858996,-0.5562160628841935,-1.0189048201397513,-0.8503127238350392,0.2991294145234126,3.8068352379957178,1.277974961789063,-1.3989540573250485,-0.3983316172210073,-0.2643434461144823
5246,Luis Alberto Suárez Díaz,Barcelona,La Liga,35,3233.0,2.6691004290555203,6.257664111591258,-0.9210878866557988,1.4989271387614742,-1.3636743123094932,-0.18240968045797504,4.785278223598222,-1.1301869853168107,-0.2746312173078222,0.8395150833359301,3.6607952191157254,0.24129388016767167,1.9348802902314157,-1.2024160432729143,-0.7632288292610269,-0.7512243188256793,-1.055373966960165,-0.3002535265232699,-1.2071178661027047,-0.47101750120962615,-1.125984738561348,-0.7986395710988704,-0.826590991700538,-0.23458041213322545,0.9844614617295949,1.489652484387034,0.13827877193236984,-0.12590207355516742,0.3566508078653748
5506,Javier Alejandro Mascherano,Barcelona,La Liga,32,2758.0,-1.0485355107812002,-0.7335584665654946,0.7418673029866845,-0.8364677824251223,1.3572573844598628,1.7819915202910992,-0.8678836853329069,1.958202963047962,1.9446678136101312,-0.6960972209472993,-0.8412946854011707,-0.9309821036757453,0.7276752381565469,2.024351868759021,0.41823958859759075,-0.4105975797249125,0.5672017537574129,0.19201582593200972,0.14236010947709432,-1.0764452637839126,-0.7466260494438463,0.6594620529972799,-0.20139547359606222,-0.49166880923954825,-0.6714593924229652,-0.7323340025992884,-0.38470492988008204,-0.564768995454045,-0.2791570326707956
5470,Ivan Rakitić,Barcelona,La Liga,36,2630.0,0.33913753451309786,0.8923623860320332,0.23748563495637204,-0.24172357593548613,-0.7116431204767422,1.720004733590638,0.05027468247467511,1.669901775391161,1.3087480087885437,0.46473777164516683,-0.10338560244537294,-0.28982682716612657,1.9774407780601766,0.18957087899031516,-0.3809859045129137,0.33518336738913457,0.14906450970865515,0.43957874979733397,-0.10202527808745614,-0.7625714237396396,0.31442702063563244,-0.5850308636196553,-0.3100117386700272,0.1933818735412618,0.7603401142282761,0.45087488406081483,1.0724464189892546,0.08678091212652317,-0.17476378168301238
5503,Lionel Andrés Messi Cuccittini,Barcelona,La Liga,33,2801.0,3.859121969200611,4.282606799595798,-0.08883402757649309,4.333971839875068,0.7623858411988834,2.7189387243498317,2.407679664184338,1.440880147727281,0.6062605908665311,1.9054541718247828,4.355155390037289,-0.005357001573990907,13.94093691440845,0.26746470840673625,-0.4013333542644125,-1.239119544350128,-1.4404520798363256,1.999225170148877,-1.2420610122005646,-0.353638649281959,-1.20229309376731,-1.0618448557252052,-1.1242472620106172,-1.270530735851984,1.480433987011827,1.1030453210844589,0.8648162496683468,-0.8701133436705396,-0.108531053301825
9887,Rafael de Andrade Bittencourt Pinheiro,Hellas Verona,Serie A,12,1047.0,-1.1450324906279508,-0.7335584665654946,0.05053208756897675,-1.1361362630293526,-0.15455478605498763,-1.8560200146885115,-0.9674181758559358,-1.1435491433708869,-1.7159447472583493,-1.0945341405007238,-0.8412946854011707,-0.9863303074839346,-0.8127012559390556,2.3121671026622415,3.1897369034492487,-2.1781679106197753,-1.807962289111341,0.0025763711481099436,-1.5488097861884091,-0.0038187813659491085,0.01029560439323293,-1.0618448557252052,-1.275308169628122,-1.7750348070174378,-1.2058111560015943,-2.7089454307307834,0.025661620381568117,-3.1721348084937113,-1.899424176074306
11342,Eros Pisano,Hellas Verona,Serie A,34,3018.0,-0.4689567871158263,0.2785053037486909,-1.475375308310688,-0.5673664950557934,-0.10129311067099599,-0.22741445281285705,-0.42166047235193277,0.33215508043917696,-0.8066330821998825,-0.05064033169563174,-0.8412946854011707,1.416218214680362,-0.556760634774186,0.7705119415726563,0.21094683998037753,-0.7818963445191496,0.08351195231701004,-1.4240424737921233,-0.0033337847816960237,-0.10343635964666727,-0.17538638071156756,0.6002105441920861,0.08662825714888049,-0.03365793012304166,0.15730923275579173,-0.062483235575174524,1.6320098744177383,1.2903326005876612,0.5514073127199818
31488,Vangelis Moras,Hellas Verona,Serie A,31,2862.0,-0.8970579549490894,-0.5201127321973459,-0.6178181564971895,-0.9362122984656208,1.6030805016167489,-0.969347290486177,-0.6556860284753736,-0.39911795063922695,0.738479819541999,-0.9763892556082312,-0.5022484086412567,-0.8796564108361454,-0.6777556244443708,0.09297961523526863,0.17822713208287133,-0.8164582796003459,0.0558194745066352,0.38789456042895953,-0.3479665773275384,-0.617741066119211,-0.5690116960632874,1.6453728525220765,0.6466278293502884,-0.5426348371463716,-0.2269125477011395,-0.9068918241815269,0.27666224285197083,-0.3106381874235687,-0.012039224294915541
7966,Filip Helander,Hellas Verona,Serie A,24,1951.0,-0.8722096608818328,-0.10733428228907993,-2.0681333652042797,-1.1361362630293526,-0.15455478605498763,-1.2116593864272893,-0.6508311533338161,-0.6774678521106952,0.7008819198732528,-1.2370249371978637,-0.8412946854011707,-0.9472092551766598,-0.8127012559390556,-0.2181466425794572,0.17196155249939557,-0.45590178414203153,-0.12915592564849543,-0.6249418228235604,-0.7309403340964864,-2.8727693944988255,-1.7359108583457479,1.3714531731095532,1.1103082448275146,-0.6150620508419176,-0.9159425868774288,-0.9674637511603138,-1.0176854712528454,-0.6453140596708734,-1.0497644342857932
7695,Samuel Souprayen,Hellas Verona,Serie A,20,1645.0,-0.7675308304615138,-0.7335584665654946,0.31053377213518685,-0.4404737869425433,0.6443703447048925,0.24412320654611974,-0.6440899132899054,0.7532032101014648,0.21053804308411556,0.03265901294601426,-0.8412946854011707,0.7304061076560325,-0.8127012559390556,-0.09475046194071707,-0.3107412867111657,-0.04344268949936589,0.12624424695369432,-1.594077857131638,-0.578801700455071,-0.5974254955932686,0.6068197816035945,0.35389725370499475,-0.06271478067381535,0.5331426852175007,-0.04370098100369432,0.19678466489496052,-2.083787098362071,1.093637465659924,-1.4692158757325626
32119,Leandro Greco,Hellas Verona,Serie A,26,1954.0,-0.6456252278182069,-0.42092709923609767,1.326281588471114,0.03516852014649317,-0.4741248383589399,0.3196983899772458,-0.7566842007823583,0.2580052140349719,0.8719706030977353,0.28997469577967655,-0.8412946854011707,-0.20511052190058623,-0.2197415875596467,0.08979026832587478,-0.10579721692741564,1.3385998485926873,0.7303271450332506,-0.04433670138092255,0.021601304504588702,-0.1423567158121572,0.8790205181078738,-0.6721980947396967,-0.6566188842989342,1.1710382909025092,0.902167110018756,0.09304822838847704,-0.28707572472356924,-0.03739873044165102,0.42923422025174257
7020,Jacopo Sala,Hellas Verona,Serie A,23,1728.0,-0.5803092316405436,-0.7335584665654946,1.1338306955704909,0.26194312805174463,-1.2394110162447205,0.24598866685851495,-0.5801883990316438,0.20489170287953548,-0.47742775917485364,0.23067974475375463,-0.27974928951756284,1.8846976140132028,-0.8127012559390556,-0.18061506458273938,-0.25859285360250417,0.9856717919287911,1.7121737721079178,1.2393974269006895,-0.5543615038505004,0.70277101806705,1.20454371300141,-0.46572881772783586,-0.7156235105849588,0.27212801926528307,-0.1139076100628515,0.3310616985574569,1.8213873299349954,0.7865746003555831,-0.800355023963459
5512,Emil Hallfreðsson,Hellas Verona,Serie A,27,1939.0,-0.2757468213947682,-0.7335584665654946,1.2055016341905933,0.1425934989713708,0.4722941626950721,0.059466687453878744,-0.843539058138195,0.08532213521363123,-0.3943735515363777,0.7634312091092779,-0.3408560860783889,1.1392804943627024,-0.41433674089234246,-0.1287627688017274,-0.26445644500868076,1.9978968031116349,0.5086494890595653,-0.6362884568340544,-0.7891811269915157,0.3506344622840467,1.4123857207362003,-0.32271817821096577,0.09633778177626831,1.7095785262709147,-0.15749458131053412,0.37052713519330394,-1.0771091881013892,0.23859178231477918,-0.08645334868605763
26442,Boško Janković,Hellas Verona,Serie A,15,922.0,0.2982357871233401,-0.07099697875460283,-0.2845384616146288,-0.37763948640903366,-0.37244345808041,-1.0580953739485544,0.4282372854163332,-1.4221619501865201,-2.3652105830448122,-0.7515980473651989,-0.8412946854011707,1.0004420929887716,0.8628492748105686,-0.8285948656624426,-0.19034718217673388,-0.1617964101293031,-1.0974739561143751,2.3705695559468625,-1.016300758645829,-0.881843482956463,-1.362628018697723,-0.9646941895307833,0.4292412041172176,1.083214249347031,-0.9384333715521969,0.7839041918828432,0.10940608115812464,1.1481676625857147,1.7184811703823424
386651,Juan Ignacio Gómez Taleb,Hellas Verona,Serie A,33,1929.0,0.5105735461828614,-0.41687537078444636,-0.3528350284759258,-0.147398771096744,0.3248002924009402,-0.36176465857083784,1.4251698745593095,-0.8838869178752156,-0.756332164139137,0.4644437051670532,-0.8412946854011707,-0.5115236322024843,-0.212056781074688,-1.350589075333502,-0.9129433240475624,0.3847218381249028,-0.6436517038668133,0.15797592390052775,-1.1033959365564998,-2.466457983979976,-0.47599850247148007,-0.7135831363190742,1.2001866520184674,0.4345194947113694,1.4211129619267073,0.925262022630948,-0.5480759648091809,0.504139641663702,0.8541578958599363
6686,Giampaolo Pazzini,Hellas Verona,Serie A,30,2001.0,2.3573754658887425,0.18230613877429933,-0.6310889719657166,-0.5324678003136765,-0.48253457657746524,-0.9620894826895499,2.4708928583103535,-1.901876200905144,-1.2533365844351865,-0.4169017460129749,-0.8412946854011707,-0.6430386745686731,-0.4266798692945895,-1.3881790124184985,-0.7409439710144319,0.18239040853216676,-1.4805908533176366,-1.7142186878309873,-1.364786801407952,-2.1143214281969733,-1.5492376397248122,-0.7708783677176241,0.1142537424790425,0.4130864505919509,1.681519452907863,1.159779523723234,0.11102739210682852,0.09391147520049746,0.11889432521701009
7174,Antonio Mirante,Bologna,Serie A,33,3089.0,-1.1450324906279508,-0.7335584665654946,0.05053208756897675,-1.0743921833291907,2.2422206062246532,-1.3754962390450955,-0.9674181758559358,-0.7398286487738183,-1.7461566693723396,-1.2370249371978637,-0.8412946854011707,-0.9863303074839346,-0.8127012559390556,2.9846967516380936,3.0102966684986705,-2.1737098107349935,-1.807962289111341,0.0025763711481099436,-1.5488097861884091,-0.0038187813659491085,0.6323640973616306,-1.0473461645255844,-1.275308169628122,-1.853819308913356,-1.3361391667734002,-2.6142141497010196,0.04831670914259679,-2.8177823426889534,-1.7196830991938619
7142,Luca Rossettini,Bologna,Serie A,29,2638.0,-0.6742286763946006,-0.038848430445355145,-1.4080696365422531,-1.0879362473119405,-3.5100403352464857,-0.3846195909331537,-0.5641770902447758,0.17066122989001292,0.004311172196926822,-0.897704548702248,-0.4734590356335919,-0.5812687370817724,-0.5198927666761382,0.597466775308052,0.28181675585694266,-0.3406330995811662,0.3914504189704606,-0.11104910828376584,0.7776369698495877,0.4492326979032881,-1.5371818588525066,1.7903631789319507,0.9243925676575181,0.2343525208779696,-0.7127833266631657,-0.6327240586336923,0.7234490294207744,0.26379190849863254,0.679190821983419
30745,Daniele Gastaldello,Bologna,Serie A,26,2283.0,-0.834168223824227,-0.4659799769633738,-1.4315821253905452,-1.0804412820996403,2.2422206062246532,-0.6066354457127907,-0.6668091911181856,-0.00034305803782025445,0.9143442080316596,-1.1063303562588311,0.008771406659166436,-0.952898343817052,-0.3051921924202801,0.6699924837462085,0.3182764532635745,-0.5615902032977214,-0.0863584966719133,1.0089734746875798,-0.04341632856256066,-0.08953623244470695,-0.2377657859045144,1.9788475897072992,1.557681720824264,0.40136843860643234,-0.4063788902135947,-0.9481788220707122,0.20843459639498033,-0.633794964358045,0.17736168411790731
8849,Domenico Maietta,Bologna,Serie A,19,1615.0,-1.090101908498469,-0.7335584665654946,-0.5226703731971485,-0.7031120970578765,-1.4183090838024353,-0.2589724858319939,-0.8399339073439326,0.20775813542204957,1.240988591955245,-1.1446485507322874,-0.8412946854011707,-0.9863303074839346,-0.5735592142438309,0.6636943908175841,0.3015436087190682,-0.08905813767725615,0.7416255652027591,1.3493724950024004,0.35124177493488346,0.4492326979032881,-0.16187832328092913,1.7113103836325925,0.5960832599898858,-0.6579908887262552,-0.7933161809676785,-0.8867155119741211,-1.015237476452308,-0.7943647951106769,-0.9048374743433614
7169,Adam Masina,Bologna,Serie A,33,2721.0,-0.7211928832010985,-0.28454583021000573,0.6066074444573384,0.10220203125845968,-0.579643251855528,0.2937800635658119,-0.39361793324088773,0.7053212743823645,-0.12353590031944466,-0.030801853360331616,0.22855144920398357,0.24788785284892015,-0.5288244478995199,-0.3627735209765351,-0.3581556232791013,0.3422264778245693,0.39314526344207706,0.30690049528826185,0.2104661796675352,-0.40781350401780536,0.5494725503051221,0.6828682843911545,0.8572940152155086,-0.24330390710759495,-0.27592376562887855,-0.0017577669919683569,-2.005761066810766,1.0071919742656141,-1.493810323320612
8284,Amadou Diawara,Bologna,Serie A,34,2839.0,-0.5200737717895381,-0.7335584665654946,1.8838570734685676,-0.4643241383593977,0.9000263865480547,0.5668482587345671,-0.882810352941283,0.7613347580749552,0.9921674464561295,-0.13348666774382387,-0.4995016441588763,-0.9056767255344879,0.5476876040038414,0.34517274292696204,-0.07326401447503293,1.134844129399176,0.43350988547617786,0.368222377624388,1.0452725846865056,-0.1423567158121572,1.756482006600451,-0.24152228791517383,-0.6791523369593915,0.5231765406471703,-0.8057196399162708,-0.16057889628653774,-0.09507179723977342,-0.5034850478966769,-0.07125112357623578
8280,Godfred Donsah,Bologna,Serie A,20,1364.0,-0.10441207843894598,0.1621624890967378,0.649482041158678,0.4485982713277362,-0.2955415738361431,-0.35484521597683444,-0.1372282821184958,-0.7134096996688241,-0.7574937048170788,-0.5807733354006248,-0.1298940665691511,-0.202934103143096,-0.8127012559390556,-0.9374278065602092,-0.5271811571470909,0.5477771384303933,0.04445670561283823,-0.8569174514825493,0.0709702396724153,-1.2926694647033,0.7531019516474067,0.28437562942198386,0.09846326620509734,0.026905647775718924,-0.3557205692752774,0.3677572916717492,0.814729031373485,0.4620913209626967,0.29080645019585744
45591,Franco Brienza,Bologna,Serie A,29,1773.0,0.9064218216696349,0.30008229783660756,0.8536199303830625,0.19060111263724047,-0.2452435846817852,0.527657104844274,0.04866308156665022,0.30398568047954716,-0.2180239989040733,1.3714487167215248,0.8005842386036932,0.8647596198788429,1.365608937731494,0.2307583328945404,-0.1861761642506735,0.3772084057963381,-0.6995524024392559,1.0089734746875798,-0.23345542289301754,1.2587761061454754,0.5782969789320743,-0.9355435102214589,-0.7639211715176174,-0.9792922884001809,-0.031299221819551776,0.6653489972863172,-0.22302274820462006,0.4155488788974419,0.9703439119746607
11729,Luca Rizzo,Bologna,Serie A,23,1464.0,-0.054300234819188296,-0.7335584665654946,-0.13148249055282016,0.7746124474731996,-1.0261094741566756,-0.09875080830915581,-0.1587769269012981,-0.637846612830559,-0.31554863425003965,-0.014173591772407575,0.48432067537324824,0.42130608076081566,0.24252933788003844,-1.1414897964705673,-0.6718857783732973,1.4809485112731187,0.10969064713925131,-0.7157148949075123,0.5472170384113978,0.1534379910455655,0.739615379153526,-0.5417835367595745,-0.49083213113319635,1.088945763082768,0.20841563067559982,0.5688289191682094,0.13228159285572608,0.5459985434166553,1.558281195364658
7775,Emanuele Giaccherini,Bologna,Serie A,28,2243.0,0.6743134507002627,1.1728935362572868,0.42672966548693375,0.9613272831649134,-0.7893763764425689,0.8457738889594812,0.42474451710487154,0.24226290284027163,-0.13942239565749812,1.623018824773578,-0.8412946854011707,0.8852187419285138,0.392604486978697,-0.07567284612439353,-0.34161635350305514,0.04435885574703485,-1.1404172990870598,0.15797592390052775,-0.6185215006665188,1.5106137048633503,-0.09605745209447464,-0.7224022471805402,-0.8441289048815389,-0.892848609825253,0.8250053215659704,0.8370641608016807,-1.0533061532410506,0.34001157093308376,0.6566971699015749
8103,Mattia Destro,Bologna,Serie A,27,2215.0,1.5383822449569478,0.9212000664231534,-0.3213946112675821,0.5860078651313717,-1.784362052805144,-0.6327388441740959,1.991531025540231,-1.8915797976581334,-1.414193086045792,-0.6308439993752222,0.03486824379690981,-0.6417471334365616,-0.28961177873211874,-1.3141383940684208,-0.7107109039772929,0.25896963036598963,-1.2164767423635283,1.689771515317221,-1.4379805935486216,-0.881843482956463,-1.6042453039573268,-0.47547589123164996,0.11644943850268792,0.8098504675644691,1.1848377799584722,1.0257553685387861,-0.19197731340138774,0.24098307310985664,0.3633259962848411
11494,Luca Siligardi,Hellas Verona,Serie A,28,1464.0,1.6423943853277754,0.10097936370997321,0.7895426515049524,1.1220213039282088,-0.7445302672315148,0.012750525415321205,0.6381448836626926,-0.5924261781190336,-1.3073668539651766,1.5143905900094128,-0.8412946854011707,1.828942469005566,0.7701446347895854,-0.5027684838393697,-0.34985683544337054,1.3962902907151866,0.23753417622262415,0.7536742094514641,-0.45887583739650945,0.54024645385951,0.739615379153526,-0.8171101173884376,-0.779849618999748,-0.019085263313124247,-0.5056543180372773,0.9514237533646901,-0.8233043073573728,0.7405607255837787,1.2367292236373786
18027,Matteo Brighi,Bologna,Serie A,23,1549.0,0.22947323134668085,-0.7335584665654946,0.2542140824307767,-0.5615323313071227,-0.6339098645109161,-0.5307206248933563,-0.3582192221988085,-0.5214043350494495,0.8300229124709095,-0.370213589698089,-0.8412946854011707,-0.6906872872715661,0.18462449574019127,-1.1595184053594831,-0.7020675296357355,1.4401830974143286,1.3939857769432311,-0.40400359077016706,0.1152379528818676,0.70277101806705,0.26560927134362233,-0.22336373477412397,-0.3777893232348244,0.3613550463904658,0.8567487332384089,0.18077276231322523,-0.33907064558090444,0.39652071405031564,0.4495794341966385
7949,Artur Ioniţă,Hellas Verona,Serie A,31,2470.0,0.29161350352772014,0.2557236253561938,-0.5734703491488201,-0.2867427067006878,-0.37244345808041,-0.7221975938632631,0.5677048908094358,-0.8081235931308767,0.5133064961636358,-0.08942598226012788,-0.05558582379236509,-0.4919162310370156,-0.8127012559390556,-1.0427939931017791,-0.6178877451002781,2.577590459464913,1.5261141357609436,0.9161373782380835,-0.00830644355460114,0.9072374052958903,0.15726677491182772,-0.48161545179803517,0.853759464529596,1.541061070084916,0.01830534797374237,0.41976781409499075,0.523025810426831,0.4898947205782146,0.4506460553590261
34565,Anthony Mounier,Bologna,Serie A,30,1983.0,-0.2055616419535352,0.4986789348699923,-0.4182960362434497,1.2042746867348793,-0.9885012924098221,0.047286313420990767,0.6332337120526939,-0.7003014284270878,-0.9028216691283357,0.8695107138224886,0.13737444630520854,0.28383142257117033,-0.22841321155510944,-0.7655829601831361,-0.5010178601719425,1.4885619165510644,0.17409593486204,-1.2603533274112262,-0.8679340225302085,-0.5457131342545061,-0.12927192462177617,-0.8359928279106391,-0.879041270335837,0.6857323312731602,0.6560867150123869,0.9624821353175855,0.8067767355997434,0.36412681785589135,1.2591354589572104
8851,Saphir Sliti Taïder,Bologna,Serie A,29,2181.0,0.19725332990882985,-0.7335584665654946,1.2488705022577553,-0.5531392824583601,-0.921522911584473,0.4125454017031652,-0.3459494154209699,0.17962749718725965,0.9780416581393203,-0.005763334926290172,-0.39638389031319565,-0.3914069045149373,-0.10437590548002151,-0.42722762453561897,-0.41991906083175223,1.4082456927930602,0.4661402117224654,-0.04433670138092255,-0.592075891449482,-2.4043162388417993,0.8863273406342838,-0.40473040010846517,-0.6378681452983569,0.3943014046661281,1.4664359749829634,0.29711377587658655,-0.025126839703666894,0.18766053493986956,0.9649454916427509
7770,Federico Viviani,Hellas Verona,Serie A,19,1657.0,0.5681917003506888,0.3724433893698871,1.4343778237712488,-0.598983885094691,1.4204690431573477,1.253618175287264,-0.8845828937610313,1.7283222989238503,0.2591253505953362,2.1843020618319584,2.6723460294577612,0.5797867014181571,-0.11345973993823186,2.6318399831488812,0.495706509409572,1.0048858120034325,1.298241984211888,0.266284703091607,0.8216106043692679,0.966873434904302,2.0629714529074152,-0.548300688436768,-0.3998086909076153,0.8167860601599386,0.702791638619724,-0.05349296143530092,0.2243065042361601,0.07628276213583983,0.15410218895334443
12491,Federico Marchetti,Lazio,Serie A,29,2646.0,-1.1450324906279508,-0.7335584665654946,0.05053208756897675,-1.112109119895843,2.2422206062246532,-1.6803006748738214,-0.960933951440249,-1.0732339227081809,-0.5197317173644429,-1.180642524445821,-0.8412946854011707,-0.9863303074839346,-0.8127012559390556,1.5984352766729617,2.301058711562298,-2.152145479508493,-1.7725951450111788,3.732165637206146,-1.5488097861884091,-0.0038187813659491085,0.19453130985805916,-1.0449187570420502,-1.275308169628122,-1.8942146925984813,-1.189283189571465,-2.5360315167637957,-0.0243382889226596,-2.6048505745897677,-1.580585400269186
8443,Dušan Basta,Lazio,Serie A,23,1891.0,-0.6289871222883212,-0.7335584665654946,1.7605857436196428,-0.2956309651543297,-0.9790455209991844,1.0484652830808403,-0.6680054272948918,1.4610170234358975,0.49867340530547716,-0.4480885853104727,-0.8412946854011707,0.7896123758929546,-0.4042248970413421,0.19433058317209806,-0.29333202301454564,-0.14637061722937603,-0.07588866927209607,1.0089734746875798,0.009011440868995949,0.3506344622840467,1.0876726923609923,-0.20922060603582196,-0.31635613615384944,-0.24454070788995633,-0.3444127167150149,-0.12702208138797993,1.9207589042750022,0.4738494877148097,-1.2967385788323635
9939,Maurício dos Santos Nascimento,Lazio,Serie A,24,2017.0,-0.7052065603398363,-0.7335584665654946,-1.2105143503879974,-0.9785363107951764,1.091768417930426,-0.328135814588134,-0.6186588451865302,0.24444702035138421,0.7793425810735731,-1.1630597095618174,-0.8412946854011707,-0.9863303074839346,-0.2382623902903867,0.23216741753143041,0.043964303457747926,-0.24598498351139292,0.6046485641506832,0.24962181398528688,0.3376767067741621,-1.0011155421732865,-1.0498088896107396,1.7803299141312352,2.2309760899997477,1.2608910834902616,-0.5724235755123633,-0.9423233557463342,0.8689456737676186,-0.5493647077184545,-0.4178560215418886
8847,Santiago Juan Gentiletti Selak,Lazio,Serie A,19,1779.0,-0.6463653172771207,-0.7335584665654946,-1.5302703610081907,-0.7430311320322003,0.15048935478060282,0.7229927504335336,-0.5912894213014801,1.088551174994782,1.187720155488525,-1.2370249371978637,-0.8412946854011707,-0.9863303074839346,-0.8127012559390556,0.9057015695247784,0.1140558613171033,-0.23520067814832413,0.6643978989630596,0.08192933425572739,0.6590522639263019,0.7357838201717064,0.5651200546015842,0.5241848229058188,0.18572362160091177,0.7010127315297113,-0.9764829014213161,-1.020672126876348,-1.0391418525347358,-0.6995537850098279,-0.7170809412796144
7785,Senad Lulić,Lazio,Serie A,30,2433.0,-0.4522478985017111,0.019686529441462666,0.17283947182164572,0.7975302943540173,-0.6339098645109161,1.1721740636481894,-0.07887954729354611,1.093892868885355,0.08714847311849341,0.7864849340240381,0.35519168215354513,1.2096261715972487,0.7746986509158083,0.546846913386949,-0.0640412323605191,0.7650941867608461,1.422963693740459,-0.3526226065717037,0.1160196087982886,1.4710689579572382,2.551833743016517,-0.5280153216712697,-0.2566958925039428,0.6701367295830405,-0.5600680329946828,0.21921605675561442,-1.6380454104371467,0.7859018511129551,-0.656509965152043
5510,Lucas Rodrigo Biglia,Lazio,Serie A,27,2391.0,-0.47718137289310003,-0.22257419909444331,0.6554541693922581,-0.5777538977610125,1.6943862308464497,1.9689357126937141,-0.7951997788280101,2.405692942986719,1.1716202976822578,1.8203591460114117,0.3762090085597761,-0.2202056093510048,-0.4896444618463849,1.2521494142350407,-0.04065877075790467,1.5828145508152245,1.4797177260615688,0.4416417741628784,0.7099549805773154,1.6391341323082167,2.871737576070408,-0.2564004157536357,-0.31464491546118656,0.7673697283011396,1.0305368162953443,-0.08610425017102975,0.006558948910190146,-0.002916836930230724,0.34267426543995194
8173,Marco Parolo,Lazio,Serie A,31,2667.0,0.7177053600620799,-0.04640245783473812,-0.12401898868561193,-0.7785669675779088,0.3248002924009402,-0.0506450849026818,0.6859058794886923,-0.09462536650507868,0.40942648951464466,0.49706722193189834,-0.8412946854011707,-0.2994896051082934,0.2009848263123577,-0.2583151514023202,-0.20122929401591388,1.5705374568379267,0.68333275907803,-1.7717509166165901,-0.07607390799040725,0.04251497597391948,-0.29441566620809423,0.012895772471352825,0.6738298555660671,0.8662274041386082,-0.5646112744326937,0.39062857405312074,-0.49949812113900993,0.31346016540431393,0.35225125917114397
8172,Felipe Anderson Pereira Gomes,Lazio,Serie A,35,2164.0,0.9047108120317691,1.2424913681533125,0.6976341039845679,2.8006289763374412,-0.8056191463458753,1.1019076875077765,0.23771268652570857,0.15340086764776123,-0.8758920778218939,0.34861317521610574,0.9523290559793743,1.1298944536480375,1.6859131445826814,-0.15336733038009784,-0.34506093988525294,1.2391448815135844,1.132675189471822,-0.4727634372710518,-0.017354179482657314,0.3506344622840467,1.5177635737066268,-0.7307065406373794,-0.688725541758485,0.12396779682728082,1.199930132474331,0.7517827452421,0.4334048654853968,0.36051510108350177,1.7026454381443399
5589,Sergej Milinković-Savić,Lazio,Serie A,25,1706.0,0.7269862930813438,-0.375480100937334,-0.27668932199443913,0.6153664183126974,-0.6951041298457158,0.7996792762708065,1.5367771308104574,0.0881082484116243,-0.6467831285052212,0.4245046165513788,-0.8412946854011707,0.40058667059126296,-0.3599293950506754,-0.6282746841916116,-0.5562714490706633,1.2040586767037376,0.44106467152768897,0.9425541536505411,0.17794281660499825,0.966873434904302,1.2250547594848362,-0.3267799089270831,2.374124507509129,1.5434892872125296,1.0070354795291578,0.7253631070585184,0.5185029702386048,0.49666070888681774,0.8077467774261653
11427,Filip Đorđević,Lazio,Serie A,27,1356.0,0.16341721643860777,0.6179497010487589,-1.081891107056518,-0.6672880275480345,-1.20913595865803,-0.6741575112863691,2.5500727308447817,-1.4739443671973198,-0.5384745568076258,-0.026798900648481453,0.5899006598597067,-0.761182304382185,0.041755375339237275,-1.3928122926402666,-0.9414876273255173,1.3153780091199936,-1.1178335037940184,1.82593112344315,-1.0962163833544685,-1.621330250100769,-0.9415423440336766,-0.4343060023351311,0.2848747294745019,0.4063262403541891,0.4990989726295149,1.1548140419481934,0.1875791356067746,0.20399692951269757,0.481303135613709
11339,Paweł Wszołek,Hellas Verona,Serie A,28,1866.0,-0.574531589411792,-0.7335584665654946,-0.7661117215251095,0.9762436326504638,0.479430962870595,-0.35428403468787517,0.6968174417792111,-0.9113477320725967,-0.6078218239609227,1.0815431550396841,1.758786890394314,1.9177893531034238,-0.19177778755032862,-1.005598927706052,-0.6487808734759078,0.471250270156475,-0.30343715584721065,-0.080303390319847,-0.36479051755273667,-0.881843482956463,0.8692906250420068,-0.6778237872096344,-0.23872179146457825,1.449336759795753,0.1753525848187979,0.9036726426358346,1.2902682499750058,1.0356579793596565,0.8125343683590637
8421,Matteo Bianchetti,Hellas Verona,Serie A,23,1671.0,-0.7734045845993518,-0.36797995563692376,-1.4179716021912967,-0.9839499776163863,-0.6339098645109161,-0.6875640537170075,-0.7209943653868931,-0.1349518858836143,0.2531523497143583,-0.8799025813824104,-0.8412946854011707,-0.6209195448196947,-0.5815735495729348,0.17084275221270212,0.1377278838853229,0.45902094282663686,1.048204454000852,-0.9399777788796297,0.21411058506566202,-0.5737239966463358,-0.4229761543317311,1.9400002651308006,0.7504086573575472,0.4206994583913078,-0.5043723253106833,-0.9085979798140894,0.8338658202807789,-0.03252863635053916,0.032022999261026135
3145,Keita Baldé Diao,Lazio,Serie A,31,1875.0,1.8357206180462353,0.5696558091926764,-0.00721464413207462,1.745967610121406,-0.532399377308484,0.3523696502733633,1.4391731854387662,-0.755322025168448,-0.026449474048849873,1.786515776078091,-0.3237744485548374,2.270210409379772,-0.4007392321120813,-0.9626289038579022,-0.690739143164342,-0.42281545193304165,-1.009400469044961,1.9450707805533367,-1.0905680176871007,1.759180685416058,-0.46289639103334046,-1.014072634801868,-0.6950271151321702,0.10228675065516384,1.1708676703487648,1.2779842007535613,-0.8308695384756193,-0.10773841693898588,1.2102236957286683
3588,Wesley Hoedt,Lazio,Serie A,25,2134.0,-0.6461783755064174,-0.7335584665654946,-0.5456524796538907,-0.868009558914357,0.9639403970088448,-0.21697115545145496,-0.6699399477657003,0.23385538894282823,0.9889106674830871,-1.2370249371978637,-0.8412946854011707,-0.9505640595685207,-0.4507383718361615,1.1987922763801044,0.6562473472460918,-0.9456119247147695,-0.18541583096041805,-0.6470217592764129,0.11921111100389473,0.01064054635563057,0.008383258064796173,1.2257483146606898,0.5941539904748157,-0.31544422142203976,-0.9664870890622889,-0.9233047719485413,-0.4016957462743759,-0.8103842814938094,0.15779300698629883
3742,Orestis Karnezis,Udinese,Serie A,38,3550.0,-1.1450324906279508,-0.7335584665654946,0.05053208756897675,-1.1361362630293526,-0.15455478605498763,-1.82859094083279,-0.9674181758559358,-1.0803695918073282,-2.4363161811931824,-1.2370249371978637,-0.8412946854011707,-0.9863303074839346,-0.8127012559390556,2.457799758773837,3.604393450651924,-2.1548928618128618,-1.807962289111341,0.0025763711481099436,-1.5488097861884091,-0.0038187813659491085,-0.08260995106599812,-1.0492289523123521,-1.275308169628122,-1.8942146925984813,-1.3581130342753545,-2.7083022815756754,0.05375746271006386,-3.06812024379776,-1.8921956805593136
3577,Molla Wagué,Udinese,Serie A,21,1756.0,-0.5893139305310034,-0.7335584665654946,-1.2324615544362179,-1.063726444428821,-0.6339098645109161,-1.199886007597119,-0.2737021712560475,-0.7571295722358387,0.6129677557792881,-0.8971892557812222,-0.8412946854011707,-0.7690035049455146,-0.8127012559390556,-0.7566565682451646,-0.26401268309268916,0.08041313533583927,0.2704415083101437,-0.1780590064102567,0.8277695127017959,-0.4468512669892241,-0.7848299018552473,1.3866174922818162,1.2719582284772093,0.37970494664257237,-0.19562759315191433,-0.655312933926028,1.2630382764206394,0.3813609946052204,-0.6062900136024912
7799,Danilo Larangeira,Udinese,Serie A,34,3058.0,-0.7388910707628175,-0.7335584665654946,-1.149541457581843,-1.0737662623119557,2.2422206062246532,-1.1008555997305527,-0.6251707180278349,-0.47204271725019326,0.04542200111974107,-1.139452756594917,-0.8412946854011707,-0.9114527668840394,-0.4338120499176805,0.6875757806096802,0.621881500412878,-0.44440003636377917,-0.7368860251754312,0.4643350421838664,0.016589135686680585,-1.1662614703196579,-0.7247188968436798,1.764769344182018,0.7804073602518037,0.0644198168066645,-0.6507099923801286,-1.0662681559213243,0.13969555041048873,-0.5257670761932771,-0.1868942192747874
6938,Felipe Dias da Silva dal Belo,Udinese,Serie A,26,2195.0,-0.7004576425503929,-0.4552524566513068,-1.885307986766275,-0.9044248435076516,0.8041553708568687,-1.0633508465259018,-0.5687757394098029,-0.46857841329354366,0.2902893262845534,-1.0331235283478788,-0.39922159014519143,-0.7429242886409042,-0.8127012559390556,-0.048615159725265915,0.11692413682668955,0.2811758949763384,1.3043141665146767,-0.4458826121374075,0.7438902433292006,0.11015096077370362,-0.7332159358192425,1.488636756782109,1.2857272360345358,0.8913368654718096,-0.6480779278534493,-0.685814571463721,-1.2100371936869,-0.1322391996467948,-0.7895565475860933
25116,Edenílson Andrade dos Santos,Udinese,Serie A,29,2279.0,-0.6779176676049792,-0.7335584665654946,0.35615107549055547,0.9002985388058696,-0.9097031973211763,0.24362791340162634,-0.17693459998483224,0.39613094884179484,-0.34727625539102014,0.33406270624475837,-0.8412946854011707,1.2240520625900215,0.5430316000075468,-0.3136682366084718,-0.3671410309037415,0.42014728637842924,-0.001211791209949149,-1.683273322347821,0.874818949303215,-0.3066871085108921,0.8755169395029353,-0.35437997807596266,-0.7978939628795878,-0.30638719549570276,-0.31270816866589085,0.4229519907416805,0.30327614025499794,1.0257001603430473,2.434523670385827
8191,Ali Adnan Kadhim Al Tameemi,Udinese,Serie A,28,1974.0,-0.11139699255318296,-0.4240945902931329,1.4757214957411036,0.4097803504968901,0.4446390620149225,-0.08200124910652849,-0.49807069793750464,0.24387585030652104,-1.224397121460003,0.1989271492743792,-0.3497291108890765,2.377545100560595,-0.4213999415137381,-0.06843367702311973,-0.1784381865395596,0.24258258522591755,1.3209012251115098,1.132754936620242,0.3787703841791219,0.9072374052958903,0.31165871660394984,0.2767574592809132,0.5313334957330925,0.5710701442458753,0.03044074984138738,0.3926835118804091,-2.144658794392913,1.4004834707688751,-1.6753427648055939
40367,Francesco Lodi,Udinese,Serie A,24,1935.0,0.0011288806784148918,-0.4178573338721395,1.1570084716644093,-0.7418676073315744,0.3248002924009402,1.0306296702650857,-0.8255493774773758,1.6040144994681258,0.13186798440974062,1.3072642187106052,-0.33982158768185594,0.3153393104485063,0.3848627668137765,1.852174806547094,0.22069538780799314,0.40524222245766395,-0.9374370492133977,1.6141272885805944,-0.4704446056067037,0.20563705696163428,0.753052894943643,-0.4600630030087507,-0.7754967531802739,-0.5399985973682957,-0.748991643195557,0.1165666310087088,-0.016321938308131858,-0.02744117058637024,0.3001794745997241
5204,Bruno Miguel Borges Fernandes,Udinese,Serie A,31,2168.0,1.0236866871271102,-0.17001447047541893,1.2230950923935042,0.47671896769927746,-0.37244345808041,0.6061363997293763,-0.24725652449267663,0.3497712970629273,-0.685347701342959,1.3090779102424082,0.9490197870838379,1.1259899799190114,1.6813031549138218,0.5067725822505305,0.002983043666782579,0.654810623819503,-0.08136702547612136,-0.7951413329809702,0.37613174925956155,-0.011859051021985178,1.0011847346858385,-0.504079937772268,-0.6898077975294621,-0.3402035369294194,1.0020609020863698,0.5431889502718288,-0.46689300420240926,0.42543757875429544,1.002949275191851
19846,Antonio Di Natale,Udinese,Serie A,23,1202.0,1.2905127461363741,-0.22533742516645783,-0.3326010994952699,-0.7130026807913046,0.0851227531729763,-0.8994042471272562,2.244214940516024,-1.2228633234103379,-1.5227756221744522,1.4935349722213749,1.580545025298184,0.7281286545712354,0.7938478178454219,-0.4059978948762958,-0.023022629971021974,-0.8262658106175479,-1.4965431101129085,1.3493724950024004,-1.3445779544936258,-0.881843482956463,-1.7667466529110203,-0.9873249603581028,-0.6718544939875731,-1.3751575370104914,-0.5486648540496003,1.420179758485393,-0.0217561495540901,-0.3046893585686189,0.11812824558696443
8272,Cyril Théréau,Udinese,Serie A,36,2982.0,1.1159264800536595,1.5198615902346628,-0.8567848646052731,0.42021347318207325,-0.594510816966593,0.4097041072068852,1.3915609319917863,-0.42433401400452925,-0.11136613176974944,1.0643304452728475,0.13491300482707314,-0.06489964690252865,-0.42415558457307156,-1.2033913589623233,-0.8771654449154103,0.426420884439592,-1.3058484686470677,-0.4377223616504086,-1.1783570773899241,1.9939383892713933,-0.8971621082850496,-0.7013904725008314,1.0557728046562813,-0.5551795193901344,0.9135776645353189,0.90677002801758,-0.21733840170899824,-0.10972780656640338,1.0048717791621729
24722,Emmanuel Agyemang-Badu,Udinese,Serie A,33,2752.0,0.176634840659702,0.15435096913456747,-0.02111098318177336,-0.07345902696893473,-0.38381156270782324,-0.5825833353213505,-0.069654686116611,-0.8794727626040808,0.16356567898834234,-0.15281080825959573,-0.48869641356727744,-0.5703137392526857,-0.2513431202736654,-0.8054184081384544,-0.38148891228195214,0.40390781639719037,-0.41376170958729086,0.24515128276164047,-0.5675767634164528,-1.2179738316584208,0.9762716282250017,-0.37833061195471296,0.35005512800013494,-0.5339529898003036,1.913465211701058,0.3208476194447506,0.9225787154759956,0.24806608427800506,0.15400964074862256
7001,Samir Handanovič,Inter Milan,Serie A,36,3377.0,-1.1450324906279508,-0.7335584665654946,0.05053208756897675,-1.1173101390343076,-3.5100403352464857,-1.8184022702813394,-0.9674181758559358,-1.1938629423668476,-0.0001691827997408342,-1.2370249371978637,-0.8412946854011707,-0.9863303074839346,-0.6983351329488904,1.0901049163362608,2.014959394023302,-2.1659342086262092,-1.807962289111341,0.0025763711481099436,-1.5488097861884091,-0.0038187813659491085,-0.3380685472946856,-1.0618448557252052,-1.275308169628122,-1.8572643401544917,-1.3505701312048566,-2.6919965634169176,-0.024529452630338587,-3.189725500868147,-1.9754086916512463
6999,Davide Santon,Inter Milan,Serie A,12,1008.0,-0.8810060318805917,-0.7335584665654946,1.996459856609893,-0.0008537499710180314,-0.9534799168148684,0.8640267049888786,-0.8482705522176921,1.1300897363694828,1.0264979227059607,-0.49700576982729994,0.12135456468501396,0.9823745529712458,-0.8127012559390556,-0.07610940595741889,-0.265874462579796,-0.33382810560765686,-0.3225422369045329,-0.4377223616504086,-0.9399638990427509,-3.100303784389381,0.7817300423441252,0.04893037035684938,-0.5557136080011977,0.3340235253185335,-0.46825065405707894,0.1381512860018442,1.8869931042379189,0.6834571543480912,-0.5356961252682719
5551,João Miranda de Souza Filho,Inter Milan,Serie A,32,2857.0,-0.8345218496090053,-0.5197391834847659,-1.7547845579130565,-0.802346514702786,1.091768417930426,0.16908643517795455,-0.5890817244572144,0.4435492330063824,0.8863343918012834,-1.1325882104621932,0.17762422683565976,-0.8794697221825791,-0.5423376596227882,1.035535645899225,0.3799333699709976,-0.4525664913742754,-0.10469449386125229,-0.8501288670318257,0.3844943398827886,-0.3066871085108921,0.5914607995723449,1.650110720404903,0.5442056956826592,0.15854099153087914,-0.005130524095237504,-0.9824871705333521,0.7533677514711442,-0.41007360072988897,-0.47787878961348057
16453,Gary Alexis Medel Soto,Inter Milan,Serie A,30,2502.0,-0.719551003150192,-0.48940111574149703,1.3352783878457912,-0.8312162595220781,-0.15455478605498763,1.3468684956229513,-0.8371272492874966,1.6444485399942554,1.5822787385190402,-0.5214956127762539,-0.45346477169738414,-0.7422849899731652,-0.1952521794597777,0.9147117611254956,-0.00261933107187633,0.7279572881331324,0.39879483880740585,-0.1449215094304571,-0.12612529593725944,-0.24435489059068236,1.0959236087372988,0.13747274089634,-0.04319661806547435,-0.6473987433243724,-0.4190069813349474,-0.3443674653616668,0.09622950542358469,-0.3852901449734261,-0.0838373748023407
11183,Alex Nicolao Telles,Inter Milan,Serie A,21,1606.0,-0.42693313084683937,-0.7335584665654946,2.31061544765138,0.3285619729960954,-0.08977707275013247,1.2273257536797568,-0.7323872470352907,1.729451737842209,0.08482017476055208,0.9924325593187839,-0.23709142009178408,1.7225955106574775,-0.3317368756927438,0.38567014840431557,-0.2315502875650057,-0.248846072250934,0.5811037101727093,-0.6847192117568941,1.1261694041601373,0.49148908459724816,0.6620782458272729,0.304616164614641,-0.10854338850949748,0.43669452664223163,-0.6591393406373304,0.15373092576391684,-2.055654379691697,0.9552614207694237,-1.161083117609636
25430,Felipe Melo de Carvalho,Inter Milan,Serie A,26,1840.0,-0.03612136388904227,-0.4015575471298197,0.06471926154509734,-0.7906154981855117,0.5165423237833114,0.7536814329057931,-0.49186374759546736,0.8872136006617287,1.3193598292583442,-0.5883820496243608,-0.3139303136148263,-0.9863303074839346,-0.1830038689752702,0.763720225191911,0.12105340125099269,0.3814549839883474,1.294466656883639,-0.1740526287016336,0.5858568372648904,-0.18857463875867614,0.3304805816184203,0.27688076457890587,1.0242657555709629,0.9540550294345724,0.5399924590344491,-0.03500659721328583,0.04020825131340307,-0.36992282995680814,-0.03034249282554636
32807,Fredy Alejandro Guarín Vásquez,Inter Milan,Serie A,16,1023.0,1.3698001721621447,-0.13641116279067292,1.203104010041533,0.9146966637857034,0.3248002924009402,0.4317746220709758,0.022101091427073703,0.07959645897791419,-0.3684833860682946,0.6588130235497157,0.10723947304152229,0.7296804258340926,1.0749546450276524,-0.06568109052636222,-0.14428707808364954,1.0391203201110422,0.1130648165285492,-1.2603533274112262,-0.22898902437588528,0.7988082605533235,0.8480266734312617,-0.44893146411347673,-0.211743187047565,1.2771585677017863,-0.4834574222708358,0.46456347867832426,0.9754595355384115,0.38401416180930853,-0.10440073687567147
6589,Geoffrey Kondogbia,Inter Milan,Serie A,26,2056.0,0.4946026384023416,-0.43643702115613575,0.8813532451419577,0.7810334282831655,-0.17001785310195303,1.619134404591331,-0.3999602329251565,1.134504700247501,1.483833768465658,-0.07602988550988198,-0.8412946854011707,-0.8378377529090453,0.31438356119456806,-0.2924847486172959,-0.4097334368883053,1.9477948593995518,1.014046817853538,-0.4185062879229585,0.06309193215363723,0.3506344622840467,2.3391204549153883,-0.4519125603761798,-0.48151416876729297,1.0189683471685103,1.1894977275258602,0.13693753845609105,-0.6492396782825298,-0.20724556717958534,0.10259255682550553
5587,Adem Ljajić,Inter Milan,Serie A,26,1511.0,1.1447111992631112,0.47931054421208846,0.4927887522192181,1.178006781457524,-0.4770300206526126,1.4848081886699303,0.8607211401129867,0.855662049263937,0.900303048263368,3.7984357320524267,1.0852780030572178,0.7816253886128619,0.20970614932312395,-0.4704308396194581,-0.6467165638617914,-0.2915950432294838,-1.1886276545049284,-1.033420647201345,-1.1426438998596047,-0.1423567158121572,-0.15813768400766207,-0.7950823712509126,-1.1953003030805887,-1.3161409788834122,0.016736761583645385,0.9887303082461933,-0.4353364321974813,0.24080427340051072,1.4291760386029357
5474,Ivan Perišić,Inter Milan,Serie A,34,2511.0,1.3633765893708543,0.9694171775330706,-0.09308013884842588,0.40831816333754134,-0.49246082496654364,0.6799913415253999,0.9936065114086343,0.19202325803317474,-0.36729054222786683,0.010663293379602997,1.4773443685698564,1.9013206044602498,-0.5050832572629999,-0.6944922779998959,-0.5455923401503935,0.37751463559534404,-0.8017099956809228,-1.2099238429201418,-0.42451802612588885,-1.0426014758139208,-0.67311269540137,-0.5089256320754714,0.6264160481959602,-0.7512553836868465,-0.7559627086613612,0.9211474150384146,-0.9094827296540172,0.41525644958339536,1.5530712865063232
6987,Mauro Emanuel Icardi Rivero,Inter Milan,Serie A,33,2656.0,0.825622824962278,2.716451087811252,-1.177670978343123,-0.729212711662058,-1.1414623005230755,-1.098930575999488,2.6952946158667,-1.7344217706220075,-0.4524602167823173,0.2795685612326531,0.6200764653320747,-0.29664500882586425,-0.08564101998689368,-1.3477702739434942,-0.7655281843284399,-0.13013595846776474,-1.4556224423905995,0.8728138665616509,-1.4563825792241285,2.815590352765067,-1.8174423591891715,-0.4885242450582749,0.1129457964021342,-0.8606343144080589,0.18712258100012563,1.174635152320779,0.05090845160955485,0.41779597463936946,0.13057519815015767
3434,Stevan Jovetić,Inter Milan,Serie A,26,1562.0,2.8305771826997623,1.2218886901619146,0.39683262806806957,1.468762921862498,-0.7237889417214026,1.8276073910967754,1.4161445280159202,0.6658827023366894,-0.3818030086369533,1.62829895797318,0.4011514657984124,0.4795821070773932,3.6379127978894927,-0.7425275083631161,-0.7647468350380946,0.12288805097280904,-0.37009089414546786,0.15797592390052775,-1.1559053980688039,1.3366168184764553,0.4843714012452278,-0.746447270403878,0.11781215966753715,0.7420108046554516,2.376408796345222,1.1016211455524818,-0.5278031291566359,-0.4995381753648812,0.8283371333549848
11497,Jonathan Ludovic Biabiany,Inter Milan,Serie A,20,922.0,0.779325213040437,-0.07099697875460283,-0.0603122595674379,2.0357593482919816,-0.13371326090472976,0.21443476066729295,1.2098043437288037,-0.4485291176067062,0.03138600561764819,1.3519184752430156,0.21114614332645873,2.2421748432842126,-0.8127012559390556,-0.8661576519439592,-0.5134310639248858,0.6298161048780675,0.9324927095912406,-0.8569174514825493,-0.883173501760184,1.3366168184764553,-0.09874961889447159,-0.7703928571419398,-0.291914300159657,-0.6761755799844081,0.42217192768726397,0.9254843777693598,1.5163958248242257,0.6839506793621302,0.24013260108679096
7962,Andrea Ranocchia,Sampdoria,Serie A,24,1440.0,-0.5905769272584965,-0.7335584665654946,-2.0061759571476423,-0.9595367609980562,0.8041553708568687,-0.5041336520923396,-0.4669981565753122,-0.04677535578457494,0.8433180093872338,-1.0298195703341058,-0.8412946854011707,-0.9863303074839346,-0.5444968133433692,0.502823311139562,0.33928506720285534,-0.7628078824771422,-0.2482712342941925,-1.033420647201345,0.07072027361904194,-1.4656488254388105,-1.2156631461280087,1.3640882380380017,1.6210599409202489,0.18547431079073246,-0.12600712863826422,-0.9798503623910986,0.40362268150345404,-0.439100594574106,-0.47768400947168055
387300,Cristian Zaccardo,Carpi,Serie A,27,2506.0,-0.507828970075665,-0.4897908321833549,-0.21773772446075587,-0.730225196907937,-0.2743935556689699,-1.2197944389044246,-0.39916103390689794,-0.5947280118015411,-0.39309069213091136,-0.7607667914934563,-0.8412946854011707,-0.04216416039842516,-0.6585853751179112,-0.3746787216228713,-0.10760513597805843,-0.19438639967936647,0.6940161787118581,-1.1045488006999644,0.31242188669485454,-0.10343635964666727,-0.48698006820886947,1.0291429665128344,-0.16576571706370224,-0.5000097741252654,-0.33730933571502353,-0.39633718761930986,1.5620018920527083,1.1725876341216481,-0.5064381222471235
8278,Nicolás Federico Spolli,Chievo,Serie A,14,1134.0,-0.9103423050747427,-0.7335584665654946,-1.8618950983591083,-0.9679462610947847,2.2422206062246532,-1.5010072887573365,-0.6345613225173502,-1.0732339227081817,0.894433893956494,-0.9739070110216632,-0.8412946854011707,-0.7171057111823715,-0.4721241859762795,-0.5284900652122311,0.02270050061066066,-0.5873299553500635,-0.24001890067082138,-0.7826003164430563,0.07477924620001299,-1.128339072004565,-1.3305542870154736,2.2161762559125022,0.6969139622382634,1.406878963574874,-0.3069237397182439,-1.0955885441709976,0.40385580752818145,-0.25230146352737154,-0.30007419579458083
7172,Simone Romagnoli,Carpi,Serie A,30,2750.0,-0.7901809300715,-0.7335584665654946,-1.7166358070739844,-1.1130177827634375,2.2422206062246532,-1.8621634070709197,-0.5431659828865967,-1.2429558122313853,-0.5825866489158272,-1.128524672367387,-0.8412946854011707,-0.9308210907192124,-0.6722596569071326,-0.48364555484301747,0.16402332381900575,-0.39544023291206154,-0.07245151538753206,-0.7530920422361984,-0.700764954871053,0.09116542118078146,-1.586602590881039,2.3419258850625564,0.8128244128383717,-0.6690888069655626,-1.429323271332349,-0.9666715152278772,0.3909205251834979,0.048630773231069874,-0.1690931828727265
3416,Gabriel Moisés Antunes da Silva,Carpi,Serie A,27,2145.0,-0.6073786109969648,-0.7335584665654946,0.37785463688766313,-0.24696394510953815,0.3248002924009402,-0.5400168491927699,-0.4954936022286544,-0.22050587167767985,-1.0158833147652189,-0.6110618708681896,0.06346097342109028,0.9351425805256827,-0.6326479238468469,-0.26099402167658914,-0.22377824409936786,0.15874103019557934,0.7224455760465504,-1.033420647201345,0.8545561325247462,-2.1143214281969733,0.3836257268579426,0.06564637236054577,-0.4299103629615255,0.37453694746247934,0.8827373500755086,0.18428443339950154,-1.9218958480678363,1.103502767286596,-0.7599528279071481
31572,Luca Marrone,Hellas Verona,Serie A,21,1635.0,-0.4396700613872994,-0.35993052053390906,0.611089533332577,-0.31956608849932105,0.8726346677791439,-0.13784340607626103,-0.5791499564403012,0.3051899541020398,0.30892229001769056,0.6791494646247781,0.9391648450334625,-0.42614555114270064,1.07703279831312,0.4974174384375162,0.08827887087065506,1.106674604484377,0.08083788736447181,1.4215783477964532,-0.647941302896191,1.5831124075245573,0.9476540878539492,-0.3222519859258366,-0.7207582322275564,0.7006266327311801,0.09311626281003493,-0.025082250138130247,-0.10840794993072968,0.3035257773007831,0.33405352427924556
352172,Raffaele Bianco,Carpi,Serie A,26,1924.0,-0.2689696462188338,-0.4160523897663046,0.1714934517755007,-0.14482928697009975,-0.4421678331285448,-0.34401824636635964,-0.41453356886932463,-0.16263177356704184,0.03741051190455317,-0.151458358202708,0.16738560990743065,-0.3516095336669439,-0.009760720933258535,0.08128749122429353,-0.04367281423278685,1.7513111583540686,0.6239884200630071,0.1103200610564528,0.4288634239495878,-0.0469390684386981,1.7858276670214421,-0.2005668342708121,-0.1443029958444321,1.348543628694472,0.23335611952877333,0.12190865101718401,-0.3374075018365473,0.1592829266657207,0.3121572304048071
7696,Ryder Matos Santos,Carpi,Serie A,26,1672.0,0.6589377633970677,-0.002838739577883729,-0.3204938049246176,0.27074493736351174,0.22115595111317235,-0.11879037217530705,0.9514856574757787,-1.146903197846239,0.017473898499760953,0.8152004666680637,0.3194115874300196,0.29184244696690737,-0.5817117838470771,-1.3837692523782543,-0.9323996979123488,0.4986251078188653,-1.0803552180842022,0.06633003381576864,-1.1083432879280093,-4.579277318677993,-0.38599470975884714,-0.9011279043533327,-0.4799668120404687,0.643204904838119,1.3082200157984478,1.0280439624961315,0.1202242989893613,0.24899897509244293,1.6064503626371078
11502,Antonio Di Gaudio,Carpi,Serie A,29,1573.0,0.8852688730135347,0.4315051540860805,-0.40173554065544415,1.3697129965628518,-0.4483530599473311,-0.48056246669982366,1.606715862111053,-1.474324699998206,-0.7787451582410342,-0.2885960488195696,1.0093418894625448,0.372286886058219,0.9059896413047583,-1.1893814877440023,-0.7130302694826719,0.5707934058738112,-0.9750694181346055,-1.033420647201345,-0.9245588982109663,0.966873434904302,-0.11847958473162057,-0.6347648450866631,-1.083172304476623,-0.624983005851091,1.884051355207686,1.0090786942450058,-1.5705175693806066,0.5238293499013432,-0.43328325110562926
7793,Kevin Lasagna,Carpi,Serie A,36,1630.0,1.1408211203185108,1.1403117535622433,0.25234987776836193,-0.12204341700914709,-1.2976322808345093,-0.5793844044226089,2.0429963836026097,-1.5975441733985112,-1.561143928979093,0.5935010031936169,-0.24598766448897819,-0.04982511666806798,-0.33881855981907,-1.2594377198460214,-0.6651958534490657,0.8295014842858761,-0.9467831790896025,2.461342628030815,-1.3229018153014802,0.3506344622840467,-1.3825295804124167,-0.51231777455185,1.3946966823471167,1.3975629937476364,-0.3509245598253825,1.2022700635623316,0.017662492384681424,0.08214564683648307,0.3531219865391669
7460,Isaac Cofie,Carpi,Serie A,29,2238.0,-0.19368782425676911,-0.7335584665654946,0.8770061901780359,-0.6532100108258073,0.8887474435255616,-0.6679951969235662,-0.6684311095680106,-0.3355267381434174,-0.29643920370051957,-0.5037512528542702,-0.40771539849908234,-0.7476009905221599,0.3952973058860198,-0.02567772082991856,0.012364255399728089,2.018378162244259,1.1608866356076277,1.3158120282107983,0.4804588650166373,0.21739360333912724,1.6178585324021992,0.058817163253879604,0.29120867766695196,0.6147934884340821,-0.8513943521861933,-0.17372974942914696,0.24432193042314523,0.03374754869530881,0.09458275586267402
7803,Albano Benjamín Bizzarri,Chievo,Serie A,35,3271.0,-1.1450324906279508,-0.7335584665654946,0.05053208756897675,-1.09726385659018,2.2422206062246532,-1.5541712023758056,-0.9674181758559358,-0.8972929681593742,-2.44881160629688,-1.2370249371978637,-0.8412946854011707,-0.9863303074839346,-0.8127012559390556,2.937255325425821,3.303732029524631,-2.157117665214562,-1.807962289111341,0.0025763711481099436,-1.5488097861884091,-0.0038187813659491085,0.23384544083159897,-1.0618448557252052,-1.275308169628122,-1.8942146925984813,-1.377513859819451,-2.6500743808774496,0.057859855455379076,-2.8746190713186874,-1.7715151173980517
23324,Nicolas Sebastian Frey,Chievo,Serie A,19,1544.0,-1.0875759555637585,-0.7335584665654946,0.188563895495559,-1.0949602133329364,2.2422206062246532,-0.6512204186237159,-0.9229693214416687,0.12444007149121264,-0.23307652588047004,-0.8505278798354139,-0.8412946854011707,-0.24482927395258947,-0.06228468080086574,0.3113529820014314,0.13088532247616388,-0.3497550469290055,-0.535157412770922,-3.0758147690902695,-0.1973611952391863,-1.9693240228745603,-1.8611396414180472,1.1426698727642775,-0.02254250793565272,-0.520326879478664,-0.9636950416157967,-0.19700417386575875,1.7411422330125776,0.3313406118239335,0.21523577355297913
7052,Alessandro Gamberini,Chievo,Serie A,22,1868.0,-0.9550691284456967,-0.7335584665654946,-1.8082302239882355,-1.0340337672082605,2.2422206062246532,-1.3313203061197734,-0.655134040238783,-0.7926943089852048,0.6117709323082562,-1.0772948899367227,-0.3218351328921371,-0.9454710071351696,-0.8127012559390556,-0.44084154239344686,-0.011006328398960628,-0.7848422506448814,-0.6557279980794003,-0.41182243619167264,-0.1689329404604331,-0.7057752050649614,-1.041320840446528,2.1029369104755196,1.18394861914398,-1.0258220680569465,-1.0576441499116855,-1.0680063182908746,0.5294437755450966,-0.5545055315872336,-0.13210154295023965
8877,Boštjan Cesar,Chievo,Serie A,31,2816.0,-0.6724851354835296,-0.5166260476160481,-1.660199664178952,-1.0232530586059387,2.2422206062246532,-0.9722455650428613,-0.5774804984944109,-0.4513002421985924,0.6281265908078142,-1.1310676473243513,-0.8412946854011707,-0.9592261977355351,-0.8127012559390556,0.035749390541289595,0.24979157376869973,-0.530138516671447,-0.6116083550186415,0.5551081142678183,0.020352113864265144,-1.0872564738298816,-0.7768175877283108,1.9758729386941953,0.8068141628066011,0.2770515254286096,-0.39164655918027835,-0.9320476086116048,-0.9624385635602805,-0.4368082343725901,-0.9419103769244542
8645,Massimo Gobbi,Chievo,Serie A,34,2902.0,-0.7170585202807496,-0.7335584665654946,0.8889421154672973,-0.32555550249976295,0.37662246304482444,0.05760008303302446,-0.8137004973922609,0.7386930662844367,-0.10268150893722645,-0.4144867475801895,-0.5069216860604144,0.43391757148940413,-0.4134444702693916,-0.0865162645922753,-0.28826038481377386,0.05690246369677122,0.09462431807429135,-0.4680121049835075,-0.2376301665104263,-1.239659660606934,0.575289826348636,0.24995695503579307,-0.3380002981774762,0.29870341573059994,-0.9289782118228163,-0.06264526812689634,-2.059881078211327,0.9929824333769176,-1.5211975043796724
7041,Nicola Rigoni,Chievo,Serie A,28,2057.0,0.1487870058102509,0.15737253746218077,1.1913389595334842,-0.6107162569858259,-0.8030940098483029,-0.21482999136503808,-0.6170998346969188,0.06565784805403668,0.5962525938294341,-0.7293365322424239,-0.3695637937692434,-0.8008048503825901,-0.24943281062385608,-0.587796770717757,-0.30205632151353123,0.8746313932719412,0.6487217252822228,0.20210172283022693,-0.23604688941231583,0.12654756314940874,0.983053283027547,0.20097211690797398,-0.45251458239111364,0.2896104154815876,-0.6922081296261446,-0.08614976926322435,0.13472797388838137,-0.07167579446817253,0.4686603261613506
7049,Lucas Nahuel Castro,Chievo,Serie A,34,2892.0,0.20467953085232538,-0.09986376556794008,-0.102626217639272,0.006997443065346633,-0.8551506699521139,0.12235061103492742,0.23097949924407563,-0.29870108476670026,-0.2860100129442715,0.31056701448165547,-0.5057654862010073,0.35965303471044635,0.5227565495166444,-0.5121426786075085,-0.41948104867059677,1.5169741164252506,1.23375885513787,0.38611569283492886,0.7855205031169366,0.3954518421109746,1.1708101153477295,-0.21009688153448444,0.1250646494715778,0.73775686770737,-0.023286734425425306,0.4393550259735768,0.8071271823710104,0.5410797074281126,0.6793133990442618
7046,Perparim Hetemaj,Chievo,Serie A,28,2341.0,-0.15975477015937758,-0.47260943121237964,0.7959868588506932,0.1674260586711186,-0.39423232528295216,0.4540040447440907,-0.3297926188546897,0.010136714071691947,0.04759156350289005,-0.026187936473298437,-0.8412946854011707,0.7416637855229579,0.012190664902013015,-0.2683220805343546,-0.28481302136789166,1.9455059259489682,1.1102123457024609,0.07637341903053668,0.07658246340813367,-1.0011155421732865,1.9533056424121698,-0.29659142359144297,-0.7847174304753791,1.996873660603038,3.004909987702366,0.2479487954594235,-1.1296740834262902,0.4438451804947391,0.17432310656590388
7045,Valter Birsa,Chievo,Serie A,35,2379.0,0.8686270585574567,0.2935650168504657,0.6299844083907659,1.1086594248337855,-0.15455478605498763,0.11768507386035237,-0.28949373972005227,-0.10712630262435006,-1.003694167496929,2.0239119839366864,2.0138768608821938,1.09905693436014,0.9730735951394112,0.06589365347473064,-0.2075363862331714,1.5496880920680232,-0.15583052864929223,0.3281754340579386,-0.5685141636063454,0.48036898283567975,0.07290786495158239,-0.628852626360155,-0.46224798398155936,0.6758927769115176,0.16447286460096125,0.7388003615141657,0.1222287280393337,0.12947680807906836,0.9825064877353445
11643,Riccardo Meggiorini,Chievo,Serie A,26,1683.0,0.9107029314905247,1.081300986083473,0.07559726232839761,0.07267316263941458,-1.3529424821948084,-0.5402500036339187,1.3467217656098458,-1.3692775383695817,-1.7504208668117827,0.26992318544764815,2.6180651865662976,0.4195403785506981,0.10521769198201004,-1.3136413617189244,-0.809393589106385,1.356652335991685,-0.5846751872939696,-0.16695041367270996,-0.9653596098434789,-0.881843482956463,-0.9822212302443649,-0.742511828162792,1.741601650240909,2.0353224617554697,2.4079038149462804,1.1163839733861012,0.14854288639996938,0.0063358244106875685,0.7544033178467339
7050,Fabrizio Cacciatore,Chievo,Serie A,29,2407.0,-0.7764704210844829,-0.4797646602665157,-0.4112109934016812,-0.5550527332878203,-1.6797754902329414,0.42177573307160887,-0.6038867475222167,1.1367714743652377,0.42720448557169327,0.1265533806758066,0.368115922102204,0.2503467797650191,0.1500267806320826,0.6715523304583568,-0.03489970288647981,-0.03269576519645524,-0.09729158503270711,0.266284703091607,-0.6819063277648112,-1.099339590940083,-0.15493366076358162,-0.07568688849283821,-0.5470437940056926,-0.6500301621122048,-0.8104467838900443,-0.17335706893316669,1.1129955535582226,0.9545815613150846,1.72572787266827
7043,Roberto Inglese,Chievo,Serie A,26,1446.0,1.0022366344543066,0.5338309354296145,-0.22887545466895856,-0.1249025999455802,-0.008664110003183356,-0.5276449102632207,1.5242997624708206,-1.7196633650613766,-0.8891620968779104,-0.10212417263288286,-0.17023628700084265,-0.45849370270182443,-0.01142657266563574,-1.4582001568831322,-0.8683963863461809,0.6408064192908629,-0.707765279489286,0.9288795875546811,-1.294155572809644,0.3506344622840467,-0.7767221952757916,-0.6901730124419816,1.1492179052310587,2.3341986337945264,1.386482898759583,1.0665067750146862,-0.07791904926268549,-0.016292889441429714,0.2803282076600592
8662,Vid Belec,Carpi,Serie A,30,2820.0,-1.1450324906279508,-0.7335584665654946,0.05053208756897675,-1.1135916457487616,2.2422206062246532,-1.8614727242445126,-0.9674181758559358,-1.1200570067104945,-3.8499391629080955,-1.2370249371978637,-0.8412946854011707,-0.9863303074839346,-0.8127012559390556,2.7044782271277334,3.780838111480669,-2.173284552270807,-1.807962289111341,0.0025763711481099436,-1.5488097861884091,-0.0038187813659491085,0.413325305659383,-1.0300814109623482,-1.275308169628122,-1.849965990398711,-1.3199979191226012,-2.643469320745309,0.051499393399132315,-2.859894182589843,-1.6976750809714087
7114,Gaetano Letizia,Carpi,Serie A,35,3012.0,-0.4676100227662005,-0.5307424998451618,1.6179959504409869,0.531357043003208,-0.8159434386081044,0.10790564145297489,-0.6598179363436572,0.3721699463024258,-0.9635866650856587,0.4470346181888536,-0.8412946854011707,0.9902179986304289,0.08487536469989485,0.6776454279282906,0.17845336421596608,0.770816319439442,1.3922006321270313,-0.33940322714200194,0.4072592313185983,0.3506344622840467,2.3456437979892852,-0.1102069887264602,-0.5729150716257457,-0.36137618412435946,0.7853613900340525,-0.001472119153097011,0.5981811073340076,1.1443633099877903,2.0349653443899234
11499,Riccardo Gagliolo,Carpi,Serie A,31,2743.0,-0.6599091395208818,-0.5108527823651149,0.4635401552009305,-0.6262317584402647,0.15048935478060282,-0.8608732726274546,-0.7484958196267165,-0.384821839731957,-0.8264249416511801,-0.6931391765638656,-0.8412946854011707,-0.7080759398153487,0.17289873726711216,0.16962625158072545,0.20093719299588936,0.11617377317510323,1.5013348086049567,-0.39473382557972264,1.5835391600017223,-0.353638649281959,1.0139978603344213,1.6322001402932755,-0.3497778694386253,0.2893450338911052,1.2386756485487622,-0.7307848124320655,-1.407078815767191,0.31945138747603646,-0.6447918224656866
387472,Lorenzo Pasciuti,Carpi,Serie A,21,1605.0,-0.8133955181452864,0.02766482534932442,-0.6845846688328926,-0.2250808880641596,-0.008664110003183356,0.07503040297024591,-0.18705691748508346,0.3652827898254615,-1.6969709258504337,1.086773569685402,0.9724444624247632,1.9145018147223467,0.8717229069048814,0.9587735658010105,0.13880029212266343,0.7304881108423268,-0.17538847472329777,-1.7142186878309873,0.05717772024140942,-0.7057752050649614,1.3502701235175496,-0.47585382804408544,-0.5220876939064817,0.5936375731381482,-0.4632105341698577,0.5373307343002072,1.1152026271324866,1.3037685390594562,1.1268713741756309
30829,Lorenzo Lollo,Carpi,Serie A,27,2175.0,0.3233187944332245,0.10903697034711557,0.5740872792101932,0.062304495583031846,-0.5637603408344387,-0.9460287770859837,-0.28901625809225295,-0.9913428926371551,-0.6038650160649891,-0.48251160130776616,-0.3951565501888153,-0.6354099716150008,0.2527177711996711,-0.7502138516216781,-0.31327317697147455,3.767135648415152,1.2468808803236258,0.6446026923787573,0.2006353891244671,-0.0469390684386981,1.1658390063186308,-0.5264665177912561,-0.24703235466882043,3.039668184407654,0.7056052997932006,0.30617278258850117,0.12749535716907512,0.5209643083835073,0.3632264472692076
32608,Jerry Uche Mbakogu,Carpi,Serie A,24,1739.0,0.6404483344835751,-0.38227514755362474,-1.0587187996525511,0.179981934972719,-1.1132649429668442,-0.04393686645978712,2.337746495972055,-1.395432822735763,-1.2283193575470195,0.56455364070899,0.2746920243019626,-0.020744449443193428,-0.36852138551031705,-1.4347726993664909,-1.0341359078794385,-0.23802283684049455,-0.6240679864324242,-0.16695041367270996,-1.266478950424028,-0.881843482956463,-1.0950097823583216,-0.2892205236557094,0.7059562128156471,0.8324620916035933,1.1998190143284873,1.2426089154886892,-0.08170627484778493,-0.14773048091659347,0.4673619253786548
38312,Eugenio Lamanna,Genoa,Serie A,13,1213.0,-1.1450324906279508,-0.7335584665654946,0.05053208756897675,-1.1361362630293526,-0.15455478605498763,-1.8324463127764612,-0.9674181758559358,-1.1853519468961085,-1.1657556214398044,-1.1140341176249817,-0.8412946854011707,-0.9863303074839346,-0.8127012559390556,1.6239330233043252,2.4844562991627357,-2.1554621059304258,-1.807962289111341,0.0025763711481099436,-1.5488097861884091,-0.0038187813659491085,-0.3932725326161416,-1.0618448557252052,-1.275308169628122,-1.8942146925984813,-1.4191693604219788,-2.7191400292213537,0.07379292933209328,-3.1438546672482457,-1.8446579871260336
9940,Armando Izzo,Genoa,Serie A,33,2756.0,-0.662197457214783,-0.7335584665654946,-0.515118188739614,-0.5594325190955107,-0.058683770363802304,-0.007647725200501976,-0.42580662689370163,0.36465291806723565,0.5689348468149091,-0.7498367016110892,-0.4892081672274141,-0.8201651992441092,-0.6725654078484214,-0.008714818940879363,-0.053052847175801686,-0.09451899302698416,0.7047475379525702,0.6409745338066922,1.7469109985698597,0.3173242475478171,0.03042034334957143,1.3269828641577341,0.7644134252301995,0.32432147212005596,0.42916584704111943,-0.5075362130717184,0.23707385463809522,0.6033723684068011,1.459764212412775
7176,Sebastian De Maio,Genoa,Serie A,28,2310.0,-0.6073786109969649,-0.46910751775093107,-0.7765462232331803,-0.8609162598636958,0.5165423237833114,-0.45635603954198145,-0.49949296302210594,0.029267496684409207,0.5824809902186072,-1.172441446227342,-0.4212295580908359,-0.7880831047527836,-0.6455088761391475,-0.12202422085531804,-0.01709842011440685,0.20643304939589285,0.2581219653217646,-0.005549095662474858,0.15153072773110202,0.966873434904302,-0.6382232562130892,1.8269785686161961,0.8965590527367772,0.5906085322301893,-0.9622881397856161,-0.566041354216366,0.2795396639789037,0.328201307193668,1.472307088912537
7464,Cristian Daniel Ansaldi,Genoa,Serie A,24,2084.0,-0.5916411413916433,-0.7335584665654946,2.102951961278508,0.450208592069433,-0.08080785090792199,0.26977808701754363,-0.6216385080228753,0.3337409471109712,-0.4595499644562063,0.12313313319379063,1.0211821746504128,1.4308776682351374,-0.44205404160336637,0.1625832439377861,0.0340331672199326,0.808647773607143,1.5598926757049578,-0.5886325939899795,0.10033285477119329,-0.08953623244470695,0.9582559568846819,0.6574049375810688,-0.4631745760837238,0.5008206280033004,0.9024751739159089,0.11211910211885516,0.39710472483918857,1.1309032312454104,2.022747168580573
5717,Diego Sebastián Laxalt Suárez,Genoa,Serie A,35,3186.0,-0.1983161489048399,-0.1583403010648895,-0.2592615072929457,0.3604696863884143,-1.1324391461050818,0.23015253441713354,0.023459236547989325,0.06812038115180022,-0.13608497478931725,-0.01954707539951241,0.37697329210902947,0.594793804693889,-0.32781186819544206,-0.7660845414739301,-0.5096278030541103,0.9555502765947884,0.5712274555249872,-0.6215798571908213,-0.4315603842397661,0.01064054635563057,1.1213598177015323,-0.2886950938421028,-0.38360718742375993,-0.13176638464152057,0.1024481881924084,0.46594975684870465,-1.7501158443437923,1.2040510410223058,0.1805125602192599
7461,Luca Rigoni,Genoa,Serie A,28,1930.0,0.46375049116942946,0.5325175785363553,-0.7206659054799881,-0.6420236666723572,-0.058683770363802304,-0.3898837515152443,0.8105360007147474,-0.49572536660107597,0.43331248396933286,0.38626270372442556,-0.8412946854011707,-0.551316367812212,-0.01225690912498646,-0.6240041872213535,-0.40400509256554673,1.1611383145793677,0.03457429378145623,-0.030139324168189045,-0.5948460749301341,0.8436256403802506,0.22693372696156466,-0.45850398266492576,0.008776633606659283,0.8212341615677461,-0.3678721165343369,0.4105143475549017,0.6379745263742899,0.6157830635064676,0.5417418973830657
5554,Blerim Džemaili,Genoa,Serie A,27,1822.0,0.6564916230642386,0.2722840555447836,1.2415706874199817,-0.15912035717014922,-0.2230340829772635,0.08434553485966909,-0.4118318913166829,-0.08402144178874205,0.516466722414781,0.8100094225977683,0.22385399087421318,-0.14851282063988283,0.4591353983017402,-0.12459155834014446,-0.07911407340624983,1.2834952667641113,1.0169446707660408,-0.6001855304370279,0.0006395055333189187,-1.0426014758139208,0.4021618166660434,-0.3489978434566955,-0.4127425699611613,0.5712783081263823,1.65035095191842,0.33062715994162295,-0.6463052026873406,0.008355698298640697,-0.019920649148726453
7702,Alessio Cerci,AC Milan,Serie A,24,1346.0,1.4254004331650616,-0.2797087698629372,0.3996950859337642,1.7923190752607938,-1.097801875919879,0.130337939089331,0.766153192146564,-0.8441012792821083,-1.2234609255723456,0.9797338167680449,0.6005336119047358,2.0190442628943237,1.195843158150483,-0.4644367689406673,-0.4133924829151147,0.3796089363509685,-0.8346038299386778,-2.3950167284606283,-1.3664274223718196,-0.881843482956463,-0.10615719412858288,-0.9952973711551777,-0.7364141739966661,0.14530201206256027,1.445995405086744,1.0552293059840792,1.591582180239204,0.24062025809420032,0.034829810495684906
8180,Leonardo Pavoletti,Genoa,Serie A,25,1976.0,1.8629450596354848,3.5945506855918925,-1.2325346990997752,-0.7178742845341768,-0.41266905906971857,-0.6935421460906751,2.5404422253477414,-1.6171075074430543,-0.5349244425130942,0.12197382522840249,0.6319094301153398,-0.9090781080391035,-0.8127012559390556,-1.3144588608898118,-0.8555559415918799,0.05893413626941775,-1.0028586069688856,0.368222377624388,-1.486692715920917,2.815590352765067,-1.592249651050642,-0.7671971115434391,2.6402185138803254,2.526176913795597,0.5050293016794106,1.0623527616470558,-0.2750960777684358,0.11616882686447942,-0.19773427685757525
31273,Marco Crimi,Carpi,Serie A,20,1073.0,-0.48361299285264653,-0.7335584665654946,0.3656739789777525,0.7006302259448024,-1.283358680483464,-0.6674365118030038,-0.48771851684641776,-0.8756625906989849,-1.1288739992678876,-0.12472026512400981,0.0630393724617131,-0.48840280388612295,0.6270541861403045,-0.5602117332978138,-0.39530022067421705,3.969402257711391,2.727206481652408,0.24962181398528688,0.8534362043240404,-1.0579117608479651,0.955071327073819,-0.5192316753867432,-0.6556386682830353,3.3389263224535948,2.099469839680737,0.25796639342269784,0.7069860232449826,1.0709266617058675,0.6095844530369108
20252,Luca Toni,Hellas Verona,Serie A,23,1841.0,1.8425824950455882,0.26190327992278745,-0.990567337418132,-0.30733686186129094,-1.3529424821948084,-0.7726769294719317,3.2729687338549427,-1.8311359249700914,-2.8043735934917153,-0.42666174251070654,-0.8412946854011707,-0.6961205240181814,-0.6029161406007678,-1.4762315743831151,-1.0034497840648235,-0.5624420890426196,-1.4521392347804327,1.0089734746875798,-1.348793494745881,0.3506344622840467,-1.359424271169705,-0.7942451662782128,2.5333444151044966,1.359182553333586,2.2424095530277617,1.2737940654800894,0.07047159843170046,-0.11589394630205652,0.008645314564931497
5669,Wojciech Szczęsny,AS Roma,Serie A,34,3184.0,-1.1450324906279508,-0.7335584665654946,0.05053208756897675,-1.0962017022685069,2.2422206062246532,-1.1869175029765004,-0.9620295898622464,-0.5376021157184886,-0.37349602547696725,-1.1901694522286723,-0.8412946854011707,-0.9863303074839346,-0.8127012559390556,2.13324970840714,2.0882297038801174,-2.1781679106197753,-1.807962289111341,0.0025763711481099436,-1.5102597450927544,2.815590352765067,0.00586789800716557,-1.0477787573848696,-1.275308169628122,-1.8942146925984813,-1.4396865172833175,-2.6124811383265745,0.030281111309505455,-2.8300453056371424,-1.543170553847746
6964,Alessandro Florenzi,AS Roma,Serie A,33,2814.0,0.3681937804016899,0.7860477318465513,0.7500166045904816,-0.029094608504807436,-0.8099994851681961,1.0218903447869154,0.11786678828601976,1.308695023596531,0.260652334661925,0.6185455123283263,0.19319406096010244,1.2649096936795086,0.5597735036124312,0.8984790424617427,-0.012985361396711928,-0.02490883478473159,-0.24494566701313247,-0.3236524771832075,1.1555564229839477,0.31087710921177225,-0.22286181901729712,-0.011416224015369446,-0.5449733906634825,-0.785638464779071,-0.5023047361883043,0.25386610818873284,1.5854346945375994,0.9846686094200486,0.1052306386054381
7048,Konstantinos Manolas,AS Roma,Serie A,37,3243.0,-0.6799942136113256,-0.35681983458174965,-0.4946685708596365,-1.0185121728697473,0.3248002924009402,-0.008969864770339743,-0.6552756502837747,0.4691304740023526,1.3835869270479968,-1.0990158121822249,-0.5420808574372876,-0.9392595871314875,-0.8127012559390556,0.06162463684500693,-0.0758276507490598,-0.7683635872654614,-0.1631447104882612,-0.7826003164430563,-0.186256622282048,-0.881843482956463,0.18475371764274975,1.106355504174167,1.7814709487722826,0.26050471886860427,-0.3771085159840621,-0.8990728772370872,0.853008552019213,-0.7264642693487597,-0.8227281379258472
7051,Daniele De Rossi,AS Roma,Serie A,24,1963.0,-0.6479149198025612,-0.4223604575172819,0.6170925197668883,-0.9094267647517842,-0.2230340829772635,1.3618934103696798,-0.6090648544294504,1.8210139566894883,1.5855761612669985,-0.17302590612976432,0.14734560404037225,-0.8696846023619379,1.3515159476858416,1.7136671392332803,0.24252808882121285,-0.5506139797848328,-0.4731273568175003,0.3281754340579386,0.07692969524953391,-1.1662614703196579,-0.7562639887700412,0.4211504130042129,-0.44390701538978056,-0.24148170977261627,-0.2272288780246253,-0.41856992377245633,-0.14169946140846254,-0.1975203226341124,-0.31556415428060425
6947,Miralem Pjanić,AS Roma,Serie A,33,2743.0,1.054193367724095,1.2707926912379262,0.5041446781350039,-0.13950473133249885,-0.03192906831044825,2.497763967007275,0.6901368070224385,2.674505237158441,0.5769547914160814,2.2438439308597244,3.050012235836754,0.7110213352944399,3.8336987120328803,1.1733866131005508,-0.30191646214608664,0.884301295320872,-0.5797695518145706,0.2903533206896243,0.19635605526037841,0.54024645385951,0.046340160545817494,-0.7189664016864894,-0.6142150980641958,0.8352349655135023,0.20966518800473669,0.46786349234999675,0.4360825701106584,0.4118060705629789,0.5365071632961629
6962,Radja Nainggolan,AS Roma,Serie A,35,3033.0,0.7854161573052632,0.4749117446345895,0.5871946522532732,-0.29768165397868673,-0.058683770363802304,1.122347679860019,0.005561824893164262,0.7995461649913013,1.0489660358984267,0.7796919865799578,-0.5213637773606584,-0.30687772839052396,0.7153477938642617,0.2502918292011163,-0.18385820582921034,0.4688924676211583,0.01244863540323369,0.6628049794521684,-0.2537927775652405,1.1979630496368976,1.6019787168777027,-0.6779187479090695,-0.6574960237407133,0.28627031590059565,0.4592936185913408,0.4016692570099554,-0.08593361110437407,-0.018366185015698554,0.55399235310299
15818,Gervais Lombe Yao Kouassi,AS Roma,Serie A,14,1108.0,1.01674371312299,2.5744651350318484,-0.5495310408261445,1.5606720170875577,-0.08316147649772208,-0.3002997838958478,1.494679288784162,-1.1509663469200049,0.8357564449118197,0.3787281040502122,0.03447286341369847,-0.09081834929854583,0.2330055960585666,-1.470586277046088,-0.8781052640519422,-0.47542723865190833,-1.2167436582239743,-1.7142186878309873,-0.8841347093911273,-2.1143214281969733,-0.6409549733227017,-1.0214238655486452,-1.275308169628122,-1.443740540239807,-0.9392520269669017,1.2062622737780822,0.0928496489303418,-0.1423322884689666,1.5617067268257352
3531,Mohamed Salah,AS Roma,Serie A,34,2773.0,1.1903591358254302,2.350589995267537,-0.2073661679405333,1.1336099513216775,-0.779168979194531,0.707884113546223,1.9900896605189617,-0.26346462578731233,0.6181647601349833,1.6143839338879642,1.2582735311589626,0.252267884841053,0.16223591729012538,-1.2928332464943917,-0.9396865844591488,0.07148768132865217,-1.099267471560094,-0.8064879669914642,-0.8848537953018348,1.3366168184764553,0.07986556386411574,-0.9972412392583773,-0.9919337515622724,-0.7242490073164137,0.2665094570115628,1.1813180973376747,1.1604760572713695,0.06973183004030076,0.3635347236846757
6973,Edin Džeko,AS Roma,Serie A,31,2058.0,2.6483272432116585,1.0474377193285067,-1.0616845373844672,0.13043742500851715,-0.5637603408344387,0.014035594540334399,4.118066401589801,-1.1992458342868624,-1.2662815421422706,-0.14964983412274965,1.0447120086452335,-0.46711144318806297,-0.24970650763324176,-1.2193902092355968,-0.7293117316245796,-0.1372658134635084,-1.1713536953084231,1.0089734746875798,-1.4295256940129335,-0.881843482956463,-1.3468653629178644,-0.6266023181583593,2.6016911011781647,0.6523432707352497,1.1868788257049072,1.2530434656170066,-0.07478340612871176,0.020780782976630212,0.2157050890918545
7468,Iago Falqué Silva,AS Roma,Serie A,22,1205.0,0.03289800084574454,0.2803530550305924,-0.06732090768778916,-0.3447360049637916,-0.058683770363802304,0.4125114339753485,0.17165288166486717,0.19610649244918044,0.6763049808347338,0.8677001170862828,0.7692454707596171,1.2939238251747809,-0.1716815093203199,-0.17922624954342836,-0.2908910207987806,0.6789006669923578,-0.33240394679470253,0.22068100659009968,-0.8357779887278671,-0.353638649281959,-0.7498596806465021,-0.838841749755271,-0.6733568682837737,-1.1693438366453943,-0.6378017027368388,0.7016546220997321,-0.7802060517247706,0.6373861886890407,1.191911579575136
20169,Seydou Kéita,AS Roma,Serie A,20,1424.0,-0.33515357784110744,-0.30456851448568967,-0.1875824208039797,-0.7789687308312249,0.8041553708568687,0.36554771415292503,-0.5336672763189587,0.6042746910388986,1.3204154524679916,-0.713191144564768,-0.8412946854011707,-0.9327311691050771,-0.5414832802804965,-0.03210025065514452,-0.24655117521564415,0.2975301647223342,-0.09931197624985805,0.4329135941548061,-0.1696712373281314,0.5046942054391107,0.21741721551323964,-0.05540761717175687,0.6348515515444724,2.0490158615805054,0.6970320337836247,-0.005963840540856478,0.049749529215400996,-0.41052711020094845,0.3595404635456069
7018,Emiliano Viviano,Sampdoria,Serie A,37,3462.0,-1.1450324906279508,-0.7335584665654946,0.05053208756897675,-1.1361362630293526,-0.15455478605498763,-1.2496620917370491,-0.9674181758559358,-0.5749428530766941,-1.827975615117881,-1.1939319666196124,-0.8412946854011707,-0.9863303074839346,-0.8127012559390556,3.133031334171472,3.3957000944567217,-2.1463456794375904,-1.807962289111341,0.0025763711481099436,-1.5488097861884091,-0.0038187813659491085,0.37389660725956547,-1.0618448557252052,-1.275308169628122,-1.8942146925984813,-1.2637812687851258,-2.696746818005403,-0.03521464020660337,-3.1159917692219405,-1.9475807171878403
7473,Lorenzo De Silvestri,Sampdoria,Serie A,17,1445.0,-0.4083164479501985,-0.3108029705366765,-1.2974650848645994,-0.7401622930768263,0.9639403970088448,-0.05245388233936524,0.19618823575852448,0.34750649809914774,-1.0560158047657118,-0.10133877417989681,0.5017509119509054,1.3905781958497612,-0.8127012559390556,-0.21174632789964212,-0.33283030787244533,-0.3769690643684945,-0.9660529308017384,-0.6668370868623075,-0.35960104440300716,1.759180685416058,-0.9093616706252615,0.3638831908622745,1.2345579830360298,0.9554629729452164,-0.058434038739592936,0.34213750384107433,2.152402504682563,1.344945564445337,-1.6338383832076349
9884,Niklas Moisander,Sampdoria,Serie A,22,1859.0,-1.049590973533693,-0.7335584665654946,-1.5600582899772026,-0.9651415865063114,2.2422206062246532,-0.48056246669982366,-0.8382080579136553,-0.04451988955021766,1.2206107426827253,-0.8357665613455085,-0.8412946854011707,-0.9042160815006177,-0.8127012559390556,0.11470792947443742,0.05845506870631668,-0.7336500213795145,-0.348111597674096,0.4455544065802899,-0.2943055978491247,-1.854852387093708,-0.8909492948694103,1.6605164428579113,0.05781914088458803,-0.5517581008464336,-0.9992422062008317,-0.9023485737365977,-0.505034409086981,-0.46364884943735896,0.30872172248566654
7012,Vasco Regini,Sampdoria,Serie A,15,1257.0,-0.5804317578412351,-0.7335584665654946,-0.9775577167855652,-0.5292071868358754,-1.1132649429668442,-0.2595454113990743,-0.40779401518752617,0.09019200665888225,0.872028660599126,-1.118339285533659,-0.8412946854011707,-0.7434498840901618,-0.8127012559390556,-0.7920929217938089,-0.5459231232785731,0.6045305127684365,0.9466233446946015,-0.6470217592764129,-0.7676270918459129,0.966873434904302,-1.0110479493809343,0.4702296518102148,0.3596656314908089,0.09116860419313084,-0.2578601162643599,-0.24273891572695466,-1.818253380516709,0.6693033343407241,-1.0954323189279176
387417,Mattia Cassani,Sampdoria,Serie A,25,2111.0,-1.0189601692554553,-0.7335584665654946,-0.17804430719833428,-0.6542731025839392,0.0851227531729763,-0.036116313991061674,-0.8861426770217004,0.42801887119739784,0.48287652449583107,-0.7423233507491003,-0.38163080852439507,-0.010120135816329704,0.46797178118293353,0.13909617542749353,-0.02129593097998828,-0.6581965999740705,-0.47805044701239874,-0.7157148949075123,0.4862525443183485,-0.5649205827517607,-0.6912736942167287,0.6990627428523223,-0.4735618840068401,0.3519676511852267,-0.5149226821276293,-0.3603220495974323,1.021915759430654,0.5337603767590828,1.32644004961087
16586,Fernando Lucas Martins,Sampdoria,Serie A,35,3090.0,0.23303182221263435,0.05722689493824967,1.0645491917082028,-0.3131482923980681,0.0851227531729763,1.3113926216375917,-0.7286602193614358,1.5813605491670295,0.9619614799321022,1.4667033449855402,-0.21323614553911588,-0.1959078033908018,0.43718352508938585,1.4028534518069125,0.13375470394406364,0.7721391120947557,0.5542882405146308,0.310719074041794,1.3906745124503568,-0.08239832928694298,1.4691231216597311,-0.43860289586370904,-0.9427576731869416,1.1748409240535622,0.9643591957984362,-0.05840014808570322,0.1878869308663075,-0.03539024658726751,0.029366989203825043
36364,Dávid Ivan,Sampdoria,Serie A,21,1147.0,-0.7583154455577124,-0.20096762806362709,0.974080404509329,-0.6927129275017729,-2.071975099878701,-0.09517677498508063,-0.4588333760888554,0.03971777089355233,0.87431911924633,0.06365391321107847,-0.8412946854011707,-0.45398385202452307,-0.8127012559390556,-1.0396767653812873,-0.7111513239589939,1.9639588005495512,2.9241430908046806,-0.5404289626074666,0.27040261522885345,-1.5343318069073215,-0.9581085734831588,-0.046633098962921414,-0.16862568775375847,0.39036084730597387,-0.22936465523102192,0.38181594829172755,0.9159385000634291,0.3931298649850255,0.44411501451243796
6759,Roberto Soriano,Sampdoria,Serie A,37,2899.0,0.5074325205869803,0.9522137080095797,0.23507405141977475,0.1577490157373728,-0.39016999410959663,0.4265301142676781,0.2517591637800979,-0.025704807243579583,0.9664822981282236,-0.05340269667912271,0.4975814016452239,-0.5387525420905634,0.38630860126691025,-1.0107270855196822,-0.7076850059685639,0.5912471039386081,0.3548380007696307,0.1757579622751829,-0.4056328517588654,0.3506344622840467,0.44534153079661454,-0.2430514003515221,-0.7123414687761508,0.9896589857818704,0.3698018432994969,0.4815885057083271,-0.0866952150928804,0.1807885973562452,0.728883827745521
7009,Édgar Osvaldo Barreto Cáceres,Sampdoria,Serie A,30,2232.0,-0.42960595724800976,-0.7335584665654946,0.8709888152281196,-0.8512983565272615,-1.20913595865803,-0.29324120594482783,-0.6138187766714704,-0.07775892974263073,0.850158484787286,-0.43493964611234937,-0.40654986278160404,-0.6101757807964684,-0.12056075891792965,-0.4634684269689914,-0.28213804930335273,1.8260546624602985,1.336576127858716,0.9363550170204179,-0.11900396089150841,-1.1662614703196579,-0.6892264599017156,-0.479941963093832,-0.7607593701852138,0.11838756874591917,-0.287594247677646,0.12046649838845838,-0.6450069376335241,0.13809355634136558,0.37584093094496035
27595,Carlos Mario Carbonero Mancilla,Sampdoria,Serie A,14,1073.0,-0.6489678672964726,-0.7335584665654946,0.29541319323983734,0.6413796940424107,-0.25042580174617357,0.7017541435126637,0.3597508807370641,0.23982603513337059,1.0571616526270382,0.2923939869036855,0.9673734303245979,-0.20387280183023063,0.6270541861403045,-0.7377335312787742,-0.6399496768236356,1.5822455743928168,1.5061995049083214,1.4747826603815453,-0.17609779160986627,-0.26560451033620774,0.8947370677480133,-0.5192316753867432,-0.09230275796932015,1.7108380066596145,0.9303383523566149,0.595594932936872,1.1966116299076206,0.6019620031318053,0.38434946172944634
19850,Antonio Cassano,Sampdoria,Serie A,24,1270.0,0.11231555858781946,0.2284599456575645,-0.06694411405771646,0.015236868324296896,-1.009057317215556,1.903183755472111,1.6264349724512783,1.130567613159136,-1.0024146881353388,2.6395101153083464,1.450871717953652,0.7565279747942548,4.357097763543153,0.0033469079804691153,-0.5196243531381808,-0.6058803288141689,-1.2184727565820248,-1.033420647201345,-1.3555132021749214,-0.881843482956463,-0.4230676719673446,-0.991315001999806,-0.8469510919982365,-0.9116844547768056,2.9396488455320346,1.1264098747433322,-0.15583812588409884,-0.48239591028882195,0.8350191497351862
7055,Stefano Sorrentino,Palermo,Serie A,35,3214.0,-1.1450324906279508,-0.7335584665654946,0.05053208756897675,-1.1163553604994003,2.2422206062246532,-1.7000636045042017,-0.9620798878024488,-0.9218077089203431,-2.1764135255630443,-1.190606808964539,-0.8412946854011707,-0.9863303074839346,-0.8127012559390556,2.8573967068896358,3.1977800185682383,-2.1481749131684267,-1.807962289111341,0.0025763711481099436,-1.5488097861884091,-0.0038187813659491085,0.45816782851935106,-1.0061056433846594,-1.275308169628122,-1.8942146925984813,-1.44029945190328,-2.6865727317924377,0.04826039658374635,-2.811015633929607,-1.7698430447293896
24061,Aljaž Struna,Palermo,Serie A,22,1882.0,-0.8150695623740778,-0.40896670686217784,-0.6084095263486683,-0.8321073647395543,-0.9534799168148684,-0.5107951149706794,-0.6483405865165371,0.1403487905165466,-0.006507481985091482,-0.6028576082205815,-0.8412946854011707,-0.09411255661632102,-0.8127012559390556,-0.3119967799427332,-0.24887810431811092,0.28042916845270216,0.4793635936173145,-0.6190218398615634,-0.5705154382986798,-0.6353478939083611,-0.679948630351995,0.17561304545050088,-0.24753442804832776,1.0893986491394978,-1.06097460333811,-0.29531808014268374,1.9470201779767093,0.6314833276569216,-1.3648533865062757
8102,Edoardo Goldaniga,Palermo,Serie A,17,1260.0,-0.7225901566321762,0.23609501242123934,-1.0340140538511235,-1.0352222618686118,-0.6339098645109161,-1.5752308948378169,-0.4499770674841346,-1.2157243150317667,-0.8166922814348246,-1.0002188036392834,-0.8412946854011707,-0.8651792391482312,-0.506181892972557,-0.07954520843277213,0.5468749932901007,-0.6371195402096498,-0.09972922907351178,0.831373985827673,1.7633118398839718,-1.099339590940083,-0.7596666304317984,2.101642988156486,0.6436106613770096,0.3835399301611337,0.23697842862411506,-1.015532406326426,1.0042380836062457,0.3089981096166312,-0.6483301870130614
5584,Giancarlo González Castro,Palermo,Serie A,35,3248.0,-1.0357801628704228,-0.35739978937236533,-1.7288697051364417,-1.0969885901652723,2.2422206062246532,-1.5442559181623812,-0.7455570835640337,-1.0943891054765296,0.24462930905335134,-1.0992282646530003,-0.8412946854011707,-0.9628311778498543,-0.8127012559390556,0.14425585625487708,0.597541450917356,-1.160601121647572,-0.8859774291209083,-1.033420647201345,0.11396932629214704,-0.5457131342545061,-1.4949305605490488,2.206132464596205,0.19489796059240466,-0.895349284566716,-1.1834931314213732,-1.1874529463347656,0.073601759809341,-0.6776427517214998,-0.3728717544192573
10032,Achraf Lazaar,Palermo,Serie A,30,2364.0,-0.0567609956895971,-0.475148275464969,2.152253334858883,1.0153297515651223,-0.34629681743735885,0.6689970727681793,-0.8150059872425478,0.6855941855837923,-0.9235944497436881,-0.16418496663424414,-0.4308249543999548,1.9840232968888942,-0.6493279914137645,0.30400894404419915,-0.15307532215780795,0.4840060481997473,0.7255460232819968,0.009051352512793666,0.008846696661397152,0.5971300513321487,3.1616360726453605,0.16959326293632138,-0.4826583225568398,0.21714470170528918,0.2635113830635988,0.18244407203039253,-2.0541196452415655,0.7398600548614245,-1.518084817916556
30735,Mato Jajalo,Palermo,Serie A,28,2102.0,-0.3009517090950043,-0.7335584665654946,0.8728253144531517,-0.5917191492506652,0.6443703447048925,0.00834941871577251,-0.5348136736641774,0.27559679181278723,0.5693184655463976,0.04051148266621893,-0.8412946854011707,-0.7684658744159237,-0.07775473388807885,-0.06733192770211659,-0.23485207113761986,1.333389563991309,0.6406487864817083,-0.426891483731301,0.027817203778882565,1.1722864257777204,2.3690801839563744,0.024791354026008027,-0.06753956191176178,1.133305930793999,0.03638660021499066,-0.03826343851673559,0.08792844921140329,-0.04939395529373388,0.237127647877214
40349,Ivaylo Chochev,Palermo,Serie A,27,1808.0,0.27790656580693185,-0.7335584665654946,-0.5130323990081633,-0.6790092334350675,0.02981255181267708,-0.08447395058945638,-0.07539260419262449,0.009454874421127276,0.1166663040571488,-0.4118708213687395,0.23210182354448738,-0.3108862981786857,-0.17185878248033595,-0.8309217639276693,-0.6266215994594192,1.9196395853540527,0.8835399736262162,0.7994971544938436,1.0988616203901431,-1.1662614703196579,0.25201702647865315,-0.09576530511153886,1.09839866972087,0.10725591907034175,-0.4067587897420868,0.39663142236190746,-1.3049733871700753,0.08593005233871955,-0.6504050675536477
5605,Oscar Hiljemark,Palermo,Serie A,38,2983.0,-0.3718058249836566,0.08559231018494769,0.058476048355330684,-0.4115040455090479,-0.2955415738361431,-0.3611853215635494,-0.04139789210499962,-0.20901406268473655,-0.13671577615736769,0.5634320219401193,0.7851727032794772,0.47211248967835406,-0.4242858378990407,-0.4488933986360566,-0.3953511941884387,1.05801058465593,-0.5217269572809069,-0.4522515881272602,-0.8493003579532096,-0.22935515900560463,-0.00817331460641548,-0.6114279219441616,-0.3229248879308048,-0.6392900509288252,-0.9095837955626239,0.5195655571821295,0.5389303713219311,0.534496437528943,0.6854868216867144
30512,Aleksandar Trajkovski,Palermo,Serie A,32,1725.0,0.8606502429519879,0.32884447562866603,0.59506967972655,0.5960745047211033,-0.5727155991761169,-0.13172550980164227,0.7433344863307425,-0.9997171405818095,-0.10099742499418324,0.6656608663510781,-0.27877268882906986,1.049007640555882,-0.14102404317768474,-0.910830148208615,-0.5965045162480432,1.1508387078647067,-0.9399603107783192,0.15797592390052775,-0.9084097991524194,0.3506344622840467,0.4618343850375855,-0.9320290379987458,-0.5394445135644151,0.8545916423159573,0.8581571909652995,0.979003231208963,-0.47240287759035365,0.2670379715720402,1.1082854543016472
6719,Franco Damián Vázquez,Palermo,Serie A,36,3280.0,1.7219084711848371,0.5701524609745963,0.312197199565186,2.546609450062318,-0.6036348069242258,1.3904506366506972,0.6436901789011937,0.021026644356752028,-0.258718800565628,0.9007279941038328,1.229575164784233,1.2010374567966609,0.6002782465162678,-0.2377597224197589,-0.356661704173357,1.8523893217969514,0.6171670949031278,0.14395949365227048,-0.688109600360059,0.8864944384755727,2.158335119615956,-0.802411110238333,0.1068399213016415,3.1274733887559623,5.3152349077875485,0.7807611202797143,0.17472959693801815,0.05091310262154271,0.8325322416018686
38389,Alberto Gilardino,Palermo,Serie A,33,2418.0,0.652705977865234,1.7928339724818279,-1.6081495410490392,-0.5051107470862585,-1.3529424821948084,-0.7506004362161751,2.5094454816769325,-1.649166966949638,-0.04917046796737455,-0.0030475662970725907,-0.43999177221387836,-0.7338069888685728,-0.49325179577545913,-1.5233666000108905,-1.2059788760288188,-0.5265506824203378,-1.6531542439681994,1.3493724950024004,-1.4980474491956197,2.815590352765067,-1.1332226479035483,-0.7469690199246743,1.249522376626149,0.5828342444407808,0.4401782840047422,1.1719401550492938,0.03470574675910977,-0.07565621242991727,0.39198624218333383
8552,Robin Quaison,Palermo,Serie A,30,1579.0,-0.02137333750429422,-0.34667962441119293,-0.04583941187227738,0.6354508884435646,0.2812225579958559,-0.16458068554557415,0.3256240525575819,-0.7604990457415615,-0.46408089599819397,0.7471075181409705,0.38777490812241966,0.7538256328920964,0.8994588335888223,-0.6319195423043437,-0.3901470856174815,2.0168193798853054,0.029292531635901682,1.2725082000926022,-0.8491961208071028,-1.2926694647033,-0.7456746403686005,-0.7498429378835884,-0.7010908500271564,1.3458327730997237,0.0836003641494733,0.9543415537923582,-0.49694365263240753,0.09451061001462681,1.3598127929357868
6334,Luis Fernando Muriel Fruto,Sampdoria,Serie A,32,1757.0,1.6824699839254411,1.352548619700786,-0.04538673973453844,2.2651882382450204,-0.7562983951805147,0.14589113779187982,1.5226790011482243,-1.1937105271074944,-0.48163233107443476,0.5460969449763075,1.9200896176348985,-0.24783973157307343,-0.3730718907281414,-1.1612617614698066,-0.7234247017800509,0.28291128735655463,-0.9025070381645616,-0.19243483230590522,-1.1296521395797647,0.3506344622840467,-0.15989342309667814,-1.03635455571631,-0.14001157040795445,0.23637165122655254,0.9341090287528415,1.1108525486835288,0.1883222234162027,-0.39721226912878566,0.5360483141703273
30769,Andrea Rispoli,Palermo,Serie A,22,1482.0,-0.4267094935501153,-0.7335584665654946,0.4752688898420115,-0.40685896719161013,-0.12635742849875664,0.04091505132383845,-0.13386718943129972,0.3683355434894959,-0.6623426751277206,0.07164053773113335,1.7777348532948483,2.3612650017920798,-0.5520977489634902,-0.189824730799568,-0.32484784356040014,-0.5241526900744943,-0.41876377874788895,-0.6001855304370279,0.5217592227279997,-0.43815142266987905,0.7338864209219303,0.026085276638238553,-0.622720389043381,-0.12605805004085027,-0.6588758050080566,0.4381301346511312,1.8098690111776718,1.367458572724905,0.11198736440232505
7157,Marco Sportiello,Atalanta,Serie A,36,3375.0,-1.1450324906279508,-0.7335584665654946,0.05053208756897675,-1.1172989828126811,2.2422206062246532,-1.758387764242231,-0.9674181758559358,-0.995691003033815,-2.133462935548763,-1.1486173140026603,-0.8412946854011707,-0.9863303074839346,-0.8127012559390556,2.610459076270273,3.3539920330920925,-2.1496056902320317,-1.807962289111341,0.0025763711481099436,-1.5488097861884091,-0.0038187813659491085,0.2007947630045775,-1.0618448557252052,-1.275308169628122,-1.85724244364934,-1.38145317602308,-2.6454523173213396,0.0667565078269339,-3.0014425493122086,-1.8892004342190203
386607,Gianpaolo Bellini,Atalanta,Serie A,15,982.0,-0.6029985386578122,-0.7335584665654946,0.9626805631359091,-0.8124304548253468,1.091768417930426,-0.42501923808574016,-0.8800594294001971,0.2949189051464758,0.6841917612564399,-1.085102468621585,-0.8412946854011707,0.02408440704703339,-0.8127012559390556,-0.5451909109172735,-0.3901037424918061,-0.0325734164794048,0.5744578557213703,-0.46155029307244555,0.45108155146641304,-1.8062019418868456,-0.49387249948469425,0.8536655300756038,-0.4751072925440066,0.9012939473951663,-0.440791752431179,-0.07482238462493601,0.7421477190668094,0.6401197961568251,2.0726301709425443
6992,Andrea Masiello,Atalanta,Serie A,29,2485.0,-1.0022350819533226,-0.7335584665654946,0.3735730626428306,-1.0082171066284136,1.091768417930426,-0.364027091952682,-0.7326709865871869,0.29636856500928677,0.08459381746898284,-0.636671359162026,-0.45081160930987324,0.30367261733003387,-0.8127012559390556,0.6885260153531839,0.2350928731070707,-0.48795603297486667,-0.30162082771852133,-0.7951413329809702,0.7726938556154306,-0.9605122879718152,-0.28060343917467995,1.0287905669761626,-0.44828118049069915,-0.4380139417344041,-0.7060536670241426,-0.4767699671090285,1.4219886091213922,0.8919713330965613,0.28151462841311226
31231,Davide Brivio,Atalanta,Serie A,14,1063.0,-0.3939355844642498,-0.7335584665654946,1.942266849182012,-0.77728873303161,-1.5926200214227726,0.3009130959228956,-0.8060140572867251,0.9533854651323409,0.02230120405184534,-0.39494856386631705,-0.8412946854011707,0.8805130597209773,-0.44937632899852104,-0.3868345903111921,-0.4467983344810248,-0.429254906431426,-0.8395746163180032,-0.6001855304370279,-0.8559970062341397,-0.881843482956463,0.26454771563661883,0.2021191268419191,-0.19490090682796074,-0.9551265254989304,-0.8169431366953651,0.1055291882790029,-2.055841415362039,0.8495606115469267,-1.5494138150515517
8420,Luca Cigarini,Atalanta,Serie A,25,1883.0,0.8808062114335711,-0.4091390869788549,0.6170850379816439,-0.46087528871956246,0.2289292767097549,1.2755425446486692,-0.183815323420455,1.413432362162321,0.29853855650799077,1.1398396003789655,0.18934837788812806,0.14861650369068444,0.0077223178002717085,0.8276088250596879,-0.13250897825833788,0.8349393990803201,0.8757334185931525,1.0846177014242064,-0.11474006836131195,-0.20958278555254825,1.0376744712808956,-0.41965986256430876,-0.3764837357744171,1.3528833796077264,0.49328517155351476,0.222166722514865,0.12315879406167429,0.1317406686748798,0.6842268904760491
6994,Marten de Roon,Atalanta,Serie A,36,3207.0,-0.5917871514379746,-0.5430746213014968,1.1207094515183713,-0.6405342928760416,0.40149710495388924,-0.11398087092104833,-0.8015700336915703,0.32915826616203087,0.26885345110740616,-0.39967490459596106,-0.5387220492655695,-0.7721343120166948,0.030298675886488085,0.3348852072659347,0.0554132271365269,2.5796575221373983,2.1313883638412316,0.8375132274178922,0.9772456662610048,0.4626779118513657,0.48662010873501466,-0.1261751872664881,0.13830135274469485,1.4908731146019225,-0.3644434787876028,-0.28782141721939725,-0.0016630649529600033,-0.3677390165534043,0.3690294415298881
8184,Marco D''Alessandro,Atalanta,Serie A,23,1223.0,-0.12951289786623574,0.7649248329315843,-0.5891155646685843,1.7229562473710323,-0.4770300206526126,-0.287090225125474,0.2390611137074412,-1.103396783988635,-0.6531839264829206,0.47076745690408167,0.7455416908651825,1.5724040303011988,-0.18111597819941797,-0.9374900895063649,-0.5885530237885749,0.3328285990549406,0.48757646695641627,-0.7157148949075123,-0.946634818820144,-0.881843482956463,0.16500332780745142,-0.5125424381173339,-1.077610890227757,-0.05769455877971531,1.2299502032578158,0.9450854702309669,1.1922498611710013,0.4375741871820226,1.164351537880075
6941,Jasmin Kurtič,Atalanta,Serie A,32,2470.0,0.32752965338161194,-0.2389174206046504,0.47085142852033557,-0.2867427067006878,0.6734221676416157,-0.0540867935438387,0.37320966064368727,-0.25354560195514025,-0.17311759153452339,-0.39142570724374265,-0.8412946854011707,0.7132180803023493,-0.8127012559390556,-0.6922586798268978,-0.48962184397783837,1.3231407135457403,-0.17881130877602014,-1.1442482352108216,-0.4058556932665516,0.8864944384755727,-0.5241928067364751,-0.3365581008162426,0.3153745455471845,0.1265357560388114,0.14527681415782948,0.4934084743336142,-0.5463129251943335,0.7942074250975313,1.5118665739531258
8871,Marco Borriello,Atalanta,Serie A,27,1667.0,1.7819074959654493,1.8316316008199274,-0.5746322283339302,0.7326191153942048,-0.5752133242918228,-0.11287973124914141,2.4805010588824423,-1.436131869164503,0.44865696774876906,0.10539735562072365,0.9049868576465941,-0.4826848944266914,-0.11765435011220206,-1.1232047332315418,-0.6322832591733886,-0.302923151466482,-0.909759882018082,0.7536742094514641,-1.4015472416790336,2.815590352765067,-0.10532047240274707,-0.5245148363415406,0.8277900332791222,1.3245001416811664,0.37598861444073367,1.0955128065121635,-0.012653343414683452,0.17371464860332117,0.4874316274948055
7796,Silvan Widmer,Udinese,Serie A,27,1988.0,-0.11867611577906173,-0.7335584665654946,-1.1868878496160566,0.04711593367933404,-0.7116431204767422,-0.36094790522155884,0.24946982733868206,-0.10434385283966972,-1.1642941283150652,-0.11136197838066815,0.13491300482707314,1.739568730069391,-0.22988274889007912,-0.2800799331914036,-0.21495637307738488,0.8004841688364154,-0.01918180370736808,-0.5317799856847665,-0.437451659792954,1.1722864257777204,-0.16988339648232556,0.019518293947916085,-0.27192983721874864,0.30263988844646267,0.07221073904988402,0.48449490158008507,2.0827581979930296,1.4459828214688961,-1.371076855867185
6577,Zdravko Kuzmanović,Udinese,Serie A,16,1172.0,-0.5394837524770109,-0.7335584665654946,-0.1335442268818763,-0.5394348739133679,-0.37244345808041,-0.07460368180237704,-0.6014357141684977,0.14795791138853143,0.8426491542031183,-0.21867774168997517,-0.8412946854011707,-0.40021549736154705,-0.4831667872208063,0.11403235901817495,-0.06119609374572198,0.630096475077858,-0.9296379749651651,1.132754936620242,-0.6062415458837312,0.3506344622840467,1.0351223281417599,-0.45042564595553347,-0.24380743282502204,1.5127843573224153,-0.43497845280631003,-0.026840913469930665,-0.09340831606126972,-0.14790412464240854,0.3963859319753838
7017,Duván Esteban Zapata Banguera,Udinese,Serie A,25,1589.0,1.7580954434399283,2.3419944183263497,-1.144627572772334,0.26421221122762395,-1.0447856460445692,-0.4961201333081098,2.584965598521304,-1.7672032832660252,-1.3864679819219679,-0.48592178229840166,0.38004004598570773,-0.025661043147960864,-0.8127012559390556,-1.3250311735950975,-0.6988948000237617,0.066455922557969,-1.3368158408342916,-1.033420647201345,-0.8535989758441155,0.3506344622840467,-0.5174794880132612,-0.6954358296061556,0.9690660578250171,1.8751398258162044,1.5867638664793364,1.1596049669411936,0.10919116689738267,0.19225650488268026,0.6380825331048744
8852,Thomas Heurtaux,Udinese,Serie A,15,1115.0,-0.9859062302887351,-0.7335584665654946,1.8109992490118583,-0.8510428965214302,-1.20913595865803,-1.1469367836976752,-0.9058674752141166,-0.8115400581816562,0.369488898480572,-1.103224162182702,-0.8412946854011707,-0.8494241674812564,-0.8127012559390556,-0.46238296586582767,0.045448811394895546,0.25492706443477653,0.12241767111077999,-2.0694176655507994,0.43269690015613327,-1.7034954464501364,-1.3545674090726703,1.5490248415984256,0.35104007727757264,0.3440156249504483,-0.1927443835609439,-0.8373950822619534,1.4945376101158776,-0.3139798042338218,-0.9335551547403715
7002,Rafael Tolói,Atalanta,Serie A,24,1969.0,-0.6944845468031022,-0.4233087500791347,-0.142838377571495,-0.8455408406924301,0.9639403970088448,-1.1818584622060124,-0.7234348246576633,-0.6965240936714465,0.3295190756582226,-1.085488254473734,-0.8412946854011707,-0.90880346842706,-0.6165537712575989,0.1994789454620202,0.5287402702871754,-0.23385221165727949,0.9010998782196121,1.5583894373009741,0.25898939847811026,0.5206314202482556,-0.8627395415112782,1.6676497374060353,0.1368367699993214,0.38721153763041744,-0.9744236505442683,-0.9639706077579393,0.9787397194435339,-0.41333736936084864,-0.3827111522901495
32037,Nicola Leali,Frosinone,Serie A,33,3089.0,-1.1450324906279508,-0.7335584665654946,0.05053208756897675,-1.1361362630293526,-0.15455478605498763,-1.6000871417429576,-0.9674181758559358,-1.0196738133674577,-2.390354081608027,-1.1404319529687243,-0.8412946854011707,-0.9863303074839346,-0.8127012559390556,2.7716747736259184,3.7245643911333306,-2.1692517108502116,-1.807962289111341,0.0025763711481099436,-1.5488097861884091,-0.0038187813659491085,-0.6041464093197355,-1.0618448557252052,-1.275308169628122,-1.8942146925984813,-1.3361391667734002,-2.692908957031606,0.046292327283300905,-2.909540634696232,-1.9153958325122713
7462,Aleandro Rosi,Frosinone,Serie A,27,2245.0,-0.5522960309011399,-0.7335584665654946,0.7645362711373339,-0.0033822188197002237,-1.6405555292683653,-0.8567061127683406,-0.49358744808656385,-0.31758702652049553,-0.32761239060881636,-0.43958423799836804,-0.8412946854011707,0.7475600380065551,-0.640668116813092,-0.38563006147090134,-0.1996664119514794,0.1343904836439721,-0.01553337088049775,-0.7009378831729158,-0.07260937063774207,-0.744901489040851,0.6796568551046211,0.8732492824556227,0.20555012645935747,1.774189963713896,0.45040423512137157,0.19382318095821016,2.006522382747404,1.6956878800051733,-1.227011178532204
8291,Arlind Afrim Ajeti,Frosinone,Serie A,16,1267.0,-0.5148698929546958,-0.2514103278428094,-0.5496620068997794,-1.0859580304079899,2.2422206062246532,-1.840176735327005,-0.4799191380180073,-1.4047493228962655,-0.4194024003450524,-0.8837782186298158,-0.8412946854011707,-0.9863303074839346,-0.5078753701160185,-0.1156875725933916,0.5856501973474106,-0.689109769703914,-0.4046096431038041,-0.28095965492647773,0.3887329264961167,0.5971300513321487,-1.5403003044895864,2.8264821235321964,0.871548533568227,0.17398431629686936,-0.9277840667238956,-1.0486888801666172,0.3534496111975161,0.30522625906865697,-0.39245571103231824
387847,Leonardo Blanchard,Frosinone,Serie A,28,2530.0,-0.4086804380898613,-0.009192824160384775,-1.2276523168354287,-0.9351059998474814,1.523187988540761,-1.2445771314657077,-0.39098856584324676,-0.7239228247941469,-0.6665486202953458,-0.9421872610280897,-0.8412946854011707,-0.8656580971258426,-0.6600473439478353,0.8449980031167635,1.0065057490428004,-0.9208092957245572,-0.6243232277481294,0.7536742094514641,-0.044840119664493576,-1.478203779040581,-0.9489395815552712,2.283862810224904,1.2572096077339872,-0.06934924298423056,-0.7615905352281219,-1.0809102556079735,-0.9731845009329912,0.0029781556060954357,-0.6964195152097791
8661,Daniel Pavlovic,Frosinone,Serie A,22,1995.0,-0.6114211213701302,-0.7335584665654946,1.8434745609748737,-0.8811956285180074,-0.6339098645109161,-0.9003998121864834,-0.881416883605775,0.1783483537247154,-1.2857332788979021,1.8289913183500721,1.5906613148165603,1.2709053867707492,-0.03833654949737483,1.0604178865475085,0.33782422834123665,0.22400379331179773,0.2559897834286446,-0.16695041367270996,0.050852670985867744,-1.1662614703196579,-1.0246786899616938,0.8463500589757557,0.08813415766499781,0.5451197775422507,-0.8241402530571862,-0.03614679769677299,-1.8439365262307394,1.705819071483165,-0.363008379116378
386512,Alessandro Frara,Frosinone,Serie A,20,1204.0,-0.2608508613344688,0.28119517423457613,-0.6955253596775016,-0.6080978848626853,-0.058683770363802304,-0.8297779546997156,-0.36890918269638595,-0.651653821389046,-0.987094596932022,-0.3696536340472493,-0.8412946854011707,-0.09882829525727028,-0.17114910089289553,-0.39372137896970216,-0.1256188203545062,0.6812736475385477,-0.25345293215072784,-1.9865379040828428,-0.8351857696269863,-0.353638649281959,0.8653717222621987,-0.13189350365650843,0.4316370695799316,-0.3396298894005641,-0.02929137550722477,0.12693503783170515,-0.8055436180773385,1.1380553754370524,0.7241305543616947
20636,Mirko Gori,Frosinone,Serie A,28,2219.0,-0.22552078571601206,-0.7335584665654946,1.9535321702627606,-0.36256836769622874,-0.10129311067099599,-0.39904110384581687,-0.9287582889611473,-0.21569447784454182,-0.29875974781402725,-0.43024063359134374,-0.8412946854011707,-0.05763284358564057,0.057542992230814584,0.058667262121491516,-0.014093012509000394,2.6438788729576497,1.9875905256757702,-0.29210722518240245,0.442519601170009,-0.47101750120962615,2.6521525033151194,-0.19396848980721376,-1.0029064428292864,1.9858720464872992,1.0857659272825355,-0.12275285965597513,0.2778724314358483,0.1219396236844426,0.8325328509941727
23470,Luca Paganini,Frosinone,Serie A,27,1905.0,0.06574711232056879,-0.09221285841678879,-0.4137030783096056,0.16541597241390324,-0.41266905906971857,-0.9125102591296826,0.10434753472933674,-1.3826487553828433,-0.9315196241728589,0.09431033335982464,0.1774459383120833,0.01531238348054202,0.20098482631235723,-1.1192677338876271,-0.5141389639649506,2.289297494234775,0.3043752024520411,0.4073379969218504,0.5130204432887934,0.04251497597391948,0.23961152750954845,-0.28601646474581505,0.46985029478993057,0.6603639257378756,1.7872411550738356,0.757584048937791,1.2990862894256552,0.9542462756988429,0.12786762134440402
8793,Oliver Kragl,Frosinone,Serie A,15,951.0,1.7467651900371313,-0.09120127228406177,1.5487793153386344,0.20089466717604648,-1.20913595865803,-0.8438718809808554,-0.2818495149216881,-1.0827232933851811,-1.7929992905959031,0.48859704551608185,-0.8412946854011707,1.1806304416120847,-0.8127012559390556,-0.49019405444594094,-0.08746781504868825,1.3985454693911072,0.5537150178673066,2.143636875736983,0.25813725048867386,-1.4100483166309679,-0.1291689377821304,-0.3083397938429181,-0.44902293167165375,0.9924198862382823,1.0229509412578597,0.5276995468101573,-1.2008354621279036,1.0640442680745625,0.3704900729653459
13613,Daniel Ciofani,Frosinone,Serie A,37,2999.0,1.132690930749734,0.692307436179253,-0.49199965208221647,-0.4365690459130465,-0.7210653333210851,-0.9517944528348996,1.9388462337421979,-1.7833366484851245,-1.525405822948145,0.5040805129410826,-0.517736684705314,-0.8845294764716063,-0.555139137007553,-1.408150205917592,-0.8140160419151801,0.31981887697116307,-1.4023073965613657,0.06633003381576864,-1.3850974409419072,0.966873434904302,-1.4074404238924814,-0.41969158597794837,2.2720362782186445,0.8102825108753213,0.34213409789705784,1.0277150623379827,-0.00799620433632513,0.07547406969991943,0.04076896817531614
24235,Federico Dionisi,Frosinone,Serie A,32,2523.0,1.8788710178792591,1.2034425378313112,0.8921059764001817,1.0561334173591554,-0.9314406028628716,-0.30489279362405236,1.1542879021539785,-1.5079152754300187,-1.2769248907786444,0.24125354221063466,0.3125108366997508,0.011977544556997934,0.1057634226288122,-1.234497768471054,-0.7199220418028041,0.8784311796262294,-0.027577731888436756,-0.6362884568340544,-0.7217639580371606,-1.5343318069073215,0.8794801286081546,-0.9908397711185806,-0.9159387096004074,1.1721519711382906,2.2237740495399105,1.0414236898438376,-0.3098504672906725,0.20717757891257604,0.8995418093459004
46670,Iván Rodrigo Piris Leguizamón,Udinese,Serie A,27,1954.0,-0.9634298496062256,-0.7335584665654946,2.947277516809108,-0.7131650913269639,1.3572573844598628,-0.8002651728051923,-0.9586375935612035,-0.22863034623766199,0.4986839424153723,-0.7025750656557247,-0.8412946854011707,-0.20511052190058623,-0.6150480331459196,-0.19379531162547228,-0.10585756751310384,0.5563128320143639,0.5387581311355455,0.23091857111084682,1.2151137334312676,-1.0499086573074414,-0.2805767741032866,0.5425829836268882,-0.13073299176912456,0.7240222308086146,-0.5423445037336809,-0.4483521627048329,0.3495025190381753,0.1445451944712277,1.5458017804466415
9903,Yussif Raman Chibsah,Frosinone,Serie A,22,1206.0,-0.33587677625793466,-0.7335584665654946,1.1329401193195272,0.3926355455997813,-0.33637912615896065,-0.436799900083747,-0.6544333734629374,-0.7274446345376232,0.13444698797168939,0.37113611905816735,0.7679100311608104,-0.7964666929279816,0.7885192968710124,-0.7117328638977245,-0.26816708036213605,1.3388219132441286,0.3647416678478706,0.6685744543727592,-0.22570588815247122,-1.1662614703196579,2.522511359359719,-0.1705720773047388,-0.5736139702307232,0.382061828524041,0.8350919438743637,0.0756072617685991,0.33004153714249024,0.08006736879559352,0.12182172446210952
30911,Robert Gucher,Frosinone,Serie A,24,1409.0,0.17716104586698647,-0.7335584665654946,2.3259747001541973,-0.2337115542817765,0.2289292767097549,-0.7016871977261098,-0.8578260394221786,-0.24319171145171412,-0.6331291387014863,0.9864989428447335,-0.8412946854011707,-0.336293347499607,1.1060359913033286,0.7350594176327537,0.35093578386912994,0.8516630820473999,1.047965973080457,1.5156138770166154,0.36769360534347445,0.7988082605533235,0.6686869932406159,0.11423670089527195,-0.6318098391455638,-0.12301043137274915,0.20111782566391417,-0.011681378967629712,0.10584276505334354,0.26650654919215,0.34988488390759026
34881,Daniele Padelli,Torino,Serie A,35,3287.0,-1.1450324906279508,-0.7335584665654946,0.05053208756897675,-1.0974530742667932,2.2422206062246532,-1.6208711148225312,-0.9674181758559358,-0.9607655908704461,-0.24905227653353695,-1.1916376952928118,-0.8412946854011707,-0.9863303074839346,-0.8127012559390556,1.387043854755086,1.9615231309700438,-2.1655992426452477,-1.807962289111341,0.0025763711481099436,-1.5488097861884091,-0.0038187813659491085,-0.4137472676031681,-1.0482195265144876,-1.275308169628122,-1.8942146925984813,-1.4099401618195175,-2.7180507462347085,0.006403076438289899,-3.282202746169905,-2.1057760492997275
40427,Cesare Bovo,Torino,Serie A,21,1866.0,-0.6696150729478185,-0.07880852898602828,1.10547902563014,-0.863571115199699,1.523187988540761,1.2846018269026669,-0.8294980970463933,1.5902520817112509,0.8525353615660068,-0.11771620301422009,-0.8412946854011707,-0.7000086508063077,0.6361201703013081,2.9383929813004497,0.8537163025807787,-0.4586290913415961,-0.15298464252079796,-0.6001855304370279,0.3587768132801743,-0.49935032753699443,-0.8307063484697025,0.786256536505979,-0.10914849419413519,0.44627132407748243,-1.2252347743929548,-0.9149963278415233,1.2579608251203114,-0.37184633511313114,-0.8437105135853706
28289,Gastón Alexis Silva Perdomo,Torino,Serie A,12,923.0,-0.47223700744941466,-0.7335584665654946,1.5021223935350618,-0.10294307671407522,-0.8256518958932874,0.46727437194477417,-0.8001209708340897,0.6652277676728693,0.3283760142518978,0.3793116190524684,0.21000590407539968,0.33674961540218673,-0.39426745600645735,0.408718430881532,-0.05988444062449057,0.5969340625122188,1.1323003711073354,0.11689328351770474,0.5789185925516076,-1.3440227124216544,-0.24252776838454934,0.00565466382390162,-0.5549339822572898,0.4040331768023833,-0.4860038557433368,-0.3283469136739598,-1.5933504633275337,0.9277576953627478,0.3793081067443393
3660,Davide Zappacosta,Torino,Serie A,25,1332.0,-0.1460134575298349,-0.27493857785555315,1.069508188495736,0.9639659232887676,-1.9412418966634477,0.47421599737947656,-0.32337696700056434,0.6126884369162233,-0.3210223386277526,0.2190127758988132,-0.11280336101162561,3.3685594462048623,0.3471017390693181,0.44529683455898955,-0.08551278558141119,0.902747271166234,-0.47309156652008777,-1.7858816394762127,-0.44301401277791613,-0.881843482956463,0.17072595583835373,-0.490245928573791,-0.9576493090901105,0.635136798010022,-0.7205186089112422,0.4627131550331172,2.283507086945684,1.68597915153409,-1.699460182732523
6965,Bruno da Silva Peres,Torino,Serie A,31,2687.0,0.1755911065304069,-0.051517128536120796,1.0810045107972515,1.8924104632833165,0.0851227531729763,0.12877304215094487,-0.37997205826775093,-0.008341700707536507,0.6183825216926281,0.37311576251008716,0.6032165823128226,1.3997190175348306,-0.23776355986493813,0.24671153633509915,0.061055567241297064,0.15374020160991178,0.316514547744172,0.45094229384361073,-0.08703584232757149,-1.1129330976890586,0.5262647210652969,-0.5118064914469252,-1.0053597817904074,-0.6403642327955313,-0.06583825360861659,0.08854818814053578,1.2156682058123893,1.1539639435395381,1.502243024654205
40430,Giuseppe Vives,Torino,Serie A,33,2660.0,-0.6114211213701302,-0.5039036952265313,1.1649834915356443,-0.7776259957477735,0.7082843551656828,0.1764106949743996,-0.7029642021866911,0.4633291383718861,0.9426682480358209,-0.2835686626067373,-0.4765012853685111,-0.7280872407683564,1.5103928633859875,0.2596950780810297,0.019614677023010698,1.4199125510880763,1.7453188357728389,0.5236520991892217,0.29695458747421805,0.7820017431182253,1.1981775644625323,0.2009311907680779,-0.2754504629465009,0.9204020037177476,-0.3263314888116376,-0.2521156619949766,0.08700703178602852,-0.3281946713918648,-0.30531463853920454
7474,Afriyie Acquah,Torino,Serie A,29,1963.0,-0.06041233609982849,-0.11116244846906846,1.4220021607153706,0.5803785096436667,-0.4711100265447518,-0.3324383693895814,-0.574103554778086,-0.7534431231592954,-0.39312567445902197,0.4349735401948641,0.6416657487611441,0.5300638591020216,0.17103383661771565,-0.4387589698294339,-0.13237339505358223,0.22107107362828646,-0.4254546806641488,-1.1977512087326376,-0.5483547206881364,-1.8062019418868456,1.6842153077085984,-0.6511692428462893,-0.47469965073194137,1.1569846603108074,0.8911290691597201,0.344770546232394,1.4443098630391582,0.24597908402910776,-0.6757387428869631
7149,Marco Benassi,Torino,Serie A,32,1981.0,0.9597155338739654,0.19155262646071797,0.31147673771591355,-0.26963088203783225,-0.3143398122069638,-0.6880525592616548,0.36636158275168285,-0.9126734884841177,-0.3686631304454684,0.2691624847295028,0.138362501965689,0.1695279416552849,0.5520139290001258,-0.8608199819095085,-0.3933609902023368,0.7971062907283958,-0.15457954548892214,-0.080303390319847,-0.4335245992756556,-0.881843482956463,0.2661156076346289,-0.5870767590931016,-0.60402561037191,0.6253479566363056,-0.4499273043719514,0.5535901591572974,0.41960836956557723,0.8267600128777517,0.8270251470766011
7471,Andrea Belotti,Torino,Serie A,35,2683.0,1.2686987729408998,1.0879299919112633,-0.5464388446247538,-0.2356960141332899,-0.6339098645109161,-1.021628370917316,1.6032928331528797,-1.8030051911331535,0.08743178803062306,-0.013717814155774721,0.2437039475696174,-0.4742717480628103,0.3388884491307572,-1.3639590721522126,-0.8092025242467239,0.7115498367983918,-0.20350932180037187,0.6241745821577822,-1.0455758542710734,2.143329655361153,-0.5538023711158435,-0.8949180681157067,-0.10378783970400489,1.314846982403884,2.5858453876127565,0.8612597923147118,-0.005761519740377977,0.31164909998878776,-0.05593974083947772
12619,Josef Alexander Martínez Mencia,Torino,Serie A,21,983.0,2.0136156831960004,1.130780368922733,-0.29858717215457825,-0.48938325457292603,0.5165423237833114,-1.5595597126791432,1.3714145257956925,-2.0896879364463388,0.49528825611744626,0.7359580066930556,0.14583699729147845,-0.9086851670449793,-0.026914079259933932,-1.2862074263077137,-0.45053981962299405,-0.21687607321116106,-0.6655639580143452,0.5551081142678183,-1.2990776786633538,-0.881843482956463,-2.2749290768127413,-1.0618448557252052,-0.7833778080683123,0.6445714763405386,0.1962117902499882,0.95835884151118,-0.06299495959229379,0.050364328755751246,-0.6822602603383743
7465,Daniele Baselli,Torino,Serie A,35,2333.0,0.1098005031957604,0.3138169157948012,0.43509025889665953,0.9349149052416598,-0.3311592886440137,-0.3760292770093736,-0.17316877901840202,-0.5576843153917653,-0.18541176729650607,1.9603146286380915,-0.009446897928496803,0.2568572518631459,0.8427397956588373,-0.1150548823657818,-0.03424762292751038,1.54645511266402,0.4784257981045387,-0.11374610108761897,0.23999143492226369,0.6406292729288732,0.9447009721704122,-0.754693842501864,-0.8348533757990402,1.10096535514595,0.33182454765846825,0.4576687773768003,-0.9658499121337226,1.1741138723190927,0.3361989500309318
7479,Cristian Molinaro,Torino,Serie A,27,2029.0,-0.5766403901802105,-0.43248321187764754,0.5202332207347433,0.39920884087999686,-0.4578202438536361,0.25704694575234677,-0.35858497630871505,0.45061190812654917,0.0991733637183157,0.3805862067754853,-0.8412946854011707,1.6468693542235662,-0.4320069263798755,0.715894711716179,0.1274239166485222,0.3127058644818551,0.7748676488805856,-1.5440191776735763,0.3265195663525009,-0.7625714237396396,-0.42515291189442395,-0.09062548012754541,-0.20283209552274026,0.13525018010267364,-0.11423559109865611,0.11595044624156524,-2.0901308875820224,1.3392442614364082,-0.9563551371975576
7028,José Manuel Reina Páez,Napoli,Serie A,37,3442.0,-1.1450324906279508,-0.7335584665654946,0.05053208756897675,-1.1361362630293526,-0.15455478605498763,-1.5886163151092636,-0.9674181758559358,-1.0005582109542706,0.763420603282337,-1.193681571671453,-0.8412946854011707,-0.9863303074839346,-0.36387569250176544,0.851766884270467,1.6006619466490917,-2.166165234375652,-1.7807741824033139,3.732165637206146,-1.5488097861884091,-0.0038187813659491085,0.0568586262101053,-1.0618448557252052,-1.275308169628122,-1.8942146925984813,-1.474980415761289,-2.619147895361188,0.00010155843822679386,-3.080185034559356,-1.606486375297716
7031,Elseid Hysaj,Napoli,Serie A,37,3387.0,-0.8307264139614754,-0.7335584665654946,1.2728820996385957,0.06517833006219495,-0.6339098645109161,1.339858052915481,-0.7394652378057973,1.825795582759275,1.1957662096671422,-0.17989215319853222,-0.2683094807440263,0.523497444051359,-0.4706158730003594,-0.6358956648846184,-0.7468602318037693,-0.2672133326089908,0.3747762995610191,-0.007914737898467005,-0.606581678109672,0.2558284664963155,0.9337307771262797,0.154675384793784,-0.49006414843735935,-0.8995007317214437,-0.14729113562743087,0.09965474417083267,1.817949244765916,0.6599469645013152,-0.0292518311757095
7030,Raúl Albiol i Tortajada,Napoli,Serie A,36,3355.0,-0.9070545439060389,-0.5514774854144836,-0.4379704888323406,-1.0413883930870773,2.2422206062246532,1.5095609011206397,-0.6656959074712805,1.9701947483052304,1.5982592542591898,-1.0591556505905246,-0.5520695157776614,-0.940830949480064,-0.00688880247720207,0.9482256900066539,-0.07044106388062685,-0.9714034575757804,-0.4411987418200096,-2.1032461396193534,-0.26832794425107226,-0.5649205827517607,-0.8780471200548273,1.407751140218539,1.1389262225246835,-0.44370134895294905,-0.8198450954709433,-0.6946477140610003,0.8204626028751378,-0.9697028302702092,-0.9406782435563592
5675,Kalidou Koulibaly,Napoli,Serie A,33,2991.0,-0.9967327745812896,-0.7335584665654946,-1.6960742944617286,-0.7960449451757025,0.8041553708568687,1.8472644527384126,-0.657658255624915,2.1642024177587045,1.387066846038273,-0.7881146138019591,-0.8412946854011707,-0.9097754699197489,0.3494283248165762,0.5031007254818547,-0.19053425508742985,-0.4423960633706568,1.2582307574700138,1.2034872005817634,0.33891780292358564,-0.07805351866917361,0.4374796319749115,1.3639010662847602,0.9072935900106134,1.1095487626477247,-0.7713714203165928,-0.8191740073351321,-0.9725994810230065,-0.8627969529718432,-0.9168705462773428
8876,Faouzi Ghoulam,Napoli,Serie A,34,3017.0,-0.4981370371773446,-0.7335584665654946,2.3299495078454275,-0.25109003475185754,-0.9078270522000179,1.8576382838344392,-0.6546408542732741,2.2816636103964996,0.8792646676861904,0.14754920797063426,0.1235880896272098,1.8723851564931033,-0.04462489398124,-0.29624788706385324,-0.60391666711952,-1.046174044217906,-0.2570596823988964,0.1103200610564528,-0.04350543040554769,0.21739360333912724,-0.4103787533062413,-0.08209471663621726,0.5478873322201414,-0.9015888507421779,0.15786033036235142,0.2227532908850609,-2.150031911981889,0.5653028079324367,-1.7790424269772647
7024,Jorge Luiz Frello Filho,Napoli,Serie A,35,3001.0,-0.9676658325690783,-0.7335584665654946,1.6075658922075782,-0.479405025885311,-0.17001785310195303,5.051922402347856,-0.9502666352322366,5.241998930449949,1.5304369835068654,1.8948762427221817,0.452074783558342,-0.1724664162317588,3.434241467202237,0.7843581866495231,-0.5646284477573866,1.469949744345881,0.46842785420725597,0.4680654424064943,0.7416355745312254,0.966873434904302,1.1583903422560466,-0.793215656097977,-0.9127533621706381,0.6837403532555261,0.7240878708790477,0.0920271867947805,-0.15755201224610002,-0.36924208529690694,0.34651023419409355
7035,Allan Marques Loureiro,Napoli,Serie A,35,2896.0,-0.25667827307468144,-0.10073903449196996,0.8008285014221409,0.949396530296041,-0.5430846917508452,1.6434864075171167,-0.3275756886936546,1.1416432084296875,1.1935529127255724,0.5660051888265487,0.8340341199974393,-0.32744587161123845,1.1877186197746277,-0.6273563887433372,-0.6876804148533211,1.8590002150476348,1.455755871175924,1.3729645063113485,-0.743518596228903,1.2587761061454754,0.7622142004926803,-0.536037002848352,-0.7535027209345649,0.5617716304647477,1.2019985952244296,0.41945236195337354,1.018482601904935,-0.22770657148267173,-0.15472974817371657
7025,Marek Hamšík,Napoli,Serie A,38,3297.0,1.1151685320246014,0.19286205475941082,0.6408380351017627,-0.2298385455984954,-0.20555000716732033,3.5485187554786997,0.23468268938596254,3.1087027861800625,1.1854451202130183,2.428191015333031,2.3961499263536443,0.17116397597819957,3.1700981099950685,0.5846807580125426,-0.41543067782681564,-0.17745732808433654,-0.27523586581514425,-0.6804142557637525,-0.9903778896981238,-0.1423567158121572,0.12720916218449735,-0.6543247727804513,-0.5602970128523246,-1.099429086207699,-0.522417743584859,0.4694659412817995,-1.162671799621669,-0.2425224584752736,-0.4676829765879812
7029,José María Callejón Bueno,Napoli,Serie A,38,2872.0,0.8318564261210782,0.7553593058340522,-0.4768522472743573,-0.49417985592394353,-1.1297944284308423,0.6412995001132913,1.8403503366218967,0.21650037735472688,0.40166846555281926,0.8408004686782596,1.1858998356716874,0.661357968697324,0.5320563949585362,-1.0346408736983101,-0.8395766232968165,0.7371562157057867,-0.5371833656182604,0.5551081142678183,-0.6513132862511324,-0.7057752050649614,-0.1954181269574176,-0.7031789387128604,-0.5807691289492104,-0.8514736881136389,1.1518233651450085,0.875040836473922,1.421241482559151,0.4657412795194479,-0.22664627052195843
7037,Lorenzo Insigne,Napoli,Serie A,37,2621.0,3.4243075203526714,1.5971614562183383,0.7870899918746399,1.3137522886142718,-0.5484802465682753,2.2463181170449724,1.8146629255025206,1.227186447319842,0.4405381460051673,2.064347104095736,2.8609199047814884,1.0229932104683832,4.492036746411338,-0.5175661097392786,-0.7486823255373869,-0.08177067784903798,-0.9153500868123244,-1.6052910013302437,-0.8463489076197442,1.3366168184764553,-0.4881628288554721,-1.0105822188130016,-1.0908108230377775,-1.1324819786520315,-0.34867335487498846,1.059436474383744,-1.3693368307736675,-0.3151320678454499,-0.19361078353326344
5497,Gonzalo Gerardo Higuaín,Napoli,Serie A,35,3031.0,4.181838510796829,5.917413433181852,-0.48620603771737636,0.22725151246795447,-0.058683770363802304,0.1190401788317329,3.487468624432709,-1.0626303266666521,0.17099178088524894,1.0763467601527024,-0.201010657630221,-0.4323369695978084,0.5889346301433172,-0.9024873477487317,-0.5595244137431569,-0.3517177757717469,-1.3448405638274632,-0.080303390319847,-1.2248419053607886,-0.881843482956463,-1.534518075637863,-0.8402028706594095,-0.9362844038731739,-0.45332161865676307,-0.19472409094679377,1.2916257795461876,0.0552981062736791,-0.4597060427920161,-0.3591152609150652
5630,Dries Mertens,Napoli,Serie A,33,1193.0,2.9448325199765732,1.8267168551513646,0.374003021943507,2.3810508017347756,-1.2439981461820977,1.1949447597594112,1.4343102845401117,0.09023191458424075,-0.23372125208968988,2.01434511115884,3.2255554574608367,1.76470275304767,3.3958378600636685,-0.4399790318991415,-0.48658413930094657,0.5806634892441181,-0.4744460477756397,1.4895367974849731,-0.5199469961752933,-0.1423567158121572,-1.212309240961973,-1.0243038187464721,-1.1739738139254203,1.7665957911545358,1.824500175122179,1.0310861928134583,-1.0847246678994302,-0.1509048195981931,0.39785409188945564
6984,Danilo D''Ambrosio,Inter Milan,Serie A,20,1686.0,-0.7240935101339404,-0.008906400418825051,-0.6097170955394408,0.032814177462503195,-1.283358680483464,0.15016178316307474,-0.2856054398762351,0.5995773655825475,0.10530386770320282,-0.4406484382197196,-0.8412946854011707,-0.08093086440572424,-0.583629845892918,-0.31802169056545865,-0.35166534955488266,0.25586472410084377,0.8562786586190195,-0.6362884568340544,0.34402924231852,-0.881843482956463,-0.3336340980987137,0.4257243011402709,-0.09220252026285838,0.6961452760357711,-0.32726388956879343,0.02207938642211406,1.3147535083879467,1.0666963648315035,1.318791837204923
6585,Jeison Fabián Murillo Cerón,Inter Milan,Serie A,34,2954.0,-0.514372134188761,-0.3199621959076461,-1.5212235401408871,-0.9854826594007584,0.5987174800900423,0.07662009545995711,-0.5259992208468162,0.40269341642026873,1.3643414806757646,-1.035010226105236,-0.8412946854011707,-0.9604924019147089,-0.6819583996974214,0.3076094818705126,0.1502084931991567,-0.434640360352395,0.5363262293003515,-0.38942250065979234,0.11325291995329322,0.966873434904302,-0.10706898698164413,0.939445712745666,0.38214660265000744,-0.5424872428668324,-0.12517154915641432,-0.9377095220053578,-0.503421365209368,-0.27699114858558627,0.16446834620585904
5690,Yuto Nagatomo,Inter Milan,Serie A,22,1717.0,-0.7833608360130476,-0.7335584665654946,1.4429771442843593,-0.3955908846802934,-1.20913595865803,0.4950642126780283,-0.5077595509405448,0.9117467771881652,0.4495829279768387,-0.19436077313096328,-0.8412946854011707,1.5474698462348235,-0.8127012559390556,-0.33241386725945127,-0.536859572556986,0.7974099413648312,1.0261880259902918,-0.6668370868623075,-0.19055510586066923,-0.29803814047411603,-0.5008221105422287,0.05977288217346858,-0.67683348471068,-0.29538563932313966,-0.22676363218587633,0.2508851447415311,0.06008461172360287,1.237314523798913,2.683996069467402
5469,Marcelo Brozović,Inter Milan,Serie A,32,2492.0,0.8485156023858178,0.24698999533120256,0.533652736724523,0.8282851640603499,-0.5218528331835565,2.039246437219242,-0.10680131169526684,1.7810211894415424,0.44775680248631516,1.6365775823894042,0.716250168670859,0.7288421206395068,0.7371157478241402,1.126614483027107,-0.08681191414975584,1.9719420326434485,0.4076502044892634,0.6628049794521684,-0.5144558745432007,-1.0579117608479651,1.0877001684007692,-0.612542517085273,-0.7901882404414315,0.4091326787314668,0.046804293968512295,0.4378266377668484,0.08691940201218008,0.349163341736891,1.166126484025997
7165,Rodrigo Sebastián Palacio,Inter Milan,Serie A,27,1471.0,-0.11979854612426906,0.09700807559853329,-1.224737171083317,0.6358614595960287,-0.14286319877557516,0.44281542384783934,1.6802347959230655,-0.5050589993180404,-0.11634224308338194,1.2984588177631435,1.7973197104842809,1.7117723428747618,-0.025044429281431524,-0.8379536428019232,-0.5669500896445672,1.1171528450021493,-0.15390515415909678,-1.033420647201345,-1.048157179056262,0.3506344622840467,-0.5120232492856097,-0.7573821968834075,-0.28910651344873406,0.3113018575627512,2.474410546101645,1.0954253689299105,0.230065064921474,0.23147458859699832,1.2930429284487872
33311,Ogenyi Eddy Onazi,Lazio,Serie A,15,1219.0,-0.2717308649763083,-0.2324250032663626,1.3385601498502013,-0.2495169419206288,0.2120108621760163,0.6068235602105533,-0.6718460561823927,0.6270137538099635,0.6514981263309246,-0.13555588282776448,-0.04527299213876393,-0.5480397321267141,-0.17904350805097,0.08771833717620997,-0.23852014492614218,1.6967108396862423,0.3415709119492078,0.3281754340579386,0.36433482917067983,0.09116542118078146,1.4510595245339433,-0.2535576887491383,-0.43233767413735263,0.15305914174692992,0.03830413510035832,-0.014208304955211148,0.5937064250199166,-0.2036484983639178,0.12658017356894896
7776,Antonio Candreva,Lazio,Serie A,30,2247.0,2.4082207859720235,0.3539033790271047,0.6426457883197095,1.0424744162352397,-0.970080958492996,1.412190422792256,0.9262177544373261,0.615047880419659,-0.7651207882734137,0.953985083577787,0.45423327733163926,4.108808080466207,-0.46894122270559907,0.09873119664348827,-0.3352794195603332,-0.4989185429825734,-1.266547503727551,0.7994971544938436,-0.729428405356869,0.3506344622840467,0.5320333850720133,-0.8625281796431916,-1.2484074383523494,-1.1722932762016915,1.0069536667796135,1.0067348284133522,1.2521681191060967,0.44918761628574383,1.0517164361945708
19286,Miroslav Klose,Lazio,Serie A,24,1414.0,0.7371363242047088,1.8585844970624092,-1.4898703302604575,0.16775256384952675,-1.1297944284308423,-0.9609320128306004,2.563530919573318,-1.6406874102894564,-1.2129037584749804,-0.2874557877797937,3.2761753743734054,-0.7704175124302058,1.0992512061292044,-1.2451326937347054,-0.6696669034938703,0.08130052377130846,-0.9475952291697738,0.06633003381576864,-0.9411695344628411,-1.4100483166309679,-1.4057305823873831,-0.5233938154383002,0.990345994702195,0.3119617607847019,0.12115163694322025,1.0227224958542023,0.149061417185682,0.47647432492002734,0.05623479439219296
7155,Vincent Laurini,Empoli,Serie A,25,2019.0,-1.0132154176129244,-0.43099200209712324,0.4298024073110228,-0.6323159897751338,-0.2743935556689699,-0.05347151252129242,-0.7974601986007887,0.5967995841518705,1.0575428925619288,-0.8675651448702123,-0.8412946854011707,-0.5704923166139869,-0.43012136754104846,-0.47301351211836873,-0.49600045732630316,-0.3229271042836626,-0.32474939894347316,-1.033420647201345,0.27501385197748573,-0.1423567158121572,0.006069309535637,0.5352947739554524,-0.3472129549295035,-0.4727333529862399,0.15154468082268735,-0.24069303299168587,1.920750282540104,0.6226320244144546,-0.9709218531407672
8664,Andrea Costa,Empoli,Serie A,24,2177.0,-0.8597820400198714,-0.45295135046000917,-0.9479164554431643,-1.0485260369412497,0.3248002924009402,0.5500029217074304,-0.7073403129579412,1.0959392165944182,1.1872543813459402,-1.1684958310233549,-0.8412946854011707,-0.9512705127887151,-0.4578878454312116,-0.043132330751860314,-0.19406129831375715,-1.4570369772131075,-1.1631658034267138,0.5551081142678183,0.31179192166764763,-0.32162623511986727,-0.47385567181418314,1.530297356754897,1.3901996599352766,-0.690536169736557,-0.6409897616931952,-0.9028204820656607,-0.6883246597319809,-0.9377229581611586,-0.6327088980398384
7151,Mário Rui Silva Duarte,Empoli,Serie A,36,3377.0,-0.3832102181866514,-0.7335584665654946,1.91982735748315,-0.3454390552374653,-0.6339098645109161,1.0086245678857249,-0.7946770549400811,1.531330860477681,0.6046030600781246,0.17665929512105288,-0.2666127522730248,0.18894626896784,-0.12650451799806345,0.0440419394162301,-0.36181254240375904,-0.5143844394948364,0.270394165338516,-0.080303390319847,0.41392040801428387,-0.19713351337840215,0.2562158672609116,0.3174241818896476,-0.756228408857264,-0.3792502423949084,1.4974207853554047,-0.20685556698158572,-1.9945993600739589,0.6389647468103683,-1.5095237201749983
16308,Leandro Daniel Paredes,Empoli,Serie A,33,2567.0,0.6865932115040991,-0.25760857037411006,2.602484868006335,-0.04640657382961119,0.4119557612111089,2.1372137628542505,-0.9139479528597313,2.274732127805254,0.6171301356078979,1.1457964222949812,-0.4632851629676402,-0.3619327094779526,2.0459171894906216,1.429306120003202,-0.07566557947379449,0.691922755951479,1.144939357328605,-0.8569174514825493,-0.2577813744582777,0.8984024379464955,1.8665722662690059,-0.4511997450719151,-0.4746996507319412,0.827933749702944,1.996956395087099,-0.06975234963742896,0.06657880646851583,-0.12141719583711612,0.216458462770262
40251,Daniele Croce,Empoli,Serie A,28,1873.0,-0.576663733730272,-0.7335584665654946,0.5644190677513776,0.5610292663691188,-1.4392263963168757,0.4791703004764979,-0.3353568899672068,0.03891301435144664,1.107301321331716,0.35601151920262397,-0.323221837517095,-0.008324886642591631,-0.19409837712786254,-1.1375302320658713,-0.8605057091131764,1.7112588474282036,0.14061062507559327,0.310719074041794,-0.9590126812033144,1.9939383892713933,0.7844732291616653,-0.8466403100548069,-0.5975907074231597,-0.36192914818998434,1.6760524030007962,0.4443599824280474,-1.0264365665344084,0.22453015652621838,0.44931552179677703
8187,Marcel Büchel,Empoli,Serie A,28,1634.0,0.8094742688629041,0.014154742445083359,1.4617995577468161,-0.007801623367947877,0.060328524976980116,0.6962740873296289,-0.6734137581635253,0.4741423627587436,0.6424027240022158,0.49771766910336507,-0.24744496441777203,-0.3323814563695504,0.13274402518160128,-0.45503594456412927,-0.5444685374898849,1.0328344622679078,0.19653661854839713,-0.080303390319847,0.9300946923933753,0.7988082605533235,0.7125527130885755,-0.4314357286386359,-0.3874852588326021,1.9240637713964033,-0.033861223404215796,0.2200065703323902,-0.9851216439024575,0.09227644969097529,-0.09550943601720199
7150,Riccardo Saponara,Empoli,Serie A,33,2705.0,1.2490676868786017,0.39561286755953784,0.21236934122301707,1.6842328636811867,-0.4901033409741375,0.9298251647229688,1.195474582418489,-0.17661846984106067,-0.25896373140092305,2.18243812261661,2.7459527973599194,-0.1398404030311459,3.0423038191516234,-0.7967324578535926,-0.6265476503926748,0.051676414079533904,-0.4933243575094561,0.47150133734838945,-1.3673039365047646,0.966873434904302,-0.07377835127050968,-0.714149624882988,-1.0071561111734308,-0.1874089301126943,1.625045934842988,0.7679583414923958,-0.025868033327913792,0.08711193249956428,-0.05539832586687034
7054,Manuel Pucciarelli,Empoli,Serie A,38,3156.0,0.48530579456486783,0.4278135710041684,-0.47608495417713637,0.11281839011974049,-0.5411314622291236,-0.1316805332345586,1.5115772482827319,-0.9022695314116104,0.5934143331576096,0.6065513307154192,0.08109166829357752,-0.4784631864188662,-0.07845335225504711,-1.4158764130290051,-1.0752660509260257,0.8762520452938303,-0.47362583537043446,-0.080303390319847,-1.0432130494864633,1.1090824285858996,-0.6824991163954877,-1.0476539631030162,-1.0646283930301255,0.003600367528558085,0.8464629232517454,1.0901493894337826,-0.1384997640180889,-0.46428367903907913,0.7416994692318121
11722,Boukary Dramé,Atalanta,Serie A,25,2126.0,-0.3939355844642498,-0.7335584665654946,0.6791358663235046,-0.059593673036124756,0.9639403970088448,0.378894537870959,-0.6284695268605933,0.9002140738294033,0.4210154694277056,-0.11425643942246828,-0.8412946854011707,0.8446122257362675,-0.8127012559390556,-0.11804688207943707,-0.3328665760506807,-0.254363606012591,0.04077781349412194,-0.8064879669914642,0.4718941553448763,1.1253348850066536,0.08184218339789243,0.1389209277135627,0.3453027245721196,-0.4855824419491548,0.06815428985598689,-0.06987568013311318,-2.039056524914468,0.9792714050639124,-1.5309972456262981
7006,Alejandro Darío Gómez,Atalanta,Serie A,34,2879.0,1.5357668987790665,0.7517391514725388,0.6805210077867698,1.646272007946545,-0.13172835374756253,0.822300096290977,0.6475928921742212,0.1344506536563975,-0.8261831460820879,1.9757738043089617,1.5180151821250967,2.5926548824957707,0.7970843529714898,0.02841465093865353,-0.27759668874390303,-0.06874029341105613,-0.6052828373245853,0.8985737924233138,-0.056619240964454726,0.9140529515368517,0.696424078515609,-0.9373948185855637,-0.9393807327310792,-0.42058997328135866,1.762652492993896,0.9023890201528553,-1.2689253706969967,0.4833560983782727,0.4101871489000812
36770,Mauricio Ricardo Pinilla Ferreira,Atalanta,Serie A,20,1384.0,1.6112205989543074,1.4733840614751217,-0.2821454569972453,-0.17147424326302216,-1.3187028337336713,-0.4573133974764256,2.1937817807887963,-1.4450176213687889,-1.0452662350850628,0.37989555566961086,0.5609458407359309,0.006338128156871842,-0.8127012559390556,-1.1732822831301164,-0.6137581108070861,0.4088829141371073,-0.5232456688139788,-1.2842409779596347,-1.1053728972846348,1.3366168184764553,-1.083389631072599,-0.34992140446521564,1.8256036551861676,2.4334618462461255,0.9872884591271598,0.9648876945948911,-0.19618220771323341,0.21110616331179355,0.5250754829274131
3112,Anton Ciprian Tătărușanu,Fiorentina,Serie A,37,3440.0,-1.1450324906279508,-0.7335584665654946,0.05053208756897675,-1.1176549197935193,2.2422206062246532,-1.5192218872262409,-0.9674181758559358,-0.9509941029370432,0.11430229858674466,-1.2370249371978637,-0.8412946854011707,-0.9863303074839346,-0.7004296288059777,0.9992168664449235,1.6367577667184283,-2.1541486015312454,-1.807962289111341,0.0025763711481099436,-1.5488097861884091,-0.0038187813659491085,-0.48693500984179494,-1.0618448557252052,-1.275308169628122,-1.8942146925984813,-1.444573269205326,-2.640509172775884,0.04712098552583334,-3.135361765541163,-1.6819856868841967
6830,Facundo Sebastián Roncaglia,Fiorentina,Serie A,30,2532.0,-0.7596289394706681,-0.49229397534841657,2.6981354294679734,-0.9101558575864614,-0.3143398122069638,1.3776758048874889,-0.8793279896589404,1.9056331521977388,1.5084583810676946,-0.7656572779817321,-0.8412946854011707,-0.74517652217116,-0.3551012590933351,0.20697792121799324,-0.1891690283744221,0.4215839535489653,1.4444740337301059,-0.2752591928637892,0.002448739543846294,-0.18857463875867614,0.5321357943827789,0.26476821049601623,0.13318734673168756,0.5698718043081702,-0.22544108697838505,-0.5596434074475046,1.0259719856708078,-0.18128603451639574,0.6216750633087481
25931,Gonzalo Javier Rodríguez,Fiorentina,Serie A,35,3255.0,-0.8452347052115945,0.017141001037138316,-1.470638938444846,-0.6478427090257679,-0.2887742080226474,1.1170617257177893,-0.6722395469715127,1.4262212028532066,1.3559967208419068,-0.9161908207636581,-0.8412946854011707,-0.9628817136125082,0.49247796701506796,1.6299327715622194,0.40865348524444134,-0.9343292808309573,-0.34170894725558837,-0.19243483230590522,-0.04044320125981037,-0.32722840759823385,0.47013587623458364,1.2221956607707458,0.1174554980368931,-0.5141445705337496,-0.4455013288092986,-0.9749887784409758,0.4146410126447863,-1.0268865807543264,-0.6777028431571775
8275,Davide Astori,Fiorentina,Serie A,33,3016.0,-0.7332352552341916,-0.7335584665654946,-1.2034289957471938,-0.6513073914049711,1.4919257008153743,1.7444409174316922,-0.6886696240020075,2.023296898977517,1.6893155801223836,-0.9896975762199035,-0.8412946854011707,-0.9357167975028385,-0.42853574134576494,0.6458192229154939,-0.0024168334823475974,-0.8951205555503371,-0.13243211085949713,-0.32740786432616115,0.48605975705702703,-0.29025406924101854,-0.023039838534905054,0.987402850493868,0.3881577732309355,-0.03242413916649284,-0.46549972145183177,-0.8500268834971373,-1.1973174548577419,-0.5894918320146844,-0.918080755008393
11516,Manuel Pasqual,Fiorentina,Serie A,17,1074.0,-0.7320302087885063,-0.7335584665654946,0.4489408250959421,-0.8401594439824871,-1.20913595865803,1.0159608057036453,-0.6319410679583111,1.5678356705768972,0.30528005211799,1.6800562052416321,0.9656893817997129,2.6380494184249565,-0.09349381210704777,0.27716402733236845,-0.21591951121916664,-0.04967842242701907,0.10897643747956744,-0.6001855304370279,-0.40594823266359814,-0.881843482956463,-0.3147569762785988,-0.5197369018116393,-0.8250590584425606,-0.26764228771306275,0.2467121195451175,0.28132878508910103,-2.1404139735922945,1.0339996803957665,-1.4463722368270906
5255,Matías Vecino Falero,Fiorentina,Serie A,30,2487.0,0.5671583926359852,-0.24229856165062322,1.476910672381967,-0.1647324882854297,0.577092438956692,2.2208682470234256,-0.525896463169947,2.119765499967097,1.4880660477124348,0.26265202442161434,-0.4511256286714261,-0.8021923749109717,-0.657407971927078,0.01123623598234545,-0.41847989377084316,1.1275534865744423,0.901271871246553,0.15797592390052775,0.03051734978025636,-0.6507538682238674,0.13343855873993726,-0.3235076053268272,0.1343680282996529,1.0158447090076566,-0.0761787131781208,0.11064347336361394,-0.19732533266061864,-0.5336666608134143,0.11056453011015498
6305,Milan Badelj,Fiorentina,Serie A,27,2178.0,-0.04528591865547947,-0.4530801875197455,1.350001816031784,-0.1144862512780506,0.27001685486312005,2.371446245007289,-0.9043979451712449,2.4098645563127965,1.3305209363619899,0.9548996048319717,-0.39577106552657326,-0.7760681227690776,0.9605512570902761,0.4729091135545672,-0.2582066579691289,0.5722525148528418,0.8559728458380584,-0.8796920573817486,1.1562773950471765,0.04251497597391948,0.9515809153772845,-0.2187572791683796,-0.609237170436258,0.6839121711071556,-0.3533980810389942,0.10268582706308912,0.07408291506804221,-0.7612601817105584,-0.11195562428916533
6658,Cristian Tello Herrera,Fiorentina,Serie A,15,1092.0,0.6422235378157108,0.385272470726891,0.139685736892245,2.2988210841727876,-0.39016999410959663,0.6966343066605218,0.6980299259885255,-0.025868645799775634,0.28753988806468905,1.2221156805258562,2.713102545686283,1.9492532714196473,0.6020034962140153,-0.8491649629118446,-0.5596810616715007,0.3944496635509745,-0.8652918713647128,-1.466655763965663,-0.649591245173283,0.966873434904302,-0.4830056891643247,-0.9388051383745776,-1.275308169628122,-1.5514088129189407,0.12209948302898832,0.9675769227453067,1.5158691331398104,-0.0453872784017957,1.0013860179454317
26192,Matías Ariel Fernández Fernández,Fiorentina,Serie A,22,1130.0,0.8176420699718873,-0.19295519951979342,1.317929309851351,-0.010900497874189155,0.2289292767097549,1.4069458110583355,-0.19306406258225278,0.958340009142349,1.3299160613548089,1.403468233455334,1.7348569360684087,0.09438010740446362,1.5797773116401648,-0.570408882433647,-0.6439539576140608,0.41761795300082016,0.013977704126390012,1.132754936620242,-0.4625856193869515,1.3366168184764553,-0.1776643469057856,-0.9825767900338274,-1.0613402291797622,0.31430460303608204,2.195173080899747,0.6929475390478063,0.18702370832441917,-0.03987247441526498,1.026081014392501
7777,Federico Bernardeschi,Fiorentina,Serie A,33,2349.0,0.8943442941792369,-0.21343782649598234,0.4946006763976794,1.5974345730106387,-0.434574089311421,0.7159285066496123,0.4495711872594223,-0.03170134024927907,0.2651537576193474,0.9858678873941751,0.811068778348297,0.3458672638703515,0.9958804259322394,-0.1993902112512154,-0.2746044457678316,0.7530944444441837,-0.6924744338142744,-0.012223586256883086,-0.5037409837314939,0.966873434904302,1.4392351364784264,-0.7949183339632646,-1.0951797736142304,0.1775061536896243,1.5209181468793966,0.6075468095008527,0.9308068666871767,0.5893410844275344,1.0272116726144536
7033,Nikola Kalinić,Fiorentina,Serie A,36,2692.0,1.2935833601500353,1.9895397136498516,-1.255285366693202,-0.5693384556183565,-0.15455478605498763,-0.8455576029670729,2.3276421081782277,-1.7333429550013637,0.4249895925907347,-0.4057404044606479,0.24007653757825886,-0.8445673560509979,0.04810349295646075,-1.4679157207317315,-1.0373237348175004,0.13406235904177688,-1.4950970700915562,-4.73998775729606,-1.4576186042801145,-0.881843482956463,-2.2224284060824515,-0.8788392731576298,0.0045650699965859975,0.5624758834705007,1.7954971006380398,1.218274733489706,-0.1926219554659976,-0.21772141532337447,-0.18709264152408916
6997,Borja Valero Iglesias,Fiorentina,Serie A,37,3202.0,-0.14763584946366093,0.029566694910635922,0.5851118402957516,0.47212153810512747,0.2537847252222845,2.2110833723681167,-0.13688258572301906,1.7300956918306483,1.3148370181550744,2.1176053620579784,0.976975978097033,0.300852498506268,0.9965479508275986,0.2623096267413891,-0.36875935576481966,0.39369348393553644,-0.142083648425942,0.05346745275124088,-0.8204764675991744,0.48036898283567975,0.6745415166920001,-0.8240654144492265,-1.1620428170172634,-0.49130143609607624,2.053311905413854,0.46926737892285036,-0.2991678062163537,-0.04095567821178818,0.569522925052596
3556,Serge Gakpé,Genoa,Serie A,18,913.0,1.0897938765128945,1.2737198196173396,-0.27335258609494434,0.6047131545847417,-1.4392263963168757,-0.5244011198151047,1.926577116369357,-1.5436932562531336,-0.5655571000397482,0.39701519579124545,0.22152069695028048,-0.0667499092731741,0.8793662022768848,-1.2564938346886343,-0.6866559096823089,0.3407464167220765,-0.7829736441055478,-1.033420647201345,-1.2799306386559564,2.815590352765067,-0.9178018860177908,-0.8656281761386622,0.04880887695811353,0.7025492327724974,-0.24583609573451962,1.2200581864305449,0.4180191846623251,0.01021787332032426,0.9315209884617937
7056,Nenad Tomović,Fiorentina,Serie A,24,1746.0,-0.7893679826246354,-0.7335584665654946,-0.15857870772487298,-0.7720135784287414,-0.6339098645109161,1.7078593699928772,-0.7315795806132266,2.1699322805789243,1.3406542974529372,-0.4680153282189687,-0.8412946854011707,-0.5491872774066544,-0.3703021753688514,0.07177178305906336,-0.32167047744733224,-0.5534024283273128,0.12155241787894583,-0.5039110600449569,-0.2131148915018516,-1.0764452637839126,-0.8073386924764144,0.8619720306849509,0.4902949815802084,0.46419551743052395,-0.48749583824182957,-0.4021348875846524,1.6248546046703496,0.10544263225474917,-0.7362020455331111
6849,Lucas Digne,AS Roma,Serie A,33,2967.0,-0.666634700865294,-0.11588233738284352,1.1099727421679368,-0.2790304897733131,-0.34629681743735885,0.8513058746242257,-0.4990198333832447,1.3957350929155221,0.284577339216184,-0.03024747194483524,-0.18719934054989035,1.637588685186203,-0.5523612509927879,-0.3080521281686861,-0.5792251500927501,0.03114438428655105,0.17910619326439886,-0.9577764204647183,0.18870955848288107,-0.881843482956463,0.00973292210650375,0.40235680932904433,0.8230848695347194,0.33477453246983657,-0.3778581795922024,0.23312863488959187,-2.101247963237863,1.2322662301148202,-1.666087369998184
11508,Łukasz Skorupski,Empoli,Serie A,31,2909.0,-1.11453648164235,-0.7335584665654946,-2.3311810580439216,-1.1361362630293526,-0.15455478605498763,-1.7328937195791003,-0.9556221924912695,-1.1061611169924974,-0.17902940428069836,-1.2370249371978637,-0.8412946854011707,-0.9863303074839346,-0.8127012559390556,1.0763962236187525,1.7922736354217308,-2.1639660503130473,-1.807962289111341,0.0025763711481099436,-1.5488097861884091,-0.0038187813659491085,-0.03497881693350374,-1.0618448557252052,-1.275308169628122,-1.8942146925984813,-1.253795393900841,-2.6886202918672577,-0.0008719303403213263,-2.9888675575839763,-1.8623486281523924
40250,Marco Zambelli,Empoli,Serie A,19,1304.0,-1.0770011331593061,-0.7335584665654946,0.9523279600742024,-0.40481930676478123,-0.058683770363802304,0.4408527991563578,-0.8226867066511979,0.8919582127294076,0.330860341320321,-0.893801323374461,-0.8412946854011707,0.7110853508698238,-0.8127012559390556,-0.18645557748179284,-0.4257277558187522,-0.7419212894569638,-0.4444286982435884,-1.2842409779596347,0.9926548862895409,-1.5665534525345244,0.24586616837294567,0.3119728472081825,-0.7654114097022954,-0.2674640917879,-0.46316058489301404,-0.14476467827295741,1.414189599308144,0.8056629387654243,0.9152246006041586
7160,Lorenzo Tonelli,Empoli,Serie A,26,2381.0,-0.8842218098325753,-0.2204281080928842,-0.660589182738239,-0.8691231562201686,-0.6339098645109161,0.14882497239623727,-0.5638875429206995,0.6471701654845139,1.1125185364945793,-0.9237366882648406,-0.8412946854011707,-0.9542743759209387,-0.48828765044742317,-0.13193217738078322,-0.23317983877021317,-0.6801808165754933,0.0786022795041097,-0.04059017128311805,0.35858342733401627,0.8169774685912669,-0.06589786339069571,1.9477448706504983,1.3649178238085906,-0.37440836504819497,0.9972814824581927,-0.8394609169498446,0.7615922549324537,-0.6357668339815942,-1.012021564175124
17520,Federico Barba,Empoli,Serie A,10,925.0,-0.8573150090956934,-0.7335584665654946,0.6339713526230548,-1.1361362630293526,-0.15455478605498763,0.08343144687948521,-0.6520956000003459,0.6857735991050173,1.5417563800364054,-1.2370249371978637,-0.8412946854011707,-0.9863303074839346,-0.8127012559390556,-0.10123719379067629,-0.17213030038242003,-1.3146845683957231,-0.9986090930981179,-2.2248172183032175,-0.22185485809581756,-0.1423567158121572,-1.0890533788844547,2.036893798761519,0.4237129358780434,-0.00563224627746546,-0.6012238960379845,-0.8772300307845772,-0.8778220989892449,-0.7728563229666254,-0.9091032870673237
40252,Massimo Maccarone,Empoli,Serie A,37,2814.0,1.4400623890476854,1.8714807307122994,-0.37105234380538277,0.016090765149255674,-1.705409451647697,-0.8217152629597249,1.7701826606594462,-1.6001884415831324,-0.8515749147281824,0.4064803180967616,0.8828532252009524,-0.30824596978410224,0.14803107574698493,-1.3599200771583506,-0.9253114339270481,-0.0053337522771401335,-1.0430818144675367,-0.41182243619167264,-1.3307157370616063,-0.1423567158121572,-1.4651815254337137,-0.6798708078307195,-0.5234929559880517,0.1455655665892337,0.5378926816382155,1.2203395679220872,-0.5546698681128247,-0.01083566062933464,0.49328163179066353
7107,Danilo Cataldi,Lazio,Serie A,20,1384.0,0.7138358721135715,-0.29216996095737163,1.3309697954050135,-0.6767733964739572,-1.20913595865803,1.042818617901607,-0.5955122986036143,1.3416441938227184,0.5514534718651425,0.9188690532921022,1.262066103804483,0.006338128156871842,0.024468680486786243,0.39070294770253694,-0.23516177428868923,0.6974385830522982,-0.04992901923074017,1.1660807148328811,-0.9279981417231252,1.759180685416058,1.068328845663733,-0.6411628163443023,-1.0132592830240978,0.8105831441793977,-0.3723337437978211,0.20208134320761978,0.30809950727567453,-0.06560014527713506,0.20814244693338418
38237,Gabriel Alejandro Paletta,Atalanta,Serie A,24,2092.0,-0.7633804776011754,-0.4415500097004647,0.06876047743301482,-0.9841864046850249,-0.058683770363802304,-1.0972027459257852,-0.590155336955493,-0.5663289684998875,0.17074497900002047,-1.023084405445609,-0.8412946854011707,-0.803908765773865,-0.8127012559390556,0.4369945182059582,0.5726289687673212,-0.35475178217184794,0.47342137615657215,0.5551081142678183,-0.3753553803703908,-0.5121000993843097,-0.4506996109365605,1.3787173389122909,0.8339431936110276,0.312721056696,-0.8057548433280812,-1.0436888785023204,-0.5451844059480313,-0.5342334223637678,-0.5779736063634933
7132,Andrea Consigli,Sassuolo,Serie A,37,3396.0,-1.1450324906279508,-0.7335584665654946,0.05053208756897675,-1.1174154677610173,2.2422206062246532,-1.1938364833815482,-0.9674181758559358,-0.5546293146046725,-0.526440668654494,-1.2370249371978637,-0.8412946854011707,-0.9863303074839346,-0.8127012559390556,2.2321306845955484,2.2000966014059142,-2.170057739510181,-1.807962289111341,0.0025763711481099436,-1.5488097861884091,-0.0038187813659491085,0.350538393599388,-1.0618448557252052,-1.275308169628122,-1.820727448662467,-1.289869653938204,-2.6245789038404905,-0.007773323023123436,-2.9324247333040643,-1.8636368893738584
8848,Paolo Cannavaro,Sassuolo,Serie A,31,2745.0,-0.9834425268044305,-0.7335584665654946,2.9498126383694,-0.9276909491563471,0.9639403970088448,-1.0384979866057646,-0.7799071616055849,-0.5030993231863669,0.554300556534381,-1.0196291424555606,-0.487797255861326,-0.9585251442593469,0.03148321911621951,0.1556664495520502,0.3679727374634533,-1.0443748530735277,-0.6147560176665278,-0.080303390319847,0.060938815104242816,-1.4980824555767178,-0.8523188894511158,1.3039242815302134,-0.24035030831551807,-0.7123149311095291,-0.3247565976966817,-0.9521365582417486,0.7403658498596482,-0.42101251791768796,-0.7383494655180397
7119,Francesco Acerbi,Sassuolo,Serie A,36,3367.0,-0.7761639245609542,-0.007830291024487766,-1.7564541768901514,-0.8340236608017709,1.523187988540761,0.007284844782842386,-0.6311012720668451,0.5103218118004109,1.438500991075928,-1.1040984173209059,-0.8412946854011707,-0.9863303074839346,-0.5832896745088282,0.357723158160179,0.12984527389658532,-0.930714237929666,-0.3626887248020141,-0.3002535265232699,0.7113881682550158,0.7879653460790669,1.0551864167243308,1.6649813125860007,0.7712726210280791,-1.1530127905886636,-0.6049496996789077,-1.0658729739459123,-0.9051425524856546,0.019095382824105427,-0.6292901669406921
7118,Federico Peluso,Sassuolo,Serie A,34,3155.0,-0.6107868764779852,-0.5399351094302676,-0.9283803331898437,-0.43085774461593407,-2.0308875217253357,-0.2728584401269993,-0.5432450827640962,0.3524729046576884,-0.10491408228323351,-0.29130155119529216,-0.5337351151676135,0.4409867162999306,-0.5678743796551963,-0.5760431686745915,-0.41779131032513206,-0.2925569835050086,0.3276527209710939,-0.37153366325586035,0.8243576248297994,-1.306139169022868,-1.0099705592280572,0.69838356973848,0.7555222508872935,0.3601550036269108,-0.2462353084605105,0.01618321648280492,-2.091337791065888,1.4267013121560137,-1.496308282287242
6963,Lorenzo Pellegrini,Sassuolo,Serie A,19,1185.0,0.6516842716831922,0.8129774619449925,0.39414054462656684,0.36607722260395437,-0.2230340829772635,0.5300717252258521,0.00265462824682829,0.3139932160595522,0.047626135161451075,0.3996351757513124,-0.8412946854011707,0.10862998101849841,-0.8127012559390556,-0.5047148919650625,-0.424128159823673,1.3895271586087297,0.32427358329691286,-0.5039110600449569,0.0049032625275999995,-1.621330250100769,0.9326178179070006,-0.4949276770463641,0.25496887281900854,1.7913101235343025,1.053006719381059,0.44997149451941787,0.7559490747392341,0.3588207288876408,0.7119341309155748
7698,Joseph Alfred Duncan,Sassuolo,Serie A,33,2579.0,0.19649628619461412,-0.49669080787544373,0.9709093784077295,0.5894579406110783,-0.38738439559072463,0.47959007799327025,-0.1757494365519635,0.17916644513183744,-0.4115662654376633,1.3660979346073925,1.0399585989859461,1.0853106826690389,0.834587759460585,-0.055586514475133755,-0.1557503913469968,1.3246712816731119,0.6594822644574716,0.5083866801069608,-0.5017553935290745,0.12654756314940874,1.265047649705427,-0.6797967531490804,-0.548738088791941,0.3798151598860407,-0.6541166315308192,0.5762356314650535,-1.0373131970557807,0.4289028886965546,-0.08937286498592703
7131,Domenico Berardi,Sassuolo,Serie A,29,2214.0,2.3810444435373226,0.37011215992347096,0.5690622214990072,0.9026547360311434,-0.5934009846414011,0.9296100908493472,0.7994539015111903,0.1002416057621784,-1.145657714010908,0.8518746962253865,1.7883813148342629,1.3578936164101632,1.455043624544797,0.08604371086716793,-0.12790581344533655,0.8385300179637316,-0.07497222820339863,-1.6145897062754297,0.16981860419348171,-0.285483186872345,-0.08295589604236876,-0.7381848223692634,-0.5381625211322483,0.641991409095682,2.508146598291815,1.0409138551382608,1.3223091339972575,0.04830431511891657,-0.060727444162463604
6859,Nicola Sansone,Sassuolo,Serie A,37,2640.0,0.971979660419056,0.886203594923709,0.361906144911665,1.223875264116155,-0.751302944949103,0.32497009810148875,0.9952681335304057,-0.547170908624641,-0.20038777597440285,1.1929289105680239,0.6289332601850028,0.3146669604392435,0.21135207033538322,-0.88664644446115,-0.6127573767226945,0.6595072317988695,-0.8863266658102987,-0.6668370868623075,-0.8049108113486231,0.5046942054391107,-0.5576502483179842,-0.8921991848326732,-0.9318653106698173,0.6108652433021623,1.1873406149110715,1.1320043519919727,-1.3268193364688285,0.22670152006706393,-0.0631078799312159
8093,Diego Falcinelli,Sassuolo,Serie A,26,1183.0,0.729711595152114,-0.21717495704593193,-0.5982293360965932,-0.2225361341776749,-0.12635742849875664,-0.782407793202476,2.5133441850381497,-1.8723417770935749,0.20944742597291557,0.6546216918203822,-0.02104917053483508,-0.5992203849911546,-0.48623092851911615,-1.4541914816485626,-0.9962472818083173,1.6050932278666215,-0.8586997705413096,-0.2391562664667628,-1.3412978151849184,2.815590352765067,-1.4680402492814824,-0.9104113574475096,-0.3555896766611654,1.586583470301471,1.4991740231756994,1.21464287451962,0.0235204700258921,-0.2449298463382197,0.15257567579404305
8873,Marios Oikonomou,Bologna,Serie A,20,1689.0,-0.8824129224245384,-0.7335584665654946,-1.8563099594511838,-0.9855718563241621,0.8041553708568687,-0.6553879200161177,-0.7947281920392274,-0.1432640639868528,0.44447210853619545,-1.1486958287657112,-0.2667828771792207,-0.8507616164510872,-0.12670765498383663,0.6125462429434858,0.42042366025053995,-0.5474905223319737,0.5191078459622016,-0.5795552867815834,0.12265061021004453,-0.3995695043840899,-0.6072609203349485,1.6163269433739493,0.5856681744727694,-0.34275930818734485,-0.8245125509083562,-0.9063535663942509,1.0742541738392732,-0.22211342084620406,-0.7415402905746629
10030,Davide Biondini,Sassuolo,Serie A,22,1148.0,-0.6041002336821418,-0.7335584665654946,-0.3977337395049662,-0.5269602804126854,-0.37244345808041,-0.12268644413644311,-0.41444035464987095,-0.16577478460404646,-0.6421200471659994,-0.3273428387716098,-0.8412946854011707,0.40986188248240296,-0.8127012559390556,-0.40670064413467744,-0.2906730923469959,1.2885911375005639,-0.42217406967450194,0.368222377624388,-0.47961700876188723,-1.621330250100769,0.280462831685288,-0.08653002306779155,-0.43285599991855206,0.27967625171080107,0.3158993302727994,0.4341611143764979,1.1813752017918393,0.45253796051229156,0.5266133901523069
6948,Sergio Floccari,Bologna,Serie A,25,1629.0,1.3600583297521487,1.516466180807038,-0.4851550693772532,0.5030193359351671,0.18784169855638977,-0.1171899820233179,2.508269408729295,-1.2863717921342936,0.10371161446812417,-0.046452663505553424,-0.24562222125944358,-0.6114982728541342,-0.3385276557698866,-1.2804435940721772,-0.8001708370863337,0.9327921631833539,-1.0611488926979733,2.265831395849995,-1.1720653698330847,-0.1423567158121572,-0.22883573207250224,-0.6219533186779032,0.468681596672122,1.0931838758059143,0.9332689561462039,1.0722881094078014,-0.2917172225440537,0.044925249804704755,0.4344630014655371
7457,Gregoire Defrel,Sassuolo,Serie A,33,2115.0,1.0360882125559072,1.2882721917472706,-0.4059985741904455,0.24660026351356465,-0.8840081663140096,-0.2864966156462505,1.5798059141803895,-1.2984787824411304,0.759915741634898,0.31481100186687627,0.993883459443983,-0.5893672325116299,-0.26487941574361107,-1.4363216752955748,-1.0121969643264883,1.4615618454778985,-1.1000174131659688,3.1364673516552095,-1.1425670836163273,2.815590352765067,-0.35955940898783517,-0.786561667780444,-0.046383556580154944,0.8787039785871371,0.8671831408073091,1.033093045796284,0.09528399243806943,0.02126349072043917,0.3254406215292478
7704,Alex Ferrari,Bologna,Serie A,21,1322.0,-0.6081920056711418,-0.7335584665654946,0.7559826714185847,0.35467345154649377,-0.17001785310195303,-0.0774779436984751,-0.6040269364388415,0.25873627684041367,0.4265281276395521,-0.7856244405506454,-0.8412946854011707,-0.12031094608272669,-0.22841321155510944,-0.5865677752343351,-0.3890702952472798,1.0718880725543785,1.943790777695415,-0.2241701460755448,1.8865179304506936,0.017532314921746825,0.5399880528164842,0.598167548711855,0.23355425460019444,0.8430461741921634,0.47157363295465726,0.036936442635560604,1.663708995292839,1.3038819837298865,0.013940047781330286
7036,Gianluigi Donnarumma,AC Milan,Serie A,30,2737.0,-1.1450324906279508,-0.7335584665654946,0.05053208756897675,-1.1361362630293526,-0.15455478605498763,-1.512742246240416,-0.9611495394642999,-0.9254391139610693,-0.6336361150378114,-1.2370249371978637,-0.8412946854011707,-0.9863303074839346,-0.8127012559390556,1.4453535597586826,2.108542388266039,-2.15804212246619,-1.807962289111341,0.0025763711481099436,-1.5488097861884091,-0.0038187813659491085,0.17200450426396485,-1.0618448557252052,-1.275308169628122,-1.8486241408252433,-1.2761819711350528,-2.6154856130649913,0.0431606987791533,-2.83875751275978,-1.7076258203843508
7463,Ignazio Abate,AC Milan,Serie A,27,2337.0,-0.9931918570993027,-0.47216279187073973,0.06520561252829958,-0.10238308040712917,-0.3311592886440137,1.0601532075769609,-0.6810968004377173,1.512160857991192,0.21561262034858192,-0.08795281286996387,-0.42608268536399724,0.6466430141141213,0.013602546666396705,0.7269818568470122,-0.06109753796820321,0.19066835755496753,1.5556846583762194,0.21470909395299767,0.18440797932405817,-0.769800033389144,-0.17067765790766465,0.39462529437653304,-0.6804186989121539,0.34832543942583155,-0.7001673387264591,-0.07927608981875578,2.070524411988839,0.6128296241702216,-1.390035298201384
40945,Alex Rodrigo Dias da Costa,AC Milan,Serie A,25,2174.0,-0.20648765474957356,0.10942454874495951,-1.1928818298447468,-1.019161431877068,2.2422206062246532,-0.6819963212030653,-0.32816432023658226,-0.2471013404129983,1.5278314202789829,-0.8939065744059924,-0.39495133485523065,-0.9512221322072588,-0.8127012559390556,-0.3196657626624103,-0.022964438942700508,-0.5818892642946596,0.2151880211850527,0.08192933425572739,0.3143594493233828,-0.9938869325237825,-1.0059308642607634,2.0488980258110847,2.1445864995206283,0.05728740809792905,-1.0244882145353735,-0.9101967160916346,0.8748262938028023,-0.005900870484520331,-0.9024182322853932
7458,Alessio Romagnoli,AC Milan,Serie A,34,3070.0,-0.9716522493137241,-0.7335584665654946,-0.8317329560375651,-0.8047964807165618,0.4446390620149225,-0.18434601477120235,-0.6488632264022862,0.29731427359714163,1.3772357220980265,-0.9454525642820872,-0.8412946854011707,-0.8868838279380153,-0.8127012559390556,0.06352742624121117,0.06538538228419888,-0.6081761547788409,-0.43624702917443525,-0.29210722518240245,0.010470312539286009,0.3506344622840467,-0.6505471265610167,1.3890101264981096,1.3236704946452784,0.17870007950933436,-0.7221547441812337,-0.992358769382876,-0.9333727721806538,-0.44309638646411714,-0.7850116077928511
8874,Luca Antonelli,AC Milan,Serie A,28,2439.0,-0.45395216564101304,0.01783352822127363,-0.5505236743636756,-0.14561507082429478,-0.3311592886440137,0.6009076317733546,-0.20065265694413859,1.1080355653558898,0.5112683822700059,-0.44184566952882987,-0.4434470248489468,0.3280023157890096,-0.49600228313234135,-0.4809889338186668,-0.46112899472991453,0.029494484927325693,1.6835970217954364,-0.2478844464748351,-0.1900275258721945,-0.744901489040851,-0.223116497103894,0.2419019483787797,-0.3087678728303341,-1.0756409151267121,1.2806623630110003,0.03909569071083698,-2.029630115809053,0.8813745070593603,-1.4250732425482784
10919,Juraj Kucka,AC Milan,Serie A,30,2249.0,0.8666871167952358,-0.46193477080665,0.025931706172632844,1.0970739805322627,-0.5975031496914783,0.44259569660973463,0.17690760030505312,0.04403548916258828,-0.11493134849650186,0.6203606546088762,0.02162256145243055,-0.07002098227703622,0.21766174273890332,-0.51881461730476,-0.3770495121134313,1.612091167544746,1.6040786133788187,1.8724246481690767,0.47053358481954716,0.4172548917565069,0.9028120397609382,-0.10597560648102336,0.9017133498514661,2.0450806184010966,0.958236702654404,0.3318296502504943,0.6940145872693984,0.38973612943410935,0.4930433216995909
7166,Riccardo Montolivo,AC Milan,Serie A,31,2768.0,-0.1835488547271631,-0.7335584665654946,1.2373902555374474,-0.42412381986848974,0.2010957560252169,1.4344378479603677,-0.8558464126802393,1.63472414335148,0.703905958763252,-0.266872641477379,-0.4907345538668953,-0.7105890753614883,0.44305364869970726,1.4542129046687404,0.19744986792081526,0.5631109440745367,0.25434596978705587,0.9196884857525448,1.510904747247632,0.13629047180743614,3.594259231397688,-0.1719405416502182,-0.729372989203071,-0.8573755218336278,0.19417550742092105,-0.10585467937440002,0.06271305049551432,-0.22397537605769513,0.20371087362296822
7026,Giacomo Bonaventura,AC Milan,Serie A,33,2949.0,2.0436980467562282,0.5093340904266569,0.6172496826282348,1.3215251691050687,-0.07886714208826251,1.2703963148813668,0.42889985498085725,0.6657383457644667,-0.09078728920502165,1.798333438018935,1.7910564684458963,0.8253896360916906,1.1517666857587494,0.21114535135375823,-0.31802274300934874,-0.11881148134073026,-0.7290305319641782,-1.313749252166492,-0.3001492485631323,0.8436256403802506,1.5009439527339765,-0.5454869235680784,-0.680892316076685,0.05218803692143397,1.5787325698942898,0.7841357476745161,-1.2645607615238614,0.45408116608688315,0.29035524496376053
5661,M''Baye Babacar Niang,AC Milan,Serie A,16,1155.0,1.7736599987974015,0.8531472263218887,0.0765056559188037,2.6618997806567117,-1.092423417816587,0.5429022605001885,1.825278332485652,-0.9609687651199023,-0.8642121802339772,0.05464488221257499,0.838965823840171,0.5996473143652732,-0.1439317367394221,-0.7742019998132337,-0.4908079803771049,0.6952762461991048,-0.26852696227883077,-1.7858816394762127,-0.9111820934685925,1.5831124075245573,0.42674171770482167,-0.9067402423377473,0.08537972872097131,3.723646511361993,1.209968286013142,1.0578502048342688,-0.1707589565091205,0.08147492749700218,1.30468252438028
5688,Carlos Arturo Bacca Ahumada,AC Milan,Serie A,38,3252.0,1.0646059168960735,2.2720095125815782,-1.01145746525481,-0.09999896328853561,-0.3625768012339756,-0.8793565765764063,2.3669566495036225,-1.7430380834256505,-0.5231302067480157,0.6438798690192742,-0.2445231945728349,-0.3056937704318741,0.3749198920861242,-1.3436162416526825,-0.8128274956460987,-0.1836493908575926,-1.4338666486570435,-2.1331713282184586,-1.3223460761357066,-2.1143214281969733,-1.1388540038084092,-0.7175455236554907,-0.3273551862302917,-0.6279833805718383,-0.6052552186326529,1.3378549113729796,-0.17764981163321264,-0.23547006836651496,0.2526295437672616
7019,Matías Agustín Silvestre,Sampdoria,Serie A,25,2051.0,-0.972018565441968,-0.7335584665654946,-1.8609747744015703,-0.9501514144737211,2.2422206062246532,-0.23098450621736452,-0.7080934601459796,0.15930526913898785,1.1650100356192978,-1.1642858518044432,-0.8412946854011707,-0.9863303074839346,-0.8127012559390556,0.23434407709708868,0.21599381609969057,-0.4391590023216597,-0.7585358358457803,-1.2406200508712357,-0.5912801452439745,0.04251497597391948,-0.9613283111704005,1.5366867857958986,0.37509300925683764,0.11348117610490392,-0.6388591753642139,-1.1423230416748071,0.408007711522364,-0.5229621844406422,0.05923362999122844
7000,Eder Citadin Martins,Sampdoria,Serie A,33,2466.0,1.732920149732558,1.7436584505538992,0.011387270937190927,0.307596892262998,-0.7366288098943296,-0.39479481857313703,1.2102872956051023,-1.1980430254733656,0.2822431520320378,-0.027066590548182754,0.3391803074052465,0.004101784019625741,0.2836088743790785,-1.1119913128512569,-0.611449884606736,0.027660501754815683,-0.745399040087493,0.6685744543727592,-0.802195851586434,0.3506344622840467,-0.09960382165184048,-0.9165522130143261,-0.8340969055648983,0.18041424022287558,0.7414488673303701,1.001176402283031,-0.16200628950288834,0.3421006722276386,1.132372777284284
21272,Luiz Adriano de Souza da Silva,AC Milan,Serie A,26,1262.0,0.6826498735692988,0.7186167119487108,-1.0103603377695003,-0.48123478164546396,0.4722941626950721,-0.9499175986035321,1.8468071533110755,-1.6877064897102252,-0.192955260941015,0.06334471855567221,1.4654020913505121,-0.38153495842297486,0.10539953012541732,-1.220950371813751,-0.591023425629926,0.3534393526361613,-0.769816103654602,-0.3526226065717037,-1.0625049888486124,-1.621330250100769,-1.1228271777419208,-0.8134255214863786,0.20949709065437486,1.6653164067047694,1.3939301762724468,1.2194435980869822,0.2578888655308969,-0.08821245476597608,0.27950241304364365
5683,Keisuke Honda,AC Milan,Serie A,30,1989.0,0.9958517359569704,-0.42642840534797716,0.615712194931468,0.6218678295898884,-0.16327033293600487,0.647905028460421,0.3264926690842674,0.14821463893944659,0.18231051535708756,1.5382143655927392,0.6222806450466042,0.8939781286765296,-0.4243509318186051,-0.646437070248482,-0.6063807635467572,1.0551603669519973,-0.02008114030133707,1.4747826603815453,-0.43801041199325336,0.3506344622840467,0.12146359427721365,-0.5664692616860771,0.09224710586196054,-0.01214319631864976,0.4393305582835046,0.829535983720857,1.2360505144200744,0.41443267771264525,0.4688525511580101
31721,Matteo Ciofani,Frosinone,Serie A,18,1337.0,-0.8796236944002389,-0.7335584665654946,1.0964800846411795,-0.4228697626785665,-0.8256518958932874,-1.195068960029607,-0.8134263331881084,-0.4507191778855362,-0.5936291920521953,-1.1254408952069097,-0.11552771151420438,0.04123372761470137,-0.5238348405779576,-0.02888960753960938,-0.003183919661101386,-0.5507713915724335,-0.05812191347504879,-0.080303390319847,-0.2635393060987263,-0.881843482956463,-1.1497233800871367,1.0485117622887006,0.03578558663454667,-0.1209570532090246,-1.0362130966845267,-0.23791719205842315,2.0243832039025764,0.9412769206447198,-1.2343473133455367
174418,Modibo Diakité,Frosinone,Serie A,26,2358.0,-0.8440557641169661,-0.47449074317209233,-1.766412616001278,-0.8395569466409158,1.7192877933636412,-1.5018314231759953,-0.6399895918119073,-1.0841110518931878,0.08875907546744642,-0.9839496799596863,-0.8412946854011707,-0.8568558833083737,-0.48512331078401894,-0.32251676668979645,0.2774327041320563,-0.8057329751400196,-0.37923765874448734,-1.033420647201345,-0.09129779986109246,-0.08953623244470695,-0.6655355359111309,2.03408072097006,0.852348015131385,-0.2537475397978291,-0.6630040828172651,-1.0137771208726003,0.781896341381617,-0.08200686411703444,-0.1555502517981978
23349,Paolo Sammarco,Frosinone,Serie A,28,2412.0,-0.33587677625793466,0.2795123323758692,0.02054368806192445,-0.6880479742932273,1.2271157342003345,-0.8862203100350948,-0.6188669186455512,-0.6116564218700328,-0.05796282110467483,-0.06183031916461026,-0.4389935062606763,-0.5433152068533775,0.30815313102799174,-0.5466092225449385,-0.22022417230783245,1.0076767674907092,0.44233823773927144,-0.04743727801358837,0.28318022647673535,-0.881843482956463,0.13372994856519171,0.1822233974866959,-0.22276687053202357,-0.03180662986187244,0.09828543958057895,0.0586079064622228,0.10383006821317575,0.398951147745788,0.7063278165984871
9898,Aleksandar Tonev,Frosinone,Serie A,22,1133.0,1.3605389872640226,-0.7335584665654946,1.6676859601006229,0.04223287673816846,0.05088310471183869,-1.1254404872932227,-0.3465465342317603,-1.546804521496679,-1.369664360114426,0.07972584957976792,0.015148778047086153,0.7651741049951661,-0.4718235883858443,-0.9401394326917123,-0.39135685524021013,0.2770450195711142,-0.15603884182045116,-1.509979275642094,-0.7904661710604717,0.70277101806705,-0.24314682746275526,-0.7060830604554293,-0.9552060874922265,-0.35234464595511,-0.7672068588279605,0.798809678244757,0.8022160825237972,0.5894361340212874,1.0842789759018086
11608,Danilo Soddimo,Frosinone,Serie A,28,1847.0,0.9202919684851218,-0.4028158072467927,1.4386916416029363,2.374818644707089,-0.8594887249607651,0.6197266668921696,0.3144992994765922,-0.06046607977780628,-1.2490221790279206,1.75157872996538,0.20943671046983584,1.6997207203163107,0.4419205004370844,-0.07055668782589283,-0.1437636726509985,0.9682272001578021,0.7253745622429886,0.8728138665616509,0.5777666010092471,1.1979630496368976,3.155720153419696,-0.722369815325206,-0.6535036648330104,0.9432602876618429,1.2680382161830461,0.6520065010501288,-0.9826327357854905,0.8525478195960619,0.9077786258961994
6944,Mattia De Sciglio,AC Milan,Serie A,22,1912.0,-0.5418590744101345,-0.7335584665654946,2.105100627305925,-0.7038738835803634,-0.41266905906971857,0.3728846710301273,-0.8776835639108149,0.9445519211674174,0.009846627858337783,0.08943619795506305,-0.3337892230126385,1.249135012015864,-0.610706278251928,0.1738128787037184,-0.22076767642451448,-0.06785218393645331,0.24769746932967057,-0.8064879669914642,-0.3932763367772351,-0.06019151946278932,0.09111124021125847,0.34358789894932745,0.46346111631141296,0.6510113889552632,-0.6305418655527513,0.19543927171874378,-0.31751569868414486,0.922405673236675,2.3894083159307002
7147,Andrea Bertolacci,AC Milan,Serie A,27,1878.0,-0.2947491985597781,-0.4082753506114788,-0.4684292072224861,0.11642250537153606,-0.7116431204767422,0.6692624967013094,0.11062038690286984,0.3633039338732269,0.7936979738286151,0.3517702080833468,-0.32460115819836266,-0.4986295212124131,0.009906619114806468,-0.7240271091769429,-0.46051308125601625,1.480918458656663,1.2316912043022707,0.45094229384361073,-0.43771467201077335,1.0756214888961113,1.600853513819296,-0.6564296422184515,-0.5993950670136949,1.0957535231368096,2.1129063437283473,0.34834407754429614,-0.5931199344369468,0.2268082869646054,0.3290271576322315
7137,Ervin Zukanović,Sampdoria,Serie A,25,1924.0,-0.6378382122858304,0.21895976383207696,-0.09769449292031832,-1.0370055654234274,2.2422206062246532,-0.03646233260554815,-0.6731408850404814,0.3212233355012663,0.866413994608736,-0.8493225875567367,-0.3369545377468706,-0.6689699205754392,-0.6119661221876067,0.1802900324059822,0.07182565857440533,-1.1045397496979599,-1.3702111614599581,-0.5039110600449569,-0.08150385608602403,0.5649784527606573,-0.16575356732478957,2.10393381772878,0.6097004533446948,-0.40254586480372273,-1.0163405183641583,-0.7768185673994877,-1.2736840598193773,0.2545726735174685,-0.9371158358262704
6822,Carlos Joaquín Correa,Sampdoria,Serie A,25,1350.0,1.1549313277934887,0.6239564040159336,0.5027352004994905,2.160387774888182,-0.5517347082041858,0.9618669130040567,0.2653625700544258,0.08005868478987596,0.6299666349830899,0.9731656426822201,-0.12251657867015293,-0.4774958204739804,0.6177224379046052,-0.4295389539220645,-0.47188453120212537,1.2084953639269214,-0.3522506379486692,-1.7142186878309873,-0.09407401316838261,0.966873434904302,0.7474767829491048,-0.7964436283733329,-0.7380108969466852,-0.23046348988711038,1.8244352657182539,0.7516252632956474,-0.8335566448471993,-0.10968925136320722,0.3001779977191537
25505,José Rodolfo Pires Ribeiro,Sampdoria,Serie A,17,1464.0,-0.4784738898559292,-0.7335584665654946,1.07637472586696,0.8180385545300756,-0.18651179128538337,-0.30084697568477065,-0.2759713108077674,-0.23814678736913533,0.20714394675563347,0.2915392445839565,-0.17848700501396175,1.09905693436014,-0.5488936074842824,-0.7748164503304353,-0.5620419193379698,-0.16518355513113916,-0.2738399401108672,-1.8276850279359265,0.9664224033313595,0.3506344622840467,-0.012131358798666024,-0.11349774467023137,-0.5734085562379254,-0.5304841985727674,0.49404361016075077,0.4066967593747258,-2.035608096280151,1.1228407844696242,-1.379369299955589
6991,Etrit Berisha,Lazio,Serie A,11,919.0,-1.1450324906279508,-0.7335584665654946,0.05053208756897675,-1.1361362630293526,-0.15455478605498763,-2.0072462037872065,-0.9674181758559358,-1.4238178283767782,-0.39808545708003695,-1.2370249371978637,-0.8412946854011707,-0.9863303074839346,-0.8127012559390556,1.0019063337114185,2.204310174077073,-2.133213382184224,-1.807962289111341,0.0025763711481099436,-1.5488097861884091,-0.0038187813659491085,-0.4404292346555735,-1.0618448557252052,-1.275308169628122,-1.6226557367696397,-1.5053522462353055,-2.5643951613722065,0.05689561944048016,-2.788613797395273,-1.7628950618050059
26683,Abdoulay Konko,Lazio,Serie A,18,1592.0,-0.42061818672816126,-0.7335584665654946,1.0669067798428251,0.1417696813177173,0.2648809075939494,0.8742243977840836,-0.6333258442471921,1.3169210808548093,0.20098403237927745,-0.581048147629183,-0.8412946854011707,0.5957869731060612,-0.3275072894342964,-0.1400774872196445,-0.4547137370111862,0.7542396989572814,1.1311540202174561,-1.414667549953944,0.6099925151682568,0.1745661843925459,1.388477476351398,0.3728971749890226,-0.3260942378338122,1.0842343826071767,-0.8486949567154233,0.09853172820435993,0.8397809972827865,0.6853956487249583,1.8519308051248213
3103,Milan Biševac,Lazio,Serie A,11,945.0,-0.9572803421853843,-0.08712281390767192,-2.3327114904434385,-0.934308260707871,2.2422206062246532,-0.31073055124854254,-0.8221715489445529,0.03502468425303818,1.2388978823897356,-0.9212834257864234,-0.8412946854011707,-0.9863303074839346,-0.8127012559390556,0.12202187012127068,0.13376641652583002,-0.7937745754995679,-0.3225422369045331,-1.9865379040828428,0.9190455430419919,-1.0764452637839126,-0.6569068522467368,1.6869535704191856,0.2598268951759834,-0.4417334838822053,-0.8416072272412406,-0.8274397924759015,0.9870882055454702,-0.9110140011210421,-0.8517309380191954
7778,Ştefan Daniel Radu,Lazio,Serie A,13,1121.0,-0.5910715352543658,-0.7335584665654946,1.3676653427978487,-0.22872044527710667,0.4446390620149225,0.8489032916179267,-0.7684490844636144,1.3826739295217991,0.867494835115983,0.6261598067688438,0.024316772303445106,0.23923000913236894,0.22087875477759494,-0.2217095813290911,-0.3196397633571727,-0.4460350411133006,-0.639237502272443,-1.7142186878309873,0.20310216169476247,0.966873434904302,0.7716465672322989,0.17667447575069264,0.07272802967298522,0.1094107522368005,-0.38628169681623076,-0.02997289098900761,-1.8795252881345101,0.1107072045694531,-1.197969497364191
7771,Dario Dainelli,Chievo,Serie A,18,1435.0,-1.02139083189748,-0.3078569392054649,-2.5069783082203094,-1.0475288473760191,-0.6339098645109161,-0.9696255164454628,-0.7641614631964093,-0.44380481840616437,0.38436887191423486,-0.925133932023148,-0.8412946854011707,-0.826765485773496,-0.5435623030904226,0.4138695470520689,0.3870212175769766,-0.9594041760556697,-0.5036910237590217,-1.033420647201345,0.8461820352469999,-1.4100483166309679,0.5962611744003555,1.2789107426525876,0.7044544291893676,-0.1551019371510553,-1.0682518678733604,-0.9979733595784901,0.7222377635332115,-0.544285852362579,-0.497291902678564
7042,Ivan Radovanović,Chievo,Serie A,26,2152.0,-0.4030101753379748,-0.7335584665654946,2.0615604280641264,-0.7225389162646063,0.5987174800900423,0.6067399433912145,-0.6724281485582766,1.083250164336913,0.5334003668033827,-0.6824232117632701,-0.8412946854011707,-0.667126516841073,-0.2742982856726219,0.6758715261481875,0.03362424202995555,0.35591384377605734,-0.28595893636226477,1.2812926909394364,-0.29399878308969923,-0.5457131342545061,1.2138750203063962,0.5614560992092826,0.4099876438475748,0.48312496740963456,0.049143523155999194,-0.23791785768830717,0.1258305709076109,-0.20338695204132762,0.23060006412201184
386657,Giampiero Pinzi,Chievo,Serie A,18,1032.0,-0.8871461820840185,-0.7335584665654946,0.6927561123915148,-0.7665093983126855,-1.5926200214227726,-0.25109274682806343,-0.7679151781360858,0.012933150559459868,0.8898423200218629,-0.5142155179056851,-0.8412946854011707,-0.7644548044272685,-0.8127012559390556,-0.28105901873138295,-0.29648043105918315,2.185339907129826,2.09126534793153,-0.035972355116056516,-0.4783737613462749,-0.47101750120962615,-0.1920980881305863,-0.10709480093467641,-0.3967334141533887,2.2167984536360112,-0.08717611553577694,-0.10541129536854192,0.1329167541356484,-0.1951953744563962,0.40372689929971967
6949,Gianluigi Buffon,Juventus,Serie A,35,3264.0,-1.1450324906279508,-0.7335584665654946,0.05053208756897675,-1.1361362630293526,-0.15455478605498763,-1.948271495250659,-0.9674181758559358,-1.3223592818360188,0.7268794151955067,-1.2370249371978637,-0.8412946854011707,-0.9863303074839346,-0.8127012559390556,0.4430504533698179,1.4565531904515296,-2.1781679106197753,-1.807962289111341,0.0025763711481099436,-1.5488097861884091,-0.0038187813659491085,-0.39320712734536534,-1.0481235146971328,-1.275308169628122,-1.8559851153302973,-1.5053522462353055,-2.6280596228882858,0.10137246513747727,-2.9612706056452933,-1.7442642809151132
6943,Andrea Barzagli,Juventus,Serie A,31,2833.0,-1.0197760273182257,-0.5179277952765281,0.2374140202008113,-0.8219599516146918,0.18784169855638977,1.0114676124433275,-0.8886873776029205,1.4666907118427985,1.5383033036388742,-0.6577568448713681,-0.8412946854011707,-0.6630327160197915,-0.6763742537019262,0.7039681405248195,0.03734458484683571,-1.016400928608612,-0.585754685265923,-0.38942250065979234,-0.3790004205296562,-0.19713351337840215,-0.17513651202295008,0.503230772388884,-0.0804713119179025,-1.5418494537609162,-0.6935356239923,-0.6220431900525092,0.9856505823160251,-0.3067137586975705,0.4954456184305065
7173,Leonardo Bonucci,Juventus,Serie A,36,3266.0,-0.43880617598712723,-0.17243015202632528,0.34200304680012233,-0.7468170913743207,0.8041553708568687,1.3635082289443146,-0.5629145472886221,1.6246500993292496,1.3565958534342308,-0.6431969415319808,-0.5441879970708356,-0.9162214528744799,1.5523593523756316,1.8308872067786979,0.46715017954738236,-1.1113948403029068,-0.6045264476725123,-0.12568992636182294,0.17996952153785456,0.5649784527606573,-0.5932247361883884,1.2282158724774737,0.3348562689418607,-0.5569988606580806,-0.5130879917225919,-0.8955879233159703,0.30073621322414795,-0.774412916919003,-0.6869653081008221
6954,Giorgio Chiellini,Juventus,Serie A,24,1845.0,-0.42378948136687206,-0.40245727861880515,-0.8105050593142749,-0.9638440659256488,1.091768417930426,1.6708257827900732,-0.49315251298370716,1.9539467879206196,1.3038808468291563,-0.4284186274856379,-0.8412946854011707,-0.696749705120546,0.2339502273611839,1.1231532580615284,0.1305256270427226,-0.7152249151500006,0.32234744429744716,-0.5795552867815834,0.5800718328652879,-2.4994707860846326,0.28547550379187664,1.098585866925706,1.018033847914597,0.06711802604500505,-0.032162082126527124,-0.5744428195382498,-1.3141603929198156,-0.20381575272629737,-1.1121443184369135
20008,Patrice Evra,Juventus,Serie A,26,2119.0,-0.4333198278790524,-0.15698301421849867,-1.1417270767654266,-0.5360813245558582,-1.496749005731587,0.6713570753306994,0.004205673350695447,1.0233645246685332,0.8864267455438192,0.45269131547119545,0.5324907474731216,0.6705634916518294,-0.630438680508292,-0.7748387781689555,-0.5814261676345664,-0.6314407801367478,0.8859826191617896,-0.017803898065322246,-0.2165320091629308,-1.0426014758139208,-1.0984004910371092,-0.047333321251318755,0.29360493783596064,-0.24538150444657988,-0.7159999820233924,0.2967465395646664,-2.0351313891622316,0.9360842865741784,-1.5681664605994317
8294,Claudio Marchisio,Juventus,Serie A,23,1994.0,0.011705294536006028,-0.7335584665654946,1.5038852761460941,-0.4028143589074195,0.49153249360300233,1.7014431874324922,-0.8727693113409016,1.9007547850106512,1.448671923561294,0.2593428074551521,0.13197556945025823,-0.4887238633167276,-0.03794820210196779,1.678372617351853,0.1488194727944403,0.23902100133191453,0.49168249582467566,0.6199460228992129,0.6672182532039329,0.5560474531574652,1.898482496341259,-0.4554083752227137,-0.8509133830317013,0.2960294935185444,-0.40438100735723626,0.016566908997640142,-0.037319394125797954,-0.3554301393542408,0.07464373914608365
5566,Sami Khedira,Juventus,Serie A,20,1555.0,0.11006949204759833,1.2306913461729057,-0.5489699130979009,-0.31844081954039144,0.2289292767097549,0.5169635451101324,0.257312123972802,0.3579825438103185,1.0931252864850918,-0.46949894804336517,1.0307640491715782,-0.05373976859109265,0.42914568083839894,-0.6269757044414279,-0.5284932751439239,0.2749424049513268,-0.7848851984917322,0.368222377624388,-0.9173328429160504,-0.881843482956463,-0.4560131379814076,-0.485813252951849,-0.3812524184620655,-0.7707814045940186,-0.228016574634187,0.389360206822124,1.215517693377247,0.1417398303275896,-0.37639035112159835
20004,Paul Pogba,Juventus,Serie A,35,3127.0,2.372843549426406,0.6339413231151888,0.9980196014677809,1.7915638282090258,-0.15455478605498763,1.6290680156951718,0.6566778618660023,0.6664926063152775,0.6012168773072519,0.8144871056873118,2.261840729011605,0.25849982543136746,1.163451720525484,0.026321897453129045,-0.2112558525072801,0.6315356413884529,0.496410167957807,0.018721779226282712,-0.05720550980674643,0.8695725444905772,1.5158692955114663,-0.7181048586752906,0.27111826277767653,1.9366163465834416,0.7011170446004176,0.552627216753594,-0.9766106645232192,0.09414732358036236,-0.113284590288893
5743,Paulo Bruno Exequiel Dybala,Juventus,Serie A,34,2500.0,2.6163940512704262,2.4430263305950466,0.1363301655739076,2.0935154301189978,-0.7018499543708113,0.9804956886101465,1.4757753354204346,0.1401509292562176,0.042776658997583816,2.522509239178159,2.651966913311578,1.3034248840608593,1.195613610217444,0.3280234244035027,-0.1521148720773409,0.5815546264159578,-0.9844454121678866,1.565990053384559,-1.1069337951335763,0.3506344622840467,0.5297630662343541,-1.008101107186451,-1.0577027741921403,-0.7462263627276354,1.7562907771015297,0.9855747092921991,0.42736036485131595,0.12554375474029528,0.7322037321367689
5472,Mario Mandžukić,Juventus,Serie A,27,2095.0,0.5487697077321958,2.182344596735902,-1.5706087067824328,-0.5595536406455494,-0.17978400071056286,-0.9522840376955329,1.7351570390793098,-1.3476346729213549,-0.5536763846122341,0.4008370557681652,1.0114030598720989,-0.11196078326635238,0.10905148233728881,-1.318336500930454,-0.83239652583678,0.8849914562280362,-0.2892177774994161,0.6485509825895345,-0.9043340633558499,1.4710689579572382,-1.9998962206032929,-0.6129113953776171,1.4656773204830267,1.4412292460114269,0.24113673572401811,1.0641342898380406,0.08703648027393897,0.26416286222486934,0.7370414124513189
3964,Marcos Alonso Mendoza,Fiorentina,Serie A,31,2444.0,0.8876687564220941,0.01629631055599739,0.3890886562248481,0.3466058735018275,-0.2807008593328639,1.6097966973434144,0.4927739776680721,1.5047564632299013,0.6542676474059694,1.0215474741157653,0.746840247637904,1.9180236588781197,-0.02257360181101065,0.14007623424707563,-0.2434261185654187,0.40813379958379764,0.1831326744850186,-1.2167124273708636,0.008081889877673522,-0.0469390684386981,1.094970773718392,0.09263419430940686,0.43122623265897037,0.045920711545302424,-0.05103367965870243,0.41878795656834034,-1.9980629009895468,1.1322378608528298,-0.9063167107359147
7139,Josip Iličić,Fiorentina,Serie A,30,1946.0,2.2284278743742783,1.1499410969339168,1.0367389797253364,0.9220737606447501,-0.13172835374756253,1.199634880683712,0.011233219947603573,0.5521361000396723,0.23394806855673178,1.9061931665113507,1.651897616980317,0.5040893101711214,3.156614235713447,0.07034476430493039,-0.3379386244594679,0.6878565345789114,-0.9423577982570139,1.0846177014242064,-0.7288389223490765,2.246754378038679,-0.9001296365840405,-0.9928009855572271,-1.2131848981207618,-0.41940954117139245,1.1806662658809652,0.7911109418125948,0.9116680635795296,-0.19951890099061503,-0.09927416894007154
7013,Stefano Sturaro,Juventus,Serie A,19,1067.0,-0.2304666129051396,-0.16103579387417122,-0.6415777981916827,-0.24238058264603404,-1.20913595865803,0.01848658717396226,0.09385550273625558,-0.002960883210085241,-0.08201152407352671,0.4408142096651802,-0.8412946854011707,0.3012546174709635,-0.4507383718361615,-0.6675536605595396,-0.40096518354532457,1.2936390025576756,0.8231941295117774,0.23740236197398565,-0.1683786988568473,0.966873434904302,0.3724244591327739,-0.5161804297615972,-0.08565043138079793,1.4972181714101709,0.9440348318238609,0.4348034357873656,1.0465781319352283,0.7480458396196773,0.2384534357157057
6945,Alex Sandro Lobo Silva,Juventus,Serie A,22,1566.0,-0.12534409822435688,0.04662249353877385,0.12803408406941785,0.8125478973159881,-0.15455478605498763,1.2387512115487957,0.16106046641892413,1.3185907555885303,0.6718840667003777,2.383114805709171,1.0176142113169808,2.3766562445933497,-0.5660764811384249,-0.026152048126136616,-0.3774963805993179,0.03786642980857863,0.52261055142003,-0.9112261270883328,1.1944958202609945,0.2802071511274464,1.0533938237529084,0.1679237623923062,0.7704357565296479,0.6555955797561103,1.2316423004787271,0.5032567881573694,-2.0424314357778632,0.9934415881036889,-1.3575010099274873
3477,Álvaro Borja Morata Martín,Juventus,Serie A,34,1525.0,1.7054144712189483,1.6699104846278534,-0.5497256445136096,1.2401403151229122,-1.1889525869335702,0.27721775134306625,1.6652364642189892,-0.8727611011585685,-0.011499810300966104,0.7195372154828663,2.9764775536291572,0.21485274381825242,-0.052935228389308156,-1.185490598007383,-0.7664083814044901,0.9462848161050167,-0.8261239857510376,-0.4377223616504086,-0.9049103456713483,1.8912318938346846,-0.6966630942986619,-0.7975313383214963,-0.2051177002708338,1.7878576412709468,2.6076906583508674,1.0449318514413832,-0.5618358787917093,-0.04361277643298058,0.5846211491675924
40426,Guglielmo Stendardo,Atalanta,Serie A,15,1163.0,-0.6873563592137838,-0.20829475911782308,-1.8432061150880417,-0.9721401648403585,2.2422206062246532,-1.3191759892527437,-0.4215724847600093,-0.8043712831370706,0.7425019470532562,-1.1087464641609717,-0.8412946854011707,-0.9207024716700971,-0.8127012559390556,-0.6314952067777009,0.024504877326649837,-0.39017852785308316,0.5255393750174969,-0.5404289626074666,-0.3878668460902046,-1.8902345290623352,-1.4917085584311405,1.0946827439955105,0.23194234810462783,0.14434546549584687,0.11263324718530866,-0.9137953491684158,0.8341226375524993,-0.40580081346252295,-0.8669451526416354
6952,Alberto Grassi,Atalanta,Serie A,13,982.0,0.3003913812924187,-0.7335584665654946,0.11288381625885684,-0.035536515135733,-1.4798305911978484,-0.3289174648361944,0.06341503232178174,-0.5515107844878571,0.2540115868930855,-0.02164518858763431,-0.8412946854011707,-0.3645366370033389,-0.8127012559390556,-1.0213049647319747,-0.6471820558158404,0.8649301627688549,1.1462386904812212,-3.031892314856099,1.076047594483545,0.70277101806705,1.0224097672174872,-0.012874882548571774,0.3866474981619641,1.6637053946661613,1.2625050376554237,0.4317355951671755,1.2867155813665887,0.7285778780503639,-0.2813700388463756
12759,Maximiliano Nicol Moralez,Atalanta,Serie A,17,1407.0,0.4942959696541602,-0.299385267019196,-0.23416549355653926,0.1742395729384764,-0.7330867772949011,1.414358991863756,1.008044343144028,0.644685069319126,0.06961557055886489,2.6861811560860804,1.9173419715622266,2.485461501539207,0.8342684555227289,-0.15995324248282422,-0.4874750317910445,1.7955738384212596,-0.3447126854449331,0.6995198198559239,-0.5019583503797548,0.966873434904302,-0.24586773950649052,-0.9026890024358362,-1.0175429535229552,0.2342516648147866,1.6152400072442539,1.000371958052369,0.6460355001380319,0.3262886556517051,1.3905881208582564
49439,Germán Gustavo Denis,Atalanta,Serie A,15,1015.0,1.040014064522608,1.072003183961528,-0.9003196403085427,-0.1339558377088919,-0.6339098645109161,0.044053632298530945,2.447129682655624,-0.9433001549954863,-0.5800666274282861,1.1147049409011416,0.1147156043395923,-0.45994980368053373,0.7093259256876967,-1.3496073648391231,-0.9736370842831978,-0.9977904354120195,-1.531366831114211,0.5551081142678183,-1.5488097861884091,-0.0038187813659491085,-1.2876392838653903,-0.6647235611038692,2.476508993061222,0.6874682081605423,0.34855625509294524,0.9017451965289079,-0.12634415179452743,-0.13087972751470944,0.6989850663411246
19299,Maicon Douglas Sisenando,AS Roma,Serie A,15,1026.0,-0.19391963338600193,-0.13815720753855268,0.4691851733273549,-0.20666519970673963,1.4752524806951683,2.0631463505905137,0.0024852867431007057,2.3126488890354957,0.6985528464424455,0.07164053773113335,1.050226648101509,1.6173549330640762,-0.05984668023186597,0.08151556725395127,-0.4865442571669596,-0.6077826731357729,-0.2573922346147607,2.0501940074152665,-0.5917467776226024,-0.881843482956463,0.7727160267138562,-0.05785994962437271,-0.50942389935853,-0.43478381302710334,-0.3845547360918186,0.4812085773518402,2.1338439615002884,0.6592098711850675,-1.5118345834117457
45590,Nicolò Cherubin,Atalanta,Serie A,14,1078.0,-0.8158566459559184,-0.16687786196285812,-1.5200585165423344,-0.9592091181371446,-1.5926200214227726,-1.5754937883658466,-0.6172700574088522,-1.0094936317697807,-0.1366637187447263,-1.0986317422610312,-0.8412946854011707,-0.9863303074839346,-0.8127012559390556,-0.2601702528513298,0.3179314890050095,-0.05757634260584183,-1.1134801867808852,0.15797592390052775,-0.9794993462600012,-0.1423567158121572,-1.10664769962811,1.2647243450866616,1.2479454880247303,-0.1579251721436647,-0.24466771340566917,-1.0538734054552972,-1.169483192908547,-0.37593299453945833,-0.7426609362757887
8274,Pierluigi Gollini,Hellas Verona,Serie A,26,2417.0,-1.1450324906279508,-0.7335584665654946,0.05053208756897675,-1.1361362630293526,-0.15455478605498763,-1.4849381167334434,-0.9674181758559358,-0.8122013233382149,-2.301227424296962,-1.2370249371978637,-0.8412946854011707,-0.9863303074839346,-0.8127012559390556,2.932975499654648,3.704230969376851,-2.149679969899687,-1.807962289111341,0.0025763711481099436,-1.5488097861884091,-0.0038187813659491085,0.3408451024272491,-1.0618448557252052,-1.275308169628122,-1.8942146925984813,-1.202588951472808,-2.594435456504145,0.026653982860486564,-2.8857473119144506,-1.689144362059431
5461,Šime Vrsaljko,Sassuolo,Serie A,35,3171.0,-0.8932456690410651,-0.7335584665654946,0.3077245183964277,-0.37426896949793165,0.12296657515633885,0.7052346615168816,-0.5562066990041733,1.1778836072310241,-0.09299210931220665,0.4096402299313382,0.07672844050883339,2.9129689780228096,-0.6909054825748844,0.23208890217937875,-0.2959507643801418,-0.3194425265545821,0.4349236175320508,-1.5350613087179228,0.34788627548919127,-1.2591326498668232,0.6320138092268174,0.9013584047832629,0.5165299440919019,0.5061832110295612,0.34082595229123297,0.1217091278339313,2.1441220614151613,1.797435637310494,-1.6354526524727895
7113,Simone Missiroli,Sassuolo,Serie A,24,1901.0,-0.5383688547476431,-0.09086336739490822,-1.3562229590417612,-0.23316563717758954,-0.7404332152789006,0.44026425712281375,-0.0468288565510838,0.338511147300058,-0.012002378456261393,0.018633046111179174,-0.8412946854011707,-0.5848301862241075,1.218936815274981,-0.42580758688518106,-0.3850573869185459,1.2555445764390827,0.8503223072103636,0.3786049185490226,1.0339010154647148,-0.32722840759823385,0.9622758914436018,0.02188845690967579,1.4910237905873243,0.534459472327376,1.1342649781703393,0.165581858407822,0.2236193320178088,0.4132952884771567,1.1458615771479195
7109,Matteo Politano,Sassuolo,Serie A,28,1096.0,2.335491483808039,2.053310565193824,0.3581056118919272,1.8222276578598842,-1.3670411609729243,0.4830704759703013,0.5354073252162185,-0.43156490131587943,-0.41563401187273497,0.9409000867715619,0.9294178038084546,0.5457443340606353,-0.10793045787739816,-0.7099773443847703,-0.5321763506769164,0.6112277652817644,-0.9541168211457488,-1.033420647201345,-0.5408809744757428,1.1722864257777204,0.7470392413144965,-0.8575270769130315,-0.8892483135728014,-0.30029246372353646,0.402309076603476,0.9201369834444307,1.2456785199669789,0.30658210856139534,0.7472724409609424
27110,Antonio Floro Flores,Sassuolo,Serie A,28,1328.0,2.796278140552507,1.1064466291021036,0.606233926071908,1.4490251221275776,-0.2078164614389799,0.2906432507877522,1.0868016967504102,-0.6228250353265666,-1.1189612224366308,0.5604192090901562,0.6200764653320747,-0.4115925586022093,0.9322433103461327,-0.5784402859382466,-0.352628612979479,-0.021253247087530937,-0.3986029022283755,-0.080303390319847,-0.9942465444027252,0.3506344622840467,-0.6962155625765646,-0.7583221794897715,0.3632866755223443,-0.4847869041569961,2.273196205267052,1.0060076975420098,-0.8244250553245592,-0.05915208146679565,0.4861624576769215
7164,Ibrahima Mbaye,Bologna,Serie A,15,1018.0,-0.709311026290462,-0.7335584665654946,-0.20966150236455375,-0.13690921813714474,-1.3529424821948084,0.7122454622993877,-0.5460709802786496,1.0621001600279334,0.30152201113473553,-0.9439250076459863,-0.8412946854011707,0.1383038730390486,-0.8127012559390556,-0.3809778122429166,-0.369410087058624,0.7302605441734019,1.0417679289239203,0.042679481535830496,-0.10193358758057372,-0.26560451033620774,0.8049468881030288,1.005899235074929,0.20912069030954128,0.5572851149330087,1.5753896150092501,0.11152158088642039,1.9043015095394318,0.8710866691001063,-0.5681963350161938
40350,Siniša Anđelković,Palermo,Serie A,23,1977.0,-1.0104150549085082,-0.7335584665654946,-1.3128265820336391,-1.071820814641627,-0.6339098645109161,-1.7735734901454436,-0.6723515267245037,-1.1436262426387336,0.37224611197401336,-1.0861014529875392,-0.35047503740578645,-0.947723745495319,-0.8127012559390556,-0.61392458705763,-0.014165897579123822,-0.5830363200296282,-0.05656413954428515,0.6409745338066922,-0.5554393797255688,-0.4196642534912718,-1.6586197734316157,1.18087606205285,0.7426140608522366,-0.6318844932727067,-0.3949138798605612,-0.9988426424777136,-1.0734672624827302,-0.1282185480516972,-0.6602422414799729
25954,Enzo Maresca,Palermo,Serie A,15,1034.0,-0.20127834021185848,-0.14276379368189485,0.8227247466677997,-0.3368271048993066,-0.8551506699521139,0.7019472514790412,-0.6355563227822976,1.2094297015772388,0.7606614712639725,0.061515466358375216,-0.8412946854011707,-0.5434376205313632,1.0548731992726872,0.6540816907145564,-0.037280152607029375,-0.033929653754622605,0.6356542571205556,1.6141272885805944,-0.7178588036546055,0.70277101806705,1.554912899481242,-0.368824242717415,-0.281516067110474,-0.3253970691520724,1.3255138405769056,-0.15852983801495324,-0.1106040611936814,-0.1046930280041139,0.02057228635003697
7467,Nicolás Andrés Burdisso,Genoa,Serie A,28,2542.0,-0.7960439377596868,-0.7335584665654946,-1.0358388104930958,-1.0861159477411806,2.2422206062246532,-0.8865456182783321,-0.690688211276789,-0.3062845866330733,0.7606614712639725,-1.119646601917057,-0.8412946854011707,-0.9563046689900349,-0.8127012559390556,0.853544134787093,0.5924551064033229,-0.9538319771168446,-0.7035390402242963,-0.080303390319847,0.2860629802338801,-1.0764452637839126,-0.017872008206825378,2.144738619902008,0.7458976407637904,-0.028876011352451575,-0.8884767122567537,-1.0422103014309905,-0.10830996238913958,-0.5061690203158178,-0.3441296090939892
7475,Tomás Eduardo Rincón Hernández,Genoa,Serie A,33,3034.0,-0.35556379130163496,-0.12952251558166922,0.36697828879402744,0.3725845980949733,0.48458531855291637,0.8383195478400716,-0.5206734934206488,0.6207245902956386,1.1585992666304086,0.33647923305295385,1.077658071527388,-0.30710167452733794,0.460253250777452,-0.34391854484872825,-0.2917533369620914,0.6677322974041973,0.3202911607709907,0.5551081142678183,-0.13285178365058298,0.70277101806705,1.8777440245684462,-0.2794842007719068,-0.17955112456668804,1.2726156289763924,0.6653827409000304,0.24431971770587563,0.7622194974477343,0.05915701333095752,0.4777408730424233
7456,Diego Perotti,Genoa,Serie A,31,2358.0,0.3598511419269718,0.04364470361471212,0.29337656370571463,1.2634600241134548,0.36788838934079904,1.7215643218041987,0.4514390216681879,0.9885863428052777,0.02594322157850958,2.432566292755711,2.8623329637853754,2.5418477513000988,-0.15754536562898216,-0.18298646769072796,-0.48789551770457784,1.559527232814453,0.17637747528706677,-0.46155029307244555,-0.767999793513061,0.3506344622840467,0.13065663857617804,-0.8909041797113562,-0.839523167930392,-0.306665835049463,1.3320310410675673,0.8414517370034154,-0.9063619107260823,0.4536461820469607,0.9606240592829102
15415,Matteo Mancosu,Carpi,Serie A,21,954.0,-0.029147080073074098,-0.09322126346104762,-1.0513050941125202,-0.40308172629566913,-0.37244345808041,-1.1707568013254908,1.226696553784175,-1.800124114156241,-1.4290740237526096,0.3267891523399315,-0.8412946854011707,-0.2662815051113579,-0.8127012559390556,-1.4196378267440413,-0.8407545175954259,1.343992689755569,-0.8270245187860903,-1.9865379040828428,-1.4201480138104587,-4.579277318677993,-1.700015544012078,-0.4984931938934008,0.30870501634309544,-0.19384003573937547,0.3575170287716222,1.0470549746109454,0.13875912126880163,0.1591020947320902,0.46543414469770694
6969,Juan Guilherme Nunes Jesus,Inter Milan,Serie A,19,1475.0,-0.9044551614371367,-0.7335584665654946,1.04803456108124,-0.4033979901944139,-0.12635742849875664,0.7517031726685655,-0.781305548830503,1.1468254252607217,0.8193014373757629,-0.2255817904730795,-0.8412946854011707,-0.2101421069602757,-0.2890207171759529,0.09897675882895968,-0.21874204576960193,0.38931981793946735,0.856730224881347,-1.033420647201345,-0.6334357934194519,-0.5457131342545061,0.1386976676674348,0.6992497291605233,0.2409629473457638,0.897503427205345,-0.8674820330664329,-0.4208416923212471,-1.6796167737436272,0.3691317883501492,-0.9000494499181807
5660,Piotr Zieliński,Empoli,Serie A,35,3123.0,0.6729710216689464,0.24447818370930954,1.0378122965408063,1.347453275624039,-0.020964026485302864,0.8313290383333041,-0.34112058070851065,0.6010928241061557,0.6175600818434657,1.055968171611445,0.4015493031827227,-0.2042600104465411,0.547644043681717,-0.5315265092826678,-0.596682920542295,0.7718308706791459,0.3195701775940876,0.2418770908795333,-0.29111315245351616,0.2736045907065151,0.5685109060523548,-0.37348432368864903,-0.6753004083484195,0.06360972942018281,-0.3337562112673955,0.36892069004229355,0.951660832102436,0.2933090472534978,0.1622851022055027
7127,Francesco Magnanelli,Sassuolo,Serie A,34,3179.0,-0.6427260978931196,-0.5413968774614869,1.9513773346680245,-0.8161572974111495,0.8041553708568687,1.5207461088352479,-0.9404328694641348,1.8489371896564257,0.8588979605868935,0.12392129121209673,-0.5360570496393363,-0.8662844234771823,0.4021914692505904,1.2132243782544392,0.06223020037919828,1.3913074364486615,0.723653263847604,1.5156138770166154,0.4975559058449125,-0.11445155478784376,2.88250323650806,0.3328891028929814,-0.07741750585659506,1.2066742272080218,1.6515602064826131,-0.21366758909956915,0.17600182249068105,-0.299977523555746,0.23077404867201454
3034,Kamil Glik,Torino,Serie A,33,3102.0,-0.5730602782545615,-0.7335584665654946,-0.931527635225741,-1.0131656233170379,0.3248002924009402,0.17160150977334035,-0.48068745801459983,0.4205725113224438,1.545958875389396,-1.0927426701360594,-0.8412946854011707,-0.9617251582087919,-0.56369132857749,0.559181769345038,0.3626256572510411,-0.6598874057587356,-0.4202294356956965,0.6241745821577822,-0.16389148196540315,-0.5649205827517607,-1.304273578646631,1.8113031023695911,0.712276035407174,0.318220417390044,0.17968709115291548,-1.1764278525806096,0.04542774931605852,-0.8588085151894724,-1.0739915119258996
7476,Emiliano Moretti,Torino,Serie A,35,3290.0,-0.7944952347591164,-0.5478801408020777,-1.6560440004103647,-1.0781643900221185,0.3248002924009402,0.7240068152204205,-0.6858096891048772,1.0098880303155835,1.3876584963656329,-0.647528817488206,-0.5463553406939144,-0.8471354630131265,-0.4605300729562701,0.805283582241116,0.2535135739965022,-0.6545601057416788,-0.1297536769372663,-1.1141932960896073,-0.6534177070499432,0.04251497597391948,-0.8689855433946296,0.34028434880662733,0.0842662361691311,-0.5667536266053661,-0.5203263935792197,-0.876769558986364,-1.6019919833705751,-0.2681813543870388,-1.6635738389389623
7011,Fabio Quagliarella,Torino,Serie A,32,2670.0,2.210773465945225,0.8680040211991109,-0.22499319211117294,-0.4218011986330972,-0.4421678331285448,-0.8198332221682827,2.0591992120243043,-1.6520900233585523,-1.0771891995912326,-0.2871396598898502,-0.47786755278436394,-0.38601995764073027,-0.2341029078674625,-1.0835716216797484,-0.5786719152174763,0.8648776403215674,-0.9667805966256878,0.9522403046351099,-1.4108959313023812,0.3506344622840467,-0.976732229294625,-0.6424960063279351,-0.21127845827864736,0.16210701861782004,0.41316917102562956,1.0962809751756182,0.019475133990518582,0.12627855046175612,-0.1875764036234597
8193,Maximiliano Gastón López,Torino,Serie A,26,1184.0,0.8030546239133751,0.2983362830318746,-0.8779792469371304,-0.2233077559081241,0.8887474435255616,-1.1424042337044995,2.5248952791623163,-1.9520316501393031,-1.369664360114426,0.0230076991357989,0.7978107944753071,-0.7929388217115704,1.144466298137575,-1.278872421146872,-0.751767686007633,0.19455032501743633,-0.8595015125333453,0.5551081142678183,-1.3414730786739417,-0.881843482956463,-1.196222107011916,-0.9861920565434004,-0.2032095153123326,4.1129950975967144,-0.35753305164886306,1.2320363918907162,-0.12552844860687726,-0.1144093107415821,-0.4213837509084637
6360,Cristian Eduardo Zapata Valencia,AC Milan,Serie A,16,1389.0,-0.9534279762886144,-0.29375883246783985,-1.50946791661252,-0.8615106875163213,0.3248002924009402,-0.5127679939767799,-0.7203734270595773,0.01861110414377089,0.8115376852135224,-0.914804928252063,-0.8412946854011707,-0.9863303074839346,-0.5346491340256011,0.09653410287430401,0.19376633982223462,0.022823925800734234,-0.3931237512642514,0.5551081142678183,-0.31165598353908874,1.230975851741554,0.12033881342083493,1.3886740361306347,1.0746421050585084,-0.007671752159021411,-0.6022002765457569,-0.9145051556443526,0.6460823404986457,-0.7159571370112938,-0.10172940039504529
6953,Daniele Rugani,Juventus,Serie A,17,1224.0,-0.9275989363654197,-0.7335584665654946,-0.29272375396618416,-0.8244900829741235,1.2835104493127971,0.9042146200458226,-0.7851923985268571,1.149492022905919,1.727837784950478,-1.1151394272780062,-0.8412946854011707,-0.9863303074839346,-0.8127012559390556,-0.2024256734336322,-0.11668217282860982,-0.09675610452766778,0.4092455829326445,-0.5404289626074666,-0.3454437974769904,-1.4980824555767178,-0.5254347830982018,0.6944867958680668,0.551897629012794,-0.16114052310746985,-0.30963511642982067,-0.7541691298079183,-0.11942051393626137,-0.573558541726668,1.120329623330058
5541,Stephan Lichtsteiner,Juventus,Serie A,26,1871.0,-0.3863974065949187,-0.7335584665654946,-0.03986446566483044,-0.38858519082846116,-1.1568426773719285,0.3622248544739788,-0.18795964387725958,0.6606995823114697,0.06308906277176297,0.11850349167033328,-0.32266804505543356,0.7678024777721875,-0.1934371233824736,-0.3039907037548164,-0.401197908444604,-0.5809886973286821,-0.5575418817218578,-0.080303390319847,-0.9583822193059492,-2.1143214281969733,-0.768179599763003,-0.10435779820241661,-0.5645595058726137,-0.22690656588345134,-0.276129108440311,0.3989668228365314,2.1357813597500974,1.0793214258439758,-1.3392253167385848
6894,Ezequiel Muñoz,Genoa,Serie A,18,1454.0,-0.6569285558873034,-0.7335584665654946,-1.1888531727326128,-0.961237168858055,0.8041553708568687,-0.7288478934516613,-0.5072166254072585,-0.23196785890562804,0.6385994104948508,-1.1344198036752327,-0.8412946854011707,-0.9863303074839346,-0.28145724309478026,-0.42325778398638025,-0.1621332726374834,0.8715464739724776,0.702131980676917,-0.6668370868623075,0.30837953889303776,0.12654756314940874,-0.790763124518062,1.5255433132657084,1.1358780093583816,0.8520046241190495,-0.6425750207203242,-0.848303341660538,0.7285149653287125,0.010951393426069907,0.6714060060810197
10530,Jules Olivier Ntcham,Genoa,Serie A,17,1053.0,0.7926659644523832,-0.7335584665654946,1.3599513288028098,0.19213349583851835,0.6734221676416157,0.8250117325619593,-0.4297263358474513,0.24702368517765175,0.6964632104671422,1.3131949626637713,-0.8412946854011707,-0.04404422042846388,1.7547258868572588,-0.07860550177284618,-0.13135949442349906,1.326719939158239,0.05833469955875124,1.4628388351073403,-0.9659829540489755,1.3366168184764553,0.9749535568801383,-0.8066513678868664,-0.8160797314388598,1.6608092448189784,-0.7111274371825782,0.6022820166537661,-0.34380896590314136,-0.18033377557465102,0.6862903894538045
7022,Jesús Joaquín Fernández Sáez de la Torre,Genoa,Serie A,20,1238.0,1.649638523447489,2.2270959361565215,0.8653939397859042,1.3288390157273546,0.0851227531729763,1.2403825739463794,-0.1636048053982529,0.5800740937693923,-0.5650116220684608,2.739711344452288,-0.057489803263145796,2.0962695734325894,0.747130720384807,0.3404330766966458,-0.3060338884987903,-0.03130473209839927,-1.05205386189786,-1.033420647201345,-0.7556380198002688,0.04251497597391948,-0.08649877818555517,-0.9894919363138506,-0.9335298156405362,-0.3823244639633501,1.3656934538561467,0.916549102406625,0.7882246157688774,0.034052519446147136,1.1135629821988413
3371,Mario Barwuah Balotelli,AC Milan,Serie A,20,902.0,3.084074245493828,-0.05630603667453842,1.0569635127741892,1.4012579124979228,0.16501526624896407,0.4832510777864464,1.124930336815661,-0.4701334200919706,-1.3577415687013175,2.5671002016755624,0.23448186014968822,2.1445249063799747,0.04364995767023113,-0.11873316393879377,-0.16074509225401312,-0.1323547699234062,-0.7704737825810868,1.82593112344315,-1.5488097861884091,-0.0038187813659491085,-0.8884011640782721,-0.8632352898022408,-0.6721890026769527,1.7025866879859684,3.4782543403914183,1.1960519195693566,-0.1528811897000523,-0.5216223881353718,1.3470821388626621
25345,Anderson Hernanes de Carvalho Andrade,Juventus,Serie A,16,952.0,1.930099205370703,-0.09187601723603815,1.4668467475388993,0.3330528715167272,-0.6339098645109161,1.7627475609660308,-0.3907036278254452,1.555387857248158,1.5524307361273828,0.6434943587085101,0.17798099116067262,-0.4251157997523675,1.2157357048686568,0.39985028989295307,-0.12998803006837917,-0.05175260601756832,0.1580348388094343,0.3962552381209025,0.3851712670977991,0.3506344622840467,1.0235177557207404,-0.45026508418826217,-0.13242268939712445,1.6447518887991301,-0.18762316440885302,0.26784983945480373,-0.018450561385511537,-0.37705645634903284,-0.33755015123620635
3167,Antonio Rüdiger,AS Roma,Serie A,30,2742.0,-0.5626721614871674,-0.28798465784073735,-0.22284881961584851,-0.9042769605812611,-0.058683770363802304,0.4321728871164037,-0.5043849601414483,0.6735119029556115,1.408229982070456,-0.9105744686160132,-0.8412946854011707,-0.7914812150840616,-0.39014721071171604,0.6376278106676083,0.16636555775029238,-0.5007289749063463,-0.2380325621619138,-0.8262212435314542,-0.6087623945692047,-0.7057752050649614,0.07118102907323974,0.8655081492507813,0.11349358826016533,0.10811170016137434,-0.8953458830460117,-0.8035309206189332,-0.6760623652754452,-0.14445556320926264,0.36164926279184423
6979,Stephan El Shaarawy,AS Roma,Serie A,16,1211.0,2.2247387285290947,3.301993584708775,-0.2525760457187913,0.4913207499097626,-0.9122450713562942,0.7042489843852582,2.6453817745951853,-0.1882743249117316,0.5254366421824412,0.1181084282529721,0.7612659158983751,-0.16698493203438006,-0.17485749485269989,-1.0731872283568265,-0.8639745497078349,0.47142700001035076,-0.571543286118391,1.9450707805533367,-0.9406677671203759,0.3506344622840467,-0.06767159236476566,-0.47011627285975927,-0.4766829914063332,-0.9668554342746372,-0.555774834668652,1.023002374164991,-1.4864785119200035,0.4918753955828597,-0.38814269943452945
16202,Nikola Maksimović,Torino,Serie A,16,1500.0,-1.0267486371091339,-0.7335584665654946,-1.9461313461576362,-0.1613070118165961,0.2414341917999095,0.3234629295052923,-0.887350972771036,0.5568561654736365,0.8040329989338143,0.1553951281265891,-0.19439438934325406,-0.6810296152779621,1.247108863195816,0.9121648180531187,0.38043273061729177,-0.3236637440155902,1.061869251752212,0.20977577481800072,0.49691239462100273,-0.7339461295276017,-0.048568965391172524,0.759471066977018,-0.10668660154599677,-0.39683861015824734,-0.4599538413196533,-0.8430089265644541,1.6412734078056128,0.16620463896172893,-1.4012259117354158
40351,Alessandro Gazzi,Torino,Serie A,15,1025.0,-0.9719341684052919,-0.7335584665654946,-0.6669255427288475,-0.8880354992000191,0.8041553708568687,0.15014702406803596,-0.800030294842208,0.8128909343794083,1.081011220343431,0.21846642028414257,-0.8412946854011707,-0.9118667240190633,-0.05911218796288335,0.2352748583820128,-0.08570756499680665,-0.21663005751030165,-0.6210754376407305,0.7994971544938436,2.1634275370364744,0.6686932868622434,0.2082803533504157,0.46744880188161936,2.6757925063097616,1.7579220938411133,-0.6894315399596744,-0.358669437395062,-0.22702782750025943,-0.41259893037577133,-0.26796832755645666
30704,Gastón Brugman,Palermo,Serie A,14,1006.0,0.2659081080060482,-0.7335584665654946,1.0377946693243563,-0.12499000885413612,0.4446390620149225,0.9515375841260578,-0.6774843958694342,0.9006058172105387,0.7022182734810933,0.8391481224310425,0.1232683802915476,-0.6828504941579183,1.1068534027974677,0.08198532225738284,-0.2928703921725302,1.7368680492309982,0.7036674413099122,-0.15090466860736548,0.28135916284585616,0.3506344622840467,2.59177305371519,-0.6611707861022867,-1.03496644725571,0.95863900986386,-0.25835613699198273,0.0669364894557308,-0.21368709907970126,-0.18509771434844724,-0.05139089705343821
7148,Mattia Perin,Genoa,Serie A,25,2337.0,-1.1450324906279508,-0.7335584665654946,0.05053208756897675,-1.1361362630293526,-0.15455478605498763,-1.6115847838236697,-0.9674181758559358,-0.923447274380578,-2.012056427823891,-1.1731875969574248,-0.8412946854011707,-0.9863303074839346,-0.8127012559390556,2.5497654858763945,3.119837333710192,-2.1722752830870022,-1.807962289111341,0.0025763711481099436,-1.5488097861884091,-0.0038187813659491085,0.6326690033850504,-1.0235166938804228,-1.275308169628122,-1.8942146925984813,-1.4158872565121003,-2.658659882117278,0.004647484034220554,-2.9936455822067916,-1.5076603653366738
8644,Sergio Pellissier,Chievo,Serie A,19,995.0,0.816458547623787,1.1082958804545335,-1.2629805009952582,-1.0083456685946457,-3.5100403352464857,-1.189641126164447,1.274233597518861,-1.8349329825105303,-0.27245467460752093,0.7121632375205017,-0.8412946854011707,-0.4493692910412693,0.35176426367236685,-1.4127056302260255,-0.8885580972677902,0.07779640966841439,-1.5258071234157762,-2.621949408670509,-1.5488097861884091,-0.0038187813659491085,-1.9623175017534482,-0.7017527382126146,0.24343412124277397,-0.5147224893453344,1.016211745521042,1.1614705671224768,0.06722246905865759,-0.07531616450383727,0.07448526662415719
26728,Alberto Facundo Costa,Genoa,Serie A,19,1255.0,0.19803118478491064,-0.7335584665654946,1.50464007580399,-0.5788979936716362,1.1963549805026283,1.7131194886510892,-0.7213379842461128,1.8067246132414714,0.35249051951305416,0.7838465292661971,-0.8412946854011707,0.16919024070600125,0.7260015222991452,1.6653496646277781,0.15088539337749238,1.0149647812769027,-0.465758034766703,0.025598527111431256,0.016045427817196898,-0.881843482956463,1.6750441299927485,-0.38380287548859926,-0.6010107955458407,1.1880335514684017,-0.33917075867999613,0.14850987603533383,-0.5265936648088113,-0.2279024748843122,0.2160864081387403
31268,Michel Morganella,Palermo,Serie A,14,1056.0,-0.724990397166243,-0.7335584665654946,0.743940315222195,-0.2932750033345287,-0.2230340829772635,-0.46532728118600647,-0.38251165981364854,-0.027044994221250278,-0.6609079455435692,-0.6719193912057968,0.07759778059018785,0.45922221243070777,-0.44696792512675615,-0.13233162828137743,-0.25649511553760135,0.5212748948979613,0.23027033934288685,-2.0694176655507994,-0.3864676380012434,-0.881843482956463,0.410977433551431,-0.17120508353941247,-0.47394149872541097,1.2962173012372447,-0.21840345230505173,0.26051288602476474,1.0327673086741112,1.2082616234100274,1.5780036007389546
386509,Adriano Russo,Frosinone,Serie A,10,912.0,-1.0477595847736605,-0.06373205016018532,-1.4006075614149525,-1.1361362630293526,-0.15455478605498763,-1.9025783058650072,-0.8169159144181541,-1.4617493930056766,0.16642567657416038,-0.4191090153672405,-0.8412946854011707,-0.818950542020134,-0.8127012559390556,-0.4016064825698086,0.21731280058300445,0.05661108118438207,1.2703753190803995,0.23740236197398565,-1.010461843870143,0.966873434904302,-2.2638804887328634,2.866791733365009,0.7793236708066491,-0.662819887960131,-1.0468441739038792,-1.2590961994788121,0.9794969082890205,-0.6015626766835084,-0.9511731696627962
296873,Roberto Crivello,Frosinone,Serie A,17,1487.0,-0.9660555770991424,-0.7335584665654946,1.7661521694804851,-0.5803288188420846,-0.8551506699521139,-0.9353705005233056,-0.9328036678453633,-0.3231443957563323,0.03721467099410861,-0.133415989275226,-0.1887389059210934,-0.3190624865899127,-0.5529740216836498,-0.15987875279260602,-0.08232861013414647,-0.13149232874755132,0.4576279451892915,0.025598527111431256,0.1020756320841492,-1.9910736336729222,-0.5423300450975559,0.26337647116628865,-0.6249146989982725,-0.048088610235493955,-0.4508145143096306,-0.2490005910320652,-2.0398246323476896,1.680262547765738,-1.420778000325549
