event_id,match_id,season_id,team_id,team_name,player_id,player_name,period,minute,second,play_pattern,location_x,location_y,distance_to_goal,angle_to_goal,under_pressure,body_part,technique,shot_type,first_time,aerial_won,open_goal,n_teammates_in_frame,n_opponents_in_frame,keeper_x,keeper_y,end_location_x,end_location_y,outcome,statsbomb_xg
9d2b23a7-0fde-45f1-8b6e-58fc9da4aab5,8650,3,782,Belgium,3089,Kevin De Bruyne,1,1,34,From Goal Kick,91.0,51.0,31.016124838541646,-0.3625442372645076,False,Right Foot,Normal,Open Play,False,False,False,4,8,118.0,41.0,120.0,34.8,Off T,0.020460658
ff6fee87-0f6b-461e-a5fd-e5032aa19564,8650,3,781,Brazil,3295,Thiago Emiliano da Silva,1,7,12,From Corner,115.0,39.0,5.0990195135927845,0.19739555984988075,False,Right Foot,Normal,Open Play,True,False,False,4,8,118.0,38.0,120.0,35.8,Post,0.27402094
ebeaf37c-a1be-46a4-b3bb-ae4779458734,8650,3,782,Belgium,3621,Eden Hazard,1,7,32,Regular Play,106.0,31.0,16.64331697709324,0.5713374798336268,False,Right Foot,Normal,Open Play,False,False,False,2,8,119.0,39.0,109.0,31.0,Blocked,0.06590014
0f142c55-8a4a-4af1-b57b-e8eba2491c4b,8650,3,782,Belgium,4831,Nacer Chadli,1,7,35,Regular Play,92.0,29.0,30.083217912982647,0.3743336160075839,False,Right Foot,Normal,Open Play,False,False,False,4,10,119.0,41.0,120.0,34.4,Off T,0.022908047
06ffa199-3887-4696-b954-5ba6376cbce6,8650,3,781,Brazil,5542,José Paulo Bezzera Maciel Júnior,1,9,12,Regular Play,109.0,46.0,12.529964086141668,-0.4993467216801301,False,Right Foot,Normal,Open Play,True,False,False,3,9,118.0,40.0,111.0,45.0,Blocked,0.17421605
91337d94-d6b5-499c-9883-5395f2048838,8650,3,781,Brazil,5542,José Paulo Bezzera Maciel Júnior,1,9,50,From Corner,111.0,37.0,9.486832980505138,0.3217505543966422,False,Right Foot,Normal,Open Play,True,False,False,4,9,119.0,41.0,115.0,39.0,Wayward,0.20371178
44ec04e4-1a9a-4aaf-a8a5-04cb997a203f,8650,3,782,Belgium,3296,Marouane Fellaini-Bakkioui,1,12,5,From Throw In,98.0,38.0,22.090722034374522,0.09065988720074511,False,Right Foot,Normal,Open Play,False,False,False,3,8,119.0,41.0,101.0,39.0,Blocked,0.078730114
d0f5fc00-567c-4db8-b721-05c1270b4ab0,8650,3,781,Brazil,3202,Gabriel Fernando de Jesus,1,14,38,Regular Play,115.0,37.0,5.830951894845301,0.5404195002705842,False,Left Foot,Normal,Open Play,True,False,False,3,8,118.0,37.0,116.0,38.0,Blocked,0.27625608
28749d5b-5e06-4944-8bc8-09d630e4c393,8650,3,781,Brazil,3501,Philippe Coutinho Correia,1,18,53,Regular Play,96.0,33.0,25.0,0.28379410920832787,True,Right Foot,Normal,Open Play,False,False,False,5,9,118.0,40.0,119.0,39.3,Saved,0.06166237
c1e841bc-2074-4ba0-a31b-e3df9120edc1,8650,3,781,Brazil,5552,Marcelo Vieira da Silva Júnior,1,25,19,From Throw In,99.0,18.0,30.4138126514911,0.8086497862079112,False,Left Foot,Normal,Open Play,False,False,False,4,9,118.0,38.0,117.0,37.6,Saved,0.011753061
8291a8c4-c4b5-4763-af68-fe0ff06b1224,8650,3,781,Brazil,3054,Fernando Luiz Roza,1,29,27,From Free Kick,103.0,42.0,17.11724276862369,-0.11710874456686428,False,Right Foot,Normal,Open Play,False,False,False,6,11,119.0,39.0,104.0,44.0,Blocked,0.06566521
9c96de82-f1d1-462e-89c5-2592ccd9474f,8650,3,781,Brazil,4320,Neymar da Silva Santos Junior,1,29,35,From Free Kick,96.0,20.0,31.240998703626616,0.6947382761967031,False,Right Foot,Normal,Open Play,False,False,False,6,11,118.0,40.0,98.0,26.0,Blocked,0.009290484
ac8c6b39-5c99-4888-a127-771b1f8ffb90,8650,3,782,Belgium,3089,Kevin De Bruyne,1,30,48,Regular Play,102.0,54.0,22.80350850198276,-0.6610431688506869,False,Right Foot,Normal,Open Play,False,False,False,4,6,118.0,42.0,120.0,36.6,Goal,0.036171924
988bcc30-6cdf-4cc2-aaeb-4fdb283f52b9,8650,3,781,Brazil,3202,Gabriel Fernando de Jesus,1,35,4,Regular Play,110.0,45.0,11.180339887498949,-0.4636476090008061,False,Head,Normal,Open Play,False,False,False,3,8,118.0,39.0,120.0,45.8,Off T,0.24829954
50c2130c-0b88-4adb-bcf3-151d0359785e,8650,3,781,Brazil,3501,Philippe Coutinho Correia,1,36,36,From Corner,98.0,21.0,29.068883707497267,0.712357598094329,False,Right Foot,Normal,Open Play,False,False,False,6,10,120.0,39.0,118.0,41.3,Saved,0.010265937
49b10b55-3be4-40e1-9e90-5e8c1d525430,8650,3,782,Belgium,3089,Kevin De Bruyne,1,40,36,From Free Kick,99.0,20.0,29.0,0.7610127542247298,False,Right Foot,Normal,Free Kick,False,False,False,7,11,119.0,41.0,120.0,37.8,Saved,0.013607446
dad9e7d3-5d77-44f1-abaf-b888b548c0b1,8650,3,782,Belgium,3101,Vincent Kompany,1,41,16,From Corner,115.0,32.0,9.433981132056603,1.0121970114513341,False,Right Foot,Backheel,Open Play,False,False,False,5,11,120.0,39.0,120.0,36.2,Saved,0.05695575
7ad1c70f-45be-4af7-867c-836874972c57,8650,3,781,Brazil,3501,Philippe Coutinho Correia,2,51,42,From Throw In,97.0,27.0,26.419689627245813,0.5144513130590278,False,Right Foot,Normal,Open Play,False,False,False,4,9,118.0,40.0,101.0,31.0,Blocked,0.032326028
e28f2341-8a5f-4a13-b930-248a56f810f8,8650,3,781,Brazil,5542,José Paulo Bezzera Maciel Júnior,2,54,2,Regular Play,117.0,51.0,11.40175425099138,-1.3045442776439713,False,Right Foot,Normal,Open Play,False,False,False,2,5,118.0,47.0,117.0,42.6,Saved,0.035845775
b550cc56-134d-4460-908d-ccda6b6b9899,8650,3,782,Belgium,3621,Eden Hazard,2,61,15,From Counter,108.0,27.0,17.69180601295413,0.8253768505207384,False,Left Foot,Normal,Open Play,False,False,False,2,5,116.0,37.0,120.0,45.6,Off T,0.110522054
abf2caba-6ade-4b58-be69-e812b86c1bcc,8650,3,781,Brazil,5837,Douglas Costa de Souza,2,61,47,Regular Play,112.0,58.0,19.697715603592208,-1.1525719972156676,False,Right Foot,Normal,Open Play,False,False,False,4,8,117.0,43.0,117.0,40.3,Saved,0.011885792
41e1b1d7-a410-4b7d-8585-3675adede641,8650,3,781,Brazil,3501,Philippe Coutinho Correia,2,63,0,Regular Play,98.0,36.0,22.360679774997898,0.17985349979247828,False,Right Foot,Normal,Open Play,False,False,False,4,9,118.0,41.0,98.0,39.0,Blocked,0.041887954
3279d551-1101-48c8-9a30-5bf8890ac46a,8650,3,781,Brazil,5837,Douglas Costa de Souza,2,69,23,Regular Play,91.0,58.0,34.132096331752024,-0.5554937352655436,False,Left Foot,Normal,Open Play,False,False,False,4,8,118.0,41.0,103.0,47.0,Blocked,0.0066976612
09ad21d2-3877-4689-b80f-692db678e99a,8650,3,781,Brazil,5837,Douglas Costa de Souza,2,70,52,From Free Kick,96.0,56.0,28.844410203711913,-0.5880026035475675,False,Left Foot,Normal,Open Play,False,False,False,6,8,119.0,41.0,117.0,40.9,Saved,0.02142523
4aa201db-54ad-4feb-9b29-d352c4bafb75,8650,3,781,Brazil,5837,Douglas Costa de Souza,2,74,27,Regular Play,110.0,58.0,20.591260281974,-1.0636978224025597,False,Right Foot,Normal,Open Play,False,False,False,3,8,117.0,46.0,117.0,39.7,Saved,0.014297066
b695d557-7cb4-4e92-8a42-daf2aa6ec9c2,8650,3,781,Brazil,4320,Neymar da Silva Santos Junior,2,74,28,From Counter,109.0,45.0,12.083045973594572,-0.4266274931268761,False,Right Foot,Normal,Open Play,True,False,False,3,8,117.0,43.0,114.0,43.0,Blocked,0.1545206
449f1129-de28-45c2-8beb-7ba0701b1950,8650,3,781,Brazil,5553,Renato Soares de Oliveira Augusto,2,75,20,Regular Play,111.0,42.0,9.219544457292887,-0.21866894587394195,False,Head,Normal,Open Play,False,False,False,4,8,119.0,41.0,120.0,43.8,Goal,0.22554597
c3b233d0-1b41-41ef-86ed-46882d9fe78d,8650,3,781,Brazil,3535,Roberto Firmino Barbosa de Oliveira,2,77,46,Regular Play,111.0,30.0,13.45362404707371,0.83798122500839,False,Left Foot,Normal,Open Play,False,False,False,3,8,119.0,40.0,120.0,35.2,Off T,0.080149576
318c0fe3-bfbd-476f-9899-e26692c84c46,8650,3,781,Brazil,5553,Renato Soares de Oliveira Augusto,2,80,1,From Counter,102.0,42.0,18.110770276274835,-0.11065722117389565,False,Right Foot,Normal,Open Play,False,False,False,3,7,118.0,42.0,120.0,34.0,Off T,0.14648527
78687033-cad6-4ae8-a24e-5c2214bf4840,8650,3,781,Brazil,3501,Philippe Coutinho Correia,2,83,26,Regular Play,107.0,33.0,14.7648230602334,0.49394136891958124,False,Right Foot,Normal,Open Play,True,False,False,3,8,120.0,41.0,120.0,46.5,Off T,0.14369768
c707713d-21cf-4bd2-b031-35ddfd5d4774,8650,3,781,Brazil,3501,Philippe Coutinho Correia,2,91,46,Regular Play,96.0,37.0,24.186773244895647,0.12435499454676144,False,Right Foot,Normal,Open Play,False,False,False,6,10,119.0,42.0,102.0,37.0,Blocked,0.047560986
f78a1e10-1ee9-4a43-b114-e0f01961f7d3,8650,3,781,Brazil,4320,Neymar da Silva Santos Junior,2,93,14,From Free Kick,98.0,39.0,22.02271554554524,0.04542327942157701,False,Right Foot,Normal,Open Play,True,False,False,6,10,120.0,41.0,120.0,43.8,Saved,0.047588326
7faf5d88-7884-4de5-8ad5-e991c35d2a03,8650,3,781,Brazil,3535,Roberto Firmino Barbosa de Oliveira,2,93,46,From Corner,115.0,42.0,5.385164807134504,-0.3805063771123649,True,Head,Normal,Open Play,False,True,False,7,10,120.0,42.0,120.0,33.9,Off T,0.2641403
bef9880f-edb1-4273-b64a-60135723f2f8,7584,3,778,Japan,5684,Shinji Kagawa,1,0,54,From Throw In,98.0,47.0,23.08679276123039,-0.3080527810237764,False,Left Foot,Normal,Open Play,False,False,False,6,8,119.0,42.0,120.0,45.4,Off T,0.038844906
0a08c24a-d38f-4544-b42a-8c9edffae0e6,7584,3,778,Japan,5682,Gen Shōji,1,9,14,From Free Kick,74.0,41.0,46.010868281309364,-0.021735706841792667,False,Right Foot,Normal,Open Play,False,False,False,7,10,116.0,41.0,120.0,46.7,Off T,0.0054525062
23412d27-945f-4f7d-9289-35503286bc44,7584,3,782,Belgium,5642,Axel Witsel,1,15,13,Regular Play,95.0,33.0,25.96150997149434,0.2730087030867106,False,Left Foot,Normal,Open Play,False,False,False,7,10,116.0,38.0,98.0,34.0,Blocked,0.02329228
1f94bca6-77e7-47e2-b5c6-2e0daf9d8713,7584,3,782,Belgium,3101,Vincent Kompany,1,15,58,From Corner,111.0,51.0,14.212670403551895,-0.8850668158886104,True,Head,Normal,Open Play,False,True,False,4,10,118.0,41.0,114.0,46.0,Wayward,0.038868416
5ac1258d-aeda-45f2-b54a-254a3cc1d138,7584,3,782,Belgium,3289,Romelu Lukaku Menama,1,16,33,From Corner,105.0,40.0,15.0,0.0,False,Left Foot,Normal,Open Play,False,False,False,4,10,118.0,40.0,106.0,40.0,Blocked,0.068028904
97295482-13b7-4615-8c24-e08245d8dd96,7584,3,782,Belgium,3101,Vincent Kompany,1,17,16,From Corner,111.0,48.0,12.041594578792296,-0.7266423406817256,True,Other,Normal,Open Play,False,True,False,6,11,118.0,41.0,113.0,50.0,Wayward,0.062155474
8ef4c51d-fceb-491f-8230-a68473b1a281,7584,3,782,Belgium,3101,Vincent Kompany,1,17,17,From Corner,112.0,50.0,12.806248474865697,-0.8960553845713439,True,Right Foot,Half Volley,Open Play,False,False,False,6,11,118.0,43.0,120.0,47.1,Off T,0.09683723
3aeca2fe-fbdd-4ef2-98e8-d8ed0f728cc7,7584,3,782,Belgium,3289,Romelu Lukaku Menama,1,20,10,From Throw In,101.0,50.0,21.470910553583888,-0.4844779290370232,False,Right Foot,Normal,Open Play,False,False,False,5,10,116.0,41.0,103.0,50.0,Blocked,0.053347003
4c7fa9c2-dfcd-411f-b9c4-f62a7aaa80da,7584,3,782,Belgium,3289,Romelu Lukaku Menama,1,24,53,Regular Play,114.0,41.0,6.082762530298219,-0.16514867741462683,True,Right Foot,Normal,Open Play,False,False,False,5,10,118.0,41.0,116.0,40.0,Wayward,0.29904982
12075fef-c8d7-4edf-b8d8-ff57edf0b33d,7584,3,782,Belgium,3089,Kevin De Bruyne,1,26,5,Regular Play,102.0,46.0,18.973665961010276,-0.3217505543966422,False,Right Foot,Normal,Open Play,False,False,False,3,6,117.0,41.0,110.0,40.0,Blocked,0.074351706
e21e3881-bb77-4c1a-bdab-d4968b439832,7584,3,782,Belgium,3621,Eden Hazard,1,26,32,Regular Play,102.0,26.0,22.80350850198276,0.6610431688506869,True,Left Foot,Normal,Open Play,False,False,False,4,10,117.0,38.0,118.0,38.7,Saved,0.038630188
221fc074-9c90-4ede-b7f2-5e56fe6e0012,7584,3,782,Belgium,3101,Vincent Kompany,1,27,26,Regular Play,118.0,45.0,5.385164807134504,-1.1902899496825317,False,Right Foot,Volley,Open Play,True,False,True,4,8,118.0,43.0,117.0,37.0,Wayward,0.37606573
ed3694ee-ca8d-48e0-94cb-12cf88d5ca92,7584,3,778,Japan,5687,Takashi Inui,1,30,31,From Throw In,110.0,45.0,11.180339887498949,-0.4636476090008061,True,Head,Normal,Open Play,False,True,False,4,8,119.0,41.0,118.0,42.0,Saved,0.09179325
a71944da-c48b-41b1-9bc8-c9db17db72c3,7584,3,782,Belgium,3621,Eden Hazard,1,35,35,Regular Play,103.0,33.0,18.384776310850235,0.3906070436976868,False,Right Foot,Normal,Open Play,False,False,False,2,6,114.0,38.0,106.0,34.0,Blocked,0.15255512
544a1850-53d6-4fdd-9fd9-546b78d8eb94,7584,3,782,Belgium,5642,Axel Witsel,1,35,43,Regular Play,93.0,49.0,28.460498941515414,-0.3217505543966422,False,Right Foot,Normal,Open Play,False,False,False,5,10,116.0,40.0,120.0,43.6,Off T,0.02434906
d0402e1c-19f1-480d-a02c-37163b468c00,7584,3,778,Japan,5690,Yuto Nagatomo,1,43,49,Regular Play,109.0,24.0,19.4164878389476,0.9685089806599324,False,Right Foot,Normal,Open Play,False,False,False,4,9,120.0,42.0,114.0,34.0,Blocked,0.0644201
d408f768-74b0-4959-820f-47e37a077f4c,7584,3,778,Japan,5697,Genki Haraguchi,2,47,19,From Counter,109.0,54.0,17.804493814764857,-0.9048270894157867,False,Right Foot,Normal,Open Play,True,False,False,1,4,116.0,43.0,120.0,36.4,Goal,0.07330411
152e4994-9b0c-418b-acb3-3581f44f7392,7584,3,782,Belgium,3621,Eden Hazard,2,48,48,Regular Play,105.0,47.0,16.55294535724685,-0.43662715981354133,False,Right Foot,Normal,Open Play,False,False,False,3,7,119.0,44.0,120.0,44.4,Post,0.10597108
89cf6138-5b1e-4922-9201-e369615bdacd,7584,3,782,Belgium,3621,Eden Hazard,2,48,49,Regular Play,110.0,41.0,10.04987562112089,-0.09966865249116202,False,Right Foot,Normal,Open Play,False,False,False,3,6,119.0,43.0,106.0,30.0,Wayward,0.09700912
f8c6db52-fd2d-4629-b36b-6f33b3e95e10,7584,3,778,Japan,5687,Takashi Inui,2,51,34,From Keeper,94.0,33.0,26.92582403567252,0.2629947316809195,True,Right Foot,Normal,Open Play,False,False,False,4,8,119.0,40.0,120.0,44.0,Goal,0.024892166
34d9edce-9dd8-4552-aaf6-7e8218407116,7584,3,782,Belgium,5633,Yannick Ferreira Carrasco,2,56,5,Regular Play,102.0,26.0,22.80350850198276,0.6610431688506869,False,Right Foot,Normal,Open Play,True,False,False,5,10,118.0,39.0,120.0,47.1,Off T,0.03521874
495ddbee-ae51-4c66-9e6c-c9c59ca86129,7584,3,778,Japan,5693,Gaku Shibasaki,2,58,40,Regular Play,107.0,49.0,15.811388300841896,-0.6055446636049701,False,Head,Normal,Open Play,False,False,False,3,7,119.0,40.0,108.0,45.0,Blocked,0.05377961
450f1c03-3926-442a-b622-037379c86922,7584,3,782,Belgium,3289,Romelu Lukaku Menama,2,61,44,Regular Play,115.0,46.0,7.810249675906654,-0.8760580505981934,False,Head,Normal,Open Play,False,False,False,4,8,119.0,43.0,120.0,35.0,Off T,0.15798207
1002e854-79ab-4c95-9d9f-1f6174442d28,7584,3,778,Japan,5697,Genki Haraguchi,2,63,58,Regular Play,110.0,48.0,12.806248474865697,-0.6747409422235526,False,Right Foot,Normal,Open Play,True,False,False,5,8,118.0,43.0,120.0,48.1,Off T,0.10102822
c15b17d6-debe-41f6-bd86-26615a3076a3,7584,3,782,Belgium,3176,Thomas Meunier,2,65,6,Regular Play,100.0,54.0,24.413111231467404,-0.6107259643892086,False,Right Foot,Normal,Open Play,False,False,False,6,10,119.0,43.0,120.0,43.6,Off T,0.03213666
f17318f9-cf02-41c7-9837-8b1a43df5b57,7584,3,782,Belgium,3289,Romelu Lukaku Menama,2,67,59,Regular Play,112.0,46.0,10.0,-0.6435011087932844,False,Right Foot,Normal,Open Play,False,False,False,5,8,119.0,44.0,113.0,44.0,Blocked,0.1751244
e087f89e-17b5-4c7f-bab0-bbc90e1608ae,7584,3,782,Belgium,3077,Jan Vertonghen,2,68,53,From Corner,116.0,23.0,17.46424919657298,1.3397056595989996,True,Head,Lob,Open Play,False,False,False,5,11,119.0,38.0,120.0,43.8,Goal,0.011378314
6d6f4920-28be-42d9-8a2d-b685e8f669f6,7584,3,782,Belgium,3089,Kevin De Bruyne,2,72,17,Regular Play,102.0,45.0,18.681541692269406,-0.27094685033842053,False,Right Foot,Normal,Open Play,False,False,False,5,7,118.0,42.0,107.0,44.0,Blocked,0.062116995
7b60005e-2795-4d81-b5fe-7601ee284256,7584,3,782,Belgium,3296,Marouane Fellaini-Bakkioui,2,73,23,From Corner,114.0,42.0,6.324555320336759,-0.3217505543966422,True,Head,Normal,Open Play,False,True,False,6,11,120.0,41.0,120.0,41.5,Goal,0.1826466
33da7635-b878-4a95-984c-d553dbba0e6c,7584,3,778,Japan,5687,Takashi Inui,2,74,52,Regular Play,109.0,30.0,14.866068747318506,0.7378150601204649,False,Right Foot,Normal,Open Play,False,False,False,3,7,116.0,37.0,112.0,32.0,Blocked,0.09275014
99451272-d349-4d9c-a259-97b6c2042ff2,7584,3,778,Japan,5690,Yuto Nagatomo,2,74,55,Regular Play,113.0,23.0,18.384776310850235,1.1801892830972098,False,Right Foot,Half Volley,Open Play,True,False,False,4,7,117.0,36.0,112.0,53.0,Wayward,0.012124663
49f2d31e-4708-4d94-ad84-af8a6ba95db4,7584,3,782,Belgium,3289,Romelu Lukaku Menama,2,77,51,Regular Play,114.0,47.0,9.219544457292887,-0.8621700546672264,True,Head,Normal,Open Play,False,True,False,3,7,120.0,43.0,120.0,33.5,Off T,0.11867756
6345cb72-58d4-4909-bf60-806eac7d921b,7584,3,782,Belgium,3101,Vincent Kompany,2,79,40,From Corner,114.0,57.0,18.027756377319946,-1.2315037123408519,False,Head,Normal,Open Play,False,False,False,7,11,119.0,45.0,119.0,36.0,Wayward,0.0088148285
2dadb595-5c85-4521-8104-da34531316d0,7584,3,778,Japan,5683,Keisuke Honda,2,83,8,Regular Play,113.0,30.0,12.206555615733702,0.960070362405688,False,Left Foot,Normal,Open Play,True,False,False,3,7,116.0,34.0,116.0,31.0,Blocked,0.12930113
765a6160-6ca5-40b3-8850-e268d49c7ca2,7584,3,782,Belgium,4831,Nacer Chadli,2,85,2,From Throw In,113.0,35.0,8.602325267042627,0.6202494859828215,True,Head,Normal,Open Play,False,True,False,2,6,120.0,41.0,120.0,37.0,Saved,0.12926859
fbb23c0b-1204-4ac0-9c4d-af0fd07a3857,7584,3,782,Belgium,3289,Romelu Lukaku Menama,2,85,7,From Throw In,114.0,44.0,7.211102550927978,-0.5880026035475675,False,Head,Normal,Open Play,False,False,False,4,8,120.0,41.0,120.0,39.1,Saved,0.20452708
8255c6b5-f326-4acb-a51c-049416bf6272,7584,3,782,Belgium,3176,Thomas Meunier,2,85,34,From Corner,80.0,42.0,40.049968789001575,-0.04995839572194276,False,Right Foot,Volley,Open Play,False,False,False,8,11,117.0,42.0,120.0,33.9,Off T,0.006299751
ed41c55b-e281-4ff9-a459-06160e9433d8,7584,3,782,Belgium,3077,Jan Vertonghen,2,86,36,Regular Play,96.0,24.0,28.844410203711913,0.5880026035475675,False,Left Foot,Normal,Open Play,False,False,False,5,9,119.0,41.0,119.0,38.1,Saved,0.02341678
0f2c7245-82ff-4453-a30b-d6bbb29beb33,7584,3,778,Japan,5683,Keisuke Honda,2,92,59,From Free Kick,79.0,39.0,41.012193308819754,0.024385409172718538,False,Left Foot,Normal,Free Kick,False,False,False,8,11,119.0,39.0,120.0,36.6,Saved,0.006078651
a604f9d5-1dfd-44c4-8fb7-94f80cd9da0d,7584,3,782,Belgium,4831,Nacer Chadli,2,93,44,From Keeper,111.0,37.0,9.486832980505138,0.3217505543966422,False,Left Foot,Normal,Open Play,False,False,False,3,5,117.0,41.0,120.0,37.4,Goal,0.25971222
40fba0d5-4c68-4eb6-aca7-51f837f79495,7554,3,798,Panama,5637,Edgar Yoel Bárcenas Herrera,1,3,46,From Free Kick,81.0,40.0,39.0,0.0,False,Right Foot,Half Volley,Open Play,False,False,False,8,11,119.0,40.0,120.0,40.3,Off T,0.0063411808
2e695ec9-89ed-4c3b-af45-a013e031490f,7554,3,798,Panama,5646,Aníbal Cesis Godoy,1,4,17,Regular Play,102.0,32.0,19.697715603592208,0.4182243295792291,False,Left Foot,Normal,Open Play,True,False,False,3,7,118.0,39.0,120.0,34.4,Off T,0.10595282
63becae5-233c-4077-afc4-b840991c13c1,7554,3,768,England,3244,John Stones,1,7,48,From Corner,109.0,42.0,11.180339887498949,-0.17985349979247828,False,Head,Normal,Open Play,False,False,False,8,11,119.0,41.0,120.0,37.2,Goal,0.1349147
4ffec370-1a6f-440c-bdb7-eb9badbf45dc,7554,3,798,Panama,5637,Edgar Yoel Bárcenas Herrera,1,15,12,From Free Kick,96.0,49.0,25.632011235952593,-0.35877067027057225,False,Left Foot,Normal,Open Play,False,False,False,5,9,118.0,40.0,120.0,35.2,Off T,0.034921248
4b8bad04-11a8-4517-ab24-922461fdf387,7554,3,768,England,10955,Harry Kane,1,21,35,Other,109.0,41.0,11.045361017187261,-0.09065988720074511,False,Right Foot,Normal,Penalty,False,False,False,0,0,,,120.0,36.6,Goal,0.7835
77704599-d070-4b4d-ada7-d9097e7a4a00,7554,3,768,England,3293,Jesse Lingard,1,35,9,Regular Play,98.0,34.0,22.80350850198276,0.2662520491509254,True,Right Foot,Normal,Open Play,False,False,False,5,9,118.0,40.0,120.0,43.8,Goal,0.056802925
987546fc-b15d-4364-9d3d-0b61d66b5101,7554,3,768,England,3233,Raheem Sterling,1,39,13,From Free Kick,115.0,40.0,5.0,0.0,True,Head,Normal,Open Play,False,False,False,5,9,118.0,41.0,120.0,40.5,Saved,0.43374035
d9cd0d1f-671c-4439-89fe-4aa496d4e4b7,7554,3,768,England,3244,John Stones,1,39,14,From Free Kick,118.0,36.0,4.47213595499958,1.1071487177940904,False,Head,Normal,Open Play,False,False,True,5,8,119.0,39.0,120.0,37.2,Goal,0.5670492
a4222b90-495c-461c-b42b-130e7fee4894,7554,3,768,England,3293,Jesse Lingard,1,41,55,From Throw In,100.0,40.0,20.0,0.0,False,Right Foot,Normal,Open Play,False,False,False,6,11,118.0,41.0,104.0,41.0,Blocked,0.090631545
0c03bd8b-c802-43bc-b710-21b9e7db896e,7554,3,768,England,10955,Harry Kane,1,45,16,Other,109.0,41.0,11.045361017187261,-0.09065988720074511,False,Right Foot,Normal,Penalty,False,False,False,0,0,,,120.0,37.8,Goal,0.7835
386917fe-2f41-41cf-975b-e3be32263343,7554,3,768,England,3504,Ruben Loftus-Cheek,2,61,5,Regular Play,97.0,51.0,25.495097567963924,-0.44610554894340365,True,Left Foot,Normal,Open Play,False,False,False,5,9,117.0,40.0,104.0,50.0,Blocked,0.03459167
c96b3f7e-7ce1-4985-ae31-a764d6df38c0,7554,3,768,England,10955,Harry Kane,2,61,5,Regular Play,105.0,49.0,17.4928556845359,-0.5404195002705842,False,Right Foot,Normal,Open Play,False,False,False,5,9,117.0,40.0,120.0,39.7,Goal,0.20022032
38191afc-23d1-4faf-a76d-0228fdda2f3d,7554,3,798,Panama,5641,Michael Amir Murillo Bermudez,2,65,25,Regular Play,115.0,51.0,12.083045973594572,-1.1441688336680205,False,Right Foot,Lob,Open Play,False,False,False,1,9,117.0,49.0,116.0,44.0,Saved,0.13047156
280386dd-0a40-4b41-aaf4-5a94af801bbb,7554,3,768,England,3532,Jordan Brian Henderson,2,72,32,From Free Kick,104.0,45.0,16.76305461424021,-0.3028848683749714,False,Right Foot,Volley,Open Play,True,False,False,7,11,118.0,41.0,120.0,35.0,Off T,0.061970674
24a07d80-c164-4f61-80a2-3409d998a0a2,7554,3,798,Panama,5635,Román Aureliano Torres Morcillo,2,75,31,From Corner,116.0,36.0,5.656854249492381,0.7853981633974483,False,Right Foot,Normal,Open Play,True,False,False,4,9,120.0,42.0,120.0,34.8,Off T,0.55906206
5c5e3ebd-c9e9-4a78-83fa-1d98768b01b7,7554,3,798,Panama,6139,Felipe Abdiel Baloy Ramírez,2,77,16,From Free Kick,109.0,44.0,11.704699910719626,-0.348771003583907,False,Right Foot,Half Volley,Open Play,True,False,False,5,10,119.0,42.0,120.0,43.6,Goal,0.17428838
60d1a01c-d944-4890-84e8-deb390988e58,7554,3,768,England,3233,Raheem Sterling,2,81,16,Regular Play,93.0,30.0,28.792360097775937,0.35470565201094034,False,Right Foot,Normal,Open Play,False,False,False,4,9,118.0,40.0,120.0,45.4,Off T,0.021399647
e5647ad4-6bf2-49ef-9acc-fc1786a7bb96,7554,3,798,Panama,5631,Blas Antonio Miguel Pérez Ortega,2,93,47,From Throw In,106.0,41.0,14.035668847618199,-0.07130746478529032,False,Left Foot,Normal,Open Play,False,False,False,5,9,120.0,41.0,107.0,40.0,Blocked,0.059005667
97cb590e-5dd7-4ed1-9602-123e316ca663,7554,3,798,Panama,5628,José Luis Rodríguez Francis,2,94,2,From Throw In,94.0,20.0,32.802438933713454,0.6556956262415362,False,Left Foot,Normal,Open Play,False,False,False,6,10,118.0,41.0,120.0,45.8,Off T,0.009995836
48c8fb58-92f7-43c3-9225-72262260dcf9,7539,3,787,Senegal,5664,Salif Sané,1,12,35,From Free Kick,84.0,34.0,36.49657518178932,0.16514867741462683,False,Right Foot,Normal,Free Kick,False,False,False,8,11,119.0,42.0,120.0,34.6,Off T,0.009712145
9eb8a3fa-c069-4844-9faf-c8e0c57debab,7539,3,789,Poland,5660,Piotr Zieliński,1,19,10,From Throw In,95.0,35.0,25.495097567963924,0.19739555984988075,False,Left Foot,Half Volley,Open Play,True,False,False,6,11,118.0,39.0,112.0,49.0,Wayward,0.029653154
7643d792-06f1-4db8-96e5-211bdd784d75,7539,3,789,Poland,5667,Kamil Grosicki,1,19,11,From Throw In,111.0,49.0,12.727922061357855,-0.7853981633974483,False,Head,Diving Header,Open Play,False,False,False,4,9,117.0,42.0,120.0,43.2,Off T,0.24497952
2769323c-e716-4433-8eb9-f70a1da56967,7539,3,789,Poland,5668,Robert Lewandowski,1,22,42,From Throw In,101.0,46.0,19.924858845171276,-0.30587887140485215,False,Left Foot,Volley,Open Play,False,False,False,6,8,118.0,39.0,120.0,47.1,Off T,0.055568192
466b3b30-f527-430b-b18e-a9074bb87dfc,7539,3,787,Senegal,3436,Idrissa Gana Gueye,1,36,55,Regular Play,99.0,48.0,22.47220505424423,-0.36397895650964407,True,Right Foot,Normal,Open Play,False,False,False,4,8,118.0,43.0,107.0,43.0,Blocked,0.039492566
b4465e0b-69cf-4ab2-843c-ab6975370bb0,7539,3,787,Senegal,5664,Salif Sané,1,41,37,From Corner,114.0,43.0,6.708203932499369,-0.4636476090008061,False,Head,Normal,Open Play,False,False,False,6,11,120.0,41.0,120.0,45.8,Off T,0.14218889
0e9a840a-1e1c-4afe-9177-76f9441ba888,7539,3,787,Senegal,3436,Idrissa Gana Gueye,1,46,7,Regular Play,98.0,62.0,31.11269837220809,-0.7853981633974483,False,Right Foot,Normal,Open Play,False,False,False,5,10,120.0,44.0,102.0,60.0,Blocked,0.015028189
8ae94ee1-dfd2-4922-b864-9bf906ee0929,7539,3,789,Poland,5668,Robert Lewandowski,2,50,0,From Free Kick,96.0,47.0,25.0,-0.28379410920832787,False,Right Foot,Normal,Free Kick,False,False,False,6,11,120.0,41.0,120.0,43.4,Saved,0.07070428
6de0bc33-b91c-45ef-8eeb-0dd0f1b7a913,7539,3,787,Senegal,3629,Sadio Mané,2,51,17,Regular Play,109.0,35.0,12.083045973594572,0.4266274931268761,False,Left Foot,Volley,Open Play,False,False,False,3,8,118.0,37.0,112.0,34.0,Blocked,0.13267757
8c9e9810-4f89-48a6-8064-08f0bacd2e2f,7539,3,787,Senegal,3603,Mame Biram Diouf,2,53,16,From Throw In,108.0,40.0,12.0,0.0,False,Right Foot,Half Volley,Open Play,False,False,False,5,9,119.0,40.0,98.0,21.0,Wayward,0.097462624
47f4fc12-bdbf-42f0-90fd-eb9b5a77edb3,7539,3,789,Poland,5658,Łukasz Piszczek,2,55,30,Regular Play,113.0,53.0,14.7648230602334,-1.0768549578753155,False,Right Foot,Volley,Open Play,True,False,False,4,6,119.0,45.0,120.0,45.4,Off T,0.04273148
519468ed-9a79-41cb-aedc-9d0c9da5c544,7539,3,787,Senegal,5661,M'Baye Babacar Niang,2,59,58,Regular Play,113.0,40.0,7.0,0.0,False,Right Foot,Normal,Open Play,False,False,True,0,2,87.0,50.0,120.0,39.9,Goal,0.99118865
1ed58cad-d708-45cd-8567-901a556f78bc,7539,3,789,Poland,5667,Kamil Grosicki,2,66,18,From Throw In,92.0,46.0,28.635642126552707,-0.21109333322274654,False,Right Foot,Normal,Open Play,False,False,False,4,10,120.0,39.0,93.0,41.0,Blocked,0.035614714
7a506e41-6158-4f5e-b287-22b1b2a2951a,7539,3,789,Poland,5665,Arkadiusz Milik,2,69,36,From Throw In,116.0,46.0,7.211102550927978,-0.982793723247329,False,Left Foot,Normal,Open Play,True,False,False,5,9,120.0,44.0,120.0,45.0,Off T,0.12166226
e5f22ec5-f770-42e2-95b4-8c9024a1e70f,7539,3,789,Poland,5666,Dawid Kownacki,2,78,23,Regular Play,111.0,45.0,10.295630140987,-0.507098504392337,True,Head,Normal,Open Play,False,True,False,3,7,120.0,42.0,120.0,44.0,Saved,0.05977887
d68d9390-2718-4e26-9141-2d51908a972b,7539,3,789,Poland,3637,Grzegorz Krychowiak,2,85,41,From Free Kick,114.0,39.0,6.082762530298219,0.16514867741462683,False,Head,Diving Header,Open Play,False,False,False,5,8,120.0,40.0,120.0,43.8,Goal,0.36511415
2e203661-1cd9-434c-817f-e36620ab73eb,7539,3,789,Poland,5667,Kamil Grosicki,2,91,14,From Counter,88.0,38.0,32.0624390837628,0.06241880999595735,False,Left Foot,Half Volley,Open Play,False,False,False,4,8,120.0,39.0,120.0,50.0,Wayward,0.016516764
cb91b82c-4b3f-4265-83e2-346ee75a1173,7550,3,773,Switzerland,3500,Granit Xhaka,1,3,18,Regular Play,84.0,51.0,37.64306044943742,-0.29654580906970046,True,Left Foot,Normal,Open Play,False,False,False,6,10,120.0,39.0,120.0,34.6,Off T,0.0065200645
b2fe1af0-d6eb-4565-8076-c83c13478af8,7550,3,786,Serbia,4269,Aleksandar Mitrović,1,4,14,From Goal Kick,114.0,38.0,6.324555320336759,0.3217505543966422,True,Head,Normal,Open Play,False,True,False,6,10,119.0,40.0,119.0,42.2,Saved,0.24064535
2b7e210d-230a-4a90-984e-950702b9a66d,7550,3,786,Serbia,5591,Filip Kostić,1,4,19,From Goal Kick,108.0,37.0,12.36931687685298,0.24497866312686414,False,Left Foot,Normal,Open Play,True,False,False,6,10,119.0,40.0,109.0,46.0,Wayward,0.08914139
52f329ab-7d1c-49ce-a684-3ca08f6c8de1,7550,3,786,Serbia,4269,Aleksandar Mitrović,1,4,48,From Throw In,115.0,39.0,5.0990195135927845,0.19739555984988075,False,Head,Normal,Open Play,False,False,False,5,9,119.0,40.0,120.0,37.2,Goal,0.2980266
fb111a67-7e61-4bf7-95e8-21aa679c7a5e,7550,3,773,Switzerland,3533,Xherdan Shaqiri,1,8,7,From Corner,95.0,58.0,30.805843601498726,-0.6240230529767569,True,Left Foot,Normal,Open Play,False,False,False,8,11,120.0,44.0,103.0,51.0,Blocked,0.007398513
65e0d4e4-f51f-4f41-8736-9522f222a19c,7550,3,773,Switzerland,5554,Blerim Džemaili,1,9,51,From Free Kick,111.0,38.0,9.219544457292887,0.21866894587394195,False,Left Foot,Half Volley,Open Play,True,False,False,3,9,120.0,38.0,120.0,45.8,Off T,0.15404725
89043b16-2a05-44bc-808a-0686bda99170,7550,3,786,Serbia,4269,Aleksandar Mitrović,1,13,13,From Throw In,104.0,33.0,17.46424919657298,0.4124104415973873,False,Head,Normal,Open Play,False,False,False,3,7,119.0,39.0,120.0,44.4,Off T,0.06612923
01ab6025-a981-4412-8ad4-7dfe6d6f9a43,7550,3,786,Serbia,5589,Sergej Milinković-Savić,1,15,17,From Free Kick,100.0,52.0,23.323807579381203,-0.5404195002705842,False,Right Foot,Normal,Open Play,False,False,False,3,7,118.0,42.0,120.0,34.4,Off T,0.035976026
5808a123-4ecc-41a5-b93f-e9ca78a2ccdb,7550,3,786,Serbia,4269,Aleksandar Mitrović,1,18,31,From Free Kick,104.0,32.0,17.88854381999832,0.4636476090008061,False,Right Foot,Overhead Kick,Open Play,False,False,False,5,9,118.0,37.0,120.0,34.2,Off T,0.0383034
05e10e30-64ef-4578-bf37-31d2830f405e,7550,3,773,Switzerland,3533,Xherdan Shaqiri,1,22,26,From Throw In,100.0,41.0,20.024984394500787,-0.04995839572194276,False,Left Foot,Normal,Open Play,False,False,False,6,10,119.0,43.0,102.0,40.0,Blocked,0.041592665
df90c604-0b10-4e63-9484-1ab199f268d5,7550,3,773,Switzerland,5541,Stephan Lichtsteiner,1,22,30,From Throw In,97.0,51.0,25.495097567963924,-0.44610554894340365,False,Right Foot,Half Volley,Open Play,True,False,False,6,9,120.0,44.0,102.0,49.0,Blocked,0.025827019
68fdfd30-187c-47fe-9a6e-64571c8ff801,7550,3,773,Switzerland,5549,Manuel Obafemi Akanji,1,25,23,From Corner,113.0,37.0,7.615773105863909,0.40489178628508343,True,Head,Normal,Open Play,False,True,False,4,10,119.0,40.0,120.0,34.4,Off T,0.090298526
be76650a-eff8-4872-9d97-cdd390af4509,7550,3,773,Switzerland,5554,Blerim Džemaili,1,29,34,Regular Play,111.0,39.0,9.055385138137417,0.11065722117389565,False,Right Foot,Half Volley,Open Play,False,False,False,3,9,118.0,40.0,117.0,38.5,Saved,0.24026676
20069179-a3c7-49ff-9549-f1f3990bff16,7550,3,773,Switzerland,5537,Fabian Lukas Schär,1,30,7,From Corner,113.0,44.0,8.06225774829855,-0.5191461142465229,True,Head,Normal,Open Play,False,True,False,5,11,120.0,41.0,120.0,36.6,Off T,0.0712261
848a5b48-c564-4eb6-8914-262b9682c91f,7550,3,786,Serbia,3831,Dušan Tadić,1,36,33,From Free Kick,99.0,49.0,22.847319317591726,-0.40489178628508343,False,Right Foot,Half Volley,Open Play,False,False,False,6,11,118.0,41.0,119.0,37.4,Saved,0.03371678
060ff663-9afd-42e0-88eb-e4fa09d088ed,7550,3,786,Serbia,4269,Aleksandar Mitrović,1,41,58,From Throw In,109.0,43.0,11.40175425099138,-0.2662520491509254,False,Head,Normal,Open Play,False,False,False,6,10,118.0,42.0,120.0,43.8,Off T,0.063381545
7df08b2b-06c0-4a9d-bbda-17abf459e886,7550,3,786,Serbia,3381,Nemanja Matić,1,43,4,From Corner,118.0,32.0,8.246211251235321,1.3258176636680326,False,Other,Normal,Open Play,True,False,False,6,11,119.0,40.0,120.0,34.8,Off T,0.07350789
b199ede7-255d-4f98-a984-968c84a3a934,7550,3,786,Serbia,3831,Dušan Tadić,1,45,42,From Free Kick,100.0,49.0,21.93171219946131,-0.4228539261329407,False,Left Foot,Volley,Open Play,True,False,False,3,8,118.0,41.0,120.0,45.8,Off T,0.05983005
2abad6d6-1467-4c0b-a98d-3a8a6ed8e30e,7550,3,773,Switzerland,5544,Ricardo Iván Rodríguez Araya,2,49,24,From Throw In,98.0,18.0,31.11269837220809,0.7853981633974483,True,Right Foot,Normal,Open Play,False,False,False,6,10,117.0,37.0,118.0,80.0,Wayward,0.00962483
53512898-452e-4d7f-97cb-86606ca7ec6b,7550,3,786,Serbia,4269,Aleksandar Mitrović,2,51,28,From Corner,114.0,43.0,6.708203932499369,-0.4636476090008061,False,Head,Normal,Open Play,False,False,False,5,11,119.0,41.0,120.0,44.0,Off T,0.10194914
adb79570-bb07-4db8-aa4b-69c2dc986008,7550,3,773,Switzerland,3533,Xherdan Shaqiri,2,51,51,Regular Play,106.0,55.0,20.518284528683193,-0.8198672643969563,True,Left Foot,Normal,Open Play,True,False,False,5,8,117.0,41.0,108.0,52.0,Blocked,0.057581827
29c94885-1414-4ddd-a8a3-1e12cde0dac3,7550,3,773,Switzerland,3500,Granit Xhaka,2,51,55,Regular Play,95.0,22.0,30.805843601498726,0.6240230529767569,False,Left Foot,Normal,Open Play,True,False,False,6,9,117.0,37.0,120.0,41.9,Goal,0.009642546
65c5105f-d8f5-4675-a366-bcfc5aaf815c,7550,3,773,Switzerland,3533,Xherdan Shaqiri,2,57,33,Regular Play,107.0,62.0,25.553864678361276,-1.0370881351556351,False,Left Foot,Normal,Open Play,False,False,False,5,10,118.0,42.0,119.0,35.8,Post,0.010486914
e87f921f-36d8-4cef-a151-d1796819ee8b,7550,3,786,Serbia,5587,Adem Ljajić,2,76,25,From Free Kick,104.0,29.0,19.4164878389476,0.6022873461349642,False,Right Foot,Normal,Open Play,False,False,False,5,10,118.0,39.0,107.0,31.0,Blocked,0.052877877
ca45ddea-fc27-4bb6-bc2a-e23a45f41b34,7550,3,773,Switzerland,5545,Breel-Donald Embolo,2,81,32,Regular Play,86.0,40.0,34.0,0.0,False,Right Foot,Normal,Open Play,False,False,False,4,10,117.0,40.0,118.0,43.4,Saved,0.027681582
f98c861c-aa01-44d2-b9b9-f04acbd76263,7550,3,773,Switzerland,3533,Xherdan Shaqiri,2,82,39,From Corner,86.0,36.0,34.23448553724738,0.11710874456686428,False,Left Foot,Normal,Open Play,False,False,False,7,9,117.0,39.0,120.0,40.7,Off T,0.018171605
e700dc59-0d2d-4fe7-931c-79af1df88dbb,7550,3,773,Switzerland,5834,Mario Gavranović,2,83,18,Regular Play,110.0,43.0,10.44030650891055,-0.2914567944778671,False,Right Foot,Half Volley,Open Play,False,False,False,1,7,117.0,42.0,117.0,42.8,Saved,0.22874036
c442d5a4-574b-4faa-a169-adbc666567b7,7550,3,773,Switzerland,5544,Ricardo Iván Rodríguez Araya,2,85,14,From Free Kick,94.0,30.0,27.85677655436824,0.3671738338182192,False,Left Foot,Normal,Free Kick,False,False,False,7,11,117.0,40.0,103.0,32.0,Blocked,0.05241076
384207c1-81a0-4d88-a3b9-b169bba34282,7550,3,773,Switzerland,5549,Manuel Obafemi Akanji,2,85,41,From Corner,108.0,37.0,12.36931687685298,0.24497866312686414,False,Left Foot,Normal,Open Play,False,False,False,6,10,117.0,37.0,110.0,35.0,Blocked,0.08491014
65b7fb3b-d069-4cc6-b8ee-575e20ebb598,7550,3,773,Switzerland,3533,Xherdan Shaqiri,2,89,37,From Counter,111.0,31.0,12.727922061357855,0.7853981633974483,True,Left Foot,Normal,Open Play,False,False,False,0,3,114.0,32.0,120.0,43.8,Goal,0.36896914
55f7eb8c-c9a3-4f92-a102-01d08d1c8eb6,7550,3,773,Switzerland,3533,Xherdan Shaqiri,2,95,29,From Counter,99.0,33.0,22.135943621178654,0.3217505543966422,True,Left Foot,Normal,Open Play,False,False,False,3,5,117.0,37.0,120.0,35.2,Off T,0.051912088
3db85fc5-f528-41eb-a3d2-08507d2c4094,7538,3,790,Sweden,5612,Mikael Lustig,1,12,58,From Free Kick,85.0,51.0,36.68787265568828,-0.3045108832021125,False,Right Foot,Half Volley,Open Play,False,False,False,6,11,117.0,39.0,91.0,52.0,Blocked,0.0075467415
84e3dbf3-861b-4d65-b593-840959d5a2ef,7538,3,790,Sweden,11098,Marcus Berg,1,19,59,From Throw In,113.0,38.0,7.280109889280518,0.27829965900511133,False,Left Foot,Normal,Open Play,True,False,False,5,9,118.0,40.0,118.0,38.3,Saved,0.48333976
a57c4469-c2c5-43b9-a9cb-486122ef4c8d,7538,3,790,Sweden,4709,Pontus Jansson,1,20,48,From Corner,109.0,39.0,11.045361017187261,0.09065988720074511,False,Head,Normal,Open Play,False,False,False,6,11,119.0,39.0,120.0,45.6,Off T,0.08360676
33aa0218-de67-4ddc-ba8a-ba3c2448451b,7538,3,790,Sweden,5607,Andreas Granqvist,1,28,11,From Corner,111.0,32.0,12.041594578792296,0.7266423406817256,False,Head,Normal,Open Play,False,False,False,6,11,119.0,39.0,112.0,34.0,Blocked,0.08389724
8a5437fe-3776-484e-a6a0-9db696fdbd3f,7538,3,790,Sweden,11098,Marcus Berg,1,28,12,From Corner,112.0,34.0,10.0,0.6435011087932844,True,Left Foot,Normal,Open Play,True,False,False,6,11,118.0,37.0,115.0,36.0,Blocked,0.09769604
7b7a3591-4f0c-46de-a29a-5bd5391b5e8b,7538,3,791,South Korea,5623,Jae-Sung Lee,1,36,42,From Counter,106.0,56.0,21.2602916254693,-0.8519663271732721,False,Left Foot,Normal,Open Play,False,False,False,5,8,118.0,43.0,107.0,54.0,Blocked,0.041962028
93c3ad3a-fab2-4054-a1f8-d35af3889eab,7538,3,790,Sweden,5625,Emil Peter Forsberg,1,38,59,From Throw In,90.0,24.0,34.0,0.4899573262537283,True,Right Foot,Normal,Open Play,False,False,False,6,10,117.0,38.0,94.0,24.0,Blocked,0.0065049785
32b9d792-4606-46eb-b7fa-671d31c5010f,7538,3,790,Sweden,11098,Marcus Berg,1,42,0,Regular Play,118.0,29.0,11.180339887498949,1.3909428270024184,False,Right Foot,Half Volley,Open Play,False,False,False,3,8,118.0,34.0,115.0,56.0,Wayward,0.022509541
f0d96bd0-2463-45ce-be91-8d12f9156c94,7538,3,790,Sweden,5625,Emil Peter Forsberg,1,43,44,From Corner,94.0,29.0,28.231188426986208,0.40024065703397416,False,Right Foot,Half Volley,Open Play,True,False,False,7,11,118.0,37.0,106.0,33.0,Blocked,0.019979231
9acdf681-2e6f-49b7-b82d-f7ad6764fcdb,7538,3,790,Sweden,5607,Andreas Granqvist,1,43,46,From Corner,104.0,28.0,20.0,0.6435011087932844,False,Right Foot,Normal,Open Play,True,False,False,8,11,117.0,38.0,118.0,36.6,Saved,0.082305975
b4ae605c-c28f-41c0-973c-0078baa954b5,7538,3,790,Sweden,5613,Viktor Claesson,1,46,12,Regular Play,111.0,38.0,9.219544457292887,0.21866894587394195,True,Head,Normal,Open Play,False,True,False,5,10,119.0,40.0,112.0,37.0,Blocked,0.06819925
e98dab8c-2cf1-466d-880e-c21e0faf1a90,7538,3,790,Sweden,5625,Emil Peter Forsberg,2,48,26,Regular Play,99.0,37.0,21.213203435596427,0.14189705460416394,False,Right Foot,Normal,Open Play,False,False,False,3,7,117.0,41.0,120.0,45.2,Off T,0.058042593
86a74876-b217-46f9-b8d2-66ccdf1d29a9,7538,3,791,South Korea,5627,Ja-Cheol Koo,2,51,33,Regular Play,107.0,30.0,16.401219466856727,0.6556956262415362,False,Head,Normal,Open Play,False,False,False,6,9,117.0,38.0,120.0,35.4,Off T,0.11802932
31c82053-f94a-4b74-8048-10cc1892d4cd,7538,3,790,Sweden,4417,Ola Toivonen,2,55,44,From Free Kick,113.0,37.0,7.615773105863909,0.40489178628508343,False,Head,Normal,Open Play,False,False,False,8,11,119.0,41.0,120.0,38.5,Saved,0.10468406
9ddd7f6d-59ce-42f6-a2ed-2f2d2cf4dd57,7538,3,791,South Korea,5610,Min-Woo Kim,2,56,23,Regular Play,97.0,25.0,27.459060435491963,0.5779019369622457,False,Right Foot,Normal,Open Play,False,False,False,5,7,117.0,38.0,101.0,26.0,Blocked,0.026066551
421b9232-ebb2-4872-a743-aa47254ebc9b,7538,3,790,Sweden,5607,Andreas Granqvist,2,64,37,Other,109.0,41.0,11.045361017187261,-0.09065988720074511,False,Right Foot,Normal,Penalty,False,False,False,0,0,,,120.0,43.0,Goal,0.7835
f1d88c37-1914-4d44-b9b7-3e9fb5eb0844,7538,3,790,Sweden,5617,Sebastian Larsson,2,68,22,Regular Play,83.0,47.0,37.656340767525464,-0.1869792699189111,False,Right Foot,Normal,Open Play,False,False,False,6,10,118.0,42.0,103.0,37.0,Blocked,0.006241017
9a7798ef-df58-43f2-a09f-1785e27e8e47,7538,3,790,Sweden,5625,Emil Peter Forsberg,2,68,27,Regular Play,98.0,33.0,23.08679276123039,0.3080527810237764,True,Right Foot,Normal,Open Play,False,False,False,4,9,118.0,41.0,106.0,35.0,Blocked,0.057121377
f00d52e3-1f6a-4127-b03d-b3d9ad15995d,7538,3,790,Sweden,5613,Viktor Claesson,2,70,18,From Corner,99.0,48.0,22.47220505424423,-0.36397895650964407,False,Right Foot,Half Volley,Open Play,True,False,False,6,9,118.0,42.0,111.0,1.0,Wayward,0.049949892
bdccce7f-799b-42c8-b31b-247176cf0b48,7538,3,791,South Korea,5616,Seung-Woo Lee,2,81,31,Regular Play,100.0,56.0,25.612496949731394,-0.6747409422235526,True,Left Foot,Normal,Open Play,False,False,False,5,11,117.0,41.0,106.0,52.0,Blocked,0.028747292
f62a2a0d-44eb-44b6-9eb2-4e5c742f9218,7538,3,791,South Korea,5620,Hee-Chan Hwang,2,90,57,Regular Play,110.0,38.0,10.198039027185569,0.19739555984988075,False,Head,Normal,Open Play,False,False,False,5,9,118.0,40.0,120.0,33.7,Off T,0.19956683
127c4bc4-31e6-4635-bd34-0a3a5b22caf3,7534,3,794,Mexico,5571,Hirving Rodrigo Lozano Bahena,1,0,57,Regular Play,111.0,29.0,14.212670403551895,0.8850668158886104,False,Right Foot,Normal,Open Play,False,False,False,4,6,117.0,38.0,112.0,33.0,Blocked,0.11827388
97030af1-6955-4c38-8491-72e1b04304c6,7534,3,770,Germany,5557,Timo Werner,1,2,40,From Free Kick,114.0,54.0,15.231546211727817,-1.1659045405098132,False,Right Foot,Normal,Open Play,False,False,False,2,8,117.0,43.0,120.0,34.0,Off T,0.049711905
8e1e1c72-00a0-4277-9333-2eb0cd964533,7534,3,770,Germany,5572,Mats Hummels,1,6,31,From Corner,103.0,41.0,17.029386365926403,-0.058755822715722696,True,Left Foot,Half Volley,Open Play,False,False,False,6,8,117.0,39.0,119.0,38.3,Saved,0.07167251
b53b9ce1-5e5e-483e-b5e5-674a2064da4e,7534,3,794,Mexico,5556,Miguel Arturo Layún Prado,1,8,29,From Free Kick,95.0,38.0,25.079872407968907,0.07982998571223732,False,Right Foot,Normal,Free Kick,False,False,False,6,11,120.0,43.0,120.0,40.3,Off T,0.08506853
d1d1785b-3494-4abc-badf-1191ecbb5ba0,7534,3,794,Mexico,5575,Héctor Miguel Herrera López,1,9,56,From Throw In,91.0,40.0,29.0,0.0,True,Right Foot,Normal,Open Play,False,False,False,5,10,120.0,42.0,120.0,37.0,Saved,0.028636595
4f88c784-5e35-45cc-82d2-e0beea9ddf7a,7534,3,794,Mexico,5573,Héctor Alfredo Moreno Herrera,1,13,53,From Free Kick,110.0,39.0,10.04987562112089,0.09966865249116202,False,Head,Normal,Open Play,False,False,False,4,8,119.0,41.0,120.0,37.6,Saved,0.09705013
51b2fcc8-107c-4e01-aecd-8ca3b7bd42e5,7534,3,770,Germany,3186,Julian Draxler,1,15,28,From Corner,94.0,28.0,28.635642126552707,0.43240777557053783,False,Right Foot,Half Volley,Open Play,True,False,False,6,8,117.0,40.0,118.0,42.8,Saved,0.020290153
0689e65a-d4b9-483f-9d31-05a073acb7a9,7534,3,770,Germany,5574,Toni Kroos,1,15,53,Regular Play,87.0,23.0,37.12142238654117,0.4756952188549921,False,Right Foot,Normal,Open Play,False,False,False,4,7,117.0,40.0,102.0,32.0,Blocked,0.0056767375
203264c7-c10b-4005-ad0c-278e4a4288ed,7534,3,770,Germany,5557,Timo Werner,1,19,29,Regular Play,105.0,46.0,16.15549442140351,-0.3805063771123649,False,Left Foot,Normal,Open Play,False,False,False,4,8,117.0,41.0,118.0,41.5,Saved,0.12941124
981f03b5-d108-4ab8-917d-be54367b32c6,7534,3,770,Germany,5574,Toni Kroos,1,21,52,From Throw In,97.0,27.0,26.419689627245813,0.5144513130590278,False,Left Foot,Normal,Open Play,False,False,False,7,9,118.0,38.0,118.0,39.3,Saved,0.028065955
ff352be6-3a7c-4cfb-8cbc-f9fabe076fc2,7534,3,794,Mexico,3058,Javier Hernández Balcázar,1,22,33,Regular Play,100.0,31.0,21.93171219946131,0.4228539261329407,False,Left Foot,Normal,Open Play,False,False,False,3,6,119.0,40.0,103.0,31.0,Blocked,0.043891508
fd970cca-f196-4e2b-b965-37606352be85,7534,3,794,Mexico,5556,Miguel Arturo Layún Prado,1,26,1,Regular Play,95.0,39.0,25.019992006393608,0.039978687123290044,False,Right Foot,Normal,Open Play,False,False,False,5,8,120.0,41.0,120.0,43.2,Off T,0.041151885
8adbe8bf-aa4d-4cf6-88d1-f806981e1082,7534,3,794,Mexico,5556,Miguel Arturo Layún Prado,1,28,33,From Free Kick,97.0,34.0,23.769728648009426,0.2551823906208184,True,Right Foot,Normal,Open Play,False,False,False,6,8,120.0,41.0,120.0,38.5,Saved,0.043912183
7f26212e-c388-4934-94a7-92c8f8497604,7534,3,794,Mexico,5571,Hirving Rodrigo Lozano Bahena,1,34,32,Regular Play,109.0,32.0,13.601470508735444,0.628796286415433,False,Right Foot,Normal,Open Play,False,False,False,2,4,120.0,40.0,120.0,37.0,Goal,0.19460402
d5b8fea1-8d18-4595-bc44-59ef281284e5,7534,3,770,Germany,5566,Sami Khedira,1,36,42,From Free Kick,107.0,50.0,16.401219466856727,-0.6556956262415362,False,Right Foot,Volley,Open Play,True,False,False,5,9,119.0,40.0,108.0,50.0,Blocked,0.06585366
9c7af24e-a7be-4bc2-b4e7-5522cd9a5846,7534,3,770,Germany,5574,Toni Kroos,1,38,2,From Free Kick,95.0,49.0,26.570660511172846,-0.34555558058171215,False,Right Foot,Normal,Free Kick,False,False,False,6,9,119.0,41.0,119.0,43.6,Saved,0.06350054
3b21247f-2a15-459a-8440-b4effa51677c,7534,3,794,Mexico,5560,Carlos Alberto Vela Garrido,1,44,46,Regular Play,102.0,32.0,19.697715603592208,0.4182243295792291,True,Left Foot,Normal,Open Play,False,False,False,4,7,119.0,41.0,120.0,35.0,Off T,0.13477883
55e82530-c6e2-4ea1-a3b1-5dcfa1801ec6,7534,3,770,Germany,5569,Marvin Plattenhardt,2,47,31,Regular Play,95.0,30.0,26.92582403567252,0.3805063771123649,False,Left Foot,Normal,Open Play,False,False,False,6,8,119.0,41.0,118.0,37.0,Saved,0.02910846
6e3b3412-d6a0-45f0-9cde-56e169ef1ab3,7534,3,770,Germany,5579,Joshua Kimmich,2,52,17,From Throw In,93.0,40.0,27.0,0.0,False,Left Foot,Normal,Open Play,False,False,False,7,10,120.0,42.0,120.0,41.7,Off T,0.028271182
6efab54f-ec1b-4ca2-ac18-a441eb39a485,7534,3,770,Germany,3186,Julian Draxler,2,54,23,Regular Play,105.0,25.0,21.213203435596427,0.7853981633974483,False,Right Foot,Normal,Open Play,True,False,False,3,6,118.0,39.0,108.0,29.0,Blocked,0.048906885
8c4dbd13-7451-449e-bb40-bd8d5e71ae82,7534,3,770,Germany,5574,Toni Kroos,2,54,49,Regular Play,102.0,36.0,18.439088914585774,0.21866894587394195,False,Right Foot,Normal,Open Play,False,False,False,6,9,118.0,41.0,103.0,36.0,Blocked,0.07452877
abac529e-7bfc-4366-8fec-e3c0991e4a92,7534,3,794,Mexico,5563,José Andrés Guardado Hernández,2,56,38,Regular Play,102.0,29.0,21.095023109728988,0.5485494024505281,False,Left Foot,Normal,Open Play,True,False,False,2,8,118.0,37.0,120.0,39.1,Off T,0.074448265
c0855c54-36e6-4080-bf47-fb6373bb49db,7534,3,770,Germany,3186,Julian Draxler,2,60,57,From Throw In,99.0,31.0,22.847319317591726,0.40489178628508343,False,Right Foot,Normal,Open Play,False,False,False,5,8,119.0,40.0,102.0,33.0,Blocked,0.04040635
484bfffb-fe6e-4215-beaf-7f5c318d45c1,7534,3,770,Germany,5579,Joshua Kimmich,2,64,4,Regular Play,109.0,41.0,11.045361017187261,-0.09065988720074511,False,Right Foot,Overhead Kick,Open Play,True,False,False,7,10,120.0,42.0,120.0,42.8,Off T,0.114304304
9e922026-2cc2-4f23-9db6-d5ef45fe5485,7534,3,770,Germany,3186,Julian Draxler,2,66,43,Regular Play,104.0,31.0,18.35755975068582,0.5123894603107377,False,Right Foot,Normal,Open Play,False,False,False,4,8,118.0,40.0,106.0,45.2,Off T,0.041622043
8d1e26c7-908c-413b-8390-fda9a251a008,7534,3,770,Germany,5557,Timo Werner,2,67,3,From Corner,114.0,34.0,8.48528137423857,0.7853981633974483,False,Right Foot,Volley,Open Play,True,False,False,2,7,120.0,40.0,120.0,39.9,Off T,0.3045737
74e81ba3-a484-44d5-a05c-9bfa27dc2011,7534,3,770,Germany,5559,Marco Reus,2,70,55,Regular Play,114.0,58.0,18.973665961010276,-1.2490457723982544,False,Right Foot,Volley,Open Play,False,False,False,4,8,118.0,44.0,120.0,40.3,Off T,0.009542241
f5dbf84a-4dee-4a0c-80d0-5675a47ffff8,7534,3,770,Germany,5574,Toni Kroos,2,75,22,Regular Play,100.0,49.0,21.93171219946131,-0.4228539261329407,False,Right Foot,Normal,Open Play,True,False,False,7,11,119.0,43.0,120.0,45.0,Off T,0.04795046
c50cb96d-f0e0-49c9-9a4d-3d2ac586897f,7534,3,770,Germany,3186,Julian Draxler,2,76,26,Regular Play,106.0,40.0,14.0,0.0,True,Left Foot,Normal,Open Play,False,False,False,6,10,119.0,42.0,107.0,39.0,Blocked,0.10941726
ba5a92b4-2a0b-4ab2-b799-fc7d1884409e,7534,3,794,Mexico,5556,Miguel Arturo Layún Prado,2,77,5,From Counter,97.0,48.0,24.351591323771842,-0.3347368373168147,True,Right Foot,Normal,Open Play,False,False,False,2,6,117.0,40.0,120.0,37.0,Off T,0.073443435
d7df9749-006f-4c1b-b6fa-515e9be04de9,7534,3,770,Germany,3496,Mesut Özil,2,78,22,From Throw In,99.0,52.0,24.186773244895647,-0.5191461142465229,True,Left Foot,Half Volley,Open Play,True,False,False,6,10,120.0,42.0,110.0,46.0,Blocked,0.034154605
2ec6254b-73cd-4a4f-ad66-6af1645bdea5,7534,3,794,Mexico,5556,Miguel Arturo Layún Prado,2,81,9,Regular Play,101.0,54.0,23.600847442411894,-0.6350267353903137,True,Right Foot,Normal,Open Play,False,False,False,3,6,118.0,41.0,120.0,35.4,Off T,0.058029506
771b375b-c3d8-4db4-9afd-e3160ef5694c,7534,3,770,Germany,5574,Toni Kroos,2,83,35,Regular Play,99.0,33.0,22.135943621178654,0.3217505543966422,True,Left Foot,Normal,Open Play,False,False,False,5,8,118.0,40.0,117.0,37.0,Saved,0.050513986
24919d53-2f35-4ecc-9ddd-8034a3ec2d28,7534,3,770,Germany,5565,Mario Gómez García,2,85,10,Regular Play,113.0,35.0,8.602325267042627,0.6202494859828215,True,Head,Normal,Open Play,False,True,False,4,6,120.0,40.0,114.0,35.0,Blocked,0.090416625
48e6ad9f-add1-49d2-8556-43021d7e43f7,7534,3,770,Germany,5565,Mario Gómez García,2,86,56,Regular Play,113.0,40.0,7.0,0.0,True,Head,Normal,Open Play,False,True,False,4,8,120.0,42.0,120.0,45.4,Off T,0.24410489
da113c55-fb44-4148-ae57-0cd497fd9786,7534,3,770,Germany,5565,Mario Gómez García,2,88,32,Regular Play,117.0,39.0,3.1622776601683795,0.3217505543966422,False,Right Foot,Normal,Open Play,False,False,False,5,9,118.0,39.0,118.0,37.4,Saved,0.55386275
0549602d-81d6-44ac-ae95-1cb1e61cb920,7534,3,770,Germany,5555,Julian Brandt,2,88,38,Regular Play,96.0,31.0,25.632011235952593,0.35877067027057225,False,Right Foot,Half Volley,Open Play,False,False,False,6,11,118.0,41.0,120.0,35.0,Off T,0.035709005
c59dbb9c-df39-496f-b359-4fc1c8ddbdd0,7534,3,770,Germany,5578,Jérôme Boateng,2,89,46,Regular Play,95.0,59.0,31.400636936215164,-0.6498704494119476,False,Left Foot,Normal,Open Play,False,False,False,9,11,119.0,43.0,119.0,41.7,Saved,0.0076826327
4cefa405-7618-476e-bd76-bb6b13749372,7543,3,772,Spain,5721,Daniel Carvajal Ramos,1,3,32,Regular Play,101.0,62.0,29.068883707497267,-0.8584387287005676,False,Right Foot,Half Volley,Open Play,True,False,False,5,8,120.0,44.0,120.0,45.4,Off T,0.0062442855
e5e88faf-4ff0-43a1-aa1e-2a3341974e6b,7543,3,797,Iran,5241,Vahid Amiri,1,5,57,From Free Kick,95.0,26.0,28.653097563788805,0.5104883219167757,False,Left Foot,Volley,Open Play,False,False,False,8,11,119.0,38.0,120.0,37.0,Off T,0.017048458
d871a383-f9d1-4cca-b6e6-5fc835c990a1,7543,3,772,Spain,5198,Diego da Silva Costa,1,9,26,From Free Kick,114.0,45.0,7.810249675906654,-0.6947382761967031,False,Head,Normal,Open Play,False,False,False,5,11,120.0,42.0,111.0,80.0,Wayward,0.101224825
68eeae09-274b-4ef7-9210-d44bd4c9ea32,7543,3,797,Iran,5231,Karim Ansarifard,1,13,57,From Goal Kick,93.0,37.0,27.16615541441225,0.11065722117389565,True,Left Foot,Normal,Open Play,False,False,False,4,10,119.0,40.0,120.0,46.0,Off T,0.030081216
8dd292c7-063a-4226-b0e3-f139a2fa457d,7543,3,772,Spain,3064,David Josué Jiménez Silva,1,18,10,From Throw In,97.0,48.0,24.351591323771842,-0.3347368373168147,False,Left Foot,Normal,Open Play,False,False,False,5,10,120.0,43.0,105.0,43.0,Blocked,0.036545493
e6848190-0b4c-4d54-84f9-829f567d01a9,7543,3,772,Spain,5201,Sergio Ramos García,1,21,55,From Free Kick,88.0,34.0,32.55764119219941,0.18534794999569476,False,Right Foot,Normal,Free Kick,False,False,False,7,11,120.0,41.0,99.0,33.0,Blocked,0.02891147
0f3b352d-a9b0-4e3a-827c-72741f4645b9,7543,3,772,Spain,3064,David Josué Jiménez Silva,1,24,22,From Free Kick,95.0,49.0,26.570660511172846,-0.34555558058171215,False,Left Foot,Normal,Free Kick,False,False,False,7,10,120.0,41.0,120.0,43.0,Saved,0.056378577
6de95341-80ff-4918-a6fe-a984592639f2,7543,3,772,Spain,3064,David Josué Jiménez Silva,1,29,30,From Corner,113.0,40.0,7.0,0.0,False,Left Foot,Normal,Open Play,True,False,False,5,11,119.0,41.0,120.0,41.9,Off T,0.18056935
775e3b1f-6a6c-47ef-9824-ca9a7bf775e8,7543,3,772,Spain,4926,Francisco Román Alarcón Suárez,1,30,35,From Throw In,98.0,61.0,30.4138126514911,-0.7621465405869854,True,Right Foot,Normal,Open Play,False,False,False,5,10,118.0,43.0,120.0,31.1,Off T,0.008805185
e9938bc3-123b-422b-8af3-576360acecfb,7543,3,772,Spain,3064,David Josué Jiménez Silva,1,41,7,From Free Kick,113.0,36.0,8.06225774829855,0.5191461142465229,False,Left Foot,Normal,Open Play,False,False,False,5,11,119.0,40.0,114.0,36.0,Blocked,0.14056613
d0e94996-236f-487d-a285-ea6b24f514ec,7543,3,772,Spain,4926,Francisco Román Alarcón Suárez,1,44,14,From Free Kick,96.0,29.0,26.40075756488817,0.4297622790966885,True,Right Foot,Normal,Open Play,False,False,False,5,10,119.0,40.0,99.0,29.0,Blocked,0.029175429
d5488a5a-47ed-4ee8-a2c8-aebcf3d92784,7543,3,772,Spain,3064,David Josué Jiménez Silva,1,46,12,From Throw In,104.0,48.0,17.88854381999832,-0.4636476090008061,False,Left Foot,Normal,Open Play,True,False,False,6,8,119.0,43.0,107.0,46.0,Blocked,0.077532336
10dce36d-3022-4ff8-8c72-50cea536dbb3,7543,3,772,Spain,5213,Gerard Piqué Bernabéu,2,48,41,From Corner,114.0,41.0,6.082762530298219,-0.16514867741462683,False,Right Foot,Normal,Open Play,True,False,False,6,11,118.0,40.0,117.0,42.0,Blocked,0.23135321
5c5ba9d2-313c-43ba-a068-7e41a3daf84f,7543,3,772,Spain,5203,Sergio Busquets i Burgos,2,49,1,From Corner,96.0,43.0,24.186773244895647,-0.12435499454676144,False,Right Foot,Normal,Open Play,True,False,False,7,10,118.0,40.0,119.0,43.2,Saved,0.036238745
c41f9936-55e7-4b01-86cc-e7d733f90524,7543,3,772,Spain,5198,Diego da Silva Costa,2,50,46,From Throw In,113.0,31.0,11.40175425099138,0.9097531579442097,False,Left Foot,Normal,Open Play,True,False,False,4,9,118.0,39.0,113.0,37.0,Wayward,0.11566157
1005aa39-956b-45f1-8eab-ceb6d7716cc1,7543,3,772,Spain,4926,Francisco Román Alarcón Suárez,2,51,11,From Throw In,105.0,51.0,18.601075237738275,-0.6327488350021832,False,Right Foot,Normal,Open Play,True,False,False,4,10,117.0,42.0,120.0,47.1,Off T,0.05967502
4729060b-8992-4d89-bc8d-d8a36a2752d5,7543,3,797,Iran,5231,Karim Ansarifard,2,52,26,From Throw In,104.0,28.0,20.0,0.6435011087932844,False,Right Foot,Normal,Open Play,True,False,False,6,11,119.0,40.0,120.0,35.0,Off T,0.041793868
35f2728e-92e7-4887-8ad0-cb1b5aea5e05,7543,3,772,Spain,5198,Diego da Silva Costa,2,53,34,From Corner,107.0,36.0,13.601470508735444,0.2984989315861793,True,Right Foot,Normal,Open Play,True,False,False,5,9,117.0,40.0,120.0,36.4,Goal,0.25931305
9e656a38-bb94-4afa-b75a-83a2e4599b25,7543,3,797,Iran,5226,Mehdi Taremi,2,59,25,Regular Play,112.0,39.0,8.06225774829855,0.12435499454676144,True,Head,Normal,Open Play,False,True,False,4,8,119.0,41.0,120.0,34.8,Off T,0.0797548
db210707-d821-412f-9e63-79605f92e21a,7543,3,772,Spain,5201,Sergio Ramos García,2,69,13,From Corner,109.0,46.0,12.529964086141668,-0.4993467216801301,False,Right Foot,Normal,Open Play,True,False,False,6,11,118.0,43.0,112.0,44.0,Blocked,0.089459024
69507fed-d2a1-4737-9d7a-4b9f72ab8ef6,7543,3,772,Spain,5213,Gerard Piqué Bernabéu,2,69,13,From Corner,118.0,39.0,2.23606797749979,0.4636476090008061,False,Left Foot,Normal,Open Play,True,False,False,3,11,117.0,42.0,118.0,38.0,Blocked,0.69309485
cefd1e0d-f3d7-4608-ba9b-66d57b9f59c7,7543,3,772,Spain,4926,Francisco Román Alarcón Suárez,2,77,2,From Free Kick,99.0,56.0,26.40075756488817,-0.6510767214444798,False,Right Foot,Normal,Free Kick,False,False,False,6,11,118.0,40.0,106.0,54.0,Blocked,0.046205834
fb901908-3707-4707-9b59-7f202da24832,7543,3,797,Iran,5226,Mehdi Taremi,2,81,38,Regular Play,117.0,47.0,7.615773105863909,-1.1659045405098132,True,Head,Normal,Open Play,False,True,False,2,10,119.0,42.0,120.0,42.8,Off T,0.13669233
431ba802-49fd-44a2-a492-5836096eef69,7543,3,797,Iran,5224,Sardar Azmoun,2,90,20,Regular Play,109.0,37.0,11.40175425099138,0.2662520491509254,False,Head,Normal,Open Play,False,False,False,3,8,118.0,40.0,116.0,39.0,Wayward,0.121088564
834dda09-b04d-4ae8-8971-bb66203c18af,7544,3,783,Uruguay,5246,Luis Alberto Suárez Díaz,1,1,50,From Throw In,101.0,30.0,21.470910553583888,0.4844779290370232,True,Left Foot,Half Volley,Open Play,False,False,False,3,9,115.0,37.0,106.0,32.0,Blocked,0.03504409
67349e5c-4285-4b1d-aa03-a019b23ff79c,7544,3,799,Saudi Arabia,5191,Mohammed Al Burayk,1,7,19,From Free Kick,93.0,31.0,28.460498941515414,0.3217505543966422,False,Right Foot,Normal,Free Kick,False,False,False,7,11,120.0,42.0,102.0,31.0,Blocked,0.05547695
902c456d-1356-44f1-9017-0ef3431d35da,7544,3,783,Uruguay,4319,Edinson Roberto Cavani Gómez,1,12,7,Regular Play,110.0,34.0,11.661903789690601,0.5404195002705842,False,Left Foot,Half Volley,Open Play,False,False,False,3,9,119.0,37.0,120.0,35.0,Off T,0.101114124
a6fc93d0-a0ea-42fd-b434-599c18599412,7544,3,783,Uruguay,5246,Luis Alberto Suárez Díaz,1,14,11,Regular Play,119.0,53.0,13.038404810405298,-1.4940244355251187,False,Right Foot,Half Volley,Open Play,False,False,False,3,7,119.0,43.0,120.0,44.8,Off T,0.011932639
b9c4c511-b241-47a0-9b15-2a92de5cb3ce,7544,3,799,Saudi Arabia,5190,Fahad Mosaed Al Muwallad Al Harbi,1,20,24,From Keeper,111.0,57.0,19.235384061671343,-1.0838970949836275,True,Right Foot,Normal,Open Play,False,False,False,3,6,119.0,45.0,120.0,45.2,Off T,0.0121245505
ac3dd842-555e-406c-a160-876b9c675035,7544,3,783,Uruguay,5246,Luis Alberto Suárez Díaz,1,22,11,From Corner,114.0,43.0,6.708203932499369,-0.4636476090008061,False,Left Foot,Volley,Open Play,False,False,False,7,11,114.0,36.0,120.0,43.6,Goal,0.40584227
4cfce76e-57b5-4132-bc92-504670ee0cd2,7544,3,783,Uruguay,4319,Edinson Roberto Cavani Gómez,1,24,27,From Counter,110.0,52.0,15.620499351813308,-0.8760580505981934,True,Right Foot,Normal,Open Play,False,False,False,3,8,118.0,43.0,112.0,52.0,Blocked,0.1273453
34c82991-5f0c-483d-ab53-ed2f20b621a9,7544,3,799,Saudi Arabia,5188,Hattan Babhir,1,25,20,Regular Play,96.0,58.0,30.0,-0.6435011087932844,False,Left Foot,Normal,Open Play,False,False,False,6,9,119.0,43.0,119.0,42.0,Saved,0.0094235735
071e518b-79ef-4bff-bd38-a15578897bd7,7544,3,799,Saudi Arabia,5188,Hattan Babhir,1,28,17,Regular Play,112.0,49.0,12.041594578792296,-0.844153986113171,False,Right Foot,Normal,Open Play,True,False,False,3,8,119.0,42.0,120.0,43.8,Off T,0.10249908
ddb90f40-d517-4127-8662-2928c1c59667,7544,3,799,Saudi Arabia,5187,Salem Mohammed Al Dawsari,1,37,34,Regular Play,83.0,40.0,37.0,0.0,False,Right Foot,Normal,Open Play,False,False,False,4,10,118.0,41.0,120.0,34.6,Off T,0.0055306493
6a6416b2-9fc8-4740-b051-ebe36076d8a1,7544,3,783,Uruguay,5246,Luis Alberto Suárez Díaz,2,50,33,From Free Kick,87.0,42.0,33.06055050963308,-0.060532019782107135,False,Right Foot,Normal,Free Kick,False,False,False,8,11,119.0,41.0,118.0,43.6,Saved,0.023920795
d6b7fb69-5182-4abf-bdeb-310cbb648544,7544,3,783,Uruguay,5268,Carlos Andrés Sánchez Arcosa,2,61,31,Regular Play,112.0,47.0,10.63014581273465,-0.7188299996216245,False,Head,Diving Header,Open Play,False,False,False,3,8,118.0,44.0,120.0,37.8,Off T,0.15817063
eb9bbfed-9535-4aef-862f-8db784de8c65,7544,3,783,Uruguay,5246,Luis Alberto Suárez Díaz,2,63,6,Regular Play,105.0,59.0,24.20743687382041,-0.9025069079643125,False,Left Foot,Normal,Open Play,True,False,False,4,8,119.0,44.0,107.0,53.0,Blocked,0.009338622
1c4b2b48-c448-4194-a476-d2b954ebbeed,7544,3,783,Uruguay,5248,José Martín Cáceres Silva,2,67,54,From Free Kick,114.0,43.0,6.708203932499369,-0.4636476090008061,True,Head,Normal,Open Play,False,True,False,8,11,120.0,42.0,120.0,44.2,Off T,0.17345619
5c7ac167-48aa-419e-a107-44dc202c146a,7544,3,783,Uruguay,5248,José Martín Cáceres Silva,2,76,53,From Free Kick,112.0,34.0,10.0,0.6435011087932844,False,Right Foot,Half Volley,Open Play,False,False,False,6,9,119.0,41.0,115.0,37.0,Blocked,0.193565
40bc608a-08fd-48ff-8819-2f31ba633503,7544,3,783,Uruguay,5266,Lucas Torreira Di Pascua,2,79,16,From Throw In,92.0,40.0,28.0,0.0,False,Right Foot,Normal,Open Play,False,False,False,7,11,120.0,41.0,105.0,45.0,Blocked,0.025469651
67b56c3e-f180-420d-9446-81586e1b7647,7544,3,783,Uruguay,4319,Edinson Roberto Cavani Gómez,2,79,16,From Throw In,105.0,45.0,15.811388300841896,-0.3217505543966422,False,Head,Normal,Open Play,False,False,False,5,11,120.0,43.0,120.0,34.4,Off T,0.08319649
e024d05f-a497-408e-9572-896ac583987f,7544,3,783,Uruguay,4319,Edinson Roberto Cavani Gómez,2,85,17,Regular Play,104.0,41.0,16.0312195418814,-0.06241880999595735,False,Right Foot,Normal,Open Play,False,False,False,1,6,113.0,39.0,110.0,41.9,Saved,0.37744683
04c57583-9b7a-4c94-beec-c623d8fa2782,7544,3,783,Uruguay,5246,Luis Alberto Suárez Díaz,2,88,18,Regular Play,102.0,40.0,18.0,0.0,False,Other,Half Volley,Open Play,False,False,False,4,9,118.0,40.0,120.0,62.0,Wayward,0.0815443
1e664f39-3278-4385-8e40-3e91640e27a4,7544,3,799,Saudi Arabia,5183,Yasir Gharsan Al Shahrani,2,89,10,From Goal Kick,94.0,21.0,32.202484376209235,0.6310793874713293,False,Left Foot,Normal,Open Play,False,False,False,6,10,117.0,38.0,97.0,22.0,Blocked,0.008307631
59612ca6-ecc7-44f2-8867-68f33b81edab,7544,3,799,Saudi Arabia,5713,Mohammed Kanoo,2,89,51,From Corner,111.0,47.0,11.40175425099138,-0.6610431688506869,False,Head,Normal,Open Play,False,False,False,6,11,117.0,42.0,118.0,43.4,Saved,0.05516719
da68ba3d-0334-44c3-a0f0-c11f831e789a,7544,3,799,Saudi Arabia,5183,Yasir Gharsan Al Shahrani,2,90,59,Regular Play,98.0,24.0,27.202941017470888,0.628796286415433,True,Right Foot,Normal,Open Play,False,False,False,6,9,117.0,37.0,106.0,30.0,Blocked,0.024956208
867f7033-aa16-476b-9bab-47ebc28696ec,7546,3,784,Peru,5525,Édison Michael Flores Peralta,1,1,31,From Throw In,96.0,43.0,24.186773244895647,-0.12435499454676144,True,Left Foot,Normal,Open Play,True,False,False,7,10,120.0,43.0,98.0,43.0,Blocked,0.04638079
ae578ceb-a2f9-4d20-873c-801e99aace38,7546,3,784,Peru,5529,Víctor Yoshimar Yotún Flores,1,5,46,Regular Play,62.0,36.0,58.137767414994535,0.0688564893010446,True,Left Foot,Normal,Open Play,False,False,False,6,10,115.0,40.0,120.0,36.4,Off T,0.002964359
06dd2338-e2ef-4b5f-b796-62f6505c080c,7546,3,771,France,5487,Antoine Griezmann,1,10,2,From Counter,114.0,54.0,15.231546211727817,-1.1659045405098132,False,Right Foot,Normal,Open Play,False,False,False,6,8,118.0,47.0,120.0,46.1,Off T,0.040895715
c19effac-2860-472f-a527-ad16f39a8e4d,7546,3,771,France,20004,Paul Pogba,1,11,6,Regular Play,88.0,54.0,34.92849839314596,-0.4124104415973873,False,Right Foot,Normal,Open Play,False,False,False,5,9,118.0,38.0,120.0,35.2,Off T,0.009108837
a5932edb-0190-40c1-954d-ae613c7fe507,7546,3,771,France,5485,Raphaël Varane,1,13,44,From Corner,115.0,34.0,7.810249675906654,0.8760580505981934,False,Head,Normal,Open Play,False,False,False,6,11,119.0,39.0,120.0,46.0,Off T,0.10144759
15544ebb-e6ac-4687-92c9-cfb684746c70,7546,3,771,France,5487,Antoine Griezmann,1,15,19,From Free Kick,102.0,51.0,21.095023109728988,-0.5485494024505281,False,Right Foot,Half Volley,Open Play,True,False,False,3,8,117.0,40.0,114.0,41.7,Saved,0.051455326
5611dd15-8c83-45b6-9cd6-46559a68b910,7546,3,784,Peru,5525,Édison Michael Flores Peralta,1,23,24,From Corner,97.0,27.0,26.419689627245813,0.5144513130590278,True,Left Foot,Normal,Open Play,True,False,False,6,11,119.0,41.0,120.0,46.7,Off T,0.027215322
f383ec65-f8c5-4cbf-a073-4c1f919e4eec,7546,3,784,Peru,5535,José Paolo Guerrero Gonzáles,1,30,16,From Throw In,110.0,33.0,12.206555615733702,0.6107259643892086,False,Left Foot,Normal,Open Play,False,False,False,5,10,119.0,40.0,119.0,38.5,Saved,0.20325628
19903854-5268-46d0-8654-3aad8e3179fa,7546,3,771,France,3009,Kylian Mbappé Lottin,1,32,51,Regular Play,112.0,38.0,8.246211251235321,0.24497866312686414,False,Right Foot,Backheel,Open Play,True,False,False,3,6,117.0,37.0,118.0,37.0,Saved,0.27977735
47e6a2ec-756d-447a-a1b8-cadb77f72d79,7546,3,771,France,3604,Olivier Giroud,1,33,36,From Counter,109.0,29.0,15.556349186104045,0.7853981633974483,False,Left Foot,Normal,Open Play,False,False,False,2,6,115.0,35.0,110.0,30.0,Blocked,0.09149722
89ae9704-8a85-47a7-aa4f-7bacd13ca71f,7546,3,771,France,3009,Kylian Mbappé Lottin,1,33,38,From Counter,119.0,41.0,1.4142135623730951,-0.7853981633974483,False,Right Foot,Volley,Open Play,True,False,True,3,6,117.0,38.0,120.0,40.5,Goal,0.9293175
6c00c88b-5012-4436-ab69-3b1053c998e2,7546,3,771,France,5484,Lucas Hernández Pi,1,42,22,Regular Play,109.0,27.0,17.029386365926403,0.8685393952858895,False,Left Foot,Normal,Open Play,False,False,False,5,10,116.0,35.0,119.0,41.1,Saved,0.053871572
b54e1675-54fd-49a0-91ac-6b9ee8a031ed,7546,3,771,France,5484,Lucas Hernández Pi,1,42,24,Regular Play,112.0,29.0,13.601470508735444,0.9420000403794636,False,Left Foot,Volley,Open Play,True,False,False,5,10,116.0,37.0,120.0,46.9,Off T,0.115647
356f2616-caea-4f41-a71b-7b3e2e13d411,7546,3,784,Peru,5526,Pedro Jesús Aquino Sánchez,2,49,53,Regular Play,93.0,39.0,27.018512172212592,0.037020115873930025,True,Right Foot,Normal,Open Play,True,False,False,6,11,118.0,40.0,120.0,36.0,Post,0.032040957
a98807c5-295b-418b-83b3-e45cf6733528,7546,3,784,Peru,5519,Christian Alberto Cueva Bravo,2,57,30,Regular Play,101.0,30.0,21.470910553583888,0.4844779290370232,False,Right Foot,Normal,Open Play,False,False,False,3,10,117.0,38.0,104.0,34.0,Blocked,0.049853675
34ef04f2-0ffe-4de6-bf3b-95090d953e91,7546,3,784,Peru,3632,André Martín Carrillo Díaz,2,60,41,From Throw In,94.0,37.0,26.1725046566048,0.11487660541689913,False,Right Foot,Normal,Open Play,False,False,False,4,9,118.0,40.0,120.0,39.9,Off T,0.03232524
500d9f1f-1a23-43a9-b70d-48659c012091,7546,3,784,Peru,5535,José Paolo Guerrero Gonzáles,2,66,31,From Throw In,105.0,40.0,15.0,0.0,False,Head,Normal,Open Play,False,False,False,6,9,119.0,38.0,105.0,33.0,Wayward,0.10677668
1124bd02-6c85-4c54-87e9-75ea957f5959,7546,3,784,Peru,5521,Luis Jan Piers Advíncula Castrillón,2,67,4,Regular Play,98.0,61.0,30.4138126514911,-0.7621465405869854,False,Left Foot,Normal,Open Play,False,False,False,4,9,118.0,40.0,120.0,42.2,Off T,0.009771249
1461fcf6-a463-42dc-ab17-71ab2bb7f148,7546,3,784,Peru,5531,Jefferson Agustín Farfán Guadalupe,2,73,22,From Throw In,116.0,29.0,11.704699910719626,1.2220253232109897,False,Left Foot,Volley,Open Play,True,False,False,2,8,119.0,38.0,120.0,35.0,Off T,0.046855085
4baf57a1-e8a8-40bf-83f6-c84ed3a9baad,7546,3,771,France,5477,Ousmane Dembélé,2,81,7,From Free Kick,105.0,44.0,15.524174696260024,-0.260602391747341,False,Left Foot,Half Volley,Open Play,False,False,False,4,7,117.0,42.0,120.0,34.8,Off T,0.07033722
6f6add5f-0f76-4ba5-8185-f57615dc2723,7546,3,784,Peru,5535,José Paolo Guerrero Gonzáles,2,87,1,From Free Kick,87.0,43.0,33.13608305156178,-0.09065988720074511,False,Right Foot,Normal,Free Kick,False,False,False,6,10,118.0,40.0,119.0,42.8,Saved,0.02880108
cedadd0b-6f74-41ad-9520-0ad52aab7905,7546,3,771,France,4375,Blaise Matuidi,2,91,26,From Free Kick,97.0,40.0,23.0,0.0,False,Left Foot,Volley,Open Play,True,False,False,5,11,119.0,41.0,120.0,34.2,Off T,0.039226346
591fe03f-5f2e-4d7c-9f43-b01d27008112,7546,3,784,Peru,5535,José Paolo Guerrero Gonzáles,2,92,35,From Free Kick,107.0,30.0,16.401219466856727,0.6556956262415362,True,Head,Normal,Open Play,False,True,False,6,10,118.0,40.0,120.0,33.9,Off T,0.038980518
e070625e-d2ed-411a-bdc7-15c2ae491bbb,7546,3,771,France,3604,Olivier Giroud,2,93,46,From Goal Kick,106.0,32.0,16.1245154965971,0.5191461142465229,False,Left Foot,Normal,Open Play,False,False,False,2,6,116.0,38.0,107.0,33.0,Blocked,0.07983788
019bf340-4e81-480f-9204-965d66d246f1,7545,3,785,Croatia,5474,Ivan Perišić,1,4,7,From Throw In,109.0,27.0,17.029386365926403,0.8685393952858895,True,Left Foot,Normal,Open Play,False,False,False,4,7,119.0,39.0,118.0,40.1,Saved,0.10931223
dafc7d5d-209f-4cdc-b59c-216c2d72a772,7545,3,779,Argentina,5499,Maximiliano Eduardo Meza,1,12,29,From Throw In,104.0,41.0,16.0312195418814,-0.06241880999595735,False,Right Foot,Normal,Open Play,True,False,False,6,8,118.0,40.0,110.0,41.0,Blocked,0.07232099
01e37d4e-7fad-4b08-b111-cb72a6465f26,7545,3,785,Croatia,5469,Marcelo Brozović,1,20,35,From Throw In,87.0,35.0,33.37663853655727,0.15037142800713454,False,Right Foot,Normal,Open Play,False,False,False,5,11,117.0,41.0,101.0,37.0,Blocked,0.017617416
88429e70-6c78-4e76-9321-a60ec6cfd1ea,7545,3,779,Argentina,5741,Enzo Nicolás Pérez,1,29,13,From Throw In,106.0,33.0,15.652475842498529,0.4636476090008061,False,Left Foot,Normal,Open Play,True,False,False,3,7,114.0,29.0,120.0,35.4,Off T,0.33644146
e5815ba6-98df-441f-89ba-75bae7b9de59,7545,3,785,Croatia,5472,Mario Mandžukić,1,32,1,From Throw In,115.0,34.0,7.810249675906654,0.8760580505981934,False,Head,Diving Header,Open Play,False,False,False,4,9,118.0,39.0,120.0,34.2,Off T,0.2433502
7453de16-5139-4efc-a17e-8d304fe1fd07,7545,3,785,Croatia,5465,Ante Rebić,1,46,33,Regular Play,99.0,34.0,21.840329667841555,0.27829965900511133,False,Right Foot,Normal,Open Play,False,False,False,2,5,117.0,41.0,120.0,44.2,Off T,0.09167263
2598363b-b579-436c-bc8d-d846c72abec8,7545,3,779,Argentina,19597,Marcos Javier Acuña,2,48,34,From Free Kick,96.0,28.0,26.832815729997478,0.4636476090008061,False,Left Foot,Normal,Open Play,False,False,False,5,9,118.0,40.0,100.0,29.0,Blocked,0.037094012
deeb99a7-a1b8-4f56-a9f6-be433214130f,7545,3,779,Argentina,3237,Sergio Leonel Agüero del Castillo,2,52,16,Regular Play,111.0,29.0,14.212670403551895,0.8850668158886104,False,Left Foot,Normal,Open Play,False,False,False,4,10,117.0,38.0,117.0,38.3,Saved,0.13586974
819be6a8-7bde-4429-b073-47c8a296616a,7545,3,785,Croatia,5465,Ante Rebić,2,52,35,Regular Play,108.0,30.0,15.620499351813308,0.6947382761967031,False,Right Foot,Volley,Open Play,True,False,False,1,4,113.0,37.0,120.0,40.7,Goal,0.3903937
cc8f094c-ca91-4f65-96a9-15b0115083b7,7545,3,779,Argentina,5499,Maximiliano Eduardo Meza,2,63,1,Regular Play,113.0,34.0,9.219544457292887,0.7086262721276703,False,Left Foot,Normal,Open Play,True,False,False,5,10,118.0,38.0,119.0,37.2,Saved,0.1882397
a901cb8a-f375-4cd1-935d-17a679dd3a30,7545,3,779,Argentina,5503,Lionel Andrés Messi Cuccittini,2,63,3,Regular Play,117.0,36.0,5.0,0.9272952180016122,True,Left Foot,Normal,Open Play,False,False,False,4,9,118.0,37.0,118.0,36.0,Blocked,0.2574592
4f6d2d06-89b8-43b6-bd03-47de04dab051,7545,3,779,Argentina,3090,Nicolás Hernán Otamendi,2,63,26,From Corner,109.0,43.0,11.40175425099138,-0.2662520491509254,True,Head,Normal,Open Play,False,True,False,6,11,119.0,41.0,120.0,38.5,Off T,0.06496638
2eb8e09a-ec16-4056-9583-16ddc97f7189,7545,3,785,Croatia,5472,Mario Mandžukić,2,65,24,Regular Play,115.0,49.0,10.295630140987,-1.0636978224025597,False,Right Foot,Normal,Open Play,True,False,False,5,8,118.0,42.0,120.0,45.2,Off T,0.19214138
d2744eac-88d5-4b11-9420-6b9ce839a55f,7545,3,779,Argentina,5743,Paulo Bruno Exequiel Dybala,2,70,44,Regular Play,107.0,59.0,23.021728866442675,-0.9707461133931431,False,Left Foot,Normal,Open Play,False,False,False,4,10,118.0,44.0,120.0,36.0,Off T,0.011055459
74a0fd28-7b71-4766-9786-d92cb1e550b4,7545,3,785,Croatia,5470,Ivan Rakitić,2,79,29,Regular Play,103.0,24.0,23.345235059857504,0.7551044034786732,False,Right Foot,Normal,Open Play,False,False,False,3,7,117.0,38.0,106.0,30.0,Blocked,0.02916088
59cd7437-887a-47d9-9124-2d0302ade69e,7545,3,785,Croatia,5463,Luka Modrić,2,79,54,Regular Play,93.0,45.0,27.459060435491963,-0.18311081726248413,True,Right Foot,Normal,Open Play,False,False,False,3,7,118.0,40.0,120.0,44.0,Goal,0.026013188
6428a791-112d-4909-9d09-91014d43d137,7545,3,779,Argentina,5497,Gonzalo Gerardo Higuaín,2,83,7,Regular Play,100.0,27.0,23.853720883753127,0.5763752205911837,False,Right Foot,Normal,Open Play,False,False,False,7,11,118.0,40.0,119.0,39.3,Saved,0.036090992
d8680a27-7567-45ed-b631-3ccf2bed8064,7545,3,785,Croatia,5470,Ivan Rakitić,2,85,53,From Free Kick,89.0,36.0,31.25699921617557,0.1283232276857948,False,Right Foot,Normal,Free Kick,False,False,False,5,10,118.0,41.0,118.0,36.0,Post,0.039510775
74ae9d65-e5d8-4310-acd5-96ee5b1fe0cc,7545,3,785,Croatia,5456,Mateo Kovačić,2,85,55,From Free Kick,103.0,34.0,18.027756377319946,0.3392926144540447,False,Head,Normal,Open Play,False,False,False,3,9,118.0,37.0,120.0,36.8,Off T,0.10598648
85c3092a-0ac0-40c0-b514-14172a66b071,7545,3,785,Croatia,5472,Mario Mandžukić,2,88,48,From Free Kick,99.0,50.0,23.259406699226016,-0.4444192099010989,False,Left Foot,Normal,Open Play,True,False,False,3,8,118.0,40.0,102.0,53.0,Blocked,0.04277814
2905f235-4913-4525-b5b4-8d5a41bc14da,7545,3,785,Croatia,5463,Luka Modrić,2,88,50,From Free Kick,87.0,54.0,35.84689665786984,-0.40122879900484876,False,Right Foot,Normal,Open Play,True,False,False,4,8,118.0,40.0,120.0,33.5,Off T,0.007149363
b28574f0-be74-4978-a511-d3d24967f2fb,7545,3,779,Argentina,5499,Maximiliano Eduardo Meza,2,90,0,Regular Play,108.0,31.0,15.0,0.6435011087932844,False,Left Foot,Normal,Open Play,False,False,False,4,8,118.0,40.0,113.0,36.0,Blocked,0.07852001
f708a321-c177-4860-8539-f073504c9e37,7545,3,785,Croatia,5470,Ivan Rakitić,2,90,40,Regular Play,98.0,38.0,22.090722034374522,0.09065988720074511,True,Right Foot,Normal,Open Play,False,False,False,2,5,114.0,38.0,114.0,38.3,Saved,0.10333694
ba762d1e-9853-4b95-9231-1f334fe533e9,7545,3,785,Croatia,5470,Ivan Rakitić,2,90,45,From Counter,112.0,40.0,8.0,0.0,False,Right Foot,Normal,Open Play,False,False,False,3,7,114.0,37.0,120.0,37.0,Goal,0.43328673
e2418765-e4a7-46e0-ac68-83093055e469,7585,3,768,England,3612,Ashley Young,1,5,22,From Free Kick,115.0,18.0,22.561028345356956,1.3473197256542635,False,Right Foot,Normal,Free Kick,False,False,False,8,11,120.0,41.0,120.0,42.2,Saved,0.009816105
3d830e92-8719-4b07-aa8b-cf5772a80873,7585,3,768,England,3233,Raheem Sterling,1,7,6,From Free Kick,112.0,54.0,16.1245154965971,-1.0516502125483738,False,Right Foot,Normal,Open Play,False,False,False,6,10,120.0,44.0,113.0,53.0,Blocked,0.03820353
b7213f46-90f2-4b3c-acdd-bf4f89846df9,7585,3,768,England,3233,Raheem Sterling,1,12,40,From Counter,98.0,37.0,22.20360331117452,0.13552771398550073,True,Right Foot,Normal,Open Play,False,False,False,2,8,120.0,41.0,105.0,37.0,Blocked,0.045127578
21d8d908-8867-4d52-9a79-7eeb6360b195,7585,3,768,England,10955,Harry Kane,1,15,28,From Throw In,119.0,36.0,4.123105625617661,1.3258176636680326,False,Head,Normal,Open Play,False,False,True,2,6,120.0,43.0,120.0,40.5,Off T,0.6250739
e86a0564-b672-4fcf-abef-6fc15c31825c,7585,3,769,Colombia,5689,Juan Guillermo Cuadrado Bello,1,21,53,Regular Play,97.0,56.0,28.0178514522438,-0.6078019961139605,False,Right Foot,Normal,Open Play,False,False,False,3,8,119.0,40.0,100.0,54.0,Blocked,0.021760419
a69089fc-958d-498f-82ae-2f81dba41bcf,7585,3,769,Colombia,5691,Johan Andrés Mojica Palacio,1,21,59,Regular Play,90.0,18.0,37.20215047547655,0.6327488350021832,False,Left Foot,Normal,Open Play,False,False,False,6,10,119.0,37.0,120.0,49.3,Off T,0.0061799968
e21db329-91e8-4e50-801d-4abdd4b35272,7585,3,768,England,3233,Raheem Sterling,1,30,14,Regular Play,101.0,46.0,19.924858845171276,-0.30587887140485215,False,Left Foot,Normal,Open Play,False,False,False,3,7,120.0,43.0,103.0,43.0,Blocked,0.06310501
2de15fae-0c26-4053-b87e-4914eecc6252,7585,3,769,Colombia,5692,Juan Fernando Quintero Paniagua,1,32,44,Regular Play,92.0,49.0,29.410882339705484,-0.31099828060554097,False,Left Foot,Normal,Open Play,False,False,False,5,9,118.0,40.0,120.0,48.7,Off T,0.02860382
93a9e213-ec80-49c4-81cf-da4b529c7194,7585,3,768,England,3308,Kieran Trippier,1,41,16,From Free Kick,99.0,31.0,22.847319317591726,0.40489178628508343,False,Right Foot,Normal,Free Kick,False,False,False,9,11,120.0,41.0,120.0,35.2,Off T,0.0893018
b0bee77a-3c6b-4979-8a38-915541e12e84,7585,3,768,England,10955,Harry Kane,1,44,18,Regular Play,94.0,59.0,32.202484376209235,-0.6310793874713293,False,Right Foot,Normal,Open Play,False,False,False,5,8,120.0,41.0,120.0,34.2,Off T,0.008124489
244124d7-dd2d-4644-be6e-9b5990ad0e0e,7585,3,769,Colombia,5692,Juan Fernando Quintero Paniagua,1,46,14,From Throw In,97.0,52.0,25.942243542145693,-0.48088728019533583,False,Left Foot,Normal,Open Play,False,False,False,4,9,118.0,40.0,119.0,39.3,Saved,0.030466357
09b76284-cb81-4bab-8b5b-c8a45342d4ec,7585,3,768,England,3293,Jesse Lingard,1,46,47,From Keeper,108.0,50.0,15.620499351813308,-0.6947382761967031,False,Right Foot,Volley,Open Play,False,False,False,4,7,119.0,42.0,120.0,44.6,Off T,0.06307399
8b2edc60-dbb0-4219-854c-8825d5a38144,7585,3,768,England,10955,Harry Kane,2,56,54,Other,108.0,40.0,12.0,0.0,False,Right Foot,Normal,Penalty,False,False,False,0,0,,,119.0,40.3,Goal,0.7835
00391264-fe86-4170-9d22-a8de6513cbce,7585,3,769,Colombia,5692,Juan Fernando Quintero Paniagua,2,58,47,From Free Kick,78.0,41.0,42.01190307520001,-0.023805026185069942,False,Left Foot,Normal,Open Play,False,False,False,9,11,119.0,43.0,103.0,41.0,Blocked,0.0063226367
3058e5ab-f8b0-4846-81b3-f989995aedb0,7585,3,768,England,3094,Bamidele Alli,2,62,19,From Free Kick,117.0,32.0,8.54400374531753,1.2120256565243244,False,Head,Normal,Open Play,False,False,False,4,8,119.0,39.0,120.0,38.0,Off T,0.10895206
fa62efde-c71c-429f-ad96-9c06877f7260,7585,3,768,England,3336,Harry Maguire,2,72,37,From Corner,108.0,45.0,13.0,-0.3947911196997615,False,Head,Normal,Open Play,False,False,False,5,9,119.0,41.0,119.0,39.9,Off T,0.059315044
cb71dff8-8a9b-4d54-9886-a93ea54b5505,7585,3,769,Colombia,5689,Juan Guillermo Cuadrado Bello,2,80,58,From Counter,108.0,52.0,16.97056274847714,-0.7853981633974483,False,Right Foot,Normal,Open Play,False,False,False,2,6,119.0,44.0,120.0,45.2,Off T,0.079690136
9efd1d17-7a16-4146-8130-ab30b9423cbd,7585,3,768,England,3336,Harry Maguire,2,83,26,From Free Kick,115.0,31.0,10.295630140987,1.0636978224025597,True,Head,Normal,Open Play,False,True,False,3,8,119.0,37.0,119.0,44.8,Off T,0.089014076
aafc8c53-0910-443e-9be5-efabcdbbbbce,7585,3,769,Colombia,3494,Davinson Sánchez Mina,2,84,57,From Throw In,110.0,46.0,11.661903789690601,-0.5404195002705842,False,Head,Normal,Open Play,False,False,False,4,8,120.0,42.0,111.0,30.0,Wayward,0.12324874
a484a0d5-87d4-4bf2-8799-b76904288b88,7585,3,769,Colombia,3445,Radamel Falcao García Zárate,2,85,7,From Throw In,114.0,45.0,7.810249675906654,-0.6947382761967031,True,Head,Normal,Open Play,False,True,False,4,8,120.0,42.0,120.0,45.8,Off T,0.09918101
cd1e8414-141c-44ce-85f6-92cd11695d47,7585,3,769,Colombia,3445,Radamel Falcao García Zárate,2,86,36,Regular Play,94.0,47.0,26.92582403567252,-0.2629947316809195,False,Right Foot,Normal,Open Play,False,False,False,4,9,119.0,42.0,118.0,38.7,Saved,0.02089629
5c501cd6-7f62-425b-ae5f-0097ca5c1f5d,7585,3,769,Colombia,6193,Andrés Mateus Uribe Villa,2,91,59,From Free Kick,82.0,41.0,38.01315561749642,-0.026309717252922193,False,Right Foot,Normal,Open Play,True,False,False,7,10,119.0,41.0,118.0,44.0,Saved,0.00644605
72eecbfb-0436-471d-b12b-dcdc0b4fd8d2,7585,3,769,Colombia,6196,Yerry Fernando Mina González,2,92,32,From Corner,114.0,41.0,6.082762530298219,-0.16514867741462683,False,Head,Normal,Open Play,False,False,False,8,11,120.0,41.0,120.0,36.6,Goal,0.1694467
9ecfa9af-0da8-4d24-9980-8748a6015dbd,7585,3,769,Colombia,5688,Carlos Arturo Bacca Ahumada,3,100,18,Regular Play,109.0,42.0,11.180339887498949,-0.17985349979247828,True,Head,Normal,Open Play,False,True,False,4,10,119.0,40.0,110.0,44.0,Blocked,0.06629666
213dfc45-6d58-49e3-bdcc-0e278a0f8a4e,7585,3,769,Colombia,3494,Davinson Sánchez Mina,3,101,1,From Corner,109.0,42.0,11.180339887498949,-0.17985349979247828,False,Head,Normal,Open Play,False,False,False,5,9,119.0,40.0,120.0,33.5,Off T,0.0617387
7a2637af-3c04-4f42-865e-9cb318c83b05,7585,3,769,Colombia,3445,Radamel Falcao García Zárate,3,103,6,Regular Play,108.0,39.0,12.041594578792296,0.08314123188844123,True,Head,Normal,Open Play,False,True,False,1,5,118.0,39.0,120.0,34.6,Off T,0.1108727
3aad8838-b4e7-4460-a826-65feab5a5b76,7585,3,768,England,3293,Jesse Lingard,4,105,9,From Kick Off,98.0,45.0,22.561028345356956,-0.22347660114063303,False,Left Foot,Volley,Open Play,False,False,False,3,8,118.0,40.0,99.0,46.0,Blocked,0.04739213
7feecfc6-ca7a-4f08-97d0-053b248c362f,7585,3,768,England,10960,Jamie Vardy,4,107,1,From Counter,112.0,56.0,17.88854381999832,-1.1071487177940904,False,Right Foot,Normal,Open Play,False,False,False,2,6,119.0,44.0,114.0,55.0,Blocked,0.013426386
08c14ff4-12a8-44ba-b964-724d0966db8f,7585,3,768,England,3594,Danny Rose,4,111,51,From Throw In,113.0,25.0,16.55294535724685,1.1341691669813554,False,Left Foot,Normal,Open Play,False,False,False,3,6,119.0,36.0,119.0,45.0,Off T,0.01549221
2c215f78-099a-43e7-a801-825d44ec1c47,7585,3,768,England,10956,Eric Dier,4,114,6,From Corner,112.0,44.0,8.94427190999916,-0.4636476090008061,False,Head,Normal,Open Play,False,False,False,6,11,119.0,40.0,120.0,40.5,Off T,0.11420015
6c1b410f-7cdb-425b-84a1-b1e45ec651e6,7585,3,768,England,3336,Harry Maguire,4,118,28,From Throw In,111.0,45.0,10.295630140987,-0.507098504392337,True,Head,Normal,Open Play,False,True,False,5,10,119.0,40.0,112.0,36.0,Wayward,0.07117139
18545fbc-805e-4cb5-8fb4-62439a1f2228,7585,3,769,Colombia,3445,Radamel Falcao García Zárate,5,120,14,Other,109.0,41.0,11.045361017187261,-0.09065988720074511,False,Right Foot,Normal,Penalty,False,False,False,0,0,,,120.0,39.7,Goal,0.7835
47ad0be9-1744-460d-9912-14e0353bf1aa,7585,3,768,England,10955,Harry Kane,5,121,0,Other,109.0,41.0,11.045361017187261,-0.09065988720074511,False,Right Foot,Normal,Penalty,False,False,False,0,0,,,120.0,36.2,Goal,0.7835
d762592c-4f71-4d17-9805-3067a5a01636,7585,3,769,Colombia,5689,Juan Guillermo Cuadrado Bello,5,121,46,Other,109.0,41.0,11.045361017187261,-0.09065988720074511,False,Right Foot,Normal,Penalty,False,False,False,0,0,,,120.0,37.0,Goal,0.7835
d81b6b4f-5290-4c32-8f12-4b3644690ce4,7585,3,768,England,3318,Marcus Rashford,5,122,29,Other,109.0,41.0,11.045361017187261,-0.09065988720074511,False,Right Foot,Normal,Penalty,False,False,False,0,0,,,120.0,36.2,Goal,0.7835
f89b333d-63c2-4e09-b654-30c65ec24954,7585,3,769,Colombia,6334,Luis Fernando Muriel Fruto,5,123,13,Other,109.0,41.0,11.045361017187261,-0.09065988720074511,False,Right Foot,Normal,Penalty,False,False,False,0,0,,,120.0,42.0,Goal,0.7835
fd52691f-c11b-4464-9515-42aab2f0c61d,7585,3,768,England,3532,Jordan Brian Henderson,5,123,58,Other,109.0,41.0,11.045361017187261,-0.09065988720074511,False,Right Foot,Normal,Penalty,False,False,False,0,0,,,120.0,43.8,Saved,0.7835
656b7495-8667-4026-be53-1d5423daeb92,7585,3,769,Colombia,6193,Andrés Mateus Uribe Villa,5,124,50,Other,109.0,41.0,11.045361017187261,-0.09065988720074511,False,Right Foot,Normal,Penalty,False,False,False,0,0,,,120.0,43.4,Post,0.7835
248aad43-431e-40e2-a896-540d5c533e0b,7585,3,768,England,3308,Kieran Trippier,5,125,37,Other,109.0,41.0,11.045361017187261,-0.09065988720074511,False,Right Foot,Normal,Penalty,False,False,False,0,0,,,119.0,37.0,Goal,0.7835
0d5eb466-acfb-4432-a8ca-ea8533f72625,7585,3,769,Colombia,5688,Carlos Arturo Bacca Ahumada,5,126,25,Other,109.0,41.0,11.045361017187261,-0.09065988720074511,False,Right Foot,Normal,Penalty,False,False,False,0,0,,,120.0,38.9,Saved,0.7835
90523b61-4f2c-40bb-ad54-29bf70c0e6ec,7585,3,768,England,10956,Eric Dier,5,127,14,Other,109.0,41.0,11.045361017187261,-0.09065988720074511,False,Right Foot,Normal,Penalty,False,False,False,0,0,,,120.0,36.4,Goal,0.7835
2a16a49b-fc38-468b-9ab7-47ce5f9dc5e8,7569,3,777,Tunisia,5650,Ferjani Sassi,1,6,50,Regular Play,101.0,40.0,19.0,0.0,False,Right Foot,Normal,Open Play,False,False,False,4,9,118.0,43.0,104.0,43.0,Blocked,0.12016924
d8c3ae43-e978-4866-94c5-c30ed930b507,7569,3,777,Tunisia,3557,Naïm Sliti,1,6,52,Regular Play,104.0,33.0,17.46424919657298,0.4124104415973873,False,Right Foot,Overhead Kick,Open Play,True,False,False,4,7,119.0,43.0,120.0,54.0,Wayward,0.18272044
0e34c5ee-a330-48d0-9784-0fdc75c415f7,7569,3,798,Panama,6138,Ricardo Guardia Avila,1,8,22,Regular Play,78.0,22.0,45.69463863518345,0.40489178628508343,False,Left Foot,Normal,Open Play,False,False,False,5,8,117.0,36.0,120.0,34.2,Off T,0.006804785
f8efdf50-242a-48f2-80e4-ed070d7dd077,7569,3,777,Tunisia,3557,Naïm Sliti,1,8,56,From Goal Kick,95.0,42.0,25.079872407968907,-0.07982998571223732,False,Right Foot,Half Volley,Open Play,True,False,False,2,6,117.0,41.0,120.0,34.0,Off T,0.056628663
00bc1118-164a-4856-a300-962281eb17d3,7569,3,798,Panama,5629,Gabriel Arturo Torres Tejada,1,10,7,From Throw In,113.0,32.0,10.63014581273465,0.8519663271732721,False,Other,Normal,Open Play,True,False,False,5,10,119.0,37.0,120.0,31.0,Wayward,0.15354061
437722c9-ce07-42b0-b4e5-6991ff526b17,7569,3,777,Tunisia,5654,Fakhreddine Ben Youssef,1,15,52,Regular Play,104.0,27.0,20.615528128088304,0.6823165548747481,False,Right Foot,Normal,Open Play,True,False,False,3,9,120.0,39.0,109.0,33.0,Blocked,0.048992414
2816435f-a807-4a51-b329-09af1a381487,7569,3,777,Tunisia,3557,Naïm Sliti,1,20,51,Regular Play,102.0,48.0,19.697715603592208,-0.4182243295792291,False,Right Foot,Volley,Open Play,True,False,False,3,7,115.0,44.0,118.0,43.6,Saved,0.07830034
6cd294fc-38f6-4ad5-93f2-f60e7d6b917d,7569,3,798,Panama,6344,Luis Carlos Ovalle Victoria,1,32,26,From Free Kick,90.0,20.0,36.05551275463989,0.5880026035475675,False,Right Foot,Normal,Open Play,False,False,False,7,10,119.0,37.0,118.0,36.6,Saved,0.0069125295
5dbdd800-b1a4-4c43-9165-7292641c09db,7569,3,798,Panama,5635,Román Aureliano Torres Morcillo,1,32,32,From Free Kick,108.0,30.0,15.620499351813308,0.6947382761967031,False,Right Foot,Normal,Open Play,False,False,False,4,9,118.0,37.0,108.0,30.0,Blocked,0.064090684
6b9d9e3f-beda-412a-bf3c-2c5c0334bc37,7569,3,798,Panama,5628,José Luis Rodríguez Francis,1,32,38,From Free Kick,94.0,34.0,26.68332812825267,0.22679884805388587,False,Left Foot,Normal,Open Play,False,False,False,5,8,119.0,37.0,105.0,38.0,Blocked,0.03133579
e91c2c0c-7629-4d57-ae1a-1aa62c371119,7569,3,777,Tunisia,5654,Fakhreddine Ben Youssef,1,38,8,From Throw In,116.0,38.0,4.47213595499958,0.4636476090008061,True,Head,Normal,Open Play,False,True,False,3,9,120.0,38.0,120.0,35.0,Off T,0.30306762
0eb6892c-79e3-4566-92fa-50afff7665f2,7569,3,777,Tunisia,3196,Wahbi Khazri,1,40,37,Regular Play,109.0,54.0,17.804493814764857,-0.9048270894157867,False,Right Foot,Volley,Open Play,True,False,False,3,7,120.0,44.0,120.0,39.5,Off T,0.048267953
68cb18ad-5e16-4e6a-9240-289d9ac50ebf,7569,3,777,Tunisia,3196,Wahbi Khazri,1,45,17,Regular Play,105.0,54.0,20.518284528683193,-0.7509290623979403,False,Right Foot,Volley,Open Play,True,False,False,4,9,118.0,45.0,110.0,51.0,Blocked,0.04845559
b9881d26-8d55-41d9-af77-dc22924ad4a8,7569,3,777,Tunisia,3196,Wahbi Khazri,1,45,18,Regular Play,109.0,54.0,17.804493814764857,-0.9048270894157867,False,Right Foot,Volley,Open Play,True,False,False,3,9,117.0,44.0,117.0,41.9,Saved,0.05502656
fcce3aae-316b-4da1-a3e2-695c80909162,7569,3,777,Tunisia,5654,Fakhreddine Ben Youssef,2,50,16,From Throw In,114.0,40.0,6.0,0.0,False,Right Foot,Normal,Open Play,True,False,False,3,7,117.0,41.0,120.0,38.3,Goal,0.55791056
fa0d7505-fe2c-4e3e-9916-c8e26c7147bb,7569,3,777,Tunisia,5654,Fakhreddine Ben Youssef,2,52,45,From Counter,109.0,47.0,13.038404810405298,-0.5667292175235064,False,Right Foot,Normal,Open Play,True,False,False,4,6,113.0,44.0,115.0,43.8,Saved,0.40925014
499c795f-a07f-4829-b12a-f7ed51fda3cc,7569,3,777,Tunisia,5936,Hamdi Nagguez,2,55,9,From Corner,113.0,50.0,12.206555615733702,-0.960070362405688,False,Other,Volley,Open Play,True,False,False,6,10,118.0,41.0,120.0,53.0,Wayward,0.08575495
d43aea5e-6fd8-4e66-b33e-ed2974619426,7569,3,777,Tunisia,6347,Ghilane Chalali,2,56,46,Regular Play,103.0,51.0,20.248456731316587,-0.5743048301747018,False,Right Foot,Half Volley,Open Play,True,False,False,4,8,117.0,41.0,120.0,26.0,Wayward,0.060271066
5967f993-333a-4a2e-b1ff-60bd3539bf76,7569,3,777,Tunisia,3196,Wahbi Khazri,2,61,28,Regular Play,104.0,56.0,22.627416997969522,-0.7853981633974483,False,Right Foot,Normal,Open Play,False,False,False,3,6,118.0,42.0,119.0,43.8,Saved,0.034605168
26b0dc97-f98e-4e4c-8e73-83f45fa1dbca,7569,3,798,Panama,5637,Edgar Yoel Bárcenas Herrera,2,62,29,From Free Kick,104.0,42.0,16.1245154965971,-0.12435499454676144,False,Right Foot,Volley,Open Play,False,False,False,2,6,107.0,42.0,106.0,40.5,Saved,0.19272226
4ca8663f-8617-45bb-b3d6-f76a2cf33d61,7569,3,777,Tunisia,3196,Wahbi Khazri,2,65,21,From Free Kick,117.0,43.0,4.242640687119285,-0.7853981633974483,False,Right Foot,Normal,Open Play,True,False,True,4,8,116.0,32.0,120.0,40.3,Goal,0.7630343
d5d969f7-31d8-4c6d-92dd-fd55eef00999,7569,3,798,Panama,5628,José Luis Rodríguez Francis,2,69,53,From Throw In,108.0,31.0,15.0,0.6435011087932844,True,Left Foot,Normal,Open Play,False,False,False,4,7,118.0,40.0,118.0,39.9,Saved,0.07895462
245a4b23-d240-4d05-b7b7-3584e23d54c3,7569,3,798,Panama,5646,Aníbal Cesis Godoy,2,92,36,From Free Kick,104.0,31.0,18.35755975068582,0.5123894603107377,False,Left Foot,Volley,Open Play,True,False,False,3,8,118.0,41.0,120.0,34.2,Off T,0.10425556
885baa1e-1a69-4bfa-873d-975bfde377db,7569,3,798,Panama,5637,Edgar Yoel Bárcenas Herrera,2,95,20,From Free Kick,94.0,50.0,27.85677655436824,-0.3671738338182192,False,Right Foot,Normal,Free Kick,False,False,False,9,11,118.0,42.0,117.0,43.2,Saved,0.052178748
cf402cf7-54e4-4270-ac81-2f1729cd27ca,7572,3,778,Japan,3810,Shinji Okazaki,1,11,54,Regular Play,113.0,38.0,7.280109889280518,0.27829965900511133,True,Head,Diving Header,Open Play,False,False,False,3,9,119.0,39.0,120.0,33.7,Off T,0.18346742
a15a3bbe-75d6-4310-bfd3-fc0937eacab5,7572,3,778,Japan,6337,Yoshinori Muto,1,12,46,Regular Play,100.0,28.0,23.323807579381203,0.5404195002705842,True,Right Foot,Normal,Open Play,False,False,False,3,8,118.0,38.0,119.0,36.6,Saved,0.059056483
dcaab6d8-0161-4b94-9293-f71c681abe6f,7572,3,789,Poland,5668,Robert Lewandowski,1,14,54,Regular Play,98.0,32.0,23.40939982143925,0.348771003583907,False,Right Foot,Normal,Open Play,True,False,False,3,8,117.0,41.0,102.0,35.0,Blocked,0.054395676
31cde77f-9d22-4ee3-b96a-412cda7c870b,7572,3,778,Japan,6339,Gotoku Sakai,1,15,15,Regular Play,97.0,43.0,23.194827009486403,-0.1297025371559121,True,Left Foot,Normal,Open Play,True,False,False,5,9,118.0,39.0,118.0,39.1,Saved,0.062735535
165025a9-c8f8-47c8-85a6-1b1d83d45654,7572,3,789,Poland,6336,Rafał Kurzawa,1,22,54,From Free Kick,93.0,38.0,27.073972741361768,0.07393903765794034,False,Left Foot,Normal,Open Play,False,False,False,5,9,117.0,41.0,101.0,37.0,Blocked,0.044366844
b01fd681-b8d6-486f-9964-1b516fd4c880,7572,3,789,Poland,5667,Kamil Grosicki,1,31,50,Regular Play,108.0,39.0,12.041594578792296,0.08314123188844123,False,Head,Normal,Open Play,False,False,False,2,7,119.0,41.0,119.0,36.2,Saved,0.13426797
ef26bc8c-2278-4a35-a9d8-e8eb5b60258c,7572,3,789,Poland,6195,Jacek Góralski,1,32,32,From Corner,85.0,48.0,35.90264614203248,-0.2247111684146427,False,Right Foot,Normal,Open Play,False,False,False,8,11,118.0,41.0,120.0,41.9,Off T,0.006573843
ddadd909-ef2b-44eb-8df7-438681a9c877,7572,3,778,Japan,6191,Takashi Usami,1,34,7,Regular Play,114.0,58.0,18.973665961010276,-1.2490457723982544,True,Right Foot,Normal,Open Play,False,False,False,3,8,119.0,43.0,119.0,38.3,Saved,0.011623721
7fc25a06-272d-426f-a3db-8c16ffdfe93e,7572,3,789,Poland,6336,Rafał Kurzawa,1,36,56,From Corner,104.0,50.0,18.867962264113206,-0.5585993153435624,False,Right Foot,Volley,Open Play,True,False,False,6,11,119.0,41.0,120.0,45.4,Off T,0.061134342
5cb090d5-3770-4e59-8e8d-c58866d949e1,7572,3,778,Japan,6338,Tomoaki Makino,1,40,31,From Corner,109.0,38.0,11.180339887498949,0.17985349979247828,False,Head,Normal,Open Play,False,False,False,6,11,119.0,40.0,114.0,26.0,Wayward,0.07206442
a567a28d-f4e1-454b-9ea5-d1fcf95707fc,7572,3,778,Japan,6191,Takashi Usami,2,52,39,Regular Play,97.0,32.0,24.351591323771842,0.3347368373168147,True,Right Foot,Normal,Open Play,False,False,False,5,9,119.0,41.0,108.0,35.0,Blocked,0.04554054
026b25bc-ee2b-48ac-b67d-cd0d57998889,7572,3,778,Japan,6337,Yoshinori Muto,2,57,25,From Corner,113.0,41.0,7.0710678118654755,-0.14189705460416394,True,Head,Normal,Open Play,False,True,False,6,11,120.0,41.0,115.0,41.0,Wayward,0.10740796
4a0edb2f-4997-49f3-b4eb-b89e8e6e2a1d,7572,3,778,Japan,6338,Tomoaki Makino,2,57,28,From Corner,118.0,34.0,6.324555320336759,1.2490457723982544,False,Right Foot,Overhead Kick,Open Play,True,False,False,5,10,120.0,38.0,120.0,35.0,Off T,0.12342296
e71782b0-70e0-4c9d-a0dc-1901778cc477,7572,3,789,Poland,4626,Jan Bednarek,2,58,55,From Free Kick,114.0,46.0,8.48528137423857,-0.7853981633974483,False,Right Foot,Volley,Open Play,True,False,False,4,9,117.0,41.0,120.0,43.4,Goal,0.20855306
4a487f2d-c4ed-4c13-b57f-3c3e3c729409,7572,3,778,Japan,6191,Takashi Usami,2,61,45,From Throw In,104.0,35.0,16.76305461424021,0.3028848683749714,False,Right Foot,Normal,Open Play,False,False,False,3,9,120.0,41.0,105.0,35.0,Blocked,0.11634326
1710fcbf-7cc2-4317-8393-58946037feb3,7572,3,789,Poland,5660,Piotr Zieliński,2,63,12,From Free Kick,96.0,47.0,25.0,-0.28379410920832787,False,Left Foot,Normal,Open Play,False,False,False,4,8,116.0,40.0,98.0,46.0,Blocked,0.039988436
35cf80c8-4ec8-4c80-babc-efaa717b5483,7572,3,789,Poland,5667,Kamil Grosicki,2,67,19,Regular Play,106.0,35.0,14.866068747318506,0.3430239404207034,False,Head,Normal,Open Play,False,False,False,3,7,117.0,40.0,120.0,48.7,Off T,0.09800385
d3e00ddb-4789-4feb-b551-b07c5b313c63,7572,3,778,Japan,5687,Takashi Inui,2,69,6,From Goal Kick,107.0,16.0,27.294688127912362,1.0743735733900148,True,Right Foot,Normal,Open Play,False,False,False,5,8,119.0,40.0,120.0,46.5,Off T,0.0072147795
ef53ce76-4b4a-44ae-a80e-6f6a5e6eacdf,7572,3,778,Japan,3300,Maya Yoshida,2,71,45,From Corner,113.0,39.0,7.0710678118654755,0.14189705460416394,False,Head,Normal,Open Play,False,False,False,6,11,120.0,41.0,120.0,46.5,Off T,0.1017525
fa6b9c26-9ea5-4e7d-888f-ead68ff491d9,7572,3,789,Poland,5668,Robert Lewandowski,2,73,28,Regular Play,109.0,43.0,11.40175425099138,-0.2662520491509254,False,Right Foot,Normal,Open Play,True,False,False,1,4,115.0,42.0,120.0,38.3,Off T,0.26756054
53ab0dbf-01d1-42ac-8d0c-3fdb591164b1,7572,3,789,Poland,3034,Kamil Glik,2,77,35,From Corner,109.0,41.0,11.045361017187261,-0.09065988720074511,False,Head,Normal,Open Play,False,False,False,6,11,118.0,40.0,120.0,34.4,Off T,0.06256303
4742cb5a-b2dd-4b4a-95dd-4e978a0dbe58,7572,3,789,Poland,4685,Artur Jędrzejczyk,2,81,26,From Corner,110.0,40.0,10.0,0.0,True,Head,Normal,Open Play,False,True,False,5,11,118.0,40.0,111.0,40.0,Blocked,0.06330646
313b42ee-7bb8-4a62-85f8-d5770bdf170f,7561,3,785,Croatia,5456,Mateo Kovačić,1,18,57,From Corner,101.0,46.0,19.924858845171276,-0.30587887140485215,False,Right Foot,Volley,Open Play,True,False,False,7,11,120.0,41.0,111.0,39.0,Blocked,0.060011856
acc77bb8-cb41-4aa6-b5f9-428b45557c1d,7561,3,793,Iceland,5501,Hörður Björgvin Magnússon,1,27,50,From Corner,112.0,34.0,10.0,0.6435011087932844,False,Head,Normal,Open Play,False,False,False,7,11,119.0,38.0,120.0,34.4,Off T,0.0732138
e3ae4964-1140-4265-ae2a-f289594769bb,7561,3,793,Iceland,3944,Gylfi Þór Sigurðsson,1,30,27,From Free Kick,94.0,19.0,33.421549934136806,0.6794138054078485,False,Right Foot,Normal,Free Kick,False,False,False,8,11,118.0,40.0,119.0,36.6,Saved,0.007674473
e97babe5-309f-4031-bf05-5ffac4bd4bdf,7561,3,793,Iceland,5509,Birkir Bjarnason,1,33,33,From Corner,104.0,36.0,16.492422502470642,0.24497866312686414,False,Right Foot,Normal,Open Play,True,False,False,7,11,119.0,38.0,112.0,42.0,Blocked,0.06737653
dc03fe31-3d19-4c4d-8af6-0fc4607b1bd1,7561,3,793,Iceland,5509,Birkir Bjarnason,1,33,35,From Corner,105.0,41.0,15.033296378372908,-0.06656816377582381,True,Right Foot,Normal,Open Play,True,False,False,7,11,118.0,40.0,106.0,41.0,Blocked,0.0741302
0bfb04ea-79f3-4192-89c0-b0fe0195ee89,7561,3,785,Croatia,5474,Ivan Perišić,1,36,20,Regular Play,95.0,41.0,25.019992006393608,-0.039978687123290044,False,Left Foot,Half Volley,Open Play,False,False,False,4,9,119.0,41.0,120.0,46.1,Off T,0.040457163
31cd8a44-2677-4dbe-8685-3096e59b4ac7,7561,3,785,Croatia,5459,Marko Pjaca,1,39,4,Regular Play,91.0,40.0,29.0,0.0,False,Right Foot,Normal,Open Play,False,False,False,7,10,119.0,41.0,103.0,40.0,Blocked,0.027670745
1878b46f-c6e0-4b8d-bb0d-c0e1214a17ef,7561,3,793,Iceland,5514,Alfreð Finnbogason,1,39,51,Regular Play,103.0,45.0,17.72004514666935,-0.2860514417173182,False,Right Foot,Normal,Open Play,True,False,False,6,7,118.0,41.0,120.0,44.8,Off T,0.13476612
2fa602a7-7dd2-47b0-8d83-42118998a3d6,7561,3,785,Croatia,5463,Luka Modrić,1,40,57,Regular Play,87.0,46.0,33.54101966249684,-0.17985349979247828,False,Right Foot,Normal,Open Play,False,False,False,5,9,119.0,41.0,120.0,33.7,Off T,0.02248241
6f741e74-ada1-4bf5-9136-464eacd834ac,7561,3,793,Iceland,5512,Emil Hallfreðsson,1,43,34,From Throw In,85.0,35.0,35.35533905932738,0.14189705460416394,True,Left Foot,Normal,Open Play,False,False,False,8,11,118.0,40.0,120.0,47.3,Off T,0.0148026515
8e70c2e1-5811-4cf0-9179-d601c50377c8,7561,3,793,Iceland,5509,Birkir Bjarnason,1,45,4,From Corner,108.0,42.0,12.165525060596439,-0.16514867741462683,False,Right Foot,Half Volley,Open Play,True,False,False,6,11,115.0,40.0,114.0,42.2,Saved,0.12390236
ccae6789-b294-4e21-96eb-64a654d5eba5,7561,3,793,Iceland,5515,Aron Einar Gunnarsson,1,46,44,Regular Play,104.0,56.0,22.627416997969522,-0.7853981633974483,False,Right Foot,Normal,Open Play,True,False,False,4,9,118.0,42.0,119.0,38.5,Saved,0.032808866
4c9fa445-3906-46f0-82d7-41521ffd0c28,7561,3,785,Croatia,6305,Milan Badelj,2,50,56,From Counter,93.0,49.0,28.460498941515414,-0.3217505543966422,False,Right Foot,Normal,Open Play,False,False,False,2,8,118.0,41.0,120.0,42.6,Post,0.02910992
46b28129-116d-439b-aedb-4f508b1b37a9,7561,3,785,Croatia,6305,Milan Badelj,2,52,32,From Throw In,106.0,40.0,14.0,0.0,True,Right Foot,Normal,Open Play,False,False,False,5,8,119.0,39.0,120.0,36.6,Goal,0.15725932
35ba5865-7d31-4fbf-9661-b65ee74e8b76,7561,3,793,Iceland,5501,Hörður Björgvin Magnússon,2,54,20,From Throw In,117.0,48.0,8.54400374531753,-1.2120256565243244,True,Head,Normal,Open Play,False,True,False,6,11,119.0,46.0,117.0,37.0,Wayward,0.094022386
a01f9e3c-6e10-43c5-849b-79f1ddb60561,7561,3,793,Iceland,5831,Sverrir Ingi Ingason,2,54,22,From Throw In,113.0,39.0,7.0710678118654755,0.14189705460416394,False,Head,Normal,Open Play,False,False,False,6,9,119.0,41.0,120.0,41.3,Saved,0.14512381
01587811-b5f5-4863-9288-e4c0bbebf42d,7561,3,793,Iceland,5831,Sverrir Ingi Ingason,2,55,20,From Corner,113.0,42.0,7.280109889280518,-0.27829965900511133,False,Head,Normal,Open Play,False,False,False,7,11,120.0,42.0,120.0,42.6,Post,0.08829386
5f1eef43-277f-4c48-8090-51dba0d5e0bb,7561,3,793,Iceland,3720,Johann Berg Guðmunds­son,2,56,5,Regular Play,101.0,61.0,28.319604517012593,-0.8353565591193911,False,Left Foot,Normal,Open Play,False,False,False,6,9,119.0,42.0,101.0,59.0,Blocked,0.010740825
fbb5f5d8-d301-4855-bdcf-527281b8260c,7561,3,793,Iceland,3944,Gylfi Þór Sigurðsson,2,65,8,From Counter,108.0,60.0,23.323807579381203,-1.0303768265243125,False,Right Foot,Normal,Open Play,False,False,False,3,9,119.0,44.0,120.0,46.3,Off T,0.009020671
92acccea-9d81-4624-bfce-61d4d541acb4,7561,3,785,Croatia,5460,Andrej Kramarić,2,65,59,From Goal Kick,91.0,34.0,29.614185789921695,0.20401797959254858,False,Left Foot,Normal,Open Play,False,False,False,4,8,118.0,40.0,120.0,33.0,Blocked,0.02832047
a75c7a9b-9fa1-4cef-811e-1b91ecb713de,7561,3,793,Iceland,5509,Birkir Bjarnason,2,72,3,Regular Play,112.0,33.0,10.63014581273465,0.7188299996216245,False,Left Foot,Normal,Open Play,True,False,False,3,4,119.0,42.0,120.0,33.3,Off T,0.27502066
76be5a7d-ca54-42f3-bf97-82c07c433000,7561,3,785,Croatia,6308,Josip Pivarić,2,73,32,Regular Play,100.0,19.0,29.0,0.8097835725701669,False,Left Foot,Normal,Open Play,False,False,False,5,7,118.0,38.0,119.0,45.2,Off T,0.009257236
0cf61331-1a85-412b-84fe-0c2a77b80462,7561,3,793,Iceland,3944,Gylfi Þór Sigurðsson,2,75,9,Other,109.0,41.0,11.045361017187261,-0.09065988720074511,False,Right Foot,Normal,Penalty,False,False,False,0,0,,,120.0,40.7,Goal,0.7835
1c88303e-f2f1-40d7-bfa9-9dd63c90f451,7561,3,793,Iceland,3720,Johann Berg Guðmunds­son,2,76,1,Regular Play,98.0,60.0,29.732137494637012,-0.7378150601204649,True,Left Foot,Normal,Open Play,False,False,False,6,11,119.0,43.0,118.0,38.1,Saved,0.008520809
157ce5f8-810a-4439-9384-5ebea13337d6,7561,3,785,Croatia,5474,Ivan Perišić,2,84,21,From Free Kick,95.0,55.0,29.154759474226502,-0.5404195002705842,False,Left Foot,Normal,Free Kick,False,False,False,3,10,118.0,40.0,120.0,43.0,Off T,0.03921014
1ddd5c9b-e7c9-4d78-8da2-df9d6c450d40,7561,3,785,Croatia,5470,Ivan Rakitić,2,87,18,From Free Kick,104.0,16.0,28.844410203711913,0.982793723247329,False,Right Foot,Normal,Free Kick,False,False,False,5,8,118.0,40.0,120.0,39.1,Off T,0.008552793
8d2e76a6-304c-4fe6-ae97-3f683ad59792,7561,3,785,Croatia,5460,Andrej Kramarić,2,88,6,Regular Play,104.0,33.0,17.46424919657298,0.4124104415973873,False,Right Foot,Normal,Open Play,False,False,False,3,5,118.0,39.0,119.0,34.8,Off T,0.07215265
34b9f460-6031-48b8-9506-3cae3179b443,7561,3,785,Croatia,5474,Ivan Perišić,2,89,43,Regular Play,111.0,28.0,15.0,0.9272952180016122,False,Left Foot,Normal,Open Play,False,False,False,1,4,118.0,35.0,120.0,43.8,Goal,0.124663696
2ccc9cc6-1701-4628-8612-6741ba77df47,7561,3,785,Croatia,5470,Ivan Rakitić,2,91,11,Regular Play,101.0,41.0,19.026297590440446,-0.05258306161094172,False,Right Foot,Normal,Open Play,False,False,False,4,7,117.0,40.0,120.0,34.2,Off T,0.054780398
27172494-a1be-47d9-901d-f426df8620d8,7561,3,793,Iceland,5515,Aron Einar Gunnarsson,2,93,38,From Corner,114.0,38.0,6.324555320336759,0.3217505543966422,False,Head,Normal,Open Play,False,False,False,8,11,120.0,41.0,115.0,41.0,Blocked,0.18976888
74d02460-55dd-4ff2-bf7e-ab491f26c089,7540,3,796,Russia,5171,Roman Zobnin,1,4,38,Regular Play,100.0,22.0,26.90724809414742,0.7328151017865066,False,Left Foot,Normal,Open Play,False,False,False,6,9,118.0,37.0,106.0,25.0,Blocked,0.01924025
732b8076-bcc9-4201-af4c-46d595081971,7540,3,796,Russia,5174,Sergei Ignashevich,1,5,17,From Corner,110.0,38.0,10.198039027185569,0.19739555984988075,False,Head,Normal,Open Play,False,False,False,6,9,118.0,39.0,119.0,40.7,Saved,0.11243659
6d52cd93-76d7-4778-ae4d-95ea1ac0d085,7540,3,796,Russia,5177,Aleksandr Golovin,1,5,32,Regular Play,96.0,37.0,24.186773244895647,0.12435499454676144,False,Right Foot,Normal,Open Play,False,False,False,1,7,118.0,38.0,119.0,35.0,Off T,0.054492563
857cbfce-8e92-44bc-955c-8536d2c1364e,7540,3,796,Russia,5186,Denis Cheryshev,1,12,57,Regular Play,99.0,48.0,22.47220505424423,-0.36397895650964407,False,Left Foot,Normal,Open Play,False,False,False,4,9,117.0,41.0,101.0,46.0,Blocked,0.029840613
fd16c005-ef10-4149-aa8c-35cd0c354894,7540,3,774,Egypt,5252,Marwan Mohsen,1,14,8,From Corner,116.0,33.0,8.06225774829855,1.0516502125483738,True,Head,Normal,Open Play,False,True,False,6,10,120.0,39.0,117.0,34.0,Blocked,0.110154584
def9d729-0000-4705-83b6-de6f5634d581,7540,3,774,Egypt,5261,Mahmoud Ibrahim Hassan,1,15,24,From Throw In,105.0,24.0,21.93171219946131,0.8176450458327023,False,Right Foot,Normal,Open Play,False,False,False,4,9,120.0,39.0,120.0,45.0,Off T,0.02676571
e7a01772-c453-467d-a382-4ad2138efe49,7540,3,796,Russia,5186,Denis Cheryshev,1,18,12,From Free Kick,92.0,34.0,28.635642126552707,0.21109333322274654,False,Right Foot,Normal,Open Play,False,False,False,6,10,118.0,39.0,120.0,40.7,Off T,0.021579333
26a7fe1a-cebc-422d-a9cb-ed94dacb40dc,7540,3,796,Russia,5181,Yury Gazinskiy,1,22,58,Regular Play,89.0,32.0,32.01562118716424,0.25255427577805956,False,Right Foot,Normal,Open Play,False,False,False,5,9,118.0,40.0,120.0,38.0,Off T,0.01850139
6a82b647-af09-467d-ae2e-232f09b9d0a8,7540,3,774,Egypt,5261,Mahmoud Ibrahim Hassan,1,24,8,From Throw In,99.0,28.0,24.186773244895647,0.5191461142465229,False,Right Foot,Normal,Open Play,False,False,False,3,8,119.0,40.0,103.0,32.0,Blocked,0.03949043
0a6449e5-eb6a-4177-ab9d-eb781ad4968b,7540,3,774,Egypt,5252,Marwan Mohsen,1,33,45,From Corner,117.0,25.0,15.297058540778355,1.373400766945016,True,Head,Normal,Open Play,False,True,False,4,9,119.0,39.0,117.0,20.0,Wayward,0.012645621
bcbb93d8-fce3-4912-9cd2-a04cd5f9ee2d,7540,3,774,Egypt,5252,Marwan Mohsen,1,34,30,From Throw In,113.0,34.0,9.219544457292887,0.7086262721276703,True,Head,Normal,Open Play,False,True,False,3,6,120.0,39.0,120.0,32.7,Off T,0.10735543
c6b89661-df6a-4ac8-bbe2-337b9b530486,7540,3,796,Russia,5186,Denis Cheryshev,1,38,17,Regular Play,90.0,39.0,30.01666203960727,0.033320995878247196,False,Left Foot,Normal,Open Play,False,False,False,4,9,118.0,40.0,97.0,36.0,Wayward,0.016148616
85de5280-256a-443f-bd65-a4226237312e,7540,3,774,Egypt,5252,Marwan Mohsen,1,38,38,Regular Play,107.0,41.0,13.038404810405298,-0.07677189126977804,True,Head,Normal,Open Play,False,True,False,4,10,119.0,41.0,118.0,36.8,Saved,0.13225357
6a75c613-1bd1-4219-9919-11297cfc63b9,7540,3,796,Russia,5195,Artem Dzyuba,1,40,20,From Corner,113.0,47.0,9.899494936611665,-0.7853981633974483,True,Head,Normal,Open Play,False,True,False,4,10,118.0,41.0,120.0,42.6,Off T,0.093272045
b0db5489-6a9e-4bfb-9585-d7480b5332f1,7540,3,774,Egypt,3531,Mohamed Salah,1,41,5,From Goal Kick,104.0,46.0,17.08800749063506,-0.35877067027057225,False,Left Foot,Normal,Open Play,False,False,False,4,8,118.0,43.0,120.0,35.0,Off T,0.06451939
2d62f9f9-a38a-43e6-b20c-df9b73219fc7,7540,3,796,Russia,5171,Roman Zobnin,2,46,30,Regular Play,97.0,55.0,27.459060435491963,-0.5779019369622457,False,Right Foot,Normal,Open Play,True,False,False,4,8,117.0,44.0,113.0,38.0,Blocked,0.023341442
62523abd-87e8-4bc4-b904-7f709e6c0fc3,7540,3,774,Egypt,3531,Mohamed Salah,2,55,27,Regular Play,107.0,33.0,14.7648230602334,0.49394136891958124,True,Left Foot,Normal,Open Play,False,False,False,3,9,116.0,39.0,110.0,35.0,Blocked,0.13687143
a07b6ccf-2c06-42fe-b153-4840745fb1c7,7540,3,796,Russia,5186,Denis Cheryshev,2,58,37,From Throw In,111.0,47.0,11.40175425099138,-0.6610431688506869,False,Left Foot,Normal,Open Play,True,False,False,4,8,118.0,43.0,120.0,42.4,Goal,0.112002075
34e1f24c-bdcd-4d30-bd73-cbd76fd48ea8,7540,3,796,Russia,5195,Artem Dzyuba,2,61,9,From Free Kick,108.0,44.0,12.649110640673518,-0.3217505543966422,False,Right Foot,Normal,Open Play,False,False,False,2,7,118.0,42.0,119.0,44.0,Goal,0.24069965
978e762e-85ab-4930-aa7b-04e2cc71dc0d,7540,3,774,Egypt,5254,Ali Gabr,2,62,52,From Free Kick,107.0,49.0,15.811388300841896,-0.6055446636049701,False,Head,Normal,Open Play,False,False,False,5,10,118.0,41.0,120.0,46.7,Off T,0.06319924
4ae8d7eb-f702-4122-a277-ef6d5d92bf5b,7540,3,774,Egypt,5261,Mahmoud Ibrahim Hassan,2,66,47,From Throw In,101.0,40.0,19.0,0.0,True,Right Foot,Normal,Open Play,False,False,False,4,8,118.0,41.0,120.0,45.0,Off T,0.09748146
d84258aa-9290-42cb-ac2c-eadb9159319f,7540,3,774,Egypt,5251,Abdalla Mahmoud El Said Bekhit,2,69,36,Regular Play,90.0,34.0,30.59411708155671,0.19739555984988075,False,Right Foot,Normal,Open Play,False,False,False,6,9,118.0,39.0,120.0,46.9,Off T,0.02183278
e2dc8ce1-da42-41b2-b1f5-0c6bafe999d2,7540,3,774,Egypt,3531,Mohamed Salah,2,72,40,Other,108.0,40.0,12.0,0.0,False,Left Foot,Normal,Penalty,False,False,False,0,0,,,120.0,43.4,Goal,0.7835
01490273-52d4-4e6f-b1e4-aa084011b9b9,7540,3,796,Russia,5174,Sergei Ignashevich,2,74,40,From Free Kick,117.0,34.0,6.708203932499369,1.1071487177940904,False,Head,Diving Header,Open Play,False,False,True,4,9,119.0,40.0,118.0,39.7,Saved,0.23959623
e444b37b-b229-47b8-828f-c6b3aba161be,7540,3,774,Egypt,3531,Mohamed Salah,2,87,16,Regular Play,102.0,38.0,18.110770276274835,0.11065722117389565,False,Left Foot,Half Volley,Open Play,False,False,False,5,8,118.0,39.0,104.0,37.0,Blocked,0.060671132
d37bcd0f-e0a3-43dc-a660-8a952fd4e282,7540,3,774,Egypt,5253,Amr Medhat Warda,2,89,48,Regular Play,102.0,59.0,26.1725046566048,-0.8124186125847132,False,Left Foot,Normal,Open Play,False,False,False,4,9,117.0,41.0,120.0,45.8,Off T,0.014450283
528ae8be-fcae-48f3-b57a-9b43dea1a16a,7540,3,774,Egypt,5262,Tarek Hamed,2,93,2,From Free Kick,93.0,50.0,28.792360097775937,-0.35470565201094034,False,Right Foot,Normal,Open Play,False,False,False,7,10,118.0,41.0,104.0,47.0,Blocked,0.026327193
efafda0f-29ae-44ef-9eba-e62aebfa020c,7531,3,793,Iceland,3944,Gylfi Þór Sigurðsson,1,0,13,From Kick Off,96.0,53.0,27.294688127912362,-0.4964227534048819,False,Left Foot,Normal,Open Play,True,False,False,2,9,120.0,43.0,120.0,46.7,Off T,0.023992069
1012c894-ab73-454b-80c1-869240f23657,7531,3,779,Argentina,3090,Nicolás Hernán Otamendi,1,4,0,From Free Kick,111.0,43.0,9.486832980505138,-0.3217505543966422,False,Left Foot,Volley,Open Play,True,False,False,5,10,119.0,38.0,120.0,46.1,Off T,0.16911486
315fbdfc-0706-415f-be1b-9f2c4b29b0be,7531,3,779,Argentina,5507,Nicolás Alejandro Tagliafico,1,7,48,From Free Kick,105.0,45.0,15.811388300841896,-0.3217505543966422,False,Head,Diving Header,Open Play,False,False,False,6,11,118.0,39.0,120.0,35.4,Off T,0.08400753
fd5e9f2e-8901-413e-9e3d-b6628fb78171,7531,3,793,Iceland,5514,Alfreð Finnbogason,1,8,28,Regular Play,115.0,57.0,17.72004514666935,-1.2847448850775784,False,Right Foot,Half Volley,Open Play,False,False,False,0,4,118.0,48.0,120.0,44.4,Off T,0.012627738
e38979ab-6ba5-4f99-ae74-1d1767d66510,7531,3,793,Iceland,3720,Johann Berg Guðmunds­son,1,8,57,Regular Play,100.0,54.0,24.413111231467404,-0.6107259643892086,True,Left Foot,Normal,Open Play,False,False,False,5,7,117.0,43.0,105.0,49.0,Blocked,0.03494443
927c0d57-21d0-44c6-b9b4-d1d832f059db,7531,3,793,Iceland,5509,Birkir Bjarnason,1,8,58,Regular Play,107.0,32.0,15.264337522473747,0.5516549825285468,True,Right Foot,Normal,Open Play,True,False,False,3,7,117.0,41.0,120.0,35.0,Off T,0.31297603
7e2dce14-9e40-4655-9207-42be2e65b617,7531,3,779,Argentina,3090,Nicolás Hernán Otamendi,1,12,37,From Corner,86.0,50.0,35.4400902933387,-0.2860514417173182,False,Right Foot,Normal,Open Play,False,False,False,6,10,115.0,39.0,120.0,36.2,Off T,0.010176116
acec16b8-8655-4a1f-b403-e4ce6b6c1e26,7531,3,779,Argentina,5503,Lionel Andrés Messi Cuccittini,1,16,34,Regular Play,97.0,49.0,24.698178070456937,-0.372987721800061,False,Left Foot,Normal,Open Play,False,False,False,6,11,118.0,40.0,117.0,37.4,Saved,0.03815293
8a154aa8-7353-419c-b7fb-2ec562707a9b,7531,3,779,Argentina,3602,Faustino Marcos Alberto Rojo,1,18,33,Regular Play,90.0,23.0,34.48187929913333,0.515549007458979,False,Left Foot,Normal,Open Play,False,False,False,6,10,118.0,38.0,108.0,38.0,Blocked,0.0062765433
3ecfcf08-8679-4722-93b0-8a78a5c53fd3,7531,3,779,Argentina,3237,Sergio Leonel Agüero del Castillo,1,18,36,Regular Play,106.0,37.0,14.317821063276353,0.21109333322274654,False,Left Foot,Normal,Open Play,False,False,False,4,7,118.0,38.0,119.0,36.4,Goal,0.07673583
2b23eb3c-28ae-485a-b631-616a4f635b62,7531,3,779,Argentina,5503,Lionel Andrés Messi Cuccittini,1,20,51,Regular Play,96.0,26.0,27.784887978899608,0.5280744484263596,False,Left Foot,Normal,Open Play,False,False,False,4,9,118.0,39.0,118.0,36.4,Saved,0.019393038
3365e20c-8aca-436f-9728-758107c73edd,7531,3,793,Iceland,5514,Alfreð Finnbogason,1,22,39,Regular Play,114.0,40.0,6.0,0.0,False,Other,Normal,Open Play,False,False,False,2,5,117.0,40.0,107.0,21.0,Wayward,0.23878485
d70f00f9-b788-4eaf-87cc-8e66fe1e503b,7531,3,793,Iceland,5514,Alfreð Finnbogason,1,22,49,Regular Play,113.0,39.0,7.0710678118654755,0.14189705460416394,False,Right Foot,Normal,Open Play,True,False,False,4,9,116.0,41.0,120.0,40.3,Goal,0.28817946
a8d632c9-f6c1-49b1-9137-728fe0324f0d,7531,3,779,Argentina,5507,Nicolás Alejandro Tagliafico,1,26,59,From Corner,111.0,34.0,10.816653826391969,0.5880026035475675,True,Head,Normal,Open Play,False,True,False,5,10,119.0,39.0,112.0,34.0,Blocked,0.06255798
23c6b811-4399-4b1e-a68d-0b70eb57166a,7531,3,779,Argentina,3090,Nicolás Hernán Otamendi,1,27,23,From Corner,109.0,35.0,12.083045973594572,0.4266274931268761,False,Head,Normal,Open Play,False,False,False,5,10,118.0,40.0,119.0,38.5,Saved,0.06963823
521d385c-56f6-4c12-a3d1-26b44a6bbc32,7531,3,779,Argentina,5510,Lucas Rodrigo Biglia,1,32,8,From Free Kick,95.0,31.0,26.570660511172846,0.34555558058171215,False,Right Foot,Normal,Open Play,False,False,False,6,10,118.0,39.0,120.0,44.2,Off T,0.027525058
428c7e73-9320-41ae-a4bd-30b42d3d55d6,7531,3,779,Argentina,5503,Lionel Andrés Messi Cuccittini,1,38,7,Regular Play,111.0,22.0,20.12461179749811,1.1071487177940904,False,Left Foot,Normal,Open Play,False,False,False,4,7,117.0,36.0,113.0,24.0,Blocked,0.01300174
c0cb1821-fa77-4755-bad7-1e126325603c,7531,3,779,Argentina,5510,Lucas Rodrigo Biglia,1,41,39,From Corner,116.0,48.0,8.94427190999916,-1.1071487177940904,False,Head,Normal,Open Play,False,False,False,7,11,118.0,41.0,120.0,39.9,Off T,0.106955945
50eb39d9-fb73-4fec-8a39-d8c90704d1f1,7531,3,793,Iceland,3944,Gylfi Þór Sigurðsson,1,44,27,From Throw In,111.0,26.0,16.64331697709324,0.9994588469612699,False,Right Foot,Normal,Open Play,False,False,False,4,8,119.0,39.0,119.0,41.5,Saved,0.053129368
eed5c06f-8b6c-49ac-a680-37f56be87d30,7531,3,793,Iceland,3944,Gylfi Þór Sigurðsson,1,45,5,From Free Kick,102.0,29.0,21.095023109728988,0.5485494024505281,False,Right Foot,Volley,Open Play,True,False,False,4,8,118.0,40.0,120.0,33.7,Off T,0.055793043
c59061a7-8503-4daa-8cff-61aab4402cb1,7531,3,779,Argentina,3090,Nicolás Hernán Otamendi,2,47,30,From Corner,113.0,44.0,8.06225774829855,-0.5191461142465229,True,Head,Normal,Open Play,False,True,False,6,11,120.0,42.0,120.0,36.8,Off T,0.11763951
f824acbd-d5ee-4dbb-835f-6bafdb5315c0,7531,3,793,Iceland,3944,Gylfi Þór Sigurðsson,2,49,49,Regular Play,118.0,24.0,16.1245154965971,1.446441332248135,False,Right Foot,Normal,Open Play,False,False,False,3,9,118.0,35.0,118.0,28.0,Blocked,0.0116975065
a8558f34-ad72-49d9-b0ea-12ecad17149f,7531,3,779,Argentina,3237,Sergio Leonel Agüero del Castillo,2,55,38,Regular Play,111.0,49.0,12.727922061357855,-0.7853981633974483,False,Right Foot,Normal,Open Play,False,False,False,5,8,120.0,45.0,114.0,49.0,Blocked,0.08008037
f50ee007-76b9-4bd0-aa19-e331ed0a6162,7531,3,779,Argentina,3237,Sergio Leonel Agüero del Castillo,2,56,10,From Corner,107.0,55.0,19.849433241279208,-0.8567056281827387,False,Right Foot,Normal,Open Play,False,False,False,6,10,117.0,45.0,109.0,51.0,Blocked,0.030517573
cfb69462-f10e-48e1-ac96-f1c9d15a1307,7531,3,779,Argentina,5504,Éver Maximiliano David Banega,2,58,42,Regular Play,101.0,37.0,19.235384061671343,0.15660187698201536,False,Left Foot,Normal,Open Play,False,False,False,4,6,118.0,41.0,101.0,37.0,Blocked,0.069268815
e1b01e75-3d76-4489-9a36-9296a4d2a6cd,7531,3,779,Argentina,5503,Lionel Andrés Messi Cuccittini,2,63,7,Other,109.0,41.0,11.045361017187261,-0.09065988720074511,False,Left Foot,Normal,Penalty,False,False,False,0,0,,,119.0,38.3,Saved,0.7835
8cd76ca1-45a9-4539-af23-c317207c0793,7531,3,779,Argentina,5503,Lionel Andrés Messi Cuccittini,2,63,59,From Corner,105.0,58.0,23.430749027719962,-0.8760580505981934,False,Left Foot,Normal,Open Play,False,False,False,7,11,119.0,45.0,111.0,49.0,Blocked,0.019748092
441b54c6-3d27-45ec-a6f8-9fc5b133fc0a,7531,3,779,Argentina,5503,Lionel Andrés Messi Cuccittini,2,65,52,From Free Kick,92.0,58.0,33.28663395418648,-0.5713374798336268,False,Left Foot,Normal,Free Kick,False,False,False,8,11,120.0,40.0,120.0,45.4,Off T,0.0077727404
2a0b4052-30db-473e-977b-434848a1e8f1,7531,3,779,Argentina,5513,Eduardo Antonio Salvio,2,69,28,Regular Play,100.0,53.0,23.853720883753127,-0.5763752205911837,False,Left Foot,Normal,Open Play,False,False,False,7,10,120.0,43.0,103.0,47.0,Blocked,0.030180966
5f6e836e-8ca2-4d04-b053-b2d539f5b6b4,7531,3,779,Argentina,5504,Éver Maximiliano David Banega,2,70,54,Regular Play,97.0,20.0,30.479501308256342,0.7157435896688801,False,Right Foot,Normal,Open Play,False,False,False,4,10,120.0,40.0,118.0,40.3,Saved,0.009970189
58d9935c-1e38-443f-a0f7-81063280b76a,7531,3,779,Argentina,5503,Lionel Andrés Messi Cuccittini,2,72,39,From Free Kick,92.0,61.0,35.0,-0.6435011087932844,False,Left Foot,Normal,Free Kick,False,False,False,7,11,120.0,41.0,101.0,53.0,Blocked,0.008096782
bb18edd8-2339-491c-a2bc-e7bf165d42a8,7531,3,779,Argentina,5503,Lionel Andrés Messi Cuccittini,2,80,50,Regular Play,97.0,44.0,23.345235059857504,-0.17219081452293902,True,Left Foot,Normal,Open Play,False,False,False,3,10,119.0,41.0,120.0,34.8,Off T,0.04472891
5961e6ef-1b33-48d1-a207-5a349386b3d3,7531,3,779,Argentina,5496,Cristian David Pavón,2,82,54,From Throw In,100.0,27.0,23.853720883753127,0.5763752205911837,False,Right Foot,Normal,Open Play,False,False,False,6,10,119.0,39.0,103.0,26.0,Blocked,0.029067878
a8512c6e-9393-4a02-89ce-3c7dbeb6d1d6,7531,3,779,Argentina,5503,Lionel Andrés Messi Cuccittini,2,83,21,From Throw In,98.0,44.0,22.360679774997898,-0.17985349979247828,False,Left Foot,Normal,Open Play,False,False,False,5,10,119.0,42.0,104.0,43.0,Blocked,0.05503503
e7356599-5fea-4f33-aa2b-e6040a031336,7531,3,779,Argentina,5506,Javier Alejandro Mascherano,2,87,12,Regular Play,95.0,55.0,29.154759474226502,-0.5404195002705842,False,Right Foot,Normal,Open Play,True,False,False,7,11,120.0,44.0,119.0,42.6,Saved,0.01982028
8c2681cc-62e9-47e5-855a-89d1562f39f5,7531,3,779,Argentina,5503,Lionel Andrés Messi Cuccittini,2,91,53,Regular Play,105.0,52.0,19.209372712298546,-0.6747409422235526,False,Right Foot,Normal,Open Play,False,False,False,7,11,120.0,43.0,120.0,43.2,Off T,0.048534878
8ce36669-b68c-485a-b04b-9a45d4220a67,7531,3,779,Argentina,5503,Lionel Andrés Messi Cuccittini,2,94,57,From Free Kick,90.0,36.0,30.265491900843113,0.13255153229667402,False,Left Foot,Normal,Free Kick,False,False,False,8,11,120.0,41.0,101.0,34.0,Blocked,0.043020435
1fea5357-02d1-4808-a68a-889e6327c5c3,7570,3,782,Belgium,2954,Youri Tielemans,1,5,46,Regular Play,93.0,52.0,29.546573405388315,-0.4182243295792291,False,Right Foot,Normal,Open Play,False,False,False,6,10,120.0,43.0,119.0,40.9,Saved,0.022962598
cef6a5cb-3cb5-4246-a901-2f3a2df35ed2,7570,3,782,Belgium,3457,Michy Batshuayi Tunga,1,9,2,Regular Play,117.0,40.0,3.0,0.0,False,Right Foot,Normal,Open Play,False,False,False,4,9,119.0,40.0,120.0,43.0,Blocked,0.25720772
83133d2c-d940-40c5-b83c-ca986509b36d,7570,3,768,England,3318,Marcus Rashford,1,11,10,From Corner,91.0,20.0,35.22782990761707,0.6037493333974364,False,Right Foot,Normal,Open Play,False,False,False,8,11,119.0,40.0,97.0,24.0,Blocked,0.006949785
1886222d-d23b-40de-b5fa-637b5550c0b4,7570,3,768,England,10960,Jamie Vardy,1,13,4,Regular Play,112.0,42.0,8.246211251235321,-0.24497866312686414,False,Head,Normal,Open Play,False,False,False,3,6,118.0,40.0,120.0,33.5,Off T,0.17350295
0f5c83f0-2050-4f65-b15b-d22e652afc00,7570,3,782,Belgium,3457,Michy Batshuayi Tunga,1,26,3,Regular Play,109.0,55.0,18.601075237738275,-0.9380474917927135,False,Right Foot,Normal,Open Play,False,False,False,5,9,119.0,45.0,111.0,52.0,Blocked,0.037858445
0f4cd4c2-dcbd-488a-a2a5-4e4b6699a653,7570,3,782,Belgium,3296,Marouane Fellaini-Bakkioui,1,26,41,From Corner,107.0,33.0,14.7648230602334,0.49394136891958124,False,Right Foot,Normal,Open Play,False,False,False,5,9,120.0,41.0,119.0,39.0,Blocked,0.068467006
fdcb108d-3062-4765-802d-a609778fe83c,7570,3,782,Belgium,2954,Youri Tielemans,1,26,50,From Corner,91.0,49.0,30.364452901377952,-0.3009202343604251,False,Right Foot,Normal,Open Play,False,False,False,6,9,120.0,43.0,105.0,47.0,Blocked,0.019955475
3c2234a0-fe3e-45fc-9b3a-e6c312068613,7570,3,768,England,3504,Ruben Loftus-Cheek,1,33,50,From Corner,113.0,40.0,7.0,0.0,False,Head,Normal,Open Play,False,False,False,6,10,119.0,39.0,119.0,34.8,Off T,0.08550697
eda5c6ac-2c5c-4af7-a419-c7fe03e260a7,7570,3,782,Belgium,6330,Adnan Januzaj,1,34,36,From Goal Kick,90.0,41.0,30.01666203960727,-0.033320995878247196,False,Left Foot,Normal,Open Play,False,False,False,4,8,119.0,42.0,94.0,43.0,Blocked,0.024078226
8a81c6e2-53f7-4e21-be58-b198c258a252,7570,3,782,Belgium,5639,Anga Dedryck Boyata,1,35,11,From Corner,111.0,43.0,9.486832980505138,-0.3217505543966422,False,Head,Diving Header,Open Play,False,False,False,5,9,120.0,42.0,107.0,15.0,Wayward,0.10147972
d9735580-bb74-49e0-8ba7-bda56db697f1,7570,3,768,England,10960,Jamie Vardy,1,35,47,Regular Play,109.0,35.0,12.083045973594572,0.4266274931268761,True,Head,Normal,Open Play,False,True,False,4,8,119.0,39.0,105.0,21.0,Wayward,0.07114903
17e42f84-9b5f-47cb-9356-efb23ca0b31d,7570,3,782,Belgium,5632,Thorgan Hazard,1,37,0,From Free Kick,99.0,34.0,21.840329667841555,0.27829965900511133,True,Right Foot,Normal,Open Play,True,False,False,4,10,120.0,41.0,120.0,45.4,Off T,0.054440886
2da73e0d-ce23-408e-82d3-47d00d5c1874,7570,3,782,Belgium,5632,Thorgan Hazard,1,39,2,Regular Play,108.0,27.0,17.69180601295413,0.8253768505207384,False,Right Foot,Volley,Open Play,True,False,False,4,9,120.0,39.0,120.0,77.0,Wayward,0.0480227
0a82c524-90a4-4e39-b69b-7d14fbbe0601,7570,3,768,England,3318,Marcus Rashford,2,47,51,From Throw In,107.0,27.0,18.384776310850235,0.7853981633974483,False,Right Foot,Normal,Open Play,False,False,False,2,6,119.0,39.0,120.0,46.7,Off T,0.07081192
3bfa529a-e7f1-4429-85b9-5b61363a7ad7,7570,3,782,Belgium,6330,Adnan Januzaj,2,50,3,Regular Play,105.0,53.0,19.849433241279208,-0.714090698612158,False,Left Foot,Normal,Open Play,False,False,False,6,11,118.0,41.0,119.0,36.6,Goal,0.07781259
04d6f909-294e-46c9-9655-c6872d99950c,7570,3,768,England,3664,Trent Alexander-Arnold,2,53,19,From Free Kick,93.0,42.0,27.073972741361768,-0.07393903765794034,False,Right Foot,Normal,Free Kick,False,False,False,7,11,119.0,41.0,103.0,43.0,Blocked,0.06266041
d295c41e-92b6-45de-982c-fee261f56f99,7570,3,782,Belgium,6330,Adnan Januzaj,2,54,48,Regular Play,107.0,54.0,19.1049731745428,-0.8224182792713783,False,Left Foot,Normal,Open Play,False,False,False,3,9,118.0,42.0,109.0,54.0,Blocked,0.06467166
ad3668e9-fe9c-41af-9423-17052c4d1559,7570,3,768,England,3318,Marcus Rashford,2,65,35,From Throw In,104.0,33.0,17.46424919657298,0.4124104415973873,False,Right Foot,Normal,Open Play,False,False,False,2,6,109.0,36.0,108.0,44.0,Saved,0.46036732
e41cd60a-9f95-4cf2-9186-3a253b6a828c,7570,3,768,England,4597,Fabian Delph,2,66,38,From Throw In,86.0,50.0,35.4400902933387,-0.2860514417173182,False,Left Foot,Normal,Open Play,False,False,False,6,10,120.0,41.0,120.0,33.9,Off T,0.0065541323
7b886b48-a99c-4de4-8913-db0f9d82ea91,7570,3,768,England,4597,Fabian Delph,2,69,52,From Throw In,99.0,33.0,22.135943621178654,0.3217505543966422,False,Left Foot,Half Volley,Open Play,True,False,False,5,10,120.0,41.0,109.0,38.0,Blocked,0.055591382
d471c35a-f13b-4209-8abb-5fc9509fa9ac,7570,3,768,England,3318,Marcus Rashford,2,80,24,From Free Kick,92.0,55.0,31.76476034853718,-0.49180917598869855,False,Right Foot,Normal,Free Kick,False,False,False,7,10,119.0,41.0,120.0,42.8,Off T,0.01720768
6164d189-e4bd-4c5a-a3d4-ff84c9961421,7570,3,768,England,3569,Daniel Nii Tackie Mensah Welbeck,2,82,24,From Corner,106.0,31.0,16.64331697709324,0.5713374798336268,False,Left Foot,Normal,Open Play,False,False,False,6,10,119.0,41.0,114.0,41.0,Blocked,0.07303211
0a558627-aafc-4afd-85ee-5da3649f8b61,7570,3,768,England,3569,Daniel Nii Tackie Mensah Welbeck,2,86,58,From Free Kick,116.0,30.0,10.770329614269007,1.1902899496825317,False,Right Foot,Normal,Open Play,True,False,False,6,10,117.0,33.0,120.0,33.5,Off T,0.11735268
ddce6724-115d-4c7d-b90c-75979aeb7573,7570,3,782,Belgium,5630,Dries Mertens,2,88,3,From Goal Kick,99.0,49.0,22.847319317591726,-0.40489178628508343,False,Right Foot,Normal,Open Play,True,False,False,5,8,118.0,40.0,119.0,37.4,Saved,0.05145745
388c0062-db8c-4ed9-8ae2-cff0eaac21ef,7570,3,782,Belgium,5632,Thorgan Hazard,2,88,12,From Goal Kick,110.0,26.0,17.204650534085253,0.9505468408120752,False,Right Foot,Normal,Open Play,False,False,False,5,8,119.0,36.0,115.0,33.0,Blocked,0.049130097
2141e658-6053-428e-91df-584f1748f368,7570,3,782,Belgium,3296,Marouane Fellaini-Bakkioui,2,91,28,Regular Play,113.0,29.0,13.038404810405298,1.0040671092713902,False,Left Foot,Normal,Open Play,False,False,False,4,8,118.0,36.0,119.0,35.4,Off T,0.08778975
b125e150-190a-4387-89b6-c38ab3e1b4ce,7586,3,773,Switzerland,3533,Xherdan Shaqiri,1,0,12,Regular Play,89.0,60.0,36.89173349139343,-0.5729661428887062,False,Left Foot,Normal,Open Play,False,False,False,5,9,119.0,42.0,120.0,45.2,Off T,0.0066578025
025d0bf1-d2e5-4ed4-9132-46990d8fd993,7586,3,773,Switzerland,5548,Steven Zuber,1,6,49,From Goal Kick,103.0,22.0,24.758836806279895,0.8139618212362083,False,Right Foot,Normal,Open Play,False,False,False,3,8,120.0,39.0,118.0,39.7,Saved,0.018274585
36b2fbe0-aa2c-4d56-95d8-c456ec52171d,7586,3,790,Sweden,11098,Marcus Berg,1,7,18,Regular Play,108.0,56.0,20.0,-0.9272952180016122,False,Right Foot,Half Volley,Open Play,True,False,False,0,6,117.0,42.0,120.0,46.3,Off T,0.053133797
39b13abb-c1e4-40ee-82d6-0774ba805925,7586,3,790,Sweden,11098,Marcus Berg,1,7,58,From Counter,104.0,41.0,16.0312195418814,-0.06241880999595735,False,Right Foot,Normal,Open Play,False,False,False,3,6,116.0,40.0,108.0,42.0,Blocked,0.13240822
dd015ee6-10b0-4daf-8062-37de1ce42347,7586,3,790,Sweden,5624,Albin Ekdal,1,8,4,From Counter,101.0,41.0,19.026297590440446,-0.05258306161094172,False,Right Foot,Volley,Open Play,True,False,False,4,7,118.0,40.0,120.0,37.4,Off T,0.064965196
e92b5461-2602-4e03-9f89-ef8d06e6675f,7586,3,790,Sweden,5612,Mikael Lustig,1,13,16,From Throw In,93.0,50.0,28.792360097775937,-0.35470565201094034,True,Right Foot,Volley,Open Play,False,False,False,5,8,118.0,41.0,96.0,18.0,Wayward,0.020048771
439ba780-4474-45c3-892b-6dc4f2942ac8,7586,3,773,Switzerland,5548,Steven Zuber,1,23,19,Regular Play,112.0,51.0,13.601470508735444,-0.9420000403794636,False,Head,Normal,Open Play,False,False,False,3,8,119.0,42.0,120.0,42.6,Off T,0.057390075
bd417c20-9710-41b8-b644-7a7961fab4b3,7586,3,790,Sweden,11098,Marcus Berg,1,27,54,From Throw In,108.0,49.0,15.0,-0.6435011087932844,False,Left Foot,Half Volley,Open Play,True,False,False,3,7,118.0,40.0,117.0,37.4,Saved,0.076549776
11ddaf6d-5bc9-46fb-a43c-7c86f4e4aff0,7586,3,773,Switzerland,3500,Granit Xhaka,1,33,12,Regular Play,81.0,48.0,39.81205847478876,-0.20232162837830375,False,Left Foot,Normal,Open Play,False,False,False,6,10,119.0,42.0,120.0,44.4,Off T,0.006197928
7dbc0342-630f-4811-845e-59e8b292b4bb,7586,3,773,Switzerland,3533,Xherdan Shaqiri,1,35,47,From Corner,98.0,60.0,29.732137494637012,-0.7378150601204649,False,Left Foot,Normal,Open Play,False,False,False,7,10,119.0,44.0,102.0,53.0,Blocked,0.008389957
13eab815-7204-4fe1-a760-95ab3d22205f,7586,3,773,Switzerland,5554,Blerim Džemaili,1,37,56,From Throw In,104.0,31.0,18.35755975068582,0.5123894603107377,False,Right Foot,Normal,Open Play,True,False,False,4,11,120.0,40.0,120.0,43.0,Off T,0.059255723
78b38f04-98a9-4168-9b08-ee75c0b4b431,7586,3,790,Sweden,5625,Emil Peter Forsberg,1,39,33,From Free Kick,90.0,51.0,31.953090617340916,-0.3514447940035517,False,Right Foot,Normal,Free Kick,False,False,False,7,11,118.0,40.0,102.0,50.0,Blocked,0.02941522
f87c0d78-fe03-41f8-9da8-abfa33f129a0,7586,3,790,Sweden,5624,Albin Ekdal,1,40,30,From Corner,113.0,33.0,9.899494936611665,0.7853981633974483,False,Right Foot,Volley,Open Play,True,False,False,4,9,118.0,40.0,120.0,38.5,Off T,0.16979344
1cd00dba-51f9-4a2d-adc2-65169889f069,7586,3,790,Sweden,4417,Ola Toivonen,2,48,49,Regular Play,109.0,47.0,13.038404810405298,-0.5667292175235064,True,Left Foot,Half Volley,Open Play,True,False,False,4,8,119.0,42.0,120.0,42.8,Off T,0.126767
d5720b2a-186c-4c93-90ba-b7cb136af9bb,7586,3,773,Switzerland,5544,Ricardo Iván Rodríguez Araya,2,52,19,From Corner,93.0,26.0,30.4138126514911,0.47835243137865757,False,Right Foot,Normal,Open Play,False,False,False,6,11,118.0,38.0,96.0,26.0,Blocked,0.017152697
1a83a77a-3c5c-4450-bd42-4302e29801d1,7586,3,790,Sweden,5625,Emil Peter Forsberg,2,63,18,From Free Kick,104.0,16.0,28.844410203711913,0.982793723247329,False,Right Foot,Normal,Free Kick,False,False,False,6,10,119.0,40.0,109.0,26.0,Blocked,0.008370536
891a1702-b8d4-4742-bed4-72b3629f82f6,7586,3,790,Sweden,5625,Emil Peter Forsberg,2,65,52,Regular Play,101.0,42.0,19.1049731745428,-0.10487693873023389,False,Right Foot,Normal,Open Play,False,False,False,4,9,118.0,42.0,120.0,37.6,Goal,0.0959111
bbf8f0b6-a14a-4103-b193-27da0a77e055,7586,3,790,Sweden,5624,Albin Ekdal,2,68,28,Regular Play,93.0,49.0,28.460498941515414,-0.3217505543966422,False,Right Foot,Normal,Open Play,False,False,False,6,10,118.0,44.0,120.0,41.7,Off T,0.026191495
0e46b17e-c9a4-4d6d-a98f-6adf1c639f45,7586,3,773,Switzerland,5544,Ricardo Iván Rodríguez Araya,2,68,47,Regular Play,93.0,21.0,33.015148038438355,0.6132073488745093,False,Right Foot,Normal,Open Play,False,False,False,4,8,119.0,40.0,117.0,36.8,Saved,0.009722147
9c28e488-8435-47da-9d3c-7849e1a654f7,7586,3,773,Switzerland,3533,Xherdan Shaqiri,2,70,43,From Free Kick,104.0,58.0,24.08318915758459,-0.844153986113171,False,Left Foot,Normal,Open Play,False,False,False,6,10,118.0,40.0,105.0,54.0,Blocked,0.025396068
fa6620cd-b9f8-416b-a622-b7ba02d71160,7586,3,773,Switzerland,3500,Granit Xhaka,2,71,44,From Corner,88.0,33.0,32.7566787083184,0.21535769969773805,False,Left Foot,Normal,Open Play,False,False,False,8,11,118.0,39.0,93.0,34.0,Blocked,0.019179972
20dc057c-7242-4358-a8b9-fd2711839acd,7586,3,773,Switzerland,3533,Xherdan Shaqiri,2,77,53,From Corner,95.0,52.0,27.730849247724095,-0.4475199751571699,False,Left Foot,Normal,Open Play,False,False,False,7,11,118.0,40.0,96.0,50.0,Blocked,0.01532167
626b9215-7fbf-4456-a21a-fa32466dca94,7586,3,773,Switzerland,5546,Michael Lang,2,78,19,From Corner,112.0,53.0,15.264337522473747,-1.0191413442663497,False,Right Foot,Half Volley,Open Play,True,False,False,6,9,119.0,41.0,112.0,52.0,Blocked,0.054058094
258691c7-844b-475e-a19a-ad3f3c6d0c6a,7586,3,773,Switzerland,5545,Breel-Donald Embolo,2,78,56,From Corner,113.0,36.0,8.06225774829855,0.5191461142465229,True,Head,Normal,Open Play,False,True,False,5,11,119.0,40.0,117.0,36.0,Blocked,0.07843667
0b41d7c5-3c24-4189-bbb8-67c0a6063edf,7586,3,773,Switzerland,5544,Ricardo Iván Rodríguez Araya,2,85,11,From Corner,100.0,31.0,21.93171219946131,0.4228539261329407,False,Right Foot,Normal,Open Play,False,False,False,8,11,119.0,40.0,106.0,38.0,Blocked,0.040360313
71c8b061-cb6c-45ce-8589-7acd1b64cad9,7586,3,773,Switzerland,5835,Josip Drmic,2,85,28,From Corner,101.0,38.0,19.1049731745428,0.10487693873023389,False,Left Foot,Half Volley,Open Play,False,False,False,6,8,118.0,38.0,105.0,38.0,Blocked,0.057245187
a8524176-1741-4bb4-901a-776faf5e2fa6,7586,3,773,Switzerland,5543,Haris Seferović,2,90,43,Regular Play,112.0,30.0,12.806248474865697,0.8960553845713439,False,Head,Normal,Open Play,False,False,False,5,9,118.0,36.0,118.0,36.6,Saved,0.05994916
a410b06d-0b17-4f99-a58a-ba80fcf4a289,7586,3,790,Sweden,4417,Ola Toivonen,2,96,12,From Free Kick,102.0,38.0,18.110770276274835,0.11065722117389565,False,Right Foot,Normal,Free Kick,False,False,False,4,10,120.0,41.0,120.0,43.0,Saved,0.10691146
05a828a4-98d5-4a34-93f1-9c1967cb914b,7557,3,780,Portugal,5207,Cristiano Ronaldo dos Santos Aveiro,1,2,28,Regular Play,112.0,27.0,15.264337522473747,1.0191413442663497,False,Right Foot,Normal,Open Play,False,False,False,4,9,119.0,39.0,119.0,37.0,Saved,0.08121445
e43aa9a9-f273-471e-a59c-3ddbfdf38671,7557,3,797,Iran,5241,Vahid Amiri,1,6,28,Regular Play,101.0,29.0,21.95449840010015,0.5247957716501074,False,Left Foot,Normal,Open Play,False,False,False,4,9,119.0,38.0,120.0,32.1,Off T,0.037193935
830ba851-9dec-42bb-ae0e-97830b18ed55,7557,3,780,Portugal,4272,João Mário Naval da Costa Eduardo,1,8,32,From Throw In,102.0,35.0,18.681541692269406,0.27094685033842053,False,Right Foot,Half Volley,Open Play,True,False,False,5,9,114.0,41.0,120.0,39.5,Off T,0.1189627
521f454e-4957-4952-a891-678ac67aa90d,7557,3,780,Portugal,5207,Cristiano Ronaldo dos Santos Aveiro,1,15,55,From Free Kick,95.0,55.0,29.154759474226502,-0.5404195002705842,False,Right Foot,Normal,Free Kick,False,False,False,7,11,119.0,41.0,105.0,53.0,Blocked,0.040589333
17a8e488-98d8-4aba-ab8d-558a812a737b,7557,3,780,Portugal,3960,José Miguel da Rocha Fonte,1,16,37,From Corner,100.0,39.0,20.024984394500787,0.04995839572194276,False,Right Foot,Volley,Open Play,True,False,False,7,11,120.0,42.0,109.0,41.0,Blocked,0.07572546
f01fa57b-6600-43eb-841f-6b1d1ad4c2c1,7557,3,780,Portugal,20016,Kléper Laveran Lima Ferreira,1,17,30,From Corner,114.0,35.0,7.810249675906654,0.6947382761967031,True,Head,Normal,Open Play,False,True,False,5,8,120.0,40.0,120.0,33.3,Off T,0.10350718
02cd9ab8-6eae-4070-940f-9a17546009a2,7557,3,780,Portugal,5218,André Miguel Valente Silva,1,18,43,From Throw In,103.0,34.0,18.027756377319946,0.3392926144540447,True,Head,Normal,Open Play,False,True,False,3,8,118.0,40.0,118.0,33.0,Wayward,0.09211938
18136ecf-c8cf-46ac-bb7c-2472e0f8a4a8,7557,3,797,Iran,5235,Ramin Rezaeian,1,21,11,From Free Kick,93.0,23.0,31.906112267087632,0.5619215622568153,False,Right Foot,Normal,Free Kick,False,False,False,6,11,119.0,40.0,119.0,35.4,Off T,0.00943477
e686bc5a-a80f-4fb8-91e1-6d862e488fed,7557,3,780,Portugal,3960,José Miguel da Rocha Fonte,1,29,15,From Corner,117.0,50.0,10.44030650891055,-1.2793395323170296,True,Head,Normal,Open Play,False,True,False,7,11,119.0,41.0,120.0,50.0,Wayward,0.047731504
b0b77a06-9f03-4fb3-8355-37d4d6cb7ca2,7557,3,797,Iran,5722,Saeid Ezatolahi Afagh,1,33,33,From Free Kick,109.0,47.0,13.038404810405298,-0.5667292175235064,False,Head,Normal,Open Play,False,False,False,6,10,119.0,41.0,119.0,39.1,Saved,0.16871624
0baae6fc-5c7e-4c84-980e-ad4236e39496,7557,3,780,Portugal,5207,Cristiano Ronaldo dos Santos Aveiro,1,39,11,From Throw In,83.0,34.0,37.48332962798263,0.1607627406258347,False,Right Foot,Normal,Open Play,False,False,False,7,10,120.0,42.0,119.0,38.7,Saved,0.0063647768
beaa0165-39c3-4695-9892-7c192ddd6d6a,7557,3,780,Portugal,5215,Ricardo Andrade Quaresma Bernardo,1,40,58,Regular Play,112.0,55.0,17.0,-1.0808390005411683,False,Right Foot,Half Volley,Open Play,False,False,False,4,9,119.0,45.0,120.0,35.2,Off T,0.0343897
a1da3a4b-09e7-4005-b280-0c4033ddac9b,7557,3,780,Portugal,5215,Ricardo Andrade Quaresma Bernardo,1,44,19,Regular Play,102.0,58.0,25.45584412271571,-0.7853981633974483,False,Right Foot,Normal,Open Play,False,False,False,6,10,120.0,44.0,120.0,36.2,Goal,0.019847075
020d19c3-c136-4f6c-a2e3-3e572617e232,7557,3,780,Portugal,5207,Cristiano Ronaldo dos Santos Aveiro,2,52,22,Other,108.0,40.0,12.0,0.0,False,Right Foot,Normal,Penalty,False,False,False,0,0,,,119.0,42.4,Saved,0.7835
e5252e28-2ec4-42b0-bd3c-aa73b2918194,7557,3,797,Iran,5224,Sardar Azmoun,2,57,47,From Free Kick,111.0,36.0,9.848857801796104,0.4182243295792291,True,Head,Normal,Open Play,False,True,False,4,9,120.0,41.0,109.0,18.0,Wayward,0.13161746
a50434c3-2bad-4aac-b476-7eab82e2ec2a,7557,3,780,Portugal,5209,Raphaël Adelino José Guerreiro,2,61,10,From Throw In,93.0,30.0,28.792360097775937,0.35470565201094034,False,Left Foot,Normal,Open Play,False,False,False,4,9,117.0,40.0,104.0,36.0,Blocked,0.03069333
8d4208f4-b2bf-402a-99e8-30eacfc8945b,7557,3,780,Portugal,5207,Cristiano Ronaldo dos Santos Aveiro,2,65,33,From Free Kick,97.0,35.0,23.53720459187964,0.21406068356382152,False,Right Foot,Normal,Open Play,False,False,False,5,9,119.0,39.0,120.0,46.9,Off T,0.035576884
f6dbae17-f974-453b-9d19-953568b6d335,7557,3,780,Portugal,3707,Adrien Sebastian Perruchet Silva,2,70,51,From Free Kick,96.0,24.0,28.844410203711913,0.5880026035475675,False,Right Foot,Normal,Open Play,False,False,False,6,10,119.0,38.0,120.0,45.6,Off T,0.022153322
aea57720-4fc3-4417-b86c-a2db55b91bdc,7557,3,797,Iran,5240,Saman Ghoddos,2,71,39,From Goal Kick,98.0,38.0,22.090722034374522,0.09065988720074511,False,Right Foot,Normal,Open Play,False,False,False,3,7,120.0,41.0,120.0,34.8,Off T,0.069136985
77f85146-c25a-4620-a43a-f0b68b003c49,7557,3,780,Portugal,5218,André Miguel Valente Silva,2,76,43,Regular Play,95.0,51.0,27.313000567495326,-0.4145068745847859,False,Right Foot,Normal,Open Play,False,False,False,3,7,118.0,40.0,120.0,41.3,Off T,0.03004273
65ddf2c4-67a7-4e8f-a02f-0f2a6b66f413,7557,3,797,Iran,5224,Sardar Azmoun,2,88,52,From Throw In,113.0,32.0,10.63014581273465,0.8519663271732721,True,Head,Normal,Open Play,False,True,False,3,9,120.0,39.0,113.0,33.0,Blocked,0.08758336
7e7f381c-ecbc-4bde-84dd-7520b3e10f41,7557,3,797,Iran,5231,Karim Ansarifard,2,92,47,Other,109.0,41.0,11.045361017187261,-0.09065988720074511,False,Right Foot,Normal,Penalty,False,False,False,0,0,,,120.0,42.6,Goal,0.7835
64e7acd1-bcd7-4a5b-b4bc-40a0f6ba0fb6,7557,3,797,Iran,5240,Saman Ghoddos,2,93,51,From Free Kick,97.0,45.0,23.53720459187964,-0.21406068356382152,False,Right Foot,Normal,Open Play,False,False,False,5,9,119.0,42.0,101.0,45.0,Blocked,0.038286034
49c8c0ef-44a6-4010-943a-000d3058c149,7557,3,797,Iran,5226,Mehdi Taremi,2,93,53,From Free Kick,113.0,33.0,9.899494936611665,0.7853981633974483,False,Left Foot,Normal,Open Play,False,False,False,2,6,117.0,36.0,120.0,35.2,Off T,0.25150082
f0d8b8d4-5ef0-40b3-bcdd-5508353ba78d,7542,3,788,Morocco,5726,Khalid Boutaïb,1,1,2,From Kick Off,109.0,30.0,14.866068747318506,0.7378150601204649,False,Head,Normal,Open Play,False,False,False,5,8,119.0,37.0,120.0,37.4,Off T,0.077987716
5a4dfda2-2f5c-4664-85a4-c25866e3d356,7542,3,780,Portugal,5209,Raphaël Adelino José Guerreiro,1,3,32,From Corner,91.0,39.0,29.017236257093817,0.034469100999508014,False,Left Foot,Volley,Open Play,True,False,False,8,11,120.0,42.0,109.0,39.0,Blocked,0.022848671
33070b83-5d8f-44f0-b648-9c1619c631ca,7542,3,780,Portugal,5207,Cristiano Ronaldo dos Santos Aveiro,1,3,55,From Corner,115.0,41.0,5.0990195135927845,-0.19739555984988075,False,Head,Normal,Open Play,False,False,False,3,8,120.0,42.0,120.0,41.7,Goal,0.18227948
bbc50517-8c1e-438a-b22d-2d6134df1552,7542,3,780,Portugal,5207,Cristiano Ronaldo dos Santos Aveiro,1,8,26,Regular Play,108.0,56.0,20.0,-0.9272952180016122,True,Right Foot,Normal,Open Play,False,False,False,4,8,120.0,44.0,120.0,35.4,Off T,0.04095015
e3a83a5d-d2e7-45ee-b2e6-8ebd62c59d2f,7542,3,788,Morocco,5244,Medhi Amine El Mouttaqi Benatia,1,10,57,From Corner,114.0,33.0,9.219544457292887,0.8621700546672264,False,Head,Normal,Open Play,False,False,False,5,10,119.0,38.0,120.0,36.6,Saved,0.08036203
70cea785-e414-4807-82d6-ec7ab9089d28,7542,3,788,Morocco,5221,Manuel Marouan da Costa Trinidade,1,13,32,From Corner,109.0,45.0,12.083045973594572,-0.4266274931268761,True,Head,Normal,Open Play,False,True,False,2,6,119.0,41.0,119.0,47.3,Off T,0.0881195
40d92092-53f0-42c9-90e9-29308e35f617,7542,3,788,Morocco,5237,Hakim Ziyech,1,17,14,Regular Play,109.0,26.0,17.804493814764857,0.9048270894157867,False,Left Foot,Normal,Open Play,False,False,False,2,6,118.0,37.0,113.0,30.0,Blocked,0.05608462
e7d13c88-16b4-4910-9366-0f756f61d8bd,7542,3,788,Morocco,5237,Hakim Ziyech,1,22,7,Regular Play,92.0,25.0,31.76476034853718,0.49180917598869855,False,Right Foot,Normal,Open Play,False,False,False,6,9,119.0,40.0,119.0,40.5,Saved,0.013198647
5faf135f-6df8-457f-bbf1-bc247d2f840b,7542,3,788,Morocco,5726,Khalid Boutaïb,1,29,53,Regular Play,108.0,44.0,12.649110640673518,-0.3217505543966422,True,Head,Normal,Open Play,False,True,False,2,4,118.0,41.0,113.0,40.0,Wayward,0.22690645
40313541-59fc-4d6c-b96c-ab3a8f09ea70,7542,3,780,Portugal,5207,Cristiano Ronaldo dos Santos Aveiro,1,31,30,From Free Kick,100.0,34.0,20.8806130178211,0.2914567944778671,False,Right Foot,Normal,Free Kick,False,False,False,6,10,120.0,43.0,108.0,35.0,Blocked,0.082563296
c4555e58-16f9-4868-b880-0420b31c973f,7542,3,788,Morocco,5236,Karim El Ahmadi Al Aroos,1,33,32,Regular Play,87.0,28.0,35.11409973215888,0.348771003583907,False,Right Foot,Normal,Open Play,False,False,False,7,10,118.0,40.0,120.0,40.1,Off T,0.0058760555
ccea0fb3-a18a-4365-b00e-e255dfa0a1d3,7542,3,780,Portugal,4367,Gonçalo Manuel Ganchinho Guedes,1,38,50,From Free Kick,109.0,34.0,12.529964086141668,0.4993467216801301,True,Right Foot,Volley,Open Play,True,False,False,2,7,116.0,39.0,117.0,42.2,Saved,0.20104031
03938d8f-f100-4c10-9386-093681080bfe,7542,3,788,Morocco,5242,Younès Belhanda,1,46,33,From Free Kick,112.0,41.0,8.06225774829855,-0.12435499454676144,True,Head,Normal,Open Play,False,True,False,5,10,118.0,40.0,120.0,33.5,Off T,0.117750056
b9c37e38-de79-4160-855e-91a9d9f83dcc,7542,3,780,Portugal,3960,José Miguel da Rocha Fonte,2,47,9,From Corner,111.0,42.0,9.219544457292887,-0.21866894587394195,True,Head,Normal,Open Play,False,True,False,4,8,119.0,40.0,119.0,46.7,Off T,0.081678025
e063046f-3748-48a0-8933-f4bbc048b0ab,7542,3,780,Portugal,4367,Gonçalo Manuel Ganchinho Guedes,2,50,22,From Free Kick,107.0,31.0,15.811388300841896,0.6055446636049701,False,Right Foot,Normal,Open Play,False,False,False,2,7,119.0,37.0,105.0,50.0,Wayward,0.069918275
829f4715-332c-422c-b2a4-7a8c99a098c3,7542,3,780,Portugal,5207,Cristiano Ronaldo dos Santos Aveiro,2,50,24,From Free Kick,103.0,53.0,21.400934559032695,-0.6528466311007742,False,Right Foot,Normal,Open Play,False,False,False,3,7,119.0,41.0,120.0,40.9,Off T,0.05287904
02a2835d-dfcd-4fda-a416-6c4385924c32,7542,3,788,Morocco,5242,Younès Belhanda,2,54,47,Regular Play,105.0,57.0,22.67156809750927,-0.8478169733934057,False,Right Foot,Normal,Open Play,False,False,False,4,10,119.0,45.0,120.0,41.7,Saved,0.041491136
b51c7a71-e704-45ac-9008-80f2f349d68d,7542,3,788,Morocco,5242,Younès Belhanda,2,56,7,Regular Play,112.0,50.0,12.806248474865697,-0.8960553845713439,False,Head,Normal,Open Play,False,False,False,6,9,120.0,42.0,120.0,37.0,Saved,0.113801956
547878e3-5281-4ac6-9a12-e6611e4aa7ed,7542,3,788,Morocco,5244,Medhi Amine El Mouttaqi Benatia,2,59,56,From Free Kick,107.0,42.0,13.152946437965905,-0.15264932839526515,False,Left Foot,Normal,Open Play,False,False,False,3,9,120.0,42.0,120.0,41.5,Off T,0.13597772
33a998dd-cceb-476e-acf6-34e8aeb85c86,7542,3,788,Morocco,5232,Mbark Boussoufa,2,63,49,From Throw In,113.0,34.0,9.219544457292887,0.7086262721276703,False,Head,Normal,Open Play,False,False,False,3,8,120.0,40.0,107.0,22.0,Wayward,0.084413245
cda7105c-b571-40c0-aefb-4bb4c8cfb2a6,7542,3,788,Morocco,5237,Hakim Ziyech,2,67,26,From Free Kick,96.0,54.0,27.784887978899608,-0.5280744484263596,False,Left Foot,Normal,Free Kick,False,False,False,8,11,120.0,41.0,120.0,42.6,Off T,0.042571124
0a86bbf9-7b40-4a97-907b-c3f8975b2369,7542,3,780,Portugal,5207,Cristiano Ronaldo dos Santos Aveiro,2,70,49,From Throw In,93.0,17.0,35.4682957019364,0.705568177685211,False,Right Foot,Normal,Open Play,False,False,False,4,8,119.0,37.0,97.0,17.0,Blocked,0.006081588
66108521-3af2-4be0-a17c-7a3c98402d21,7542,3,788,Morocco,5244,Medhi Amine El Mouttaqi Benatia,2,77,55,From Free Kick,113.0,47.0,9.899494936611665,-0.7853981633974483,False,Other,Normal,Open Play,False,False,False,5,10,120.0,43.0,120.0,45.0,Off T,0.15676288
e67bfb48-0acc-43ea-bbee-9900822a899e,7542,3,788,Morocco,5727,Nabil Dirar,2,80,20,From Corner,86.0,54.0,36.76955262170047,-0.3906070436976868,False,Right Foot,Normal,Open Play,True,False,False,7,10,120.0,41.0,120.0,39.9,Off T,0.006087828
55b44e9b-4047-468a-9572-a3aee83196f5,7542,3,780,Portugal,5204,Bruno Miguel Borges Fernandes,2,81,44,From Throw In,97.0,52.0,25.942243542145693,-0.48088728019533583,True,Right Foot,Normal,Open Play,False,False,False,4,8,119.0,40.0,120.0,34.0,Off T,0.03569857
89d4e216-e68c-45f0-8b3d-7d9f5ecbdec5,7542,3,780,Portugal,5207,Cristiano Ronaldo dos Santos Aveiro,2,84,19,From Free Kick,102.0,31.0,20.12461179749811,0.4636476090008061,False,Right Foot,Normal,Free Kick,False,False,False,5,10,119.0,41.0,110.0,32.0,Blocked,0.101404436
c3df1f3c-8151-4ad2-8f77-ba3fbc8e9c55,7542,3,788,Morocco,5237,Hakim Ziyech,2,89,43,Regular Play,112.0,50.0,12.806248474865697,-0.8960553845713439,False,Left Foot,Normal,Open Play,False,False,False,3,7,120.0,44.0,114.0,46.0,Blocked,0.07717339
b27e3601-433d-407c-8d45-894282850797,7542,3,788,Morocco,5244,Medhi Amine El Mouttaqi Benatia,2,92,18,From Free Kick,111.0,38.0,9.219544457292887,0.21866894587394195,False,Left Foot,Normal,Open Play,False,False,False,5,10,120.0,41.0,120.0,37.8,Off T,0.13053852
bff9d917-7889-4c2d-a981-5252a57f57a9,7542,3,780,Portugal,5204,Bruno Miguel Borges Fernandes,2,94,43,Regular Play,90.0,21.0,35.510561809129406,0.5645693936681,False,Right Foot,Normal,Open Play,False,False,False,4,10,119.0,38.0,120.0,44.4,Off T,0.007644402
301b839b-3293-495c-8701-db06f19c4ac2,8656,3,768,England,3308,Kieran Trippier,1,4,46,From Free Kick,96.0,43.0,24.186773244895647,-0.12435499454676144,False,Right Foot,Normal,Free Kick,False,False,False,7,10,120.0,41.0,120.0,43.4,Goal,0.087601066
50cde018-2c98-4b17-bc59-14e19a032b64,8656,3,768,England,3336,Harry Maguire,1,13,41,From Corner,111.0,37.0,9.486832980505138,0.3217505543966422,True,Head,Normal,Open Play,False,True,False,5,10,120.0,41.0,120.0,45.6,Off T,0.06737803
a455825a-c4bf-4461-a86a-31d85ecd7d33,8656,3,785,Croatia,5474,Ivan Perišić,1,18,18,From Throw In,94.0,20.0,32.802438933713454,0.6556956262415362,False,Right Foot,Normal,Open Play,False,False,False,6,9,118.0,38.0,120.0,34.6,Off T,0.009048959
f77e4866-1f80-420d-9dcc-5acccbe84d02,8656,3,785,Croatia,5465,Ante Rebić,1,20,3,Regular Play,98.0,41.0,22.02271554554524,-0.04542327942157701,False,Left Foot,Normal,Open Play,False,False,False,3,7,,,100.0,42.0,Blocked,0.062660925
58578b59-eb71-410c-8478-ca0f6f79add2,8656,3,785,Croatia,5474,Ivan Perišić,1,22,22,From Free Kick,87.0,26.0,35.84689665786984,0.40122879900484876,True,Right Foot,Half Volley,Open Play,False,False,False,3,9,117.0,40.0,120.0,33.1,Off T,0.0076604215
7194a099-be34-4a8f-83bc-42f2b1975b47,8656,3,785,Croatia,5465,Ante Rebić,1,31,2,From Throw In,101.0,50.0,21.470910553583888,-0.4844779290370232,False,Left Foot,Normal,Open Play,False,False,False,6,10,119.0,40.0,119.0,37.4,Saved,0.052557826
bb862cf3-ae64-412d-8bc2-b5d1dc034427,8656,3,768,England,3293,Jesse Lingard,1,35,3,Regular Play,102.0,41.0,18.027756377319946,-0.05549850524571683,False,Right Foot,Normal,Open Play,False,False,False,3,8,118.0,41.0,120.0,46.1,Off T,0.07025741
527d5368-66d2-4442-a69e-8785d68f4495,8656,3,768,England,3233,Raheem Sterling,1,36,39,From Throw In,104.0,52.0,20.0,-0.6435011087932844,False,Left Foot,Normal,Open Play,False,False,False,6,9,119.0,43.0,108.0,48.0,Blocked,0.044552676
0f0a40ef-2d6e-405b-98cf-ee4c3482a452,8656,3,785,Croatia,5461,Šime Vrsaljko,1,42,33,Regular Play,88.0,51.0,33.83784863137726,-0.3310960767041321,False,Right Foot,Normal,Open Play,False,False,False,3,8,118.0,40.0,120.0,45.2,Off T,0.014083298
b1c42b4a-ae0d-4ced-a190-bb9cff3fdf35,8656,3,768,England,3293,Jesse Lingard,2,55,18,From Free Kick,96.0,45.0,24.515301344262525,-0.20539538918976738,False,Left Foot,Normal,Open Play,False,False,False,2,7,115.0,40.0,102.0,45.0,Blocked,0.07605162
97743d04-47f0-40d1-a037-6e598abd0d4c,8656,3,785,Croatia,5470,Ivan Rakitić,2,60,2,From Corner,97.0,34.0,23.769728648009426,0.2551823906208184,False,Left Foot,Volley,Open Play,False,False,False,3,7,120.0,41.0,120.0,33.9,Off T,0.030502638
fc9169f3-2f77-4506-a816-c68d41a86dcf,8656,3,785,Croatia,5474,Ivan Perišić,2,64,25,From Throw In,103.0,41.0,17.029386365926403,-0.058755822715722696,False,Right Foot,Normal,Open Play,False,False,False,4,8,120.0,41.0,115.0,40.0,Blocked,0.059572116
89e0faf6-94c1-4fcf-b0b1-0e7031133aaa,8656,3,768,England,10955,Harry Kane,2,66,56,From Free Kick,118.0,56.0,16.1245154965971,-1.446441332248135,True,Right Foot,Normal,Open Play,False,False,False,3,8,118.0,44.0,120.0,45.0,Off T,0.012158659
1ee6a4f4-d2d5-4921-8e42-1ba549ea9ce6,8656,3,785,Croatia,5474,Ivan Perišić,2,67,44,From Throw In,114.0,40.0,6.0,0.0,False,Left Foot,Normal,Open Play,True,False,False,2,8,120.0,42.0,120.0,36.4,Goal,0.20912401
f76b7b94-adb2-4835-b9be-1e4fb1f70953,8656,3,785,Croatia,5474,Ivan Perišić,2,71,6,Regular Play,112.0,30.0,12.806248474865697,0.8960553845713439,False,Left Foot,Normal,Open Play,False,False,False,1,7,120.0,39.0,120.0,44.4,Post,0.15445817
c1cc8f58-b4c2-4e41-ab6b-fe90f2830dac,8656,3,785,Croatia,5465,Ante Rebić,2,71,7,Regular Play,111.0,44.0,9.848857801796104,-0.4182243295792291,False,Left Foot,Normal,Open Play,True,False,False,2,7,120.0,38.0,120.0,37.0,Saved,0.33236027
2e3482ec-5af5-48cb-a590-9dbbf9d37da4,8656,3,785,Croatia,5469,Marcelo Brozović,2,72,52,From Corner,98.0,48.0,23.40939982143925,-0.348771003583907,False,Right Foot,Volley,Open Play,False,False,False,8,11,120.0,41.0,120.0,42.8,Off T,0.030021574
1ccff8f6-3b16-4eb7-9bcb-455ce6daf07e,8656,3,768,England,3293,Jesse Lingard,2,76,48,From Throw In,115.0,55.0,15.811388300841896,-1.2490457723982544,False,Right Foot,Normal,Open Play,False,False,False,4,8,119.0,44.0,116.0,1.0,Wayward,0.016519846
190ea640-38e3-4990-b977-617721fedb86,8656,3,768,England,3532,Jordan Brian Henderson,2,77,35,Regular Play,95.0,45.0,25.495097567963924,-0.19739555984988075,False,Right Foot,Normal,Open Play,False,False,False,4,9,118.0,40.0,120.0,44.0,Off T,0.03295447
ff937333-3779-420f-837c-f531f7eeb989,8656,3,785,Croatia,5472,Mario Mandžukić,2,82,19,Regular Play,113.0,52.0,13.892443989449804,-1.042721878368537,False,Right Foot,Volley,Open Play,False,False,False,1,6,119.0,44.0,119.0,43.6,Saved,0.071416385
f1843713-f683-40af-8028-bab23503bb35,8656,3,785,Croatia,5474,Ivan Perišić,2,83,0,From Keeper,113.0,24.0,17.46424919657298,1.1583858851975093,False,Right Foot,Normal,Open Play,False,False,False,1,5,119.0,29.0,120.0,41.3,Off T,0.034025826
d0ac9790-43ab-41ba-ba95-daeef4ff025b,8656,3,785,Croatia,3471,Dejan Lovren,2,89,32,Regular Play,89.0,57.0,35.35533905932738,-0.5016040541891205,False,Right Foot,Normal,Open Play,False,False,False,8,11,119.0,42.0,120.0,43.4,Off T,0.006736835
41c0a42f-96c7-402b-adbf-69335c994f3f,8656,3,768,England,10955,Harry Kane,2,91,23,From Free Kick,113.0,33.0,9.899494936611665,0.7853981633974483,False,Head,Normal,Open Play,False,False,False,5,11,119.0,40.0,120.0,34.4,Off T,0.054013368
159a056f-fcfd-4026-a5e0-5f4898685262,8656,3,768,England,10956,Eric Dier,3,97,29,Regular Play,92.0,51.0,30.083217912982647,-0.3743336160075839,False,Right Foot,Normal,Open Play,False,False,False,5,9,116.0,43.0,97.0,51.0,Blocked,0.020738635
a8c84250-5a2b-4af7-8699-1f2b3805ee75,8656,3,768,England,3244,John Stones,3,98,12,From Corner,113.0,49.0,11.40175425099138,-0.9097531579442097,False,Head,Normal,Open Play,False,False,False,5,10,120.0,42.0,119.0,39.0,Blocked,0.06443832
4dc3ea0d-86ba-4160-995e-d5a01ba95150,8656,3,785,Croatia,5460,Andrej Kramarić,3,101,22,From Free Kick,106.0,58.0,22.80350850198276,-0.9097531579442097,False,Left Foot,Normal,Open Play,False,False,False,5,11,119.0,42.0,105.0,57.0,Blocked,0.017686963
caed7e6a-b40b-429f-84c7-c43235a6e50d,8656,3,785,Croatia,5460,Andrej Kramarić,3,105,42,Regular Play,101.0,34.0,19.924858845171276,0.30587887140485215,False,Left Foot,Normal,Open Play,False,False,False,3,8,119.0,38.0,104.0,34.0,Blocked,0.07233582
43dd92be-78ea-4a85-a6ab-55a898f5527f,8656,3,785,Croatia,5472,Mario Mandžukić,3,106,26,Regular Play,114.0,39.0,6.082762530298219,0.16514867741462683,False,Right Foot,Normal,Open Play,True,False,False,2,6,116.0,39.0,116.0,39.5,Saved,0.4161531
c6699633-df2c-4228-914e-3ac06a470764,8656,3,785,Croatia,5469,Marcelo Brozović,4,107,2,From Corner,111.0,27.0,15.811388300841896,0.9652516631899266,False,Left Foot,Normal,Open Play,False,False,False,5,10,120.0,38.0,120.0,35.0,Off T,0.061426584
8023b6b6-2a67-4d2d-91ae-b69e4329e3b3,8656,3,785,Croatia,5472,Mario Mandžukić,4,108,3,From Throw In,114.0,33.0,9.219544457292887,0.8621700546672264,False,Left Foot,Normal,Open Play,False,False,False,5,10,120.0,39.0,119.0,42.0,Goal,0.25109488
9e4b4fba-8410-4edb-83ba-e700b707f400,8656,3,785,Croatia,5474,Ivan Perišić,4,113,40,Other,107.0,32.0,15.264337522473747,0.5516549825285468,False,Left Foot,Normal,Open Play,False,False,False,3,8,119.0,39.0,109.0,37.0,Blocked,0.11611599
4a897018-78e4-436f-9ee0-b41519a1967b,8656,3,785,Croatia,5469,Marcelo Brozović,4,115,34,From Corner,97.0,22.0,29.206163733020468,0.6640461628266846,False,Right Foot,Normal,Open Play,False,False,False,5,7,119.0,40.0,120.0,39.9,Saved,0.010755873
b67b3860-86bf-430a-8232-b7e8124f2bbb,8656,3,785,Croatia,5460,Andrej Kramarić,4,119,24,Regular Play,109.0,52.0,16.278820596099706,-0.8288490587889792,False,Right Foot,Normal,Open Play,False,False,False,1,4,119.0,44.0,120.0,45.0,Off T,0.12152097
c21eb124-0b8d-4edf-9761-fbc53f783767,7548,3,781,Brazil,3501,Philippe Coutinho Correia,1,2,58,Regular Play,98.0,51.0,24.596747752497688,-0.4636476090008061,False,Right Foot,Normal,Open Play,False,False,False,5,10,117.0,40.0,120.0,36.2,Off T,0.036142077
8d9b7b92-d851-4bcb-8db4-fdb51c41eb2e,7548,3,795,Costa Rica,5602,Cristian Gamboa Luna,1,6,12,From Throw In,88.0,59.0,37.21558813185679,-0.5358112379604637,False,Right Foot,Normal,Open Play,False,False,False,7,11,120.0,41.0,120.0,46.7,Off T,0.007548474
0838b6c6-b0f6-45e9-8e23-ff9df30295c2,7548,3,795,Costa Rica,5582,Celso Borges Mora,1,12,24,Regular Play,107.0,48.0,15.264337522473747,-0.5516549825285468,True,Right Foot,Normal,Open Play,True,False,False,5,8,119.0,43.0,120.0,34.4,Off T,0.09443319
1fb09e71-683f-496a-8fa2-51f13b70169c,7548,3,795,Costa Rica,5836,Bryan Oviedo,1,14,23,From Throw In,82.0,29.0,39.56008088970496,0.28177186727335213,False,Left Foot,Normal,Open Play,False,False,False,5,10,119.0,41.0,104.0,39.0,Blocked,0.006780131
471e7722-dc06-4dad-a0c7-555933f7853b,7548,3,781,Brazil,3295,Thiago Emiliano da Silva,1,22,31,From Free Kick,106.0,25.0,20.518284528683193,0.8198672643969563,True,Head,Normal,Open Play,False,True,False,4,10,119.0,38.0,120.0,33.9,Off T,0.032397527
c8029148-def3-4eba-bad8-f55f87c21306,7548,3,781,Brazil,5552,Marcelo Vieira da Silva Júnior,1,25,41,Regular Play,99.0,22.0,27.65863337187866,0.7086262721276703,False,Left Foot,Normal,Open Play,True,False,False,4,8,118.0,37.0,108.0,37.0,Blocked,0.016899822
da43c26e-d5c9-461c-847b-8eb6f4f2bffb,7548,3,781,Brazil,5552,Marcelo Vieira da Silva Júnior,1,28,15,Regular Play,97.0,20.0,30.479501308256342,0.7157435896688801,False,Left Foot,Normal,Open Play,False,False,False,7,10,117.0,36.0,120.0,45.6,Off T,0.0112173855
22e30073-5646-452c-ada0-8b5384f8044f,7548,3,781,Brazil,3501,Philippe Coutinho Correia,1,29,18,From Throw In,92.0,23.0,32.7566787083184,0.5456550545269917,False,Right Foot,Normal,Open Play,False,False,False,6,10,117.0,37.0,120.0,45.2,Off T,0.008158741
bd5da78a-69e0-47cb-a544-871ef11eb2f0,7548,3,781,Brazil,3472,Willian Borges da Silva,1,33,19,Regular Play,100.0,52.0,23.323807579381203,-0.5404195002705842,False,Left Foot,Normal,Open Play,False,False,False,6,11,117.0,40.0,120.0,33.7,Off T,0.041545574
c1cfcb01-0753-4e3a-95a2-33d08428291c,7548,3,781,Brazil,5552,Marcelo Vieira da Silva Júnior,1,40,44,Regular Play,96.0,23.0,29.410882339705484,0.6162969373960713,False,Right Foot,Normal,Open Play,False,False,False,6,10,118.0,38.0,119.0,36.4,Saved,0.0191676
0a108b12-a5e4-4287-be55-61f14c07ed8c,7548,3,781,Brazil,4320,Neymar da Silva Santos Junior,2,47,27,From Kick Off,117.0,39.0,3.1622776601683795,0.3217505543966422,False,Right Foot,Volley,Open Play,True,False,False,3,9,119.0,43.0,117.0,39.0,Blocked,0.49476126
fc99ddc6-927c-4b64-a1eb-1599d5db30b2,7548,3,781,Brazil,3202,Gabriel Fernando de Jesus,2,48,51,Regular Play,112.0,40.0,8.0,0.0,False,Head,Normal,Open Play,False,False,False,3,9,119.0,41.0,120.0,41.3,Post,0.19056164
c0b08c3a-f4fd-42bc-ae18-1c0d9af6c540,7548,3,781,Brazil,3501,Philippe Coutinho Correia,2,48,58,Regular Play,105.0,41.0,15.033296378372908,-0.06656816377582381,False,Right Foot,Normal,Open Play,True,False,False,4,9,120.0,42.0,118.0,41.0,Blocked,0.07274404
0f3662fd-9091-4135-b5e5-ed4114c7f2f9,7548,3,781,Brazil,4320,Neymar da Silva Santos Junior,2,55,50,Regular Play,110.0,42.0,10.198039027185569,-0.19739555984988075,False,Right Foot,Normal,Open Play,True,False,False,4,6,119.0,43.0,119.0,41.1,Saved,0.18450306
199fe719-149b-4fdd-b7fa-02abe4120d95,7548,3,781,Brazil,3501,Philippe Coutinho Correia,2,57,14,From Corner,103.0,48.0,18.788294228055936,-0.4398425828157362,False,Right Foot,Normal,Open Play,True,False,False,4,8,120.0,44.0,120.0,41.7,Saved,0.056714255
cf6a65c5-096b-4cda-8839-16c8fffaa17c,7548,3,795,Costa Rica,5598,Óscar Esau Duarte Gaitán,2,59,52,From Corner,104.0,40.0,16.0,0.0,False,Right Foot,Volley,Open Play,False,False,False,5,8,119.0,40.0,105.0,39.0,Wayward,0.04993162
00da3013-47d1-4e82-8af4-ad05848b8a24,7548,3,781,Brazil,3202,Gabriel Fernando de Jesus,2,60,17,Regular Play,108.0,31.0,15.0,0.6435011087932844,False,Right Foot,Normal,Open Play,False,False,False,4,8,120.0,39.0,109.0,30.0,Blocked,0.092250206
2fd29126-c2ec-49c6-aa6d-9462c6960e11,7548,3,781,Brazil,4320,Neymar da Silva Santos Junior,2,62,56,Regular Play,100.0,24.0,25.612496949731394,0.6747409422235526,False,Left Foot,Normal,Open Play,False,False,False,5,10,120.0,41.0,119.0,37.2,Saved,0.030233286
72eeff7e-07af-4515-a51b-da06bed99764,7548,3,781,Brazil,3295,Thiago Emiliano da Silva,2,68,59,From Corner,111.0,44.0,9.848857801796104,-0.4182243295792291,False,Head,Diving Header,Open Play,False,False,False,5,9,120.0,43.0,114.0,50.0,Wayward,0.09530205
32eeb435-1f6c-4bd7-b8d7-5c40ff97e39e,7548,3,781,Brazil,5539,Carlos Henrique Casimiro,2,69,47,From Corner,112.0,41.0,8.06225774829855,-0.12435499454676144,False,Head,Normal,Open Play,False,False,False,5,9,120.0,42.0,119.0,38.0,Saved,0.102238975
81f97aca-f42f-4ebf-82bd-da212c83d49e,7548,3,781,Brazil,4320,Neymar da Silva Santos Junior,2,71,34,Regular Play,98.0,38.0,22.090722034374522,0.09065988720074511,False,Right Foot,Normal,Open Play,False,False,False,1,5,115.0,41.0,120.0,44.8,Off T,0.10716484
31be19b4-51e5-41a3-b247-a6ffa2154d71,7548,3,781,Brazil,4320,Neymar da Silva Santos Junior,2,75,7,Regular Play,108.0,27.0,17.69180601295413,0.8253768505207384,False,Right Foot,Normal,Open Play,False,False,False,4,8,119.0,39.0,111.0,29.0,Blocked,0.03701403
7fef9a34-bb00-429e-8e5a-92931bfbadc4,7548,3,781,Brazil,3501,Philippe Coutinho Correia,2,84,37,Regular Play,89.0,28.0,33.24154027718932,0.3693336576736256,False,Right Foot,Normal,Open Play,False,False,False,7,10,120.0,41.0,120.0,37.4,Saved,0.013194866
ba2050a7-4046-42f8-8b75-a456004568ce,7548,3,781,Brazil,5539,Carlos Henrique Casimiro,2,86,14,Regular Play,96.0,46.0,24.73863375370596,-0.24497866312686414,False,Right Foot,Normal,Open Play,False,False,False,6,10,119.0,43.0,120.0,42.8,Saved,0.036078174
be151105-0cd9-49ce-a824-daa499475ad4,7548,3,781,Brazil,3501,Philippe Coutinho Correia,2,90,23,From Free Kick,113.0,38.0,7.280109889280518,0.27829965900511133,False,Right Foot,Normal,Open Play,True,False,False,3,9,119.0,41.0,120.0,38.9,Goal,0.4204949
1eec7e81-11ac-4c69-a6be-a2e32fe67247,7548,3,781,Brazil,3535,Roberto Firmino Barbosa de Oliveira,2,93,42,Regular Play,112.0,32.0,11.313708498984761,0.7853981633974483,False,Right Foot,Normal,Open Play,True,False,False,3,9,119.0,39.0,120.0,45.4,Off T,0.15961349
45b545f0-5876-425a-ae72-8ea1179953ef,7548,3,781,Brazil,4320,Neymar da Silva Santos Junior,2,96,45,From Counter,115.0,42.0,5.385164807134504,-0.3805063771123649,False,Left Foot,Normal,Open Play,True,False,True,2,6,116.0,45.0,120.0,36.6,Goal,0.837965
7229ded8-e356-4f3c-b882-c61057932641,7578,3,783,Uruguay,4319,Edinson Roberto Cavani Gómez,1,7,53,Regular Play,97.0,32.0,24.351591323771842,0.3347368373168147,False,Right Foot,Normal,Open Play,False,False,False,6,9,120.0,43.0,119.0,37.0,Saved,0.060392763
30374964-863a-4872-a292-b200c7c40c05,7578,3,774,Egypt,5261,Mahmoud Ibrahim Hassan,1,11,0,From Free Kick,108.0,51.0,16.278820596099706,-0.7419472680059175,False,Right Foot,Half Volley,Open Play,False,False,False,5,8,118.0,41.0,118.0,43.8,Saved,0.10038112
a5bdba7b-b198-4c29-a0ad-e0298d76aa2d,7578,3,783,Uruguay,5246,Luis Alberto Suárez Díaz,1,13,14,From Throw In,109.0,55.0,18.601075237738275,-0.9380474917927135,False,Right Foot,Normal,Open Play,True,False,False,4,9,120.0,44.0,120.0,46.0,Off T,0.04369932
40806951-5f84-44d7-b646-d7720a3a56a5,7578,3,783,Uruguay,4319,Edinson Roberto Cavani Gómez,1,22,27,From Corner,102.0,23.0,24.758836806279895,0.7568345055586884,False,Left Foot,Normal,Open Play,False,False,False,4,9,120.0,39.0,111.0,33.0,Blocked,0.027233513
ea9ee5ca-5a01-4fe7-900d-a3eaf8466bab,7578,3,783,Uruguay,5248,José Martín Cáceres Silva,1,23,1,From Corner,114.0,48.0,10.0,-0.9272952180016122,False,Head,Normal,Open Play,False,False,False,7,11,120.0,43.0,114.0,41.0,Wayward,0.06760274
cb68ae6f-45d5-4ebe-aece-119921897b38,7578,3,783,Uruguay,5246,Luis Alberto Suárez Díaz,1,23,2,From Corner,116.0,35.0,6.4031242374328485,0.8960553845713439,False,Right Foot,Normal,Open Play,True,False,False,6,10,120.0,40.0,120.0,35.4,Off T,0.52513975
5d6da10d-61d0-4c5f-805c-e29a9d3b4e7d,7578,3,774,Egypt,5252,Marwan Mohsen,1,25,46,From Keeper,100.0,51.0,22.825424421026653,-0.5028432109278608,False,Right Foot,Normal,Open Play,False,False,False,4,8,118.0,40.0,118.0,38.5,Saved,0.056479577
09946bf3-841e-47cc-9a67-5ccefb36e0f4,7578,3,783,Uruguay,5255,Matías Vecino Falero,1,28,43,Regular Play,83.0,53.0,39.21734310225516,-0.33787818824027843,False,Right Foot,Normal,Open Play,False,False,False,4,10,120.0,43.0,120.0,34.8,Off T,0.005622683
cca9f897-2d38-4060-adb7-4b42dc08afc8,7578,3,783,Uruguay,5246,Luis Alberto Suárez Díaz,1,31,31,From Free Kick,88.0,38.0,32.0624390837628,0.06241880999595735,False,Right Foot,Normal,Free Kick,False,False,False,8,11,120.0,42.0,97.0,37.0,Blocked,0.027368054
18e0e89a-9c36-4fa7-ae6b-b2d80a7ebf27,7578,3,774,Egypt,5251,Abdalla Mahmoud El Said Bekhit,1,42,40,Regular Play,105.0,48.0,17.0,-0.4899573262537283,False,Right Foot,Overhead Kick,Open Play,False,False,False,4,8,119.0,40.0,107.0,46.0,Wayward,0.07929382
70b06043-1605-421f-81b5-fe8bd8d7cb9a,7578,3,774,Egypt,5262,Tarek Hamed,1,45,54,Regular Play,88.0,37.0,32.14031735997639,0.09347678115858947,False,Right Foot,Normal,Open Play,False,False,False,5,9,119.0,38.0,95.0,38.0,Blocked,0.019357108
dfa65faf-6d64-4cfe-9652-1e1fc0eb7f35,7578,3,783,Uruguay,5246,Luis Alberto Suárez Díaz,2,45,51,Regular Play,114.0,48.0,10.0,-0.9272952180016122,False,Right Foot,Normal,Open Play,False,False,False,3,6,116.0,46.0,117.0,42.8,Saved,0.20541766
9f4ba57c-9d9e-45da-9bb3-a04a39dafded,7578,3,774,Egypt,5261,Mahmoud Ibrahim Hassan,2,55,15,Regular Play,92.0,19.0,35.0,0.6435011087932844,True,Right Foot,Normal,Open Play,False,False,False,4,8,120.0,41.0,120.0,32.5,Off T,0.009718898
a35387c9-09b9-49b8-acab-adcc08bf78ae,7578,3,783,Uruguay,5268,Carlos Andrés Sánchez Arcosa,2,67,31,Regular Play,94.0,50.0,27.85677655436824,-0.3671738338182192,False,Right Foot,Normal,Open Play,False,False,False,4,10,119.0,39.0,107.0,46.0,Blocked,0.031815737
d6b0d0c7-7d1c-4fff-9abc-417708df2d89,7578,3,783,Uruguay,4319,Edinson Roberto Cavani Gómez,2,69,35,From Corner,108.0,49.0,15.0,-0.6435011087932844,False,Left Foot,Normal,Open Play,False,False,False,7,11,119.0,41.0,112.0,46.0,Blocked,0.069045424
b56d949a-fd64-49c4-9575-73187c1c22bd,7578,3,774,Egypt,5250,Ahmed Fathy Abdel Meneim Ibrahim,2,71,51,Regular Play,98.0,62.0,31.11269837220809,-0.7853981633974483,False,Right Foot,Normal,Open Play,True,False,False,5,9,119.0,45.0,118.0,41.1,Saved,0.008270875
1bc9e0b3-4f76-41b7-8585-3234ec0c6a5d,7578,3,774,Egypt,3568,Mohamed Naser Elsayed Elneny,2,80,52,Regular Play,105.0,52.0,19.209372712298546,-0.6747409422235526,False,Right Foot,Normal,Open Play,False,False,False,4,9,120.0,45.0,107.0,49.0,Blocked,0.06409918
d74c6566-adb2-419f-b3a3-ec0459189c4a,7578,3,783,Uruguay,4319,Edinson Roberto Cavani Gómez,2,82,30,Regular Play,99.0,34.0,21.840329667841555,0.27829965900511133,False,Right Foot,Volley,Open Play,True,False,False,7,9,119.0,38.0,118.0,42.8,Saved,0.058034446
6b3194d5-7d8a-4893-9bb0-b8e81a5cbcdb,7578,3,783,Uruguay,5259,José María Giménez de Vargas,2,82,50,From Corner,112.0,44.0,8.94427190999916,-0.4636476090008061,True,Head,Normal,Open Play,False,True,False,7,11,119.0,40.0,120.0,46.7,Off T,0.07687706
792b2163-8bad-4e8e-bc0d-484094599149,7578,3,783,Uruguay,5259,José María Giménez de Vargas,2,84,16,From Corner,112.0,36.0,8.94427190999916,0.4636476090008061,False,Head,Normal,Open Play,False,False,False,7,11,118.0,38.0,113.0,36.0,Blocked,0.0793723
7ce0881a-cb33-4815-ab37-322365b528a1,7578,3,783,Uruguay,4319,Edinson Roberto Cavani Gómez,2,87,46,From Free Kick,98.0,21.0,29.068883707497267,0.712357598094329,False,Right Foot,Normal,Free Kick,False,False,False,8,9,119.0,39.0,119.0,44.4,Post,0.011360643
fc34b8cb-e5e8-465c-9fbc-b36047ee6eaa,7578,3,783,Uruguay,5248,José Martín Cáceres Silva,2,87,48,From Free Kick,110.0,38.0,10.198039027185569,0.19739555984988075,False,Right Foot,Half Volley,Open Play,False,False,False,4,11,119.0,43.0,113.0,36.0,Blocked,0.5580403
5f47335e-db58-4ba9-8d52-a45401a2f762,7578,3,783,Uruguay,5259,José María Giménez de Vargas,2,88,59,From Free Kick,113.0,37.0,7.615773105863909,0.40489178628508343,True,Head,Normal,Open Play,False,True,False,7,11,119.0,39.0,119.0,43.6,Goal,0.0937962
f0afbc9e-f532-4630-9369-9653900c0ffb,7578,3,774,Egypt,3568,Mohamed Naser Elsayed Elneny,2,94,45,From Throw In,104.0,56.0,22.627416997969522,-0.7853981633974483,False,Right Foot,Volley,Open Play,True,False,False,5,9,119.0,45.0,113.0,46.0,Blocked,0.026887877
751e2aa8-0bf5-463c-ab66-1b95df19fa32,7553,3,794,Mexico,5567,Edson Omar Álvarez Velázquez,1,7,8,From Corner,112.0,41.0,8.06225774829855,-0.12435499454676144,False,Head,Normal,Open Play,False,False,False,7,11,120.0,41.0,89.0,41.0,Wayward,0.108760424
10f94623-709c-44c8-9436-b7dad79f5475,7553,3,794,Mexico,3058,Javier Hernández Balcázar,1,11,34,From Free Kick,107.0,45.0,13.92838827718412,-0.3671738338182192,False,Head,Normal,Open Play,False,False,False,9,11,119.0,41.0,120.0,34.4,Off T,0.05888787
2116e47d-4c49-4bd1-9eb2-521aec053c4a,7553,3,794,Mexico,5564,Carlos Joel Salcedo Hernández,1,16,21,From Corner,111.0,49.0,12.727922061357855,-0.7853981633974483,True,Head,Normal,Open Play,False,True,False,7,11,120.0,42.0,120.0,44.0,Saved,0.055134527
60ffcef3-a1f4-49ec-86a4-d8bc43c8a7c2,7553,3,791,South Korea,3083,Heung-Min Son,1,21,12,From Counter,109.0,51.0,15.556349186104045,-0.7853981633974483,False,Left Foot,Normal,Open Play,False,False,False,0,4,118.0,42.0,112.0,46.0,Blocked,0.08637872
ba937516-4fed-41bc-8f2d-b9585b809ce4,7553,3,791,South Korea,3083,Heung-Min Son,1,21,14,From Counter,111.0,49.0,12.727922061357855,-0.7853981633974483,False,Right Foot,Half Volley,Open Play,True,False,False,0,5,116.0,42.0,112.0,48.0,Blocked,0.08545184
06046a0e-19f0-4644-8f8a-35ce198f13a0,7553,3,791,South Korea,3083,Heung-Min Son,1,21,18,From Counter,98.0,49.0,23.769728648009426,-0.388318718172466,False,Left Foot,Normal,Open Play,False,False,False,3,7,119.0,40.0,108.0,46.0,Blocked,0.043937247
c4aa9b03-5a06-45dc-918b-8cdf2822ebff,7553,3,791,South Korea,3605,Sung-Yeung Ki,1,22,15,From Corner,109.0,44.0,11.704699910719626,-0.348771003583907,True,Head,Normal,Open Play,False,True,False,5,8,119.0,42.0,119.0,40.9,Saved,0.06718748
9fbe33b4-b777-4746-9cc0-ac621f278d7b,7553,3,794,Mexico,5560,Carlos Alberto Vela Garrido,1,25,22,Other,109.0,41.0,11.045361017187261,-0.09065988720074511,False,Left Foot,Normal,Penalty,False,False,False,0,0,,,120.0,41.5,Goal,0.7835
1d615ad1-c47b-4321-89e6-f6d2945085f8,7553,3,794,Mexico,5556,Miguel Arturo Layún Prado,1,27,9,Regular Play,105.0,42.0,15.132745950421556,-0.13255153229667402,False,Right Foot,Normal,Open Play,True,False,False,6,10,119.0,41.0,119.0,39.1,Saved,0.09150781
7922cbcf-f73c-49cb-a7b3-996c155cdf07,7553,3,791,South Korea,3083,Heung-Min Son,1,30,50,From Free Kick,87.0,41.0,33.015148038438355,-0.0302937599187751,False,Right Foot,Normal,Free Kick,False,False,False,5,9,119.0,39.0,120.0,40.3,Off T,0.026791243
fb7e5275-ae42-4489-a59c-3b1375c29057,7553,3,791,South Korea,3083,Heung-Min Son,1,38,34,Regular Play,118.0,30.0,10.198039027185569,1.373400766945016,False,Right Foot,Normal,Open Play,False,False,False,1,4,118.0,31.0,118.0,36.6,Saved,0.031374734
1aa965e7-b130-47c3-9404-de66892f0942,7553,3,794,Mexico,5571,Hirving Rodrigo Lozano Bahena,1,42,31,Regular Play,108.0,26.0,18.439088914585774,0.8621700546672264,True,Right Foot,Normal,Open Play,False,False,False,4,8,118.0,39.0,120.0,41.9,Off T,0.07445391
b7302fc0-4329-43e4-bb91-ef7f1be97332,7553,3,791,South Korea,5989,Seon-Min Moon,1,44,18,From Throw In,94.0,48.0,27.202941017470888,-0.2984989315861793,False,Left Foot,Normal,Open Play,False,False,False,6,9,118.0,40.0,98.0,50.0,Blocked,0.018994939
ae20c55a-fb9d-4e86-a1e7-7a87e8b708c7,7553,3,791,South Korea,3083,Heung-Min Son,1,44,21,From Throw In,99.0,32.0,22.47220505424423,0.36397895650964407,False,Left Foot,Normal,Open Play,False,False,False,7,9,118.0,38.0,102.0,32.0,Blocked,0.0442519
1d5cb09b-fad8-4e5c-a402-cb57ef0130c3,7553,3,794,Mexico,5571,Hirving Rodrigo Lozano Bahena,2,49,58,From Throw In,100.0,28.0,23.323807579381203,0.5404195002705842,True,Right Foot,Normal,Open Play,False,False,False,3,7,116.0,38.0,120.0,40.9,Off T,0.026885381
62ac8511-e2be-43f2-94cb-41f211a0c3cd,7553,3,794,Mexico,3058,Javier Hernández Balcázar,2,51,2,From Throw In,90.0,46.0,30.59411708155671,-0.19739555984988075,False,Right Foot,Normal,Open Play,False,False,False,3,7,113.0,43.0,120.0,38.3,Off T,0.037323274
a78dc8e5-a70f-4b42-933a-e91a790aa41d,7553,3,791,South Korea,5989,Seon-Min Moon,2,51,47,Regular Play,110.0,47.0,12.206555615733702,-0.6107259643892086,False,Right Foot,Normal,Open Play,False,False,False,4,8,120.0,44.0,111.0,49.0,Blocked,0.1644079
17640cef-4b85-431e-be88-0f28c425a499,7553,3,791,South Korea,5623,Jae-Sung Lee,2,52,39,From Corner,105.0,68.0,31.76476034853718,-1.0789871508061981,False,Left Foot,Normal,Open Play,True,False,False,6,8,120.0,44.0,119.0,43.8,Saved,0.005266859
8f92c003-a9b3-499a-9781-320c0f3de864,7553,3,791,South Korea,3605,Sung-Yeung Ki,2,55,41,From Keeper,103.0,18.0,27.80287754891569,0.9129077216126865,False,Right Foot,Normal,Open Play,True,False,False,5,9,120.0,39.0,119.0,39.1,Saved,0.008576281
2d154520-a834-4317-8c23-bda81ba13174,7553,3,794,Mexico,5563,José Andrés Guardado Hernández,2,57,39,Regular Play,96.0,46.0,24.73863375370596,-0.24497866312686414,False,Right Foot,Normal,Open Play,True,False,False,6,10,117.0,40.0,108.0,34.0,Blocked,0.04806095
e267bc21-92b9-4a7a-9350-0237e7d34283,7553,3,794,Mexico,5563,José Andrés Guardado Hernández,2,57,42,Regular Play,104.0,36.0,16.492422502470642,0.24497866312686414,True,Left Foot,Normal,Open Play,False,False,False,7,10,117.0,39.0,118.0,37.2,Saved,0.09060148
1267515c-fa57-4d8c-9c1d-b26a55a0908e,7553,3,794,Mexico,5571,Hirving Rodrigo Lozano Bahena,2,59,50,From Counter,100.0,39.0,20.024984394500787,0.04995839572194276,True,Left Foot,Normal,Open Play,False,False,False,0,5,109.0,40.0,104.0,40.0,Blocked,0.19791076
efb589cc-1039-45a0-89c8-ac6a737d8b01,7553,3,791,South Korea,5623,Jae-Sung Lee,2,60,58,Regular Play,104.0,38.0,16.1245154965971,0.12435499454676144,False,Left Foot,Normal,Open Play,True,False,False,4,8,120.0,39.0,113.0,39.0,Blocked,0.08345764
750e4e5e-29f6-4988-869c-6a829fcda175,7553,3,794,Mexico,5560,Carlos Alberto Vela Garrido,2,61,25,Regular Play,101.0,58.0,26.1725046566048,-0.7583777142101835,True,Left Foot,Normal,Open Play,False,False,False,2,6,118.0,41.0,120.0,36.6,Off T,0.019312114
e7b2feb3-3b20-479e-9531-657e6493956e,7553,3,794,Mexico,3058,Javier Hernández Balcázar,2,65,24,From Counter,111.0,32.0,12.041594578792296,0.7266423406817256,False,Right Foot,Normal,Open Play,False,False,False,2,6,115.0,35.0,120.0,38.3,Goal,0.25309914
33fafc1c-b8ca-4266-80bd-3a05f1a4c6f8,7553,3,791,South Korea,5620,Hee-Chan Hwang,2,69,6,From Corner,99.0,40.0,21.0,0.0,False,Right Foot,Normal,Open Play,False,False,False,7,8,120.0,40.0,119.0,37.6,Saved,0.049417518
2a203e80-d109-4ab8-948c-a482d6947698,7553,3,791,South Korea,3605,Sung-Yeung Ki,2,73,2,Regular Play,88.0,52.0,34.17601498127012,-0.35877067027057225,False,Right Foot,Normal,Open Play,False,False,False,6,9,120.0,41.0,103.0,45.0,Blocked,0.009588097
617b3312-f416-4ff5-8fb9-ca24a40d8088,7553,3,791,South Korea,5623,Jae-Sung Lee,2,81,40,From Throw In,95.0,49.0,26.570660511172846,-0.34555558058171215,False,Left Foot,Normal,Open Play,False,False,False,6,10,120.0,42.0,97.0,48.0,Blocked,0.021833424
777af96f-aeea-4c60-b446-39992b388b09,7553,3,791,South Korea,3083,Heung-Min Son,2,87,43,Regular Play,94.0,40.0,26.0,0.0,False,Right Foot,Normal,Open Play,False,False,False,3,8,119.0,41.0,120.0,42.4,Off T,0.05194924
b138a872-87f1-4f71-aa37-9204adefb740,7553,3,794,Mexico,5575,Héctor Miguel Herrera López,2,91,34,From Free Kick,96.0,47.0,25.0,-0.28379410920832787,False,Right Foot,Half Volley,Open Play,True,False,False,6,9,118.0,40.0,120.0,37.4,Off T,0.03211408
469e5933-3740-49b5-982a-fd7b8fb8a715,7553,3,791,South Korea,3083,Heung-Min Son,2,92,6,Regular Play,97.0,54.0,26.92582403567252,-0.5467888408892474,False,Left Foot,Normal,Open Play,False,False,False,5,9,119.0,43.0,120.0,36.2,Goal,0.02292819
2018d08b-c1ea-4295-bdce-47b2f01e7d5d,7536,3,782,Belgium,3289,Romelu Lukaku Menama,1,0,40,Regular Play,113.0,34.0,9.219544457292887,0.7086262721276703,True,Left Foot,Normal,Open Play,True,False,False,4,10,117.0,37.0,120.0,34.6,Off T,0.0747409
61e4a2d0-c48e-450c-97a0-af064d3ef5b5,7536,3,798,Panama,5637,Edgar Yoel Bárcenas Herrera,1,3,15,From Free Kick,96.0,51.0,26.40075756488817,-0.4297622790966885,False,Left Foot,Half Volley,Open Play,False,False,False,8,11,119.0,42.0,115.0,47.0,Wayward,0.016566036
ed1d9438-a759-4f42-aba6-198f8a0ca465,7536,3,782,Belgium,5633,Yannick Ferreira Carrasco,1,5,49,Regular Play,104.0,24.0,22.627416997969522,0.7853981633974483,False,Right Foot,Normal,Open Play,True,False,False,5,9,118.0,36.0,119.0,36.8,Saved,0.0327767
0dc2ff74-6d63-43fa-8e27-ebc6752a3f7c,7536,3,782,Belgium,5630,Dries Mertens,1,6,20,From Keeper,104.0,54.0,21.2602916254693,-0.7188299996216245,True,Right Foot,Normal,Open Play,False,False,False,4,8,119.0,41.0,119.0,43.2,Saved,0.06243627
0b05b515-4adf-48f8-aa95-fad9a3c7f519,7536,3,782,Belgium,3621,Eden Hazard,1,11,1,Regular Play,118.0,30.0,10.198039027185569,1.373400766945016,False,Left Foot,Normal,Open Play,False,False,False,1,5,119.0,32.0,120.0,35.2,Off T,0.02878628
6a9e292d-a62b-4d8d-9840-705b30e855f3,7536,3,782,Belgium,5630,Dries Mertens,1,18,11,From Corner,110.0,57.0,19.72308292331602,-1.039072259536091,False,Right Foot,Normal,Open Play,True,False,False,6,9,118.0,42.0,120.0,45.4,Off T,0.016349373
e6d455f2-8230-4d7b-9a65-44794cac8273,7536,3,782,Belgium,3089,Kevin De Bruyne,1,21,14,From Corner,98.0,22.0,28.42534080710379,0.6857295109062863,True,Right Foot,Normal,Open Play,False,False,False,6,9,118.0,38.0,120.0,36.8,Off T,0.014519094
ad8e493b-f818-40fa-9072-1eb78208f1e8,7536,3,782,Belgium,3621,Eden Hazard,1,25,6,From Corner,103.0,56.0,23.345235059857504,-0.7551044034786732,True,Right Foot,Normal,Open Play,False,False,False,3,8,117.0,42.0,120.0,46.1,Off T,0.031556185
bda6bdcd-3432-42d8-858a-47dff2a4e3c9,7536,3,782,Belgium,3621,Eden Hazard,1,37,2,Regular Play,109.0,54.0,17.804493814764857,-0.9048270894157867,True,Right Foot,Normal,Open Play,False,False,False,4,9,118.0,42.0,118.0,43.6,Saved,0.0654758
e33cbce0-8f36-40ee-8a7f-b19fbd5ae876,7536,3,798,Panama,5635,Román Aureliano Torres Morcillo,1,38,33,From Corner,104.0,37.0,16.278820596099706,0.18534794999569476,True,Right Foot,Half Volley,Open Play,True,False,False,6,10,119.0,41.0,117.0,48.0,Wayward,0.07518605
1b27cd08-9b66-4d8c-8135-ff6a06d66178,7536,3,782,Belgium,5630,Dries Mertens,1,40,0,From Free Kick,103.0,50.0,19.72308292331602,-0.5317240672588056,False,Right Foot,Volley,Open Play,True,False,False,7,11,118.0,41.0,120.0,45.8,Off T,0.04146307
d9bc8f01-8546-4d81-ae8b-f1fd87efb444,7536,3,798,Panama,5645,Armando Enrique Cooper Whitaker,1,41,18,From Free Kick,92.0,53.0,30.870698080866262,-0.4346702151492448,False,Right Foot,Normal,Open Play,False,False,False,7,10,117.0,42.0,120.0,34.6,Off T,0.023121053
ecf7c021-511a-4261-b937-58c4c55995e7,7536,3,782,Belgium,5630,Dries Mertens,2,46,40,From Throw In,105.0,59.0,24.20743687382041,-0.9025069079643125,False,Right Foot,Volley,Open Play,True,False,False,6,11,117.0,45.0,120.0,36.2,Goal,0.009998361
3ea9045b-eaba-4f86-9dae-c2f19968a860,7536,3,782,Belgium,3089,Kevin De Bruyne,2,51,41,From Free Kick,97.0,26.0,26.92582403567252,0.5467888408892474,False,Right Foot,Normal,Free Kick,False,False,False,6,10,119.0,42.0,120.0,35.2,Off T,0.044222042
08db8723-9096-4b84-97e0-fe2118500745,7536,3,798,Panama,5641,Michael Amir Murillo Bermudez,2,53,58,Regular Play,111.0,49.0,12.727922061357855,-0.7853981633974483,False,Right Foot,Normal,Open Play,False,False,False,2,6,114.0,45.0,113.0,41.1,Saved,0.34641263
1c1c86b7-80da-42c3-ac9e-db45b9c75c2b,7536,3,798,Panama,5635,Román Aureliano Torres Morcillo,2,54,41,From Corner,111.0,38.0,9.219544457292887,0.21866894587394195,True,Head,Normal,Open Play,False,True,False,6,10,118.0,40.0,120.0,33.9,Off T,0.09954064
998f1bee-289a-468a-8e08-d5284e64aa20,7536,3,798,Panama,5637,Edgar Yoel Bárcenas Herrera,2,57,39,From Goal Kick,99.0,33.0,22.135943621178654,0.3217505543966422,False,Right Foot,Normal,Open Play,False,False,False,4,9,117.0,38.0,120.0,34.4,Off T,0.055223983
4b6f43e3-d513-43fe-a6f8-5b1412956e5b,7536,3,782,Belgium,3089,Kevin De Bruyne,2,64,54,From Free Kick,94.0,37.0,26.1725046566048,0.11487660541689913,False,Right Foot,Normal,Free Kick,False,False,False,6,11,119.0,42.0,101.0,39.0,Blocked,0.06298261
d0743e3b-7eed-4e1b-91a2-95fe9708a38e,7536,3,782,Belgium,3289,Romelu Lukaku Menama,2,68,11,From Free Kick,114.0,43.0,6.708203932499369,-0.4636476090008061,False,Head,Normal,Open Play,False,False,False,6,10,119.0,40.0,120.0,44.0,Goal,0.33809787
e0608b84-b7d1-4515-b22b-8bcb2f61dfba,7536,3,782,Belgium,3289,Romelu Lukaku Menama,2,74,40,From Throw In,110.0,29.0,14.866068747318506,0.8329812666744317,False,Left Foot,Lob,Open Play,False,False,False,2,6,112.0,30.0,120.0,39.9,Goal,0.33248875
e3787ce9-26d9-4705-b27c-851fea62950f,7536,3,782,Belgium,3621,Eden Hazard,2,82,23,From Free Kick,95.0,29.0,27.313000567495326,0.4145068745847859,False,Right Foot,Normal,Free Kick,False,False,False,6,11,119.0,41.0,105.0,31.0,Blocked,0.05616185
df3a6324-6d9b-4fab-aa1c-49b749b54a44,7536,3,798,Panama,5638,Fidel Escobar Mendieta,2,88,48,From Free Kick,96.0,19.0,31.89043743820395,0.7188299996216245,False,Right Foot,Normal,Free Kick,False,False,False,8,11,117.0,38.0,118.0,36.6,Saved,0.009304588
fe714670-c77d-4d2f-906d-152dd31e8924,7555,3,789,Poland,5666,Dawid Kownacki,1,1,0,From Free Kick,104.0,21.0,24.839484696748443,0.870903457075653,False,Right Foot,Normal,Open Play,False,False,False,4,8,120.0,40.0,113.0,37.0,Blocked,0.009801016
5c56cf91-b29b-45d5-9310-280884748724,7555,3,789,Poland,5668,Robert Lewandowski,1,4,16,Other,115.0,39.0,5.0990195135927845,0.19739555984988075,True,Head,Normal,Open Play,False,True,False,3,7,120.0,42.0,118.0,37.0,Wayward,0.2728475
74ee3bc9-8bdf-4a39-8fb9-21c7d9cfee66,7555,3,769,Colombia,5696,Santiago Arias Naranjo,1,14,48,From Throw In,95.0,52.0,27.730849247724095,-0.4475199751571699,False,Right Foot,Half Volley,Open Play,True,False,False,3,9,118.0,40.0,99.0,52.0,Blocked,0.017330227
03416599-ca9b-45b8-81bd-4616f51912a3,7555,3,789,Poland,5660,Piotr Zieliński,1,17,41,Regular Play,95.0,52.0,27.730849247724095,-0.4475199751571699,False,Left Foot,Normal,Open Play,False,False,False,5,8,120.0,42.0,99.0,52.0,Blocked,0.02723293
fe042590-c0f1-4db9-bfa3-04e3c47a0ec3,7555,3,769,Colombia,5689,Juan Guillermo Cuadrado Bello,1,34,8,Regular Play,82.0,30.0,39.293765408777,0.25732371497108864,True,Right Foot,Normal,Open Play,False,False,False,6,10,118.0,39.0,120.0,31.3,Off T,0.006297056
4a4fe3bc-db6f-4d9e-b9de-e76c601aff33,7555,3,769,Colombia,6196,Yerry Fernando Mina González,1,39,3,From Corner,116.0,38.0,4.47213595499958,0.4636476090008061,False,Head,Normal,Open Play,False,False,False,5,10,118.0,40.0,120.0,37.0,Goal,0.54294956
f0cac6a1-f2ff-413b-be9d-17167344b698,7555,3,789,Poland,5673,Bartosz Bereszyński,2,46,12,Regular Play,105.0,55.0,21.213203435596427,-0.7853981633974483,True,Head,Normal,Open Play,False,True,False,3,8,118.0,41.0,119.0,46.1,Off T,0.0516608
1e6b1340-7317-4c73-b138-01e66f8e81b9,7555,3,789,Poland,5668,Robert Lewandowski,2,48,26,From Throw In,112.0,44.0,8.94427190999916,-0.4636476090008061,True,Head,Normal,Open Play,False,True,False,4,10,118.0,41.0,120.0,47.1,Off T,0.08806232
0eb5f621-afed-4d31-887e-aac229266906,7555,3,769,Colombia,5692,Juan Fernando Quintero Paniagua,2,50,26,Regular Play,85.0,57.0,38.91015291668744,-0.4521538622857756,False,Left Foot,Normal,Open Play,False,False,False,6,10,120.0,43.0,120.0,46.5,Off T,0.006554862
1a33675e-4513-4384-ae1f-0373b9afcfc6,7555,3,769,Colombia,3445,Radamel Falcao García Zárate,2,50,59,Regular Play,102.0,51.0,21.095023109728988,-0.5485494024505281,False,Right Foot,Normal,Open Play,False,False,False,2,6,119.0,43.0,120.0,41.9,Off T,0.05552095
4912d92a-de8f-4615-b404-d273421a7ee3,7555,3,769,Colombia,5695,James David Rodríguez Rubio,2,52,6,From Counter,105.0,53.0,19.849433241279208,-0.714090698612158,True,Left Foot,Normal,Open Play,False,False,False,3,9,119.0,44.0,111.0,48.0,Blocked,0.054039653
525e231a-76c3-48bc-a91a-baebcee99cdc,7555,3,769,Colombia,5692,Juan Fernando Quintero Paniagua,2,55,33,Regular Play,98.0,35.0,22.561028345356956,0.22347660114063303,False,Left Foot,Normal,Open Play,False,False,False,3,7,118.0,41.0,103.0,38.0,Blocked,0.0645288
bf33427c-473e-4abc-9aa3-27c396470259,7555,3,769,Colombia,5689,Juan Guillermo Cuadrado Bello,2,56,14,From Corner,88.0,50.0,33.52610922848042,-0.3028848683749714,True,Right Foot,Normal,Open Play,False,False,False,8,11,119.0,43.0,120.0,39.3,Off T,0.013328942
0ab97294-7cac-4f86-85d1-60a2f9200077,7555,3,789,Poland,5668,Robert Lewandowski,2,57,48,Regular Play,110.0,29.0,14.866068747318506,0.8329812666744317,False,Left Foot,Normal,Open Play,False,False,False,2,6,112.0,31.0,113.0,37.0,Saved,0.20361854
650c3859-8362-44b2-ba30-21df68108e42,7555,3,789,Poland,5668,Robert Lewandowski,2,65,57,From Throw In,112.0,41.0,8.06225774829855,-0.12435499454676144,True,Head,Normal,Open Play,False,True,False,4,10,119.0,40.0,114.0,41.0,Blocked,0.1499422
5de35e34-e80a-4097-9585-77f43209deb4,7555,3,769,Colombia,3445,Radamel Falcao García Zárate,2,69,2,Regular Play,108.0,47.0,13.892443989449804,-0.5280744484263596,False,Right Foot,Normal,Open Play,False,False,False,2,6,115.0,43.0,120.0,36.2,Goal,0.31125227
005ac58c-a9fa-4172-8c11-de781ac5911b,7555,3,789,Poland,5660,Piotr Zieliński,2,73,5,From Throw In,94.0,50.0,27.85677655436824,-0.3671738338182192,False,Right Foot,Half Volley,Open Play,True,False,False,7,11,119.0,41.0,120.0,47.1,Off T,0.021134824
1d349a88-9c1c-4a27-a65d-3d659d005e14,7555,3,769,Colombia,5689,Juan Guillermo Cuadrado Bello,2,74,42,From Counter,105.0,38.0,15.132745950421556,0.13255153229667402,False,Right Foot,Normal,Open Play,False,False,False,0,4,116.0,40.0,120.0,44.0,Goal,0.19299302
d1aaa0f7-fe5e-4ec0-971b-9a5d6e29de7d,7555,3,789,Poland,6194,Łukasz Teodorczyk,2,80,8,From Corner,109.0,34.0,12.529964086141668,0.4993467216801301,True,Head,Normal,Open Play,False,True,False,6,11,119.0,39.0,110.0,36.0,Blocked,0.06877008
a3a22b9c-a867-4f9f-998e-87566c922c99,7555,3,789,Poland,3637,Grzegorz Krychowiak,2,80,9,From Corner,116.0,33.0,8.06225774829855,1.0516502125483738,False,Right Foot,Normal,Open Play,False,False,False,5,11,118.0,36.0,116.0,36.0,Blocked,0.20201232
0ad57640-a093-4f6c-905f-efccccb9fd46,7555,3,769,Colombia,6193,Andrés Mateus Uribe Villa,2,83,45,Regular Play,118.0,47.0,7.280109889280518,-1.2924966677897853,False,Left Foot,Backheel,Open Play,False,False,False,2,5,119.0,45.0,119.0,43.0,Blocked,0.09850289
7992e004-68bc-4d5a-bd6a-ccb490a1173e,7555,3,769,Colombia,5695,James David Rodríguez Rubio,2,84,54,From Free Kick,89.0,15.0,39.824615503479755,0.6786624907483126,False,Left Foot,Normal,Free Kick,False,False,False,7,11,118.0,41.0,120.0,33.7,Off T,0.0061194333
eeb83051-f244-4cb1-b6e5-a56585f7267c,7555,3,789,Poland,5668,Robert Lewandowski,2,87,52,Regular Play,91.0,33.0,29.832867780352597,0.23684876094692026,False,Right Foot,Normal,Open Play,False,False,False,6,9,119.0,40.0,119.0,39.3,Saved,0.019115308
c350ef49-d5c8-42e2-8f4c-5b5ee56b59f2,7555,3,769,Colombia,5678,Jefferson Andrés Lerma Solís,2,89,1,Regular Play,92.0,50.0,29.732137494637012,-0.3430239404207034,False,Left Foot,Normal,Open Play,False,False,False,4,9,119.0,42.0,97.0,47.0,Blocked,0.017525094
280bf19d-2774-4fb7-9630-b9e147a15c3e,7576,3,780,Portugal,5207,Cristiano Ronaldo dos Santos Aveiro,1,3,28,Other,109.0,41.0,11.045361017187261,-0.09065988720074511,False,Right Foot,Normal,Penalty,False,False,False,0,0,,,120.0,43.8,Goal,0.7835
446736c1-3399-4e68-922b-a72c9406c85a,7576,3,772,Spain,3064,David Josué Jiménez Silva,1,9,6,Regular Play,106.0,38.0,14.142135623730951,0.14189705460416394,False,Right Foot,Volley,Open Play,True,False,False,4,9,118.0,40.0,120.0,43.6,Off T,0.17203248
182c3192-9e88-438e-9f1f-af0acccbd0c8,7576,3,780,Portugal,4367,Gonçalo Manuel Ganchinho Guedes,1,15,59,From Counter,96.0,53.0,27.294688127912362,-0.4964227534048819,True,Right Foot,Normal,Open Play,False,False,False,1,7,119.0,42.0,99.0,51.0,Blocked,0.023871757
0d407845-8317-4ba1-bdb3-a84c86100b38,7576,3,780,Portugal,5207,Cristiano Ronaldo dos Santos Aveiro,1,17,53,From Free Kick,99.0,63.0,31.144823004794873,-0.8308214428190254,False,Right Foot,Normal,Free Kick,False,False,False,8,11,119.0,42.0,106.0,59.0,Blocked,0.008962571
f03a7389-5667-4149-b407-f8fe352036e4,7576,3,772,Spain,3064,David Josué Jiménez Silva,1,20,44,From Throw In,113.0,31.0,11.40175425099138,0.9097531579442097,False,Left Foot,Normal,Open Play,False,False,False,4,9,119.0,37.0,117.0,33.0,Blocked,0.077663854
8fce6eef-d38c-4c4c-8a2b-b89cdc028239,7576,3,772,Spain,5198,Diego da Silva Costa,1,23,2,Regular Play,105.0,45.0,15.811388300841896,-0.3217505543966422,False,Right Foot,Normal,Open Play,False,False,False,1,6,118.0,40.0,120.0,36.2,Goal,0.07830886
03cf5a8e-52ce-401f-bcc6-83b2e5fb7507,7576,3,772,Spain,4926,Francisco Román Alarcón Suárez,1,25,17,Regular Play,103.0,20.0,26.248809496813376,0.866302262552679,False,Right Foot,Volley,Open Play,True,False,False,4,9,118.0,37.0,120.0,36.4,Post,0.0092897555
6d61e461-e6e1-4f7c-92a9-7f0c0d1a6fe1,7576,3,772,Spain,3064,David Josué Jiménez Silva,1,28,26,From Free Kick,100.0,54.0,24.413111231467404,-0.6107259643892086,False,Left Foot,Normal,Free Kick,False,False,False,5,11,118.0,40.0,108.0,52.0,Blocked,0.05749292
816b4bb1-49f9-4b12-8dce-279dd85ff71f,7576,3,772,Spain,5216,Andrés Iniesta Luján,1,34,15,Regular Play,110.0,29.0,14.866068747318506,0.8329812666744317,True,Left Foot,Normal,Open Play,True,False,False,5,9,119.0,38.0,120.0,45.0,Off T,0.073567346
4dee6dd7-fb56-4537-a921-746fb4a27c13,7576,3,772,Spain,5203,Sergio Busquets i Burgos,1,38,24,From Corner,111.0,40.0,9.0,0.0,False,Head,Normal,Open Play,False,False,False,6,10,119.0,40.0,120.0,35.2,Off T,0.10047825
785842fa-74ec-46a4-92bd-f54cce3f9812,7576,3,772,Spain,4926,Francisco Román Alarcón Suárez,1,41,48,From Free Kick,101.0,55.0,24.20743687382041,-0.668289418830584,True,Left Foot,Normal,Open Play,False,False,False,3,8,119.0,42.0,119.0,42.8,Saved,0.02509576
1893722d-765f-4b50-ab8d-0ba51d91f9c3,7576,3,780,Portugal,5207,Cristiano Ronaldo dos Santos Aveiro,1,43,36,From Keeper,101.0,36.0,19.4164878389476,0.20749622643520266,False,Left Foot,Normal,Open Play,True,False,False,3,6,119.0,41.0,119.0,39.1,Goal,0.08400426
31c5e38b-d193-4fbb-9a63-3402a39c2ceb,7576,3,780,Portugal,5204,Bruno Miguel Borges Fernandes,2,48,53,Regular Play,87.0,35.0,33.37663853655727,0.15037142800713454,False,Right Foot,Normal,Open Play,False,False,False,7,10,118.0,40.0,120.0,45.8,Off T,0.02081828
33d021d0-3a86-4992-b044-45a88e40096a,7576,3,772,Spain,5198,Diego da Silva Costa,2,54,2,From Free Kick,118.0,41.0,2.23606797749979,-0.4636476090008061,False,Right Foot,Normal,Open Play,True,False,True,4,9,119.0,43.0,120.0,41.3,Goal,0.79165405
00ab8d4e-925c-454c-a038-8dbc4bacea0b,7576,3,772,Spain,5202,José Ignacio Fernández Iglesias,2,57,21,Regular Play,99.0,52.0,24.186773244895647,-0.5191461142465229,False,Right Foot,Half Volley,Open Play,True,False,False,6,10,120.0,42.0,120.0,36.2,Goal,0.035519395
5e2cd40c-3210-4c6f-9975-64ec077f266b,7576,3,772,Spain,5198,Diego da Silva Costa,2,70,8,Regular Play,110.0,35.0,11.180339887498949,0.4636476090008061,True,Left Foot,Normal,Open Play,True,False,False,3,8,120.0,39.0,120.0,46.9,Off T,0.17698126
07e3eb0b-6fa6-4aae-b408-5307021b3912,7576,3,780,Portugal,20016,Kléper Laveran Lima Ferreira,2,71,14,From Corner,116.0,34.0,7.211102550927978,0.982793723247329,True,Head,Normal,Open Play,False,True,False,6,11,119.0,38.0,120.0,48.0,Wayward,0.14278555
4f17de95-e764-4e3a-a8f6-970def16d333,7576,3,780,Portugal,5215,Ricardo Andrade Quaresma Bernardo,2,75,25,From Throw In,107.0,64.0,27.294688127912362,-1.0743735733900148,False,Right Foot,Normal,Open Play,False,False,False,6,11,119.0,42.0,120.0,40.7,Off T,0.007522316
17669aec-e3dc-4478-a795-c5ff89fa28ae,7576,3,772,Spain,5217,Iago Aspas Juncal,2,81,55,From Free Kick,100.0,48.0,21.540659228538015,-0.3805063771123649,True,Left Foot,Normal,Open Play,False,False,False,2,6,120.0,43.0,120.0,40.1,Saved,0.06286274
526c3ca4-4c66-4849-bd52-3b0e21b8823c,7576,3,780,Portugal,5207,Cristiano Ronaldo dos Santos Aveiro,2,87,2,From Free Kick,96.0,44.0,24.331050121192877,-0.16514867741462683,False,Right Foot,Normal,Free Kick,False,False,False,8,11,118.0,39.0,120.0,42.8,Goal,0.08682875
3202025b-1fc8-46da-961a-0aee4b8b6692,7576,3,780,Portugal,5215,Ricardo Andrade Quaresma Bernardo,2,91,15,From Corner,108.0,31.0,15.0,0.6435011087932844,False,Right Foot,Normal,Open Play,False,False,False,3,9,118.0,37.0,108.0,31.0,Blocked,0.087241955
72f0e79c-2020-467b-b405-436eb05e0aa7,7576,3,780,Portugal,5207,Cristiano Ronaldo dos Santos Aveiro,2,91,41,From Corner,113.0,44.0,8.06225774829855,-0.5191461142465229,False,Head,Normal,Open Play,False,False,False,5,9,119.0,39.0,120.0,46.1,Off T,0.18906035
7b26ff2e-ded0-4b96-970b-c1fa8860d208,7565,3,781,Brazil,3501,Philippe Coutinho Correia,1,1,37,Regular Play,104.0,37.0,16.278820596099706,0.18534794999569476,True,Right Foot,Normal,Open Play,False,False,False,4,9,118.0,42.0,109.0,37.0,Blocked,0.08790639
ae9e9897-dfa6-4150-90a0-a9a0c2b73c73,7565,3,781,Brazil,3202,Gabriel Fernando de Jesus,1,3,12,Regular Play,114.0,28.0,13.416407864998739,1.1071487177940904,False,Right Foot,Normal,Open Play,False,False,False,3,7,115.0,30.0,115.0,42.8,Saved,0.09553115
7a706e44-36df-4335-aad6-28e19ae32b64,7565,3,786,Serbia,5591,Filip Kostić,1,13,44,Regular Play,96.0,46.0,24.73863375370596,-0.24497866312686414,False,Left Foot,Half Volley,Open Play,True,False,False,5,10,119.0,40.0,98.0,46.0,Blocked,0.03160092
30e29ec9-4d31-4880-b57a-8de6411e6d1e,7565,3,786,Serbia,4269,Aleksandar Mitrović,1,14,11,From Corner,108.0,43.0,12.36931687685298,-0.24497866312686414,True,Head,Normal,Open Play,False,True,False,7,11,119.0,40.0,104.0,42.0,Wayward,0.071207
b4a2c917-3b8f-4939-883c-f1e00f581816,7565,3,781,Brazil,4320,Neymar da Silva Santos Junior,1,24,21,From Throw In,117.0,30.0,10.44030650891055,1.2793395323170296,False,Left Foot,Normal,Open Play,False,False,False,4,8,119.0,38.0,119.0,40.7,Saved,0.055385347
98c1b10d-e634-47b4-9648-2a4fe8efdb69,7565,3,781,Brazil,3202,Gabriel Fernando de Jesus,1,28,42,Regular Play,114.0,29.0,12.529964086141668,1.0714496051147666,False,Right Foot,Normal,Open Play,False,False,False,2,5,118.0,38.0,115.0,33.0,Blocked,0.15078197
50cf3470-cab5-4caa-a9e7-b99955a4ea36,7565,3,786,Serbia,4269,Aleksandar Mitrović,1,33,10,Regular Play,110.0,42.0,10.198039027185569,-0.19739555984988075,False,Left Foot,Volley,Open Play,True,False,False,3,8,119.0,38.0,120.0,43.4,Off T,0.10374196
2ae2ff4c-e084-4410-b4e9-91554d9fba3a,7565,3,781,Brazil,5542,José Paulo Bezzera Maciel Júnior,1,34,58,Regular Play,106.0,39.0,14.035668847618199,0.07130746478529032,False,Right Foot,Lob,Open Play,False,False,False,1,6,109.0,39.0,120.0,41.7,Goal,0.31224898
1cb530ad-06d1-454d-b107-bf964acfabe3,7565,3,786,Serbia,3831,Dušan Tadić,1,39,34,From Corner,95.0,45.0,25.495097567963924,-0.19739555984988075,False,Left Foot,Volley,Open Play,True,False,False,8,11,119.0,39.0,120.0,31.7,Off T,0.032582965
b5b7ceb8-c4d9-44ef-876c-03d7068f8946,7565,3,781,Brazil,4320,Neymar da Silva Santos Junior,1,45,52,From Throw In,101.0,18.0,29.068883707497267,0.8584387287005676,False,Right Foot,Normal,Open Play,False,False,False,3,10,120.0,41.0,120.0,44.0,Off T,0.010284821
e53d65e9-4bd8-4b0e-8239-34d23a8bcdd7,7565,3,786,Serbia,5589,Sergej Milinković-Savić,2,54,6,Regular Play,96.0,50.0,26.0,-0.3947911196997615,False,Right Foot,Normal,Open Play,False,False,False,6,11,120.0,43.0,101.0,50.0,Blocked,0.031538606
2350a18c-0e0c-4e7e-95b8-11d83fe9bda8,7565,3,781,Brazil,4320,Neymar da Silva Santos Junior,2,56,19,Regular Play,111.0,28.0,15.0,0.9272952180016122,False,Left Foot,Normal,Open Play,False,False,False,2,5,117.0,37.0,117.0,38.5,Saved,0.12364933
7870bbf2-ecb3-4802-b151-103319ff3d8d,7565,3,786,Serbia,4269,Aleksandar Mitrović,2,60,19,Regular Play,112.0,41.0,8.06225774829855,-0.12435499454676144,False,Head,Normal,Open Play,False,False,False,2,8,115.0,43.0,116.0,40.0,Blocked,0.28301764
fe52ae5c-149d-468f-8b77-b5f9135281c1,7565,3,786,Serbia,5589,Sergej Milinković-Savić,2,62,28,Regular Play,104.0,28.0,20.0,0.6435011087932844,True,Right Foot,Normal,Open Play,False,False,False,5,9,119.0,41.0,120.0,46.3,Off T,0.05241559
f84b8ca2-4a6a-471a-a766-55d9b66546be,7565,3,786,Serbia,4269,Aleksandar Mitrović,2,64,30,Regular Play,113.0,37.0,7.615773105863909,0.40489178628508343,False,Head,Normal,Open Play,False,False,False,3,6,119.0,41.0,119.0,37.8,Saved,0.12310901
41184baf-7141-41d4-8bee-205a30817d27,7565,3,781,Brazil,3295,Thiago Emiliano da Silva,2,67,18,From Corner,116.0,36.0,5.656854249492381,0.7853981633974483,True,Head,Normal,Open Play,False,True,False,4,10,119.0,38.0,120.0,36.4,Goal,0.17739391
93034865-7e42-4e60-bc68-10d5db4c70a1,7565,3,781,Brazil,3501,Philippe Coutinho Correia,2,69,39,Regular Play,101.0,43.0,19.235384061671343,-0.15660187698201536,False,Right Foot,Normal,Open Play,False,False,False,3,8,117.0,39.0,104.0,43.0,Blocked,0.052411966
092d0ebf-b8eb-473c-8946-cd8a9ced3f95,7565,3,781,Brazil,6320,Filipe Luís Kasmirski,2,70,30,From Corner,95.0,40.0,25.0,0.0,False,Left Foot,Half Volley,Open Play,False,False,False,6,10,119.0,39.0,119.0,43.8,Saved,0.03148136
23de9043-0e55-48fa-9e0a-05db621cbe28,7565,3,781,Brazil,4320,Neymar da Silva Santos Junior,2,72,12,Regular Play,104.0,30.0,18.867962264113206,0.5585993153435624,False,Right Foot,Normal,Open Play,False,False,False,4,9,117.0,38.0,108.0,30.0,Blocked,0.059994984
835c91cc-2e21-47c9-87d9-50c87307f893,7565,3,781,Brazil,5539,Carlos Henrique Casimiro,2,77,47,Regular Play,80.0,43.0,40.11234224026316,-0.07485984771076686,False,Right Foot,Normal,Open Play,False,False,False,7,10,118.0,40.0,120.0,40.1,Off T,0.006776994
632b0cee-7594-41c1-8f94-b685fe552063,7565,3,786,Serbia,3381,Nemanja Matić,2,78,49,Regular Play,109.0,40.0,11.0,0.0,True,Left Foot,Normal,Open Play,False,False,False,3,8,120.0,42.0,120.0,35.4,Off T,0.12900412
86f90539-f656-47e3-943a-24d7ce16205f,7565,3,781,Brazil,4320,Neymar da Silva Santos Junior,2,82,5,Regular Play,106.0,43.0,14.317821063276353,-0.21109333322274654,False,Right Foot,Normal,Open Play,True,False,False,2,6,119.0,42.0,120.0,40.3,Off T,0.0904818
ba274d01-56fd-4334-9eba-1b88d8fcaafb,7565,3,786,Serbia,4269,Aleksandar Mitrović,2,86,52,Regular Play,106.0,43.0,14.317821063276353,-0.21109333322274654,False,Right Foot,Normal,Open Play,True,False,False,5,10,120.0,44.0,107.0,42.0,Blocked,0.081434235
a819cf77-ce22-447d-88a1-bac5b95bf098,7565,3,781,Brazil,4320,Neymar da Silva Santos Junior,2,88,1,Regular Play,108.0,30.0,15.620499351813308,0.6947382761967031,False,Right Foot,Normal,Open Play,False,False,False,3,7,119.0,38.0,109.0,31.0,Blocked,0.07397224
eb2073f2-6aca-4f51-9cbc-80f4342911b0,7565,3,786,Serbia,6318,Andrija Živković,2,91,14,Regular Play,99.0,59.0,28.319604517012593,-0.7354397676755056,False,Left Foot,Normal,Open Play,False,False,False,3,8,120.0,44.0,120.0,33.5,Off T,0.008667415
f501c64a-fd04-408c-8c1f-2b0c4e2e13b3,7565,3,781,Brazil,4320,Neymar da Silva Santos Junior,2,92,39,Regular Play,114.0,52.0,13.416407864998739,-1.1071487177940904,False,Right Foot,Normal,Open Play,False,False,False,2,4,114.0,51.0,116.0,39.7,Saved,0.09150794
861579f5-807a-4d3e-b3e9-a18a621eb7b1,7551,3,770,Germany,3186,Julian Draxler,1,2,0,Regular Play,113.0,42.0,7.280109889280518,-0.27829965900511133,False,Right Foot,Half Volley,Open Play,False,False,False,6,10,118.0,42.0,118.0,43.0,Blocked,0.2657264
fd8caa11-8663-478c-935a-40122194295f,7551,3,770,Germany,6040,Jonas Hector,1,2,47,Regular Play,104.0,40.0,16.0,0.0,False,Left Foot,Volley,Open Play,True,False,False,4,8,118.0,39.0,105.0,40.0,Blocked,0.061157048
415c6b3b-0b4b-4ffb-9bd1-121b4574c4e5,7551,3,790,Sweden,11098,Marcus Berg,1,11,57,Regular Play,106.0,40.0,14.0,0.0,False,Right Foot,Normal,Open Play,False,False,False,0,4,110.0,40.0,110.0,38.9,Saved,0.36402932
b1d75e12-60be-4487-ac44-9abc005f0f49,7551,3,770,Germany,5578,Jérôme Boateng,1,15,48,Regular Play,97.0,53.0,26.419689627245813,-0.5144513130590278,False,Left Foot,Normal,Open Play,False,False,False,6,9,117.0,41.0,101.0,52.0,Blocked,0.025292808
5ed43a5e-bc8f-46b1-a822-c02afd0efec9,7551,3,790,Sweden,11098,Marcus Berg,1,17,25,From Free Kick,105.0,43.0,15.297058540778355,-0.19739555984988075,False,Right Foot,Volley,Open Play,True,False,False,2,8,120.0,43.0,107.0,45.0,Blocked,0.08216722
4928402b-6b9c-4282-b11c-e601b0269e91,7551,3,770,Germany,6039,Sebastian Rudy,1,18,19,Regular Play,92.0,42.0,28.071337695236398,-0.07130746478529032,True,Right Foot,Normal,Open Play,False,False,False,7,10,117.0,39.0,106.0,41.0,Blocked,0.027065128
aa916efb-e894-46e3-b5eb-83e186f54a1f,7551,3,790,Sweden,4417,Ola Toivonen,1,31,44,Regular Play,112.0,48.0,11.313708498984761,-0.7853981633974483,False,Right Foot,Lob,Open Play,False,False,False,2,4,118.0,43.0,120.0,37.2,Goal,0.10376687
10cb655a-a1d7-4005-9e3e-fddc775b013a,7551,3,770,Germany,10287,İlkay Gündoğan,1,38,47,From Throw In,94.0,28.0,28.635642126552707,0.43240777557053783,False,Right Foot,Normal,Open Play,False,False,False,7,9,118.0,40.0,118.0,36.8,Saved,0.021909917
ce01b4a2-eeab-4688-b8cf-aa4479e89326,7551,3,770,Germany,5578,Jérôme Boateng,1,44,39,Regular Play,96.0,62.0,32.55764119219941,-0.7419472680059175,False,Left Foot,Normal,Open Play,False,False,False,7,11,117.0,39.0,119.0,45.0,Off T,0.008810984
02920a80-39ab-4ff1-915a-dea3348d9d17,7551,3,790,Sweden,11098,Marcus Berg,1,46,51,From Free Kick,107.0,47.0,14.7648230602334,-0.49394136891958124,False,Head,Normal,Open Play,False,False,False,6,11,119.0,42.0,118.0,36.4,Saved,0.113480166
7eb17961-75ec-44f5-9b28-f1aeefe91bb9,7551,3,770,Germany,5559,Marco Reus,2,47,28,From Throw In,112.0,40.0,8.0,0.0,False,Left Foot,Half Volley,Open Play,True,False,False,6,10,119.0,39.0,120.0,36.4,Goal,0.16725664
93a244bd-e313-4195-b3e5-143000c3c346,7551,3,770,Germany,5574,Toni Kroos,2,48,25,From Counter,101.0,29.0,21.95449840010015,0.5247957716501074,False,Right Foot,Normal,Open Play,False,False,False,5,8,118.0,39.0,107.0,33.0,Blocked,0.03777922
29d809b8-6b19-4fc9-ab56-f0d1a0bbb58e,7551,3,770,Germany,5562,Thomas Müller,2,50,10,From Free Kick,111.0,54.0,16.64331697709324,-0.9994588469612699,False,Head,Normal,Open Play,False,False,False,8,11,119.0,43.0,120.0,45.2,Off T,0.052033167
fe1e0a3c-9e93-4bed-8617-9d5210f0a669,7551,3,770,Germany,6040,Jonas Hector,2,55,57,Regular Play,112.0,30.0,12.806248474865697,0.8960553845713439,False,Left Foot,Normal,Open Play,False,False,False,5,9,119.0,39.0,119.0,41.3,Saved,0.12256524
99e62650-5941-4d0b-853a-e71ef5fc527b,7551,3,770,Germany,5574,Toni Kroos,2,62,47,Regular Play,105.0,29.0,18.601075237738275,0.6327488350021832,False,Left Foot,Normal,Open Play,False,False,False,7,9,119.0,39.0,107.0,32.0,Blocked,0.0749021
3b7eec32-6165-4bf8-b80f-fa73747b87e6,7551,3,770,Germany,5574,Toni Kroos,2,64,21,Regular Play,93.0,38.0,27.073972741361768,0.07393903765794034,False,Right Foot,Normal,Open Play,False,False,False,7,10,119.0,40.0,97.0,37.0,Blocked,0.02860656
f4ed7a41-186d-40ee-a593-5b2dd2bd17f8,7551,3,770,Germany,5559,Marco Reus,2,72,15,From Free Kick,106.0,22.0,22.80350850198276,0.9097531579442097,False,Right Foot,Volley,Open Play,True,False,False,4,8,119.0,39.0,107.0,23.0,Blocked,0.017588291
cd19d580-9970-491c-9684-6c6387deb9cf,7551,3,770,Germany,5574,Toni Kroos,2,72,43,From Throw In,105.0,26.0,20.518284528683193,0.7509290623979403,False,Right Foot,Volley,Open Play,True,False,False,5,11,118.0,39.0,106.0,30.0,Wayward,0.040610082
ce68d4ec-2315-4b1e-b2d1-32ac56133d8d,7551,3,790,Sweden,5625,Emil Peter Forsberg,2,75,8,From Corner,98.0,20.0,29.732137494637012,0.7378150601204649,False,Left Foot,Volley,Open Play,True,False,False,7,11,119.0,38.0,119.0,37.0,Saved,0.009230858
4dca9c6c-aca2-4753-a67a-c226c8043b00,7551,3,770,Germany,5557,Timo Werner,2,80,15,Regular Play,109.0,49.0,14.212670403551895,-0.6857295109062863,False,Right Foot,Normal,Open Play,True,False,False,7,9,119.0,43.0,120.0,37.2,Off T,0.13043028
ad316415-84cd-418b-b840-b273335ec325,7551,3,790,Sweden,5607,Andreas Granqvist,2,82,30,From Free Kick,110.0,45.0,11.180339887498949,-0.4636476090008061,True,Head,Normal,Open Play,False,True,False,5,8,119.0,41.0,118.0,36.4,Saved,0.12888776
936839ea-acfe-4630-9680-99cde5bb7cf8,7551,3,770,Germany,5565,Mario Gómez García,2,87,15,Regular Play,111.0,40.0,9.0,0.0,False,Head,Normal,Open Play,False,False,False,5,10,119.0,41.0,119.0,39.9,Saved,0.16166209
e420c67a-a66b-4d85-99e0-db1b1919d6e6,7551,3,770,Germany,5555,Julian Brandt,2,91,22,From Corner,101.0,46.0,19.924858845171276,-0.30587887140485215,False,Left Foot,Normal,Open Play,False,False,False,8,9,119.0,43.0,119.0,35.8,Post,0.064983755
17a67c5d-91ae-48db-b8ca-bcbeb86eecd3,7551,3,790,Sweden,6038,John Guidetti,2,93,42,Regular Play,107.0,59.0,23.021728866442675,-0.9707461133931431,True,Right Foot,Normal,Open Play,True,False,False,2,5,119.0,42.0,119.0,43.4,Saved,0.013604501
989f9092-ef98-4bf0-9407-e2ebfc1b1c96,7551,3,770,Germany,5574,Toni Kroos,2,94,42,From Free Kick,111.0,20.0,21.93171219946131,1.1479424006619559,False,Right Foot,Normal,Open Play,False,False,False,7,11,120.0,39.0,120.0,42.8,Goal,0.009705122
f604d74e-2b62-4586-9b2a-846353c5f5ea,7537,3,768,England,3293,Jesse Lingard,1,2,12,From Throw In,113.0,39.0,7.0710678118654755,0.14189705460416394,False,Right Foot,Normal,Open Play,False,False,False,5,8,120.0,42.0,119.0,40.1,Saved,0.19693047
30049598-fa18-4812-bd1e-d065ea3f3833,7537,3,768,England,3336,Harry Maguire,1,2,50,From Corner,108.0,41.0,12.041594578792296,-0.08314123188844123,False,Head,Normal,Open Play,False,False,False,5,11,120.0,41.0,120.0,35.2,Off T,0.078440964
1a561231-4338-4b07-8e17-c46409f5aecd,7537,3,768,England,10955,Harry Kane,1,10,0,From Free Kick,97.0,36.0,23.345235059857504,0.17219081452293902,False,Right Foot,Normal,Open Play,False,False,False,4,9,120.0,40.0,99.0,37.0,Blocked,0.045925878
3b0486f2-1975-46b7-a0ec-2156a2c0822d,7537,3,768,England,3244,John Stones,1,10,36,From Corner,112.0,47.0,10.63014581273465,-0.7188299996216245,False,Head,Normal,Open Play,False,False,False,7,10,120.0,42.0,119.0,42.8,Saved,0.098931395
ad0efe3b-9753-4070-9c0f-059debe4203f,7537,3,768,England,10955,Harry Kane,1,10,37,From Corner,116.0,46.0,7.211102550927978,-0.982793723247329,False,Right Foot,Volley,Open Play,False,False,False,6,10,120.0,44.0,120.0,41.7,Goal,0.19627495
d5668b0c-4494-41ac-9647-a402dc5f9097,7537,3,768,England,3532,Jordan Brian Henderson,1,17,26,Regular Play,94.0,48.0,27.202941017470888,-0.2984989315861793,False,Right Foot,Volley,Open Play,True,False,False,6,10,120.0,41.0,119.0,38.3,Saved,0.024635071
f0efdbd3-bde1-4170-9a5d-78a51d43a24c,7537,3,777,Tunisia,3557,Naïm Sliti,1,22,54,From Corner,91.0,21.0,34.66987164671943,0.5800027742076809,False,Right Foot,Normal,Open Play,False,False,False,6,9,119.0,38.0,120.0,44.2,Off T,0.006881288
93411c62-b4cf-45de-86c7-06976d4f8913,7537,3,768,England,3293,Jesse Lingard,1,23,35,From Goal Kick,116.0,50.0,10.770329614269007,-1.1902899496825317,False,Right Foot,Half Volley,Open Play,False,False,False,5,10,120.0,44.0,120.0,38.0,Off T,0.0688049
887a49d1-2efb-4da0-986c-1ac10e6fcb8d,7537,3,777,Tunisia,5650,Ferjani Sassi,1,26,14,Regular Play,98.0,46.0,22.80350850198276,-0.2662520491509254,False,Right Foot,Normal,Open Play,False,False,False,6,9,119.0,38.0,100.0,44.0,Blocked,0.05048326
c00c1fcb-10cd-4591-930d-081a79fee5b5,7537,3,777,Tunisia,5654,Fakhreddine Ben Youssef,1,27,5,From Corner,108.0,36.0,12.649110640673518,0.3217505543966422,False,Head,Normal,Open Play,False,False,False,3,8,119.0,38.0,120.0,54.0,Wayward,0.06507511
94399ca3-62d7-4acf-8b3c-efb78734d9f8,7537,3,768,England,3336,Harry Maguire,1,30,12,From Free Kick,111.0,58.0,20.12461179749811,-1.1071487177940904,False,Head,Normal,Open Play,False,False,False,5,10,119.0,44.0,118.0,43.8,Saved,0.010569053
bbc786dc-661f-41d6-a9d9-d73b62947ebf,7537,3,777,Tunisia,5650,Ferjani Sassi,1,34,50,Other,108.0,40.0,12.0,0.0,False,Right Foot,Normal,Penalty,False,False,False,0,0,,,119.0,36.4,Goal,0.7835
d8075dd8-c0e9-4ffb-8383-b6d20f16a24d,7537,3,768,England,3094,Bamidele Alli,1,38,44,From Free Kick,118.0,47.0,7.280109889280518,-1.2924966677897853,False,Head,Normal,Open Play,False,False,False,5,9,119.0,46.0,119.0,39.0,Blocked,0.108573206
d10affac-2323-48e5-ae2b-a3106872dd98,7537,3,768,England,3233,Raheem Sterling,1,38,46,From Free Kick,117.0,37.0,4.242640687119285,0.7853981633974483,False,Right Foot,Overhead Kick,Open Play,True,False,False,6,8,120.0,44.0,114.0,36.0,Wayward,0.40336105
d39ac2c6-8e89-4e89-9a9c-96f8a4d73fbd,7537,3,768,England,3244,John Stones,1,38,47,From Free Kick,114.0,39.0,6.082762530298219,0.16514867741462683,False,Left Foot,Normal,Open Play,True,False,False,6,10,120.0,42.0,117.0,32.0,Wayward,0.43713534
1b54afee-b8ae-4237-a1a3-23bbfd6f0101,7537,3,768,England,3293,Jesse Lingard,1,42,31,From Free Kick,106.0,41.0,14.035668847618199,-0.07130746478529032,False,Left Foot,Half Volley,Open Play,True,False,False,6,10,118.0,41.0,113.0,41.0,Blocked,0.13074626
1e842a8e-5059-4d7e-8f70-c74fa66b05c3,7537,3,768,England,3293,Jesse Lingard,1,43,58,Regular Play,108.0,54.0,18.439088914585774,-0.8621700546672264,False,Right Foot,Half Volley,Open Play,True,False,False,3,7,112.0,52.0,120.0,44.4,Post,0.2161229
8e6003f9-f016-47c4-8518-fdf643bcb983,7537,3,768,England,3094,Bamidele Alli,2,50,53,From Corner,112.0,40.0,8.0,0.0,True,Head,Normal,Open Play,False,True,False,7,11,118.0,38.0,119.0,38.7,Saved,0.087220274
ea22bc7d-7456-41a1-a996-d580a1eded0e,7537,3,768,England,3244,John Stones,2,60,34,From Corner,106.0,40.0,14.0,0.0,False,Head,Normal,Open Play,False,False,False,7,11,118.0,38.0,117.0,33.0,Wayward,0.052625064
a0ed8698-4025-4fff-a590-e227844557a0,7537,3,768,England,3308,Kieran Trippier,2,68,39,From Free Kick,93.0,27.0,29.966648127543394,0.4487233440107211,False,Right Foot,Normal,Free Kick,False,False,False,7,10,118.0,40.0,120.0,34.4,Off T,0.0375056
5b56c04a-b710-4708-a557-c3e54b64a80e,7537,3,777,Tunisia,3196,Wahbi Khazri,2,71,4,From Goal Kick,106.0,60.0,24.413111231467404,-0.960070362405688,False,Right Foot,Normal,Open Play,False,False,False,1,6,120.0,44.0,109.0,59.0,Blocked,0.008759379
fedc59a9-6c92-42bd-91a4-00f15d50e4a5,7537,3,777,Tunisia,3557,Naïm Sliti,2,71,19,From Goal Kick,93.0,43.0,27.16615541441225,-0.11065722117389565,False,Left Foot,Normal,Open Play,False,False,False,5,8,119.0,40.0,120.0,34.0,Off T,0.030954175
a54dd8b6-99bb-435a-93fd-1615f2314c44,7537,3,768,England,3612,Ashley Young,2,78,40,From Free Kick,96.0,34.0,24.73863375370596,0.24497866312686414,False,Right Foot,Normal,Free Kick,False,False,False,7,10,119.0,40.0,120.0,40.5,Off T,0.07838383
f1572a30-4c7f-4f67-8b2e-c7bf2ed61ab0,7537,3,768,England,10955,Harry Kane,2,90,31,From Corner,116.0,36.0,5.656854249492381,0.7853981633974483,False,Head,Normal,Open Play,False,False,False,6,11,119.0,38.0,120.0,37.0,Goal,0.35426354
83a0e00d-2651-4052-9163-dbbb09354e61,7580,3,771,France,5487,Antoine Griezmann,1,8,24,From Free Kick,95.0,50.0,26.92582403567252,-0.3805063771123649,False,Left Foot,Normal,Free Kick,False,False,False,7,11,119.0,38.0,120.0,43.0,Post,0.06554038
69b851b4-649c-4dc8-80b8-b4caf6fa4df6,7580,3,771,France,5487,Antoine Griezmann,1,12,42,Other,108.0,40.0,12.0,0.0,False,Left Foot,Normal,Penalty,False,False,False,0,0,,,120.0,38.3,Goal,0.7835
8f661740-eb70-4989-8b6c-b99a9d09a3ca,7580,3,771,France,20004,Paul Pogba,1,20,33,From Free Kick,102.0,33.0,19.313207915827967,0.37089128881266237,False,Right Foot,Normal,Free Kick,False,False,False,7,11,119.0,42.0,120.0,44.4,Off T,0.09104843
75e25733-3d16-413e-a2b5-9d495200c31b,7580,3,779,Argentina,5504,Éver Maximiliano David Banega,1,21,21,Regular Play,96.0,27.0,27.294688127912362,0.4964227534048819,False,Right Foot,Normal,Open Play,False,False,False,4,9,120.0,41.0,102.0,30.0,Blocked,0.027343327
6946589d-e2b8-40b1-9578-006515f30c36,7580,3,779,Argentina,2995,Ángel Fabián Di María Hernández,1,40,43,From Throw In,90.0,38.0,30.066592756745816,0.06656816377582381,False,Left Foot,Normal,Open Play,False,False,False,8,11,120.0,42.0,120.0,44.0,Goal,0.023531355
f7c159c6-e150-439b-aa35-c5ea1c5cfdac,7580,3,779,Argentina,5503,Lionel Andrés Messi Cuccittini,2,47,35,From Free Kick,104.0,56.0,22.627416997969522,-0.7853981633974483,False,Left Foot,Normal,Open Play,False,False,False,7,11,119.0,40.0,112.0,45.0,Blocked,0.026417136
a78385d6-7f28-489c-8620-25f044b5d67d,7580,3,779,Argentina,5742,Gabriel Iván Mercado,2,47,35,From Free Kick,111.0,42.0,9.219544457292887,-0.21866894587394195,False,Left Foot,Normal,Open Play,False,False,False,7,11,119.0,40.0,119.0,43.4,Goal,0.28001544
a80be453-a5ab-4fef-b4a7-714ae901f058,7580,3,771,France,5487,Antoine Griezmann,2,55,12,From Goal Kick,116.0,45.0,6.4031242374328485,-0.8960553845713439,False,Right Foot,Normal,Open Play,False,False,False,1,3,115.0,45.0,120.0,46.3,Off T,0.17972884
7d0b37dd-2167-4ff9-81c4-708ea2f2abed,7580,3,771,France,5476,Benjamin Pavard,2,56,48,Regular Play,100.0,56.0,25.612496949731394,-0.6747409422235526,False,Right Foot,Half Volley,Open Play,True,False,False,3,10,119.0,43.0,120.0,36.2,Goal,0.024150338
8548e49b-97bd-4c01-a739-0f5e2e019565,7580,3,771,France,4375,Blaise Matuidi,2,63,6,Regular Play,108.0,35.0,13.0,0.3947911196997615,False,Left Foot,Normal,Open Play,False,False,False,4,7,119.0,39.0,112.0,37.0,Blocked,0.07552241
6d6f995c-0579-465f-b1c8-11b056ffcfc1,7580,3,771,France,3009,Kylian Mbappé Lottin,2,63,8,Regular Play,112.0,30.0,12.806248474865697,0.8960553845713439,False,Left Foot,Normal,Open Play,False,False,False,3,7,120.0,38.0,120.0,39.5,Goal,0.117784284
fb29d8a2-c059-49b2-9825-78c7d99da44d,7580,3,779,Argentina,5503,Lionel Andrés Messi Cuccittini,2,65,57,From Free Kick,95.0,24.0,29.68164415931166,0.5693131911006619,False,Left Foot,Normal,Free Kick,False,False,False,8,11,119.0,38.0,104.0,27.0,Blocked,0.030227054
2aa8452a-cf38-4d3a-a432-0c2b59b384c4,7580,3,779,Argentina,5503,Lionel Andrés Messi Cuccittini,2,65,58,From Free Kick,96.0,22.0,30.0,0.6435011087932844,False,Left Foot,Half Volley,Open Play,True,False,False,8,11,119.0,38.0,108.0,34.0,Blocked,0.008551168
63b6b995-db42-4c6c-8137-e6f767e91586,7580,3,771,France,3009,Kylian Mbappé Lottin,2,67,49,Regular Play,107.0,51.0,17.029386365926403,-0.702256931509007,False,Right Foot,Normal,Open Play,False,False,False,2,4,114.0,47.0,120.0,36.2,Goal,0.22098207
67922a7c-c622-4c37-a4c4-7cd371d757ca,7580,3,771,France,3604,Olivier Giroud,2,69,56,Regular Play,108.0,27.0,17.69180601295413,0.8253768505207384,True,Left Foot,Normal,Open Play,False,False,False,0,4,119.0,38.0,119.0,35.4,Off T,0.07977028
c23cb7f3-bcaa-4729-b44d-95cac895114a,7580,3,779,Argentina,3090,Nicolás Hernán Otamendi,2,72,39,From Free Kick,114.0,36.0,7.211102550927978,0.5880026035475675,False,Right Foot,Normal,Open Play,True,False,False,7,10,119.0,38.0,114.0,36.0,Wayward,0.19252568
48a23572-aad0-4b57-9a61-1ee885231d07,7580,3,779,Argentina,5503,Lionel Andrés Messi Cuccittini,2,84,18,From Free Kick,107.0,49.0,15.811388300841896,-0.6055446636049701,False,Right Foot,Normal,Open Play,False,False,False,3,6,118.0,41.0,119.0,41.1,Saved,0.17476669
fb9a3d5c-da94-458a-88d8-2c8a3bf7c8c3,7580,3,779,Argentina,3237,Sergio Leonel Agüero del Castillo,2,85,27,Regular Play,106.0,48.0,16.1245154965971,-0.5191461142465229,True,Right Foot,Normal,Open Play,False,False,False,2,7,118.0,42.0,108.0,49.0,Blocked,0.15172864
c694f021-499c-4e9f-8c4f-de733d9cd796,7580,3,779,Argentina,2995,Ángel Fabián Di María Hernández,2,89,3,Regular Play,114.0,55.0,16.15549442140351,-1.1902899496825317,False,Left Foot,Normal,Open Play,False,False,False,5,9,118.0,43.0,116.0,49.0,Blocked,0.017985687
f11b2d1c-0a5c-4608-b73c-12ef8186cd39,7580,3,779,Argentina,3237,Sergio Leonel Agüero del Castillo,2,92,2,Regular Play,112.0,37.0,8.54400374531753,0.35877067027057225,False,Head,Normal,Open Play,False,False,False,4,9,119.0,38.0,119.0,36.4,Goal,0.19387953
efaeb904-1d28-4d95-b02a-3dbebd3dd932,7580,3,779,Argentina,2995,Ángel Fabián Di María Hernández,2,94,54,From Goal Kick,113.0,38.0,7.280109889280518,0.27829965900511133,False,Right Foot,Volley,Open Play,True,False,False,6,9,119.0,38.0,118.0,65.0,Wayward,0.31958774
d6d8cd8d-7ed0-4660-8600-f77408684e61,7581,3,776,Denmark,3027,Mathias Jørgensen Jatta,1,0,57,From Throw In,115.0,34.0,7.810249675906654,0.8760580505981934,False,Left Foot,Normal,Open Play,False,False,False,7,11,120.0,38.0,119.0,39.7,Goal,0.12611686
5917875b-fb11-407e-9b48-35e1568521d7,7581,3,785,Croatia,5472,Mario Mandžukić,1,3,39,From Throw In,112.0,36.0,8.94427190999916,0.4636476090008061,False,Right Foot,Normal,Open Play,True,False,False,5,10,119.0,38.0,120.0,36.4,Goal,0.26349646
8d26b429-b7aa-4204-a93f-292984391a62,7581,3,785,Croatia,5474,Ivan Perišić,1,11,34,From Free Kick,101.0,55.0,24.20743687382041,-0.668289418830584,False,Left Foot,Normal,Free Kick,False,False,False,6,11,119.0,39.0,110.0,48.0,Blocked,0.06305066
c3b34e4f-919f-4c94-98a2-fd7fcf6fd715,7581,3,785,Croatia,5474,Ivan Perišić,1,18,55,From Throw In,103.0,24.0,23.345235059857504,0.7551044034786732,False,Right Foot,Normal,Open Play,False,False,False,3,9,118.0,38.0,105.0,27.0,Blocked,0.030144284
cbaeba14-00e5-47ff-b45a-408685cc14d9,7581,3,776,Denmark,3043,Christian Dannemann Eriksen,1,22,6,Regular Play,96.0,37.0,24.186773244895647,0.12435499454676144,False,Right Foot,Normal,Open Play,False,False,False,4,6,116.0,41.0,99.0,36.0,Blocked,0.037469286
205e6345-79ee-46e3-83bf-fdf8657ed81a,7581,3,776,Denmark,4447,Martin Braithwaite Christensen,1,26,31,Regular Play,111.0,50.0,13.45362404707371,-0.83798122500839,True,Right Foot,Normal,Open Play,True,False,False,4,8,116.0,45.0,115.0,40.3,Saved,0.13162047
b93b519e-9b36-4b01-8e44-f2ee69cc4966,7581,3,785,Croatia,5470,Ivan Rakitić,1,28,19,Regular Play,94.0,32.0,27.202941017470888,0.2984989315861793,False,Right Foot,Normal,Open Play,False,False,False,4,8,117.0,38.0,116.0,37.8,Saved,0.038346656
8adcca99-5066-4880-bb89-99dfdcac591d,7581,3,785,Croatia,5474,Ivan Perišić,1,28,28,From Counter,110.0,32.0,12.806248474865697,0.6747409422235526,False,Left Foot,Half Volley,Open Play,True,False,False,5,10,117.0,37.0,113.0,34.0,Wayward,0.16490108
1003be4f-a590-4bc9-a018-da2d9c92dc3c,7581,3,785,Croatia,5474,Ivan Perišić,1,28,30,From Counter,111.0,34.0,10.816653826391969,0.5880026035475675,False,Right Foot,Volley,Open Play,True,False,False,5,10,114.0,35.0,120.0,40.9,Off T,0.120503984
a661f914-8271-41c5-9257-5f18440fbde8,7581,3,785,Croatia,5465,Ante Rebić,1,31,54,From Keeper,97.0,30.0,25.079872407968907,0.41012734054149097,False,Right Foot,Normal,Open Play,False,False,False,6,11,118.0,38.0,100.0,30.0,Blocked,0.030320106
ed258fa2-2a2b-4323-947e-030f15944db2,7581,3,776,Denmark,3043,Christian Dannemann Eriksen,1,33,57,From Free Kick,96.0,57.0,29.410882339705484,-0.6162969373960713,False,Left Foot,Half Volley,Open Play,True,False,False,5,10,118.0,44.0,120.0,46.7,Off T,0.016978217
b1f5b21e-edf9-46b2-afa7-30f8c0e09cc3,7581,3,785,Croatia,3471,Dejan Lovren,1,38,8,From Free Kick,115.0,39.0,5.0990195135927845,0.19739555984988075,True,Head,Normal,Open Play,False,True,False,5,11,119.0,40.0,120.0,46.9,Off T,0.18463199
c6b67ba3-8ec0-4a85-91d1-af5b75bdd1d0,7581,3,785,Croatia,5470,Ivan Rakitić,1,43,58,From Throw In,104.0,31.0,18.35755975068582,0.5123894603107377,False,Left Foot,Normal,Open Play,True,False,False,4,9,118.0,38.0,119.0,37.0,Saved,0.07601792
4140a7f4-f65e-43ef-99b9-9afcd801cd20,7581,3,785,Croatia,5474,Ivan Perišić,2,45,35,From Throw In,98.0,62.0,31.11269837220809,-0.7853981633974483,True,Right Foot,Half Volley,Open Play,True,False,False,5,10,119.0,41.0,120.0,31.1,Off T,0.011261932
dc3fa567-459b-4861-8063-8516a2f391d6,7581,3,776,Denmark,4447,Martin Braithwaite Christensen,2,55,34,Regular Play,115.0,52.0,13.0,-1.176005207095135,False,Right Foot,Normal,Open Play,False,False,False,3,8,119.0,43.0,120.0,46.5,Off T,0.0686043
fd76e708-ffe4-4311-b47f-6cc2da8ddc5b,7581,3,785,Croatia,5474,Ivan Perišić,2,63,34,Regular Play,108.0,21.0,22.47220505424423,1.0074800653029286,False,Right Foot,Normal,Open Play,False,False,False,3,9,119.0,39.0,109.0,22.0,Blocked,0.012094772
79648acb-6ef2-458c-aa96-33b9da7b5803,7581,3,785,Croatia,5465,Ante Rebić,2,64,24,From Corner,102.0,26.0,22.80350850198276,0.6610431688506869,False,Right Foot,Normal,Open Play,True,False,False,6,10,119.0,39.0,104.0,28.0,Blocked,0.030008089
4ab2c9ca-d7d7-4629-98a4-6a272c3bf558,7581,3,776,Denmark,5522,Nicolai Jørgensen,2,71,39,Regular Play,107.0,50.0,16.401219466856727,-0.6556956262415362,False,Right Foot,Normal,Open Play,False,False,False,5,8,118.0,41.0,118.0,40.7,Saved,0.070741735
2093a142-52f3-4aa1-8314-cbd869198924,7581,3,776,Denmark,3043,Christian Dannemann Eriksen,2,73,34,Regular Play,101.0,30.0,21.470910553583888,0.4844779290370232,False,Right Foot,Normal,Open Play,False,False,False,4,7,118.0,39.0,120.0,34.0,Off T,0.04147935
654f5f3c-8a83-4d7a-b40e-72612212e5cd,7581,3,785,Croatia,5463,Luka Modrić,2,76,32,From Throw In,96.0,51.0,26.40075756488817,-0.4297622790966885,False,Right Foot,Normal,Open Play,True,False,False,6,9,119.0,42.0,120.0,31.1,Off T,0.027416315
28f16999-0aad-4b48-8c42-cb08c80adc88,7581,3,785,Croatia,5465,Ante Rebić,2,77,20,Regular Play,97.0,58.0,29.206163733020468,-0.6640461628266846,False,Left Foot,Normal,Open Play,False,False,False,3,8,118.0,43.0,119.0,41.5,Saved,0.012468111
d2d7e745-f2b2-4774-8284-976228415caa,7581,3,785,Croatia,5474,Ivan Perišić,2,83,40,From Free Kick,113.0,31.0,11.40175425099138,0.9097531579442097,False,Head,Normal,Open Play,False,False,False,7,11,119.0,39.0,120.0,43.2,Off T,0.11325187
5820e40c-66dd-4b14-abaf-373bf0f27335,7581,3,785,Croatia,6308,Josip Pivarić,2,85,43,From Throw In,98.0,30.0,24.166091947189145,0.4266274931268761,False,Left Foot,Normal,Open Play,True,False,False,5,9,118.0,41.0,99.0,31.0,Blocked,0.038121704
8104cddc-aee7-428e-a1b3-00f6be2857b7,7581,3,776,Denmark,5520,Lasse Schöne,2,86,58,Regular Play,97.0,50.0,25.079872407968907,-0.41012734054149097,False,Right Foot,Normal,Open Play,False,False,False,5,10,118.0,40.0,120.0,34.2,Off T,0.036073588
708f13e3-a51f-4bc1-8891-37e8edb4a4ba,7581,3,785,Croatia,5470,Ivan Rakitić,2,91,16,Regular Play,88.0,40.0,32.0,0.0,False,Right Foot,Normal,Open Play,False,False,False,5,10,118.0,42.0,120.0,34.4,Off T,0.020794695
89afcd4d-b8bb-4264-9532-6b6a0eb3a0a7,7581,3,776,Denmark,4447,Martin Braithwaite Christensen,2,92,33,From Corner,100.0,50.0,22.360679774997898,-0.4636476090008061,False,Right Foot,Half Volley,Open Play,False,False,False,7,11,117.0,38.0,120.0,34.6,Off T,0.039959002
9f1e0ff9-a769-491e-b1c3-53551181f9e0,7581,3,776,Denmark,5527,Thomas Delaney,3,91,5,From Kick Off,78.0,47.0,42.579337712087536,-0.16514867741462683,False,Left Foot,Normal,Open Play,False,False,False,6,11,120.0,43.0,94.0,45.0,Blocked,0.005800442
738f7186-4f9c-4a5b-b008-7540040b1a70,7581,3,776,Denmark,5520,Lasse Schöne,3,92,15,From Throw In,95.0,45.0,25.495097567963924,-0.19739555984988075,False,Right Foot,Volley,Open Play,False,False,False,8,11,120.0,41.0,104.0,33.0,Blocked,0.029309789
51cb459f-70a8-42d9-861a-bf7c0fca2fdc,7581,3,776,Denmark,5520,Lasse Schöne,3,98,26,From Throw In,95.0,47.0,25.96150997149434,-0.2730087030867106,False,Right Foot,Normal,Open Play,False,False,False,5,9,117.0,43.0,120.0,34.6,Off T,0.027793115
f9c4183d-04e0-4348-8b16-447d71adb8e4,7581,3,785,Croatia,5456,Mateo Kovačić,4,105,36,Regular Play,98.0,30.0,24.166091947189145,0.4266274931268761,True,Right Foot,Normal,Open Play,False,False,False,5,10,119.0,40.0,103.0,29.0,Blocked,0.04311312
a2156a1a-f0c9-440f-bdba-0a2f68e3fd98,7581,3,776,Denmark,5516,Pione Sisto Ifolo Emirmija,4,107,2,From Throw In,106.0,20.0,24.413111231467404,0.960070362405688,False,Right Foot,Normal,Open Play,False,False,False,3,9,118.0,38.0,120.0,46.9,Off T,0.010282481
84953253-1815-446b-b012-d0911f392529,7581,3,776,Denmark,5522,Nicolai Jørgensen,4,112,17,From Throw In,112.0,27.0,15.264337522473747,1.0191413442663497,False,Right Foot,Half Volley,Open Play,False,False,False,7,11,119.0,37.0,120.0,35.2,Off T,0.05426612
94b78e58-6698-43ee-be7f-c4995aae88ea,7581,3,785,Croatia,5463,Luka Modrić,4,115,47,Other,109.0,41.0,11.045361017187261,-0.09065988720074511,False,Right Foot,Normal,Penalty,False,False,False,0,0,,,119.0,43.0,Saved,0.7835
2f2abe83-3f41-4d9b-af98-d2c8200ab91d,7581,3,785,Croatia,5463,Luka Modrić,4,118,35,From Free Kick,97.0,33.0,24.041630560342615,0.29544083714372,True,Right Foot,Normal,Open Play,False,False,False,6,11,117.0,40.0,116.0,38.3,Saved,0.072142854
4a5bc4d9-4f0a-458b-96a0-db40df13a99f,7581,3,785,Croatia,5460,Andrej Kramarić,4,119,31,Regular Play,98.0,28.0,25.059928172283335,0.4993467216801301,False,Right Foot,Normal,Open Play,False,False,False,4,11,119.0,41.0,120.0,47.3,Off T,0.034648996
c60cc074-bad7-4872-b77c-6191d9feaea4,7581,3,776,Denmark,3043,Christian Dannemann Eriksen,5,120,7,Other,108.0,40.0,12.0,0.0,False,Right Foot,Normal,Penalty,False,False,False,0,0,,,119.0,36.6,Saved,0.7835
c918229e-d917-406b-8e2b-b79d30ae5e5b,7581,3,785,Croatia,6305,Milan Badelj,5,120,57,Other,108.0,40.0,12.0,0.0,False,Right Foot,Normal,Penalty,False,False,False,0,0,,,119.0,38.7,Saved,0.7835
f1678dbf-b7ec-4c5c-8d85-9c79855e3123,7581,3,776,Denmark,5534,Simon Thorup Kjær,5,121,52,Other,108.0,40.0,12.0,0.0,False,Right Foot,Normal,Penalty,False,False,False,0,0,,,119.0,42.8,Goal,0.7835
ccf91754-57ba-4305-94d1-c58f0b041ef9,7581,3,785,Croatia,5460,Andrej Kramarić,5,122,36,Other,108.0,40.0,12.0,0.0,False,Right Foot,Normal,Penalty,False,False,False,0,0,,,120.0,37.0,Goal,0.7835
725eb0c4-1361-48ce-9553-ce067c9a75b3,7581,3,776,Denmark,6356,Michael Krohn-Dehli,5,123,29,Other,108.0,40.0,12.0,0.0,False,Right Foot,Normal,Penalty,False,False,False,0,0,,,120.0,37.0,Goal,0.7835
8d346ca8-4d0f-4fe0-ae67-3f5e3d7931ea,7581,3,785,Croatia,5463,Luka Modrić,5,124,16,Other,108.0,40.0,12.0,0.0,False,Right Foot,Normal,Penalty,False,False,False,0,0,,,120.0,40.3,Goal,0.7835
a470edca-94a2-4853-a320-3a6e27641d6f,7581,3,776,Denmark,5520,Lasse Schöne,5,125,7,Other,108.0,40.0,12.0,0.0,False,Right Foot,Normal,Penalty,False,False,False,0,0,,,119.0,36.2,Saved,0.7835
b92c2a8a-54c8-440a-ab78-6f30d487464c,7581,3,785,Croatia,6308,Josip Pivarić,5,126,15,Other,108.0,40.0,12.0,0.0,False,Left Foot,Normal,Penalty,False,False,False,0,0,,,119.0,36.6,Saved,0.7835
1bb13933-60a2-4d69-b63d-f14529fbe33c,7581,3,776,Denmark,5522,Nicolai Jørgensen,5,127,7,Other,108.0,40.0,12.0,0.0,False,Right Foot,Normal,Penalty,False,False,False,0,0,,,119.0,41.5,Saved,0.7835
eaa1cfc6-7cef-4057-b95b-f5651a15f804,7581,3,785,Croatia,5470,Ivan Rakitić,5,128,4,Other,108.0,40.0,12.0,0.0,False,Right Foot,Normal,Penalty,False,False,False,0,0,,,120.0,37.2,Goal,0.7835
631bebfc-78b3-4432-b3b9-e36a076697aa,7549,3,793,Iceland,3944,Gylfi Þór Sigurðsson,1,2,13,From Free Kick,92.0,40.0,28.0,0.0,False,Right Foot,Normal,Free Kick,False,False,False,7,11,120.0,42.0,119.0,36.4,Saved,0.054394327
03550160-5441-44a7-ac2f-6ff0aab2815a,7549,3,793,Iceland,3944,Gylfi Þór Sigurðsson,1,4,57,Regular Play,99.0,39.0,21.02379604162864,0.047583103276983396,True,Right Foot,Normal,Open Play,False,False,False,3,7,118.0,42.0,118.0,42.8,Saved,0.10112726
4debdd86-c36e-4aab-9a7b-87f5288eaf83,7549,3,775,Nigeria,5830,Kenneth Josiah Omeruo,1,7,15,From Throw In,104.0,39.0,16.0312195418814,0.06241880999595735,True,Head,Normal,Open Play,False,True,False,6,10,118.0,38.0,117.0,39.0,Wayward,0.04417076
aa492454-40a1-4f1e-adf4-e06e9095d6cd,7549,3,793,Iceland,5509,Birkir Bjarnason,1,20,16,From Throw In,114.0,27.0,14.317821063276353,1.1383885512243588,False,Left Foot,Volley,Open Play,True,False,False,4,8,120.0,42.0,117.0,29.0,Blocked,0.06373091
2b21626e-0009-4ff2-8227-b0a633229e3e,7549,3,793,Iceland,5509,Birkir Bjarnason,1,33,22,From Throw In,109.0,24.0,19.4164878389476,0.9685089806599324,False,Right Foot,Volley,Open Play,True,False,False,4,8,118.0,39.0,120.0,38.1,Off T,0.029692495
9d134619-f467-4e5c-b160-fe7c9308ed30,7549,3,793,Iceland,5514,Alfreð Finnbogason,1,44,31,From Free Kick,113.0,40.0,7.0,0.0,False,Other,Normal,Open Play,True,False,False,6,10,120.0,41.0,120.0,35.4,Off T,0.19456063
b45f43f0-e0f6-4ac8-af81-0c0d24d3fef2,7549,3,793,Iceland,5829,Jón Daði Böðvarsson,1,46,15,From Corner,113.0,51.0,13.038404810405298,-1.0040671092713902,False,Head,Normal,Open Play,False,False,False,6,11,119.0,42.0,120.0,34.2,Off T,0.045343757
8708f11b-b9f3-4dc0-bde1-39b5ce64e371,7549,3,775,Nigeria,5466,Oghenekaro Etebo,2,45,15,From Kick Off,96.0,47.0,25.0,-0.28379410920832787,False,Right Foot,Normal,Open Play,True,False,False,3,7,117.0,43.0,116.0,37.4,Saved,0.03887468
0c5402af-843d-4080-aa76-b5f07f048f5d,7549,3,775,Nigeria,5473,Ahmed Musa,2,48,24,Regular Play,112.0,46.0,10.0,-0.6435011087932844,False,Right Foot,Half Volley,Open Play,False,False,False,3,8,117.0,43.0,120.0,41.5,Goal,0.13957413
e33df2c2-d3cb-4385-a6e2-5d374edfb61b,7549,3,775,Nigeria,3338,Onyinye Wilfred Ndidi,2,56,33,From Throw In,84.0,26.0,38.62641583165593,0.37089128881266237,False,Right Foot,Normal,Open Play,False,False,False,5,10,119.0,41.0,120.0,39.3,Saved,0.005955098
4c52ec59-80b6-44a9-b1b5-ac9b9c047f15,7549,3,775,Nigeria,3963,Victor Moses,2,65,11,Regular Play,106.0,61.0,25.238858928247925,-0.982793723247329,False,Right Foot,Normal,Open Play,False,False,False,6,10,118.0,43.0,120.0,46.5,Off T,0.008576407
d23e9dee-2dc7-40be-9a20-efd9327febc4,7549,3,793,Iceland,5495,Rúrik Gíslason,2,67,7,Regular Play,99.0,28.0,24.186773244895647,0.5191461142465229,True,Right Foot,Normal,Open Play,False,False,False,4,7,117.0,40.0,120.0,44.6,Off T,0.043580372
f21766b6-4c18-4224-803a-c0299b663b67,7549,3,775,Nigeria,3963,Victor Moses,2,67,55,From Goal Kick,101.0,55.0,24.20743687382041,-0.668289418830584,False,Left Foot,Normal,Open Play,False,False,False,4,9,118.0,42.0,107.0,50.0,Blocked,0.030264711
9f1126a2-4269-45e5-9921-b74255ef93b2,7549,3,775,Nigeria,5466,Oghenekaro Etebo,2,68,26,From Goal Kick,95.0,38.0,25.079872407968907,0.07982998571223732,False,Right Foot,Normal,Open Play,False,False,False,4,6,118.0,41.0,99.0,39.0,Blocked,0.049115922
7cf263e8-0e2b-4215-8e6b-48c07eb46a88,7549,3,775,Nigeria,5455,William Troost-Ekong,2,69,44,From Corner,107.0,48.0,15.264337522473747,-0.5516549825285468,False,Head,Diving Header,Open Play,False,False,False,7,10,119.0,41.0,120.0,46.5,Off T,0.09659774
91265012-0a96-42b9-b537-493190665070,7549,3,775,Nigeria,5467,Leon Aderemi Balogun,2,71,29,From Corner,112.0,43.0,8.54400374531753,-0.35877067027057225,False,Head,Normal,Open Play,False,False,False,7,11,119.0,41.0,120.0,37.2,Off T,0.07888537
d0959566-bb51-4aa6-96fe-85badefecddd,7549,3,775,Nigeria,3708,Kelechi Promise Iheanacho,2,73,26,Regular Play,98.0,54.0,26.076809620810597,-0.5667292175235064,False,Left Foot,Normal,Open Play,False,False,False,5,10,119.0,41.0,100.0,52.0,Blocked,0.025410693
1a5c726e-ac92-43fd-8be6-fa3cd8663589,7549,3,775,Nigeria,5473,Ahmed Musa,2,73,38,Regular Play,101.0,27.0,23.021728866442675,0.6000502134017536,False,Right Foot,Normal,Open Play,False,False,False,5,9,118.0,40.0,120.0,39.5,Post,0.043000102
7de9999c-87f0-4f28-8a88-4b6d1930f36f,7549,3,775,Nigeria,3963,Victor Moses,2,73,42,Regular Play,104.0,50.0,18.867962264113206,-0.5585993153435624,False,Right Foot,Normal,Open Play,False,False,False,6,10,118.0,43.0,120.0,44.8,Off T,0.0531975
6bd71689-2b7e-4846-85de-51c481801d5d,7549,3,775,Nigeria,5473,Ahmed Musa,2,74,17,From Counter,113.0,41.0,7.0710678118654755,-0.14189705460416394,False,Right Foot,Normal,Open Play,False,False,False,1,5,111.0,37.0,120.0,43.4,Goal,0.5295454
6670f381-02b5-4e19-9e1e-f0456338f376,7549,3,775,Nigeria,5455,William Troost-Ekong,2,78,41,From Corner,92.0,39.0,28.0178514522438,0.03569911267932397,False,Left Foot,Normal,Open Play,False,False,False,5,10,119.0,41.0,97.0,37.0,Blocked,0.027320247
cc293811-b6d3-41d9-9d33-7e94c83070b6,7549,3,793,Iceland,3944,Gylfi Þór Sigurðsson,2,82,8,Other,108.0,40.0,12.0,0.0,False,Right Foot,Normal,Penalty,False,False,False,0,0,,,120.0,43.2,Off T,0.7835
ffca280e-9a8e-4a5e-a361-d0f9f714dbde,7549,3,775,Nigeria,3708,Kelechi Promise Iheanacho,2,83,35,Regular Play,98.0,48.0,23.40939982143925,-0.348771003583907,False,Left Foot,Normal,Open Play,False,False,False,6,9,119.0,41.0,120.0,45.8,Off T,0.046937406
61d5c627-b382-40d7-827b-46400b17b52f,7549,3,793,Iceland,5514,Alfreð Finnbogason,2,87,15,From Throw In,112.0,27.0,15.264337522473747,1.0191413442663497,False,Left Foot,Normal,Open Play,True,False,False,4,9,116.0,38.0,118.0,41.1,Saved,0.15761892
93cab19c-1614-4caa-95a3-33a357978d8c,7549,3,775,Nigeria,3338,Onyinye Wilfred Ndidi,2,88,22,From Free Kick,91.0,42.0,29.068883707497267,-0.0688564893010446,False,Right Foot,Normal,Open Play,False,False,False,4,10,118.0,41.0,97.0,41.0,Blocked,0.033122007
4926cd76-b29b-44cf-9db3-f398fdb0d080,7549,3,793,Iceland,5831,Sverrir Ingi Ingason,2,89,14,Regular Play,107.0,41.0,13.038404810405298,-0.07677189126977804,False,Head,Normal,Open Play,False,False,False,6,9,118.0,41.0,120.0,41.9,Off T,0.078613296
072d4ff4-158d-4fcf-b5a6-07d18c310d52,7549,3,775,Nigeria,3647,Alex Iwobi,2,96,8,Regular Play,103.0,39.0,17.029386365926403,0.058755822715722696,False,Left Foot,Normal,Open Play,False,False,False,3,6,118.0,41.0,104.0,39.0,Blocked,0.061611153
c10ec17b-2c83-4cef-990b-cc12eebb4e05,7529,3,775,Nigeria,3647,Alex Iwobi,1,12,36,From Free Kick,89.0,40.0,31.0,0.0,False,Right Foot,Normal,Open Play,False,False,False,6,11,119.0,41.0,101.0,37.0,Blocked,0.018994473
26f4fd38-06a6-4921-b5fc-352822e4069c,7529,3,785,Croatia,5474,Ivan Perišić,1,13,20,Regular Play,99.0,46.0,21.840329667841555,-0.27829965900511133,False,Right Foot,Normal,Open Play,True,False,False,3,8,118.0,40.0,120.0,37.2,Off T,0.06695514
fb3171b8-da0b-46be-9882-88bf6afdb13f,7529,3,785,Croatia,5460,Andrej Kramarić,1,15,22,From Free Kick,86.0,35.0,34.36568055487916,0.1460122577112754,False,Right Foot,Normal,Open Play,False,False,False,4,8,118.0,39.0,120.0,34.8,Off T,0.019367732
faa5402a-5780-46c0-920c-d61b129139f5,7529,3,775,Nigeria,5458,Odion Jude Ighalo,1,20,58,Regular Play,109.0,59.0,21.95449840010015,-1.0460005551447893,False,Right Foot,Normal,Open Play,False,False,False,2,7,119.0,43.0,115.0,50.0,Blocked,0.011507075
75287230-d6bf-4042-a28f-f0fdc04c1102,7529,3,775,Nigeria,5466,Oghenekaro Etebo,1,21,40,From Corner,93.0,41.0,27.018512172212592,-0.037020115873930025,False,Right Foot,Half Volley,Open Play,False,False,False,7,11,119.0,41.0,120.0,46.9,Off T,0.022628231
ea2ecbb8-a499-42ab-a85d-2f93cb807d16,7529,3,785,Croatia,5465,Ante Rebić,1,31,17,Regular Play,101.0,23.0,25.495097567963924,0.7298996581517315,False,Right Foot,Normal,Open Play,True,False,False,4,8,118.0,38.0,105.0,29.0,Blocked,0.028548675
be3746ba-f26d-4385-b99c-36dd9c844784,7529,3,785,Croatia,5472,Mario Mandžukić,1,31,51,From Corner,113.0,41.0,7.0710678118654755,-0.14189705460416394,False,Head,Diving Header,Open Play,False,False,False,6,10,119.0,40.0,116.0,38.0,Blocked,0.3240008
1f0017e1-c609-4274-b4fd-1b5919ed1b18,7529,3,775,Nigeria,5458,Odion Jude Ighalo,1,33,14,From Counter,106.0,33.0,15.652475842498529,0.4636476090008061,False,Left Foot,Normal,Open Play,False,False,False,3,7,116.0,39.0,108.0,31.0,Blocked,0.16620727
4459aaf0-be50-4438-9546-68105d1ffd55,7529,3,785,Croatia,5460,Andrej Kramarić,1,38,53,From Throw In,107.0,37.0,13.341664064126334,0.22679884805388587,False,Head,Normal,Open Play,False,False,False,4,8,117.0,39.0,120.0,38.5,Off T,0.11621209
bf058dc6-a310-4247-a154-86f563016188,7529,3,785,Croatia,5461,Šime Vrsaljko,1,41,56,From Throw In,104.0,59.0,24.839484696748443,-0.870903457075653,False,Right Foot,Normal,Open Play,True,False,False,3,7,119.0,40.0,120.0,45.8,Off T,0.011776743
dc7ec157-fb01-4084-bfce-7d2f528ee54e,7529,3,775,Nigeria,3647,Alex Iwobi,1,45,3,From Free Kick,104.0,31.0,18.35755975068582,0.5123894603107377,False,Right Foot,Half Volley,Open Play,True,False,False,5,10,119.0,41.0,112.0,37.0,Blocked,0.06691181
c541b4d3-a78a-41cf-8e0f-7258fc1e823f,7529,3,775,Nigeria,3963,Victor Moses,1,45,44,From Free Kick,91.0,47.0,29.832867780352597,-0.23684876094692026,False,Right Foot,Normal,Open Play,False,False,False,6,11,119.0,41.0,120.0,46.7,Off T,0.022370031
8f152b64-9376-4b78-86d6-41b22f2e99a5,7529,3,775,Nigeria,3963,Victor Moses,2,48,31,From Free Kick,108.0,57.0,20.808652046684813,-0.9561333748727311,False,Left Foot,Normal,Open Play,False,False,False,6,9,118.0,40.0,120.0,46.1,Off T,0.03658591
e6c43ec9-4a06-455b-a479-62f9b9135356,7529,3,785,Croatia,5470,Ivan Rakitić,2,49,46,From Free Kick,88.0,41.0,32.01562118716424,-0.031239833430268277,False,Right Foot,Normal,Open Play,False,False,False,7,10,120.0,41.0,120.0,40.3,Off T,0.018438444
ef3ec629-7800-495b-b9c9-d18cc4d856b1,7529,3,775,Nigeria,3647,Alex Iwobi,2,51,7,From Free Kick,112.0,21.0,20.615528128088304,1.1722738811284763,False,Right Foot,Normal,Open Play,False,False,False,7,11,118.0,38.0,113.0,25.0,Blocked,0.011302559
8b33c5dd-6f2a-4a03-a52e-1105e5e74621,7529,3,775,Nigeria,5458,Odion Jude Ighalo,2,58,49,Regular Play,108.0,34.0,13.416407864998739,0.4636476090008061,False,Head,Normal,Open Play,False,False,False,4,10,118.0,38.0,119.0,42.0,Saved,0.13110706
6cecde41-626b-4183-a054-4e0569a1b686,7529,3,785,Croatia,5472,Mario Mandžukić,2,62,43,From Corner,112.0,44.0,8.94427190999916,-0.4636476090008061,False,Head,Normal,Open Play,False,False,False,7,11,120.0,42.0,120.0,34.6,Off T,0.10399987
43a8d4bd-e830-472b-8632-f71f0416a98d,7529,3,785,Croatia,5463,Luka Modrić,2,70,51,Other,109.0,41.0,11.045361017187261,-0.09065988720074511,False,Right Foot,Normal,Penalty,False,False,False,0,0,,,120.0,36.2,Goal,0.7835
bd7e188a-4e81-4601-a75e-e7105fba4b4c,7529,3,785,Croatia,3471,Dejan Lovren,2,73,27,From Corner,108.0,46.0,13.416407864998739,-0.4636476090008061,False,Head,Normal,Open Play,False,False,False,5,11,119.0,41.0,114.0,41.0,Blocked,0.07854937
9afea0c0-7eed-43ff-a5da-d4f85c419971,7529,3,775,Nigeria,3708,Kelechi Promise Iheanacho,2,76,26,Regular Play,108.0,52.0,16.97056274847714,-0.7853981633974483,False,Left Foot,Normal,Open Play,False,False,False,5,10,118.0,42.0,120.0,46.1,Off T,0.052039362
10274bc8-73b2-4eb5-a18c-c70c98d32aea,7529,3,775,Nigeria,5467,Leon Aderemi Balogun,2,81,40,From Throw In,106.0,40.0,14.0,0.0,False,Head,Normal,Open Play,False,False,False,5,9,118.0,40.0,119.0,43.8,Saved,0.11239032
8c971541-be80-4355-90c9-b2954c1e47d3,7529,3,775,Nigeria,5466,Oghenekaro Etebo,2,86,14,From Throw In,86.0,29.0,35.73513677041127,0.3129012278803845,False,Right Foot,Normal,Open Play,False,False,False,6,10,118.0,40.0,120.0,48.9,Off T,0.0064550717
2af4e9d9-3dc7-4e21-b9dd-8e08bafd4c28,7529,3,775,Nigeria,3963,Victor Moses,2,86,54,Regular Play,108.0,49.0,15.0,-0.6435011087932844,False,Right Foot,Normal,Open Play,False,False,False,4,10,117.0,42.0,110.0,48.0,Blocked,0.103822425
3647dbf8-a830-4530-9104-c1ac66c75521,7529,3,785,Croatia,5456,Mateo Kovačić,2,91,44,From Throw In,111.0,52.0,15.0,-0.9272952180016122,False,Right Foot,Normal,Open Play,False,False,False,1,7,117.0,45.0,116.0,38.3,Saved,0.14311777
7b20bc4c-d5d4-4efb-9e45-478dd6ca1657,7562,3,792,Australia,5489,Mile Jedinak,1,4,17,From Free Kick,97.0,53.0,26.419689627245813,-0.5144513130590278,False,Right Foot,Normal,Open Play,True,False,False,7,10,118.0,41.0,120.0,39.3,Off T,0.027759347
f147d49c-41af-416f-b5cc-8aa93acc189f,7562,3,792,Australia,5491,Tom Rogić,1,11,27,From Throw In,95.0,46.0,25.709920264364882,-0.23554498072086333,True,Left Foot,Normal,Open Play,False,False,False,6,9,116.0,40.0,100.0,44.0,Blocked,0.037056766
e1a7ea9b-012e-4a64-9f2b-009519da5c71,7562,3,784,Peru,3632,André Martín Carrillo Díaz,1,17,14,Regular Play,104.0,53.0,20.615528128088304,-0.6823165548747481,True,Right Foot,Volley,Open Play,True,False,False,3,8,119.0,43.0,120.0,36.4,Goal,0.03970575
5cde8221-69e0-4cc6-ba50-ad6fb046a342,7562,3,792,Australia,5481,Mathew Leckie,1,20,0,From Throw In,112.0,42.0,8.246211251235321,-0.24497866312686414,False,Head,Normal,Open Play,False,False,False,5,9,119.0,40.0,120.0,43.0,Wayward,0.118186094
e587014a-caab-49f4-b290-9aecc74c79af,7562,3,784,Peru,5535,José Paolo Guerrero Gonzáles,1,24,7,From Free Kick,109.0,37.0,11.40175425099138,0.2662520491509254,False,Head,Normal,Open Play,False,False,False,6,11,119.0,41.0,119.0,41.9,Saved,0.13641801
1bedf066-e86f-47c8-b86f-1472ce0158e7,7562,3,792,Australia,5491,Tom Rogić,1,26,49,From Throw In,105.0,40.0,15.0,0.0,False,Left Foot,Normal,Open Play,False,False,False,4,10,113.0,40.0,113.0,38.5,Saved,0.24210833
3c3d8e25-be0a-4b0c-b02f-88be5e44c885,7562,3,784,Peru,5529,Víctor Yoshimar Yotún Flores,1,32,51,Regular Play,83.0,33.0,37.656340767525464,0.1869792699189111,False,Left Foot,Normal,Open Play,False,False,False,7,11,119.0,41.0,120.0,46.3,Off T,0.0056918976
3d219d60-df58-4e62-822e-a73b1f0fb6df,7562,3,792,Australia,5478,Trent Sainsbury,1,34,44,From Corner,116.0,43.0,5.0,-0.6435011087932844,True,Head,Normal,Open Play,False,True,False,7,11,119.0,41.0,120.0,46.0,Off T,0.15594603
a3d1a6e6-2630-4d50-9f4e-2eefd1f47cf0,7562,3,792,Australia,5478,Trent Sainsbury,1,39,41,From Free Kick,115.0,34.0,7.810249675906654,0.8760580505981934,False,Head,Normal,Open Play,False,False,False,5,11,119.0,40.0,119.0,34.0,Off T,0.11028426
a6572160-adde-4276-88a5-eac32cbc7097,7562,3,784,Peru,5535,José Paolo Guerrero Gonzáles,2,49,9,Regular Play,111.0,36.0,9.848857801796104,0.4182243295792291,False,Left Foot,Normal,Open Play,True,False,False,5,8,118.0,37.0,120.0,43.6,Goal,0.15455943
a6becee2-763d-444e-bef3-f6afebb86028,7562,3,792,Australia,5489,Mile Jedinak,2,51,24,From Corner,113.0,50.0,12.206555615733702,-0.960070362405688,False,Head,Normal,Open Play,False,False,False,6,11,120.0,43.0,120.0,42.0,Saved,0.07718142
d235f3a2-c605-4fc7-bab4-38a3958691d1,7562,3,792,Australia,3281,Aaron Mooy,2,54,47,From Free Kick,96.0,61.0,31.89043743820395,-0.7188299996216245,False,Right Foot,Normal,Free Kick,False,False,False,9,11,119.0,41.0,107.0,55.0,Blocked,0.009029534
391f430a-4e2f-40ad-95df-98012a3d4447,7562,3,792,Australia,5478,Trent Sainsbury,2,55,27,From Corner,113.0,52.0,13.892443989449804,-1.042721878368537,False,Head,Normal,Open Play,False,False,False,8,11,120.0,42.0,114.0,50.0,Wayward,0.04171371
6c8d820a-f3e1-4cd2-844e-97fb1011793f,7562,3,792,Australia,5489,Mile Jedinak,2,58,2,From Throw In,116.0,39.0,4.123105625617661,0.24497866312686414,True,Head,Normal,Open Play,False,True,True,7,10,120.0,42.0,117.0,45.0,Wayward,0.25410923
36a51659-11a6-44b3-9d4e-b67dd015a807,7562,3,792,Australia,6314,Tim Cahill,2,58,55,From Corner,111.0,51.0,14.212670403551895,-0.8850668158886104,False,Head,Normal,Open Play,False,False,False,8,11,119.0,43.0,113.0,37.0,Wayward,0.058087178
3fe2b147-0ba8-4c1a-a8b2-1372a3b8dc1d,7562,3,792,Australia,5479,Aziz Eraltay Behich,2,58,57,From Corner,107.0,32.0,15.264337522473747,0.5516549825285468,False,Left Foot,Half Volley,Open Play,True,False,False,6,11,119.0,41.0,120.0,45.6,Off T,0.11772655
80a24198-6e18-4277-92ff-b733855f264e,7562,3,792,Australia,6314,Tim Cahill,2,59,24,From Corner,110.0,35.0,11.180339887498949,0.4636476090008061,False,Right Foot,Normal,Open Play,False,False,False,7,11,120.0,41.0,116.0,39.0,Blocked,0.18379883
c0b04c4d-27a7-4c5f-8bdb-3773a0d9064b,7562,3,792,Australia,5481,Mathew Leckie,2,65,30,From Free Kick,112.0,50.0,12.806248474865697,-0.8960553845713439,False,Right Foot,Normal,Open Play,True,False,False,7,11,120.0,42.0,112.0,49.0,Blocked,0.073874444
5d77e573-b34a-4f17-87cf-e0bdafc7b659,7562,3,792,Australia,5483,Daniel Arzani,2,66,34,From Counter,96.0,31.0,25.632011235952593,0.35877067027057225,True,Right Foot,Normal,Open Play,False,False,False,4,8,117.0,41.0,120.0,43.6,Off T,0.059451457
738c74ea-7fc7-4072-956b-6892878e8a9b,7562,3,792,Australia,5489,Mile Jedinak,2,82,54,From Free Kick,93.0,36.0,27.294688127912362,0.1470783553884025,False,Right Foot,Normal,Free Kick,False,False,False,6,11,119.0,42.0,120.0,38.9,Off T,0.062956445
8cdd1008-c53e-438e-ac87-325c1b6712e0,7571,3,787,Senegal,5661,M'Baye Babacar Niang,1,0,10,From Kick Off,96.0,26.0,27.784887978899608,0.5280744484263596,False,Right Foot,Lob,Open Play,True,False,False,6,10,120.0,41.0,120.0,44.4,Off T,0.025465408
f3b3328f-c09c-452c-89a0-a30602ad8044,7571,3,769,Colombia,5692,Juan Fernando Quintero Paniagua,1,11,55,From Free Kick,96.0,53.0,27.294688127912362,-0.4964227534048819,False,Left Foot,Normal,Free Kick,False,False,False,7,11,118.0,40.0,119.0,36.4,Saved,0.048187166
4cad82d6-77db-412d-a231-b0a49eea5a6e,7571,3,787,Senegal,3145,Keita Baldé Diao,1,26,32,Regular Play,107.0,23.0,21.400934559032695,0.9179496956941223,False,Right Foot,Normal,Open Play,False,False,False,5,7,119.0,39.0,118.0,40.5,Saved,0.033191733
a434fc79-7d5f-4127-97c3-a73362e1285a,7571,3,787,Senegal,2941,Ismaïla Sarr,1,27,7,Regular Play,104.0,59.0,24.839484696748443,-0.870903457075653,False,Left Foot,Normal,Open Play,False,False,False,4,9,119.0,43.0,117.0,42.6,Saved,0.011666485
a057973f-1c29-4225-961a-d7f5989f0d6a,7571,3,787,Senegal,5664,Salif Sané,1,36,57,From Free Kick,90.0,41.0,30.01666203960727,-0.033320995878247196,False,Right Foot,Normal,Open Play,False,False,False,8,11,119.0,41.0,120.0,41.7,Off T,0.020333083
4201d814-95fc-422b-a10a-4e80dcbe1293,7571,3,787,Senegal,3629,Sadio Mané,2,63,4,From Free Kick,95.0,51.0,27.313000567495326,-0.4145068745847859,False,Right Foot,Normal,Free Kick,False,False,False,6,11,119.0,40.0,120.0,45.6,Off T,0.047152
66704be5-860a-4edf-b317-75c9fbd87db7,7571,3,769,Colombia,6334,Luis Fernando Muriel Fruto,2,64,46,From Free Kick,105.0,49.0,17.4928556845359,-0.5404195002705842,False,Left Foot,Normal,Open Play,True,False,False,4,9,119.0,41.0,115.0,45.0,Blocked,0.06531282
fdf528b5-6dc5-44f2-817f-c1dfaee89a23,7571,3,769,Colombia,3445,Radamel Falcao García Zárate,2,65,26,From Corner,114.0,43.0,6.708203932499369,-0.4636476090008061,False,Head,Normal,Open Play,False,False,False,5,11,119.0,41.0,120.0,45.4,Off T,0.11338981
b4fe8f49-4d3a-4ea4-8464-ba3da90ef16b,7571,3,769,Colombia,6196,Yerry Fernando Mina González,2,73,29,From Corner,114.0,47.0,9.219544457292887,-0.8621700546672264,False,Head,Normal,Open Play,False,False,False,6,11,119.0,41.0,120.0,41.5,Goal,0.057972074
77fa0e94-3150-403e-b740-9dd8cb7a41ba,7571,3,787,Senegal,5661,M'Baye Babacar Niang,2,76,3,Regular Play,113.0,52.0,13.892443989449804,-1.042721878368537,True,Right Foot,Normal,Open Play,False,False,False,3,8,118.0,43.0,118.0,42.8,Saved,0.11951581
84f6d447-6c05-4c10-8099-4ad0ac3f0772,7571,3,787,Senegal,2941,Ismaïla Sarr,2,78,49,Regular Play,108.0,51.0,16.278820596099706,-0.7419472680059175,False,Right Foot,Volley,Open Play,True,False,False,4,6,118.0,42.0,120.0,42.0,Off T,0.103540555
91266c2f-ecd8-4f1e-9938-a4d88be6e1c6,7568,3,773,Switzerland,5834,Mario Gavranović,1,3,22,From Throw In,111.0,49.0,12.727922061357855,-0.7853981633974483,False,Right Foot,Normal,Open Play,True,False,False,4,8,119.0,44.0,113.0,49.0,Blocked,0.10680521
a1d27eb6-ce96-4376-b9df-39b6bee67b3e,7568,3,795,Costa Rica,5581,Joel Nathaniel Campbell Samuels,1,5,4,Regular Play,99.0,54.0,25.238858928247925,-0.5880026035475675,False,Left Foot,Normal,Open Play,False,False,False,3,8,118.0,41.0,119.0,36.4,Saved,0.026525779
f98e5b5e-7d3f-42d6-abd7-5934a0fe6056,7568,3,795,Costa Rica,5582,Celso Borges Mora,1,5,13,Regular Play,111.0,40.0,9.0,0.0,False,Head,Normal,Open Play,False,False,False,4,8,119.0,40.0,119.0,37.2,Saved,0.17932418
2460202f-512b-4296-9b85-8ac8411aa657,7568,3,795,Costa Rica,5602,Cristian Gamboa Luna,1,5,30,Regular Play,98.0,50.0,24.166091947189145,-0.4266274931268761,False,Left Foot,Normal,Open Play,False,False,False,4,9,118.0,41.0,119.0,43.8,Saved,0.033930067
e8f36333-1586-4a31-b16a-203bfab01328,7568,3,795,Costa Rica,5585,Daniel Colindres Solera,1,6,46,Regular Play,98.0,31.0,23.769728648009426,0.388318718172466,True,Left Foot,Normal,Open Play,False,False,False,4,8,118.0,38.0,119.0,35.4,Off T,0.036320034
8226d1bf-756e-45ac-85bc-d48328f97edf,7568,3,795,Costa Rica,5585,Daniel Colindres Solera,1,9,25,Regular Play,103.0,18.0,27.80287754891569,0.9129077216126865,False,Right Foot,Normal,Open Play,False,False,False,2,7,116.0,37.0,119.0,39.9,Post,0.009091367
754af2a5-0a2c-42ab-a4f3-83148ed3884f,7568,3,773,Switzerland,5834,Mario Gavranović,1,16,23,Regular Play,97.0,37.0,23.194827009486403,0.1297025371559121,False,Right Foot,Normal,Open Play,False,False,False,5,8,119.0,41.0,120.0,45.4,Off T,0.046386905
fbf25d36-6227-47a2-a031-94545173aad7,7568,3,795,Costa Rica,5836,Bryan Oviedo,1,18,46,Regular Play,104.0,18.0,27.202941017470888,0.9420000403794636,False,Left Foot,Normal,Open Play,False,False,False,3,8,118.0,36.0,119.0,44.0,Saved,0.00674315
be30f1c9-fd74-45c6-a225-e51b911f8b59,7568,3,795,Costa Rica,5585,Daniel Colindres Solera,1,23,22,From Counter,109.0,29.0,15.556349186104045,0.7853981633974483,True,Right Foot,Normal,Open Play,False,False,False,3,6,117.0,36.0,110.0,31.0,Blocked,0.07558924
d9dab509-bd6e-45aa-b975-d55e8dbc6fa2,7568,3,773,Switzerland,5554,Blerim Džemaili,1,30,24,Regular Play,113.0,43.0,7.615773105863909,-0.40489178628508343,False,Right Foot,Half Volley,Open Play,True,False,False,4,8,120.0,38.0,120.0,40.5,Goal,0.40283072
ce2e5da0-097d-49de-b281-c904aa673b3c,7568,3,773,Switzerland,5554,Blerim Džemaili,1,32,31,From Free Kick,105.0,42.0,15.132745950421556,-0.13255153229667402,False,Right Foot,Normal,Open Play,True,False,False,2,8,118.0,42.0,107.0,42.0,Blocked,0.11053042
e9f44510-04cf-4012-a635-c010d1c7f019,7568,3,773,Switzerland,5541,Stephan Lichtsteiner,1,38,13,Regular Play,91.0,51.0,31.016124838541646,-0.3625442372645076,False,Left Foot,Normal,Open Play,False,False,False,4,8,120.0,41.0,93.0,55.0,Blocked,0.018734163
e182a6f6-f0ce-4b12-84f7-9bec2e3097e1,7568,3,773,Switzerland,5554,Blerim Džemaili,1,39,3,From Corner,114.0,49.0,10.816653826391969,-0.982793723247329,True,Head,Normal,Open Play,False,True,False,7,10,120.0,44.0,117.0,40.0,Wayward,0.06606949
2024a11f-4b4a-4bc9-8a66-595f5ff0f136,7568,3,773,Switzerland,5540,Valon Behrami,1,45,31,From Corner,87.0,40.0,33.0,0.0,False,Left Foot,Normal,Open Play,False,False,False,7,11,120.0,42.0,97.0,45.0,Wayward,0.019102212
5d3a90d2-9e97-4e82-bbb7-b817eaadbc15,7568,3,795,Costa Rica,5581,Joel Nathaniel Campbell Samuels,2,47,37,From Corner,108.0,36.0,12.649110640673518,0.3217505543966422,False,Left Foot,Volley,Open Play,True,False,False,6,10,119.0,42.0,120.0,33.7,Off T,0.14703198
0c7d58d6-f582-4d02-8f96-f0ebc4c4db5f,7568,3,773,Switzerland,5544,Ricardo Iván Rodríguez Araya,2,48,36,From Goal Kick,91.0,21.0,34.66987164671943,0.5800027742076809,False,Left Foot,Half Volley,Open Play,False,False,False,7,10,118.0,38.0,120.0,43.0,Off T,0.0070291637
1b4b8271-e325-48a3-b5aa-85d51833d98d,7568,3,773,Switzerland,5545,Breel-Donald Embolo,2,51,22,From Corner,111.0,39.0,9.055385138137417,0.11065722117389565,True,Head,Normal,Open Play,False,True,False,6,10,119.0,40.0,113.0,33.0,Wayward,0.06456128
255da85d-191a-4796-a6b2-b5a25935608e,7568,3,773,Switzerland,5545,Breel-Donald Embolo,2,51,56,From Corner,119.0,53.0,13.038404810405298,-1.4940244355251187,False,Right Foot,Normal,Open Play,False,False,False,3,8,119.0,45.0,119.0,36.4,Saved,0.016501574
a62f76e3-9f7f-409e-be98-b8645dcbfbd7,7568,3,795,Costa Rica,5599,David Alberto Guzmán Pérez,2,53,38,From Throw In,97.0,28.0,25.942243542145693,0.48088728019533583,False,Right Foot,Normal,Open Play,False,False,False,4,9,119.0,40.0,101.0,29.0,Blocked,0.026267286
621d8468-ec72-49e5-93c7-bace2f88720b,7568,3,795,Costa Rica,5836,Bryan Oviedo,2,53,51,From Throw In,109.0,29.0,15.556349186104045,0.7853981633974483,False,Left Foot,Overhead Kick,Open Play,False,False,False,4,8,119.0,39.0,120.0,38.3,Off T,0.07032609
a7359592-5d3e-420d-97b1-936b70f8038d,7568,3,795,Costa Rica,6328,Kendall Jamaal Waston Manley,2,55,25,From Corner,115.0,42.0,5.385164807134504,-0.3805063771123649,False,Head,Normal,Open Play,False,False,False,6,10,120.0,41.0,119.0,37.2,Goal,0.13123357
45272da1-2f56-43d5-b905-7976978c6ca7,7568,3,795,Costa Rica,5582,Celso Borges Mora,2,63,30,Regular Play,87.0,31.0,34.20526275297414,0.2662520491509254,False,Right Foot,Volley,Open Play,False,False,False,6,9,119.0,41.0,120.0,45.8,Off T,0.013605404
2736ccf6-c897-414f-957d-7d748240c6c2,7568,3,773,Switzerland,5835,Josip Drmic,2,70,47,Regular Play,96.0,32.0,25.298221281347036,0.3217505543966422,False,Left Foot,Normal,Open Play,False,False,False,3,9,119.0,40.0,99.0,32.0,Blocked,0.02795779
a37b3d39-7ec3-43da-9716-0ddc0f523286,7568,3,773,Switzerland,5835,Josip Drmic,2,77,14,Regular Play,112.0,41.0,8.06225774829855,-0.12435499454676144,False,Head,Normal,Open Play,False,False,False,2,9,118.0,41.0,120.0,44.2,Post,0.2170768
875bd484-f359-42b9-8e0a-73d24e1ec34c,7568,3,795,Costa Rica,5582,Celso Borges Mora,2,78,14,Regular Play,104.0,57.0,23.345235059857504,-0.8156919233162234,False,Right Foot,Normal,Open Play,False,False,False,5,7,118.0,44.0,118.0,38.9,Saved,0.036724538
728f3a2c-20ac-4e32-9f25-fe02dfb664b4,7568,3,773,Switzerland,5835,Josip Drmic,2,87,0,From Throw In,106.0,34.0,15.231546211727817,0.40489178628508343,False,Right Foot,Normal,Open Play,True,False,False,3,9,118.0,40.0,120.0,43.0,Goal,0.116093524
76fc70d6-ff96-4f63-a9fb-7f9fb628428d,7568,3,795,Costa Rica,5592,Bryan Ruiz González,2,92,52,Other,109.0,41.0,11.045361017187261,-0.09065988720074511,False,Left Foot,Normal,Penalty,False,False,False,0,1,120.0,42.0,120.0,43.2,Post,0.7835
abe22e6b-c7ec-477f-8176-3e7ad831a054,7530,3,771,France,3009,Kylian Mbappé Lottin,1,1,31,From Throw In,114.0,56.0,17.08800749063506,-1.2120256565243244,True,Left Foot,Normal,Open Play,False,False,False,3,6,119.0,45.0,120.0,44.0,Saved,0.011586021
cfa53c5f-5323-4612-b2f8-d46c3261a8ed,7530,3,771,France,20004,Paul Pogba,1,4,11,From Free Kick,94.0,28.0,28.635642126552707,0.43240777557053783,False,Right Foot,Normal,Free Kick,False,False,False,8,11,120.0,43.0,120.0,38.0,Saved,0.050655685
169e82bc-b619-43b1-8514-27e4e651b7c3,7530,3,771,France,5487,Antoine Griezmann,1,5,37,Regular Play,95.0,43.0,25.179356624028344,-0.11942892601833845,True,Right Foot,Half Volley,Open Play,True,False,False,5,9,120.0,43.0,120.0,43.6,Saved,0.054453943
b2507e24-17e5-43e5-a975-4c69a9e95a7d,7530,3,771,France,5487,Antoine Griezmann,1,7,47,From Free Kick,109.0,31.0,14.212670403551895,0.6857295109062863,False,Head,Normal,Open Play,False,False,False,6,11,120.0,43.0,110.0,35.0,Blocked,0.33887884
69c34801-4e16-4d97-9855-e8aa18c45d41,7530,3,792,Australia,5481,Mathew Leckie,1,11,50,From Free Kick,110.0,34.0,11.661903789690601,0.5404195002705842,True,Head,Normal,Open Play,False,True,False,6,10,119.0,38.0,120.0,35.4,Off T,0.06711661
1d6dd831-9def-4d85-87ca-ba68a72aebd6,7530,3,792,Australia,5481,Mathew Leckie,1,16,43,From Free Kick,105.0,32.0,17.0,0.4899573262537283,False,Head,Normal,Open Play,False,False,False,6,10,119.0,38.0,119.0,43.8,Saved,0.072877616
25c65b16-e1ed-41bc-8afe-2d74ed8e536d,7530,3,771,France,5484,Lucas Hernández Pi,1,32,34,Regular Play,109.0,26.0,17.804493814764857,0.9048270894157867,False,Left Foot,Normal,Open Play,False,False,False,3,8,120.0,39.0,113.0,41.0,Blocked,0.064092785
c34fb5b2-7c60-41ba-bad5-7db240151d0a,7530,3,792,Australia,5479,Aziz Eraltay Behich,1,44,52,From Keeper,101.0,21.0,26.870057685088806,0.7853981633974483,False,Right Foot,Normal,Open Play,True,False,False,6,10,119.0,37.0,120.0,45.0,Off T,0.012084869
ae063d62-ef0e-418c-b2c2-db594de6af00,7530,3,771,France,5487,Antoine Griezmann,2,57,9,Other,108.0,40.0,12.0,0.0,False,Left Foot,Normal,Penalty,False,False,False,0,0,,,119.0,43.8,Goal,0.7835
63ca7f45-80bc-41a9-9459-af368e35b984,7530,3,771,France,5487,Antoine Griezmann,2,58,24,Regular Play,104.0,37.0,16.278820596099706,0.18534794999569476,False,Left Foot,Normal,Open Play,True,False,False,4,8,119.0,39.0,114.0,44.0,Blocked,0.09026888
02c94365-18ab-47e1-8588-5149d6fabce7,7530,3,771,France,5487,Antoine Griezmann,2,58,26,Regular Play,104.0,43.0,16.278820596099706,-0.18534794999569476,True,Right Foot,Normal,Open Play,False,False,False,5,8,118.0,40.0,120.0,45.4,Off T,0.06915687
75d2d58d-3f72-4608-a865-27b3042504dd,7530,3,792,Australia,5489,Mile Jedinak,2,61,16,Other,109.0,41.0,11.045361017187261,-0.09065988720074511,False,Right Foot,Normal,Penalty,False,False,False,0,0,,,120.0,42.0,Goal,0.7835
1951b20e-f389-40ba-a1e8-70d04cc01a85,7530,3,771,France,5492,Samuel Yves Umtiti,2,68,26,Regular Play,86.0,30.0,35.4400902933387,0.2860514417173182,False,Left Foot,Normal,Open Play,False,False,False,8,11,119.0,39.0,94.0,30.0,Blocked,0.007040045
b8af79ee-3c2f-48e4-bda9-64439caa5171,7530,3,771,France,5476,Benjamin Pavard,2,71,56,From Corner,95.0,42.0,25.079872407968907,-0.07982998571223732,False,Right Foot,Normal,Open Play,True,False,False,8,11,119.0,40.0,120.0,42.0,Off T,0.030792372
21f1d3a4-7203-4d6a-bc90-2a9e865ff466,7530,3,771,France,5484,Lucas Hernández Pi,2,83,31,From Corner,100.0,31.0,21.93171219946131,0.4228539261329407,False,Right Foot,Normal,Open Play,True,False,False,7,11,112.0,38.0,120.0,39.7,Off T,0.05179903
2933445d-f0b8-4ddb-89a6-6febe9d646e5,7530,3,771,France,2948,Nabil Fekir,2,87,30,From Free Kick,100.0,63.0,30.479501308256342,-0.8550527371260165,False,Left Foot,Normal,Free Kick,False,False,False,7,11,119.0,39.0,108.0,56.0,Blocked,0.009332593
39364bc1-947c-407c-a5e6-9767ff762f10,7530,3,792,Australia,5482,Josh Risdon,2,93,56,From Throw In,97.0,47.0,24.041630560342615,-0.29544083714372,False,Left Foot,Normal,Open Play,True,False,False,7,10,119.0,41.0,107.0,45.0,Blocked,0.044451967
0983dd7b-bb58-441a-b646-0c098829724c,7558,3,783,Uruguay,5255,Matías Vecino Falero,1,1,4,From Goal Kick,87.0,30.0,34.48187929913333,0.2942345651111878,False,Right Foot,Normal,Open Play,False,False,False,6,10,118.0,40.0,120.0,34.6,Off T,0.012783561
143a05fe-97e2-4f67-b296-d075f82a029c,7558,3,783,Uruguay,5246,Luis Alberto Suárez Díaz,1,9,28,From Free Kick,101.0,36.0,19.4164878389476,0.20749622643520266,False,Right Foot,Normal,Free Kick,False,False,False,6,11,118.0,41.0,119.0,44.0,Goal,0.12156405
1d645894-9456-49bc-a5fc-c59dbd395c50,7558,3,796,Russia,5186,Denis Cheryshev,1,11,51,From Free Kick,103.0,32.0,18.788294228055936,0.4398425828157362,True,Right Foot,Normal,Open Play,True,False,False,1,7,117.0,40.0,116.0,39.3,Saved,0.08638874
401c4861-0d07-4aba-8d87-6f3fbea8458f,7558,3,783,Uruguay,5717,Diego Sebastián Laxalt Suárez,1,22,40,From Corner,96.0,24.0,28.844410203711913,0.5880026035475675,False,Left Foot,Normal,Open Play,False,False,False,7,11,119.0,39.0,100.0,27.0,Blocked,0.018971423
49f0bba5-386e-4512-a3a7-aec87f1144aa,7558,3,783,Uruguay,5260,Rodrigo Bentancur Colmán,1,27,45,Regular Play,111.0,45.0,10.295630140987,-0.507098504392337,False,Right Foot,Normal,Open Play,False,False,False,2,5,117.0,40.0,113.0,40.9,Saved,0.4325817
f6e36ebd-1f7d-40e1-b81f-1938c73045d1,7558,3,783,Uruguay,4319,Edinson Roberto Cavani Gómez,2,46,47,From Free Kick,94.0,45.0,26.476404589747453,-0.18998828791871572,False,Right Foot,Normal,Free Kick,False,False,False,7,10,120.0,41.0,105.0,47.0,Blocked,0.06387195
aa0d50ac-7170-420b-975d-fc55651ec705,7558,3,783,Uruguay,5260,Rodrigo Bentancur Colmán,2,58,19,Regular Play,111.0,57.0,19.235384061671343,-1.0838970949836275,False,Left Foot,Normal,Open Play,False,False,False,4,9,120.0,45.0,113.0,52.0,Blocked,0.012746202
59d0bec7-81c4-4cff-a8db-7398344f60bb,7558,3,783,Uruguay,5249,Diego Roberto Godín Leal,2,67,50,From Free Kick,59.0,32.0,61.5223536610881,0.1304033078891334,False,Right Foot,Volley,Open Play,True,False,False,8,10,119.0,42.0,120.0,46.0,Off T,0.0029846318
a4a3d2da-ba6b-4497-b9ed-53e7e756d489,7558,3,783,Uruguay,4319,Edinson Roberto Cavani Gómez,2,68,32,From Counter,105.0,33.0,16.55294535724685,0.43662715981354133,False,Right Foot,Normal,Open Play,False,False,False,3,7,120.0,41.0,120.0,48.7,Off T,0.11581932
04b5e10a-640f-45e8-937f-ef8e128b6045,7558,3,796,Russia,5171,Roman Zobnin,2,69,47,Regular Play,96.0,55.0,28.30194339616981,-0.5585993153435624,True,Right Foot,Normal,Open Play,False,False,False,4,9,118.0,41.0,98.0,56.0,Blocked,0.022801261
97bd6b17-500b-456d-aa22-571aedb53196,7558,3,796,Russia,5195,Artem Dzyuba,2,73,8,Regular Play,105.0,52.0,19.209372712298546,-0.6747409422235526,True,Left Foot,Normal,Open Play,False,False,False,3,6,117.0,41.0,120.0,33.7,Off T,0.07099453
09a2b1f1-3bad-4ef6-a080-99b94d046579,7558,3,783,Uruguay,5256,Cristian Gabriel Rodríguez Barrotti,2,81,54,From Goal Kick,94.0,25.0,30.01666203960727,0.5232783221319756,False,Left Foot,Normal,Open Play,False,False,False,4,8,120.0,41.0,119.0,38.0,Saved,0.024995795
4057ecdd-bfe2-490d-992e-3a2311ff9d0f,7558,3,783,Uruguay,5248,José Martín Cáceres Silva,2,83,23,From Corner,116.0,42.0,4.47213595499958,-0.4636476090008061,False,Head,Normal,Open Play,False,False,False,7,9,120.0,41.0,120.0,58.0,Wayward,0.25120863
e95a09c3-7227-4fac-8a77-998ec76c5236,7558,3,783,Uruguay,4319,Edinson Roberto Cavani Gómez,2,85,25,Regular Play,107.0,47.0,14.7648230602334,-0.49394136891958124,False,Left Foot,Normal,Open Play,False,False,False,4,8,120.0,42.0,108.0,47.0,Blocked,0.09139254
c70b94d4-bfe4-40c0-b82b-97af46c65d2f,7558,3,783,Uruguay,5256,Cristian Gabriel Rodríguez Barrotti,2,89,18,Regular Play,101.0,22.0,26.1725046566048,0.7583777142101835,True,Left Foot,Normal,Open Play,False,False,False,3,8,119.0,40.0,119.0,41.7,Saved,0.024050621
b42301a4-58d7-43b0-a19c-c6b302b3b6f2,7558,3,783,Uruguay,5249,Diego Roberto Godín Leal,2,89,47,From Corner,114.0,39.0,6.082762530298219,0.16514867741462683,True,Head,Normal,Open Play,False,True,False,4,10,120.0,41.0,120.0,37.6,Saved,0.20552692
f8b3650a-96aa-4ab3-b893-dc08d4f552d1,7558,3,783,Uruguay,4319,Edinson Roberto Cavani Gómez,2,89,48,From Corner,119.0,39.0,1.4142135623730951,0.7853981633974483,True,Left Foot,Volley,Open Play,True,False,False,4,9,120.0,39.0,120.0,37.2,Goal,0.7079995
6dbd4274-5cc8-45cf-8e47-6ba21af68549,7558,3,783,Uruguay,5258,Giorgian Daniel De Arrascaeta Benedetti,2,94,15,From Keeper,113.0,44.0,8.06225774829855,-0.5191461142465229,False,Left Foot,Normal,Open Play,True,False,False,2,8,119.0,42.0,117.0,14.0,Wayward,0.37006214
39684268-ca52-45ac-8193-5d0ea9481d72,7558,3,783,Uruguay,5266,Lucas Torreira Di Pascua,2,94,28,From Keeper,91.0,31.0,30.364452901377952,0.3009202343604251,False,Right Foot,Normal,Open Play,False,False,False,6,9,120.0,42.0,104.0,33.0,Blocked,0.026021946
47de3c3c-8b3a-4233-8381-f837dbf18896,7583,3,794,Mexico,5571,Hirving Rodrigo Lozano Bahena,1,1,42,Regular Play,111.0,52.0,15.0,-0.9272952180016122,False,Right Foot,Normal,Open Play,True,False,False,3,8,119.0,44.0,113.0,51.0,Blocked,0.05415287
f03d1384-962f-42ea-be90-dd41047788d0,7583,3,781,Brazil,4320,Neymar da Silva Santos Junior,1,4,47,Regular Play,96.0,43.0,24.186773244895647,-0.12435499454676144,False,Right Foot,Normal,Open Play,False,False,False,5,8,117.0,40.0,115.0,40.5,Saved,0.05178059
244a5675-53a5-42e0-bc7e-3f1f93ebb16b,7583,3,794,Mexico,5564,Carlos Joel Salcedo Hernández,1,8,37,From Corner,107.0,43.0,13.341664064126334,-0.22679884805388587,True,Head,Normal,Open Play,False,True,False,5,10,119.0,41.0,117.0,39.0,Wayward,0.054524276
59c45599-ca14-4c3d-8d76-6455c60fe0b9,7583,3,794,Mexico,5571,Hirving Rodrigo Lozano Bahena,1,17,26,Regular Play,111.0,58.0,20.12461179749811,-1.1071487177940904,False,Left Foot,Normal,Open Play,False,False,False,3,7,119.0,44.0,111.0,53.0,Blocked,0.013404567
f4d6e96d-f8c1-4686-b25d-55579b5ff9d9,7583,3,794,Mexico,5575,Héctor Miguel Herrera López,1,21,16,Regular Play,105.0,41.0,15.033296378372908,-0.06656816377582381,False,Left Foot,Normal,Open Play,False,False,False,3,9,119.0,41.0,105.0,41.0,Blocked,0.07629375
7f118e72-5569-4a41-b099-bb0c180c6749,7583,3,781,Brazil,4320,Neymar da Silva Santos Junior,1,24,26,From Goal Kick,116.0,30.0,10.770329614269007,1.1902899496825317,False,Right Foot,Normal,Open Play,False,False,False,4,8,118.0,34.0,117.0,40.5,Saved,0.08700961
cf5287d9-65f5-4bdc-b8dc-aeef1dc021d0,7583,3,781,Brazil,3202,Gabriel Fernando de Jesus,1,25,51,From Free Kick,112.0,48.0,11.313708498984761,-0.7853981633974483,True,Left Foot,Volley,Open Play,True,False,False,4,7,118.0,43.0,112.0,46.0,Blocked,0.1092268
e56ded09-3109-4f56-83f6-bcbd42f59f72,7583,3,781,Brazil,3501,Philippe Coutinho Correia,1,26,8,From Free Kick,102.0,30.0,20.591260281974,0.507098504392337,False,Right Foot,Normal,Open Play,True,False,False,6,9,118.0,38.0,120.0,46.5,Off T,0.047103178
e5c746b1-a2d0-4f5f-8c1d-3032afd68f91,7583,3,794,Mexico,5560,Carlos Alberto Vela Garrido,1,29,3,Regular Play,101.0,26.0,23.600847442411894,0.6350267353903137,True,Left Foot,Normal,Open Play,False,False,False,4,8,119.0,39.0,120.0,33.9,Off T,0.052823946
4765ddde-3383-4644-a973-71b76cdee0ef,7583,3,781,Brazil,3202,Gabriel Fernando de Jesus,1,32,24,Regular Play,111.0,30.0,13.45362404707371,0.83798122500839,False,Left Foot,Normal,Open Play,False,False,False,4,8,118.0,36.0,119.0,36.8,Saved,0.09010969
f7839b7f-48f7-489e-894e-8ae29099b534,7583,3,781,Brazil,3501,Philippe Coutinho Correia,1,32,26,Regular Play,115.0,32.0,9.433981132056603,1.0121970114513341,False,Left Foot,Half Volley,Open Play,True,False,False,4,8,118.0,36.0,117.0,40.0,Wayward,0.23268503
110e679b-d81b-47a5-bac6-088cb04395c6,7583,3,781,Brazil,3501,Philippe Coutinho Correia,1,33,45,From Throw In,100.0,31.0,21.93171219946131,0.4228539261329407,False,Left Foot,Normal,Open Play,False,False,False,4,9,118.0,39.0,104.0,30.0,Blocked,0.051265694
5e7b2723-9639-42aa-a106-4094e4980f94,7583,3,781,Brazil,3501,Philippe Coutinho Correia,1,37,36,Regular Play,93.0,31.0,28.460498941515414,0.3217505543966422,False,Right Foot,Normal,Open Play,False,False,False,5,7,118.0,40.0,104.0,34.0,Blocked,0.030468581
bb640744-cb0e-4372-b00c-27fd57ce7e3f,7583,3,781,Brazil,4320,Neymar da Silva Santos Junior,1,39,6,From Free Kick,90.0,27.0,32.69556544854363,0.4089078289509254,False,Right Foot,Normal,Free Kick,False,False,False,6,9,119.0,40.0,120.0,34.2,Off T,0.017940922
dab49c81-927a-4011-9326-b73d144d0bf2,7583,3,781,Brazil,3202,Gabriel Fernando de Jesus,2,46,11,Regular Play,102.0,48.0,19.697715603592208,-0.4182243295792291,True,Right Foot,Normal,Open Play,False,False,False,4,8,120.0,43.0,105.0,47.0,Blocked,0.039249714
0020ff8a-7628-496a-b7c6-7aaa366fbca2,7583,3,781,Brazil,3501,Philippe Coutinho Correia,2,47,39,From Corner,107.0,31.0,15.811388300841896,0.6055446636049701,False,Right Foot,Normal,Open Play,False,False,False,3,9,119.0,40.0,118.0,38.0,Saved,0.116319254
2ac42d4b-3970-423f-a7a1-f68937f082bd,7583,3,794,Mexico,5576,Jesús Daniel Gallardo Vasconcelos,2,49,33,Regular Play,95.0,33.0,25.96150997149434,0.2730087030867106,False,Left Foot,Normal,Open Play,False,False,False,3,6,117.0,39.0,120.0,34.6,Off T,0.03874606
012c64da-e066-46fc-ad7e-57b7349b5f31,7583,3,781,Brazil,4320,Neymar da Silva Santos Junior,2,50,18,Regular Play,119.0,43.0,3.1622776601683795,-1.2490457723982544,False,Right Foot,Normal,Open Play,True,False,True,5,8,118.0,37.0,120.0,40.1,Goal,0.9257403
cefa4792-7dce-4fc4-9122-f3848999aa5b,7583,3,794,Mexico,5563,José Andrés Guardado Hernández,2,51,48,Regular Play,92.0,33.0,28.861739379323623,0.24497866312686414,False,Left Foot,Normal,Open Play,False,False,False,3,6,116.0,39.0,98.0,32.0,Blocked,0.037245482
917d12d9-c694-4a0f-b217-b971870f1eba,7583,3,794,Mexico,5556,Miguel Arturo Layún Prado,2,53,2,From Corner,97.0,54.0,26.92582403567252,-0.5467888408892474,True,Right Foot,Normal,Open Play,False,False,False,5,11,117.0,42.0,101.0,52.0,Blocked,0.024707977
d168156c-971f-4819-95f2-def3acc76759,7583,3,781,Brazil,4320,Neymar da Silva Santos Junior,2,55,33,From Free Kick,99.0,54.0,25.238858928247925,-0.5880026035475675,False,Right Foot,Normal,Open Play,False,False,False,4,8,118.0,42.0,120.0,34.8,Off T,0.033213302
819ee548-9859-416a-95fa-d62d55ab76ed,7583,3,781,Brazil,5542,José Paulo Bezzera Maciel Júnior,2,58,41,Regular Play,107.0,43.0,13.341664064126334,-0.22679884805388587,False,Right Foot,Normal,Open Play,True,False,False,4,7,118.0,42.0,120.0,43.6,Saved,0.12308221
2fd51163-d2f0-4a6a-b5ef-c63912b11808,7583,3,794,Mexico,5571,Hirving Rodrigo Lozano Bahena,2,60,41,Regular Play,91.0,41.0,29.017236257093817,-0.034469100999508014,False,Right Foot,Normal,Open Play,False,False,False,2,6,116.0,40.0,98.0,42.0,Blocked,0.03328007
aa47194d-d256-419a-8a4f-c7c5257c1191,7583,3,794,Mexico,5560,Carlos Alberto Vela Garrido,2,60,43,From Counter,100.0,56.0,25.612496949731394,-0.6747409422235526,False,Left Foot,Normal,Open Play,False,False,False,2,6,117.0,41.0,120.0,41.1,Saved,0.038836006
751f4681-7d82-4517-b140-4b6410f16674,7583,3,781,Brazil,3472,Willian Borges da Silva,2,62,59,Regular Play,106.0,54.0,19.79898987322333,-0.7853981633974483,True,Right Foot,Normal,Open Play,False,False,False,3,8,117.0,43.0,118.0,41.3,Saved,0.026730016
2426ecf2-c814-459f-bcac-0329077e0924,7583,3,781,Brazil,4320,Neymar da Silva Santos Junior,2,67,37,Regular Play,104.0,40.0,16.0,0.0,False,Left Foot,Normal,Open Play,False,False,False,3,7,118.0,41.0,120.0,35.0,Off T,0.10312629
8229c1e3-2160-424a-b146-4250834b7cb4,7583,3,794,Mexico,5563,José Andrés Guardado Hernández,2,69,13,From Goal Kick,93.0,41.0,27.018512172212592,-0.037020115873930025,False,Left Foot,Normal,Open Play,True,False,False,5,11,117.0,40.0,105.0,40.0,Blocked,0.030940883
30215994-9175-437a-acbe-00533f107147,7583,3,781,Brazil,3472,Willian Borges da Silva,2,74,46,Regular Play,97.0,55.0,27.459060435491963,-0.5779019369622457,False,Left Foot,Normal,Open Play,False,False,False,6,8,117.0,43.0,119.0,42.8,Saved,0.025631027
0b03e4ab-6029-421a-a0ad-4b08023d533b,7583,3,794,Mexico,5561,Hugo Ayala Castro,2,86,6,From Corner,109.0,29.0,15.556349186104045,0.7853981633974483,False,Right Foot,Overhead Kick,Open Play,True,False,False,6,11,118.0,39.0,118.0,47.0,Wayward,0.04604762
33187f8d-ec90-49f2-8724-8c1ec7329d7d,7583,3,781,Brazil,4320,Neymar da Silva Santos Junior,2,87,54,From Counter,112.0,33.0,10.63014581273465,0.7188299996216245,True,Right Foot,Normal,Open Play,False,False,False,2,6,117.0,37.0,115.0,39.5,Saved,0.28769356
d8c52850-e0eb-4f29-87a6-7392fd7945d7,7583,3,781,Brazil,3535,Roberto Firmino Barbosa de Oliveira,2,87,55,From Counter,119.0,43.0,3.1622776601683795,-1.2490457723982544,False,Right Foot,Normal,Open Play,True,False,True,2,6,115.0,37.0,120.0,40.3,Goal,0.9220455
66c78237-0530-45eb-89a7-e6c066c40a8b,7583,3,794,Mexico,5571,Hirving Rodrigo Lozano Bahena,2,91,30,Regular Play,111.0,59.0,21.02379604162864,-1.1284221038181517,False,Right Foot,Normal,Open Play,False,False,False,1,6,118.0,42.0,120.0,45.2,Off T,0.013872243
e4cd0dac-64f1-4c2b-b335-1d5afd6981bf,7583,3,794,Mexico,5568,Raúl Alonso Jiménez Rodríguez,2,94,46,From Counter,105.0,52.0,19.209372712298546,-0.6747409422235526,False,Right Foot,Normal,Open Play,False,False,False,4,9,117.0,42.0,112.0,49.0,Blocked,0.06792407
1e420eaf-ce8e-45c7-9600-69137a03c1df,7547,3,776,Denmark,5527,Thomas Delaney,1,1,41,From Corner,114.0,38.0,6.324555320336759,0.3217505543966422,True,Head,Normal,Open Play,False,True,False,4,9,119.0,40.0,120.0,33.5,Off T,0.19775419
b787a01c-fc4f-4fea-8776-5a5c8202fa73,7547,3,792,Australia,5491,Tom Rogić,1,4,12,Regular Play,101.0,53.0,23.021728866442675,-0.6000502134017536,True,Left Foot,Normal,Open Play,False,False,False,3,8,119.0,41.0,102.0,53.0,Blocked,0.024034739
094c22e9-b3c2-4058-b880-c4a79831ab47,7547,3,792,Australia,5481,Mathew Leckie,1,4,48,From Corner,113.0,42.0,7.280109889280518,-0.27829965900511133,False,Head,Normal,Open Play,False,False,False,6,9,120.0,42.0,120.0,40.5,Off T,0.13728113
0db5a3b0-d3e2-4597-ab7e-8aa5ba9c9235,7547,3,776,Denmark,3043,Christian Dannemann Eriksen,1,6,7,From Throw In,104.0,39.0,16.0312195418814,0.06241880999595735,False,Left Foot,Normal,Open Play,True,False,False,3,7,118.0,38.0,120.0,37.8,Goal,0.1393918
a69038bb-35d1-4919-abdd-cb51e6538b3c,7547,3,776,Denmark,5516,Pione Sisto Ifolo Emirmija,1,21,22,Regular Play,88.0,38.0,32.0624390837628,0.06241880999595735,False,Left Foot,Normal,Open Play,False,False,False,5,9,118.0,40.0,118.0,38.9,Saved,0.026401442
0bf9b858-6629-494b-ae4d-2b730fa2fb2f,7547,3,792,Australia,5491,Tom Rogić,1,22,26,From Free Kick,93.0,33.0,27.892651361962706,0.2536740961386427,False,Left Foot,Normal,Open Play,False,False,False,5,10,120.0,41.0,120.0,46.1,Off T,0.029915893
f0a1bf7d-480c-4701-8bc5-c437d75153b6,7547,3,776,Denmark,5522,Nicolai Jørgensen,1,23,37,From Goal Kick,113.0,42.0,7.280109889280518,-0.27829965900511133,False,Head,Normal,Open Play,False,False,False,4,7,118.0,40.0,120.0,46.1,Off T,0.22533564
964ba75c-308b-43c7-a5ad-2512e379dde0,7547,3,792,Australia,5494,Robbie Kruse,1,29,54,Regular Play,111.0,44.0,9.848857801796104,-0.4182243295792291,False,Right Foot,Normal,Open Play,False,False,False,3,9,119.0,42.0,112.0,43.0,Blocked,0.09697945
40daeeb8-df4f-4ba7-b8d2-a6f61695895f,7547,3,792,Australia,3281,Aaron Mooy,1,29,56,Regular Play,92.0,40.0,28.0,0.0,False,Left Foot,Volley,Open Play,False,False,False,6,10,120.0,41.0,100.0,41.0,Blocked,0.02370917
42ae7b14-25b6-447f-8d6d-532765b7276d,7547,3,792,Australia,5481,Mathew Leckie,1,35,15,From Corner,110.0,41.0,10.04987562112089,-0.09966865249116202,True,Head,Normal,Open Play,False,True,False,6,11,120.0,42.0,111.0,39.0,Blocked,0.06497701
18e9cb17-464e-4e41-8938-8319f4988921,7547,3,792,Australia,5489,Mile Jedinak,1,37,56,Other,109.0,41.0,11.045361017187261,-0.09065988720074511,False,Right Foot,Normal,Penalty,False,False,False,0,0,,,120.0,42.4,Goal,0.7835
c7b12a69-ccc6-4d99-b830-24d0d5e9bd32,7547,3,776,Denmark,5524,Jens Stryger Larsen,1,42,5,From Throw In,108.0,32.0,14.422205101855956,0.5880026035475675,True,Head,Normal,Open Play,False,True,False,6,10,119.0,38.0,119.0,41.5,Saved,0.085312515
955ea045-158a-405d-aa67-8628822f6c85,7547,3,776,Denmark,5516,Pione Sisto Ifolo Emirmija,2,50,46,Regular Play,107.0,40.0,13.0,0.0,False,Right Foot,Normal,Open Play,True,False,False,3,7,119.0,43.0,109.0,39.0,Blocked,0.09409239
034c3613-793f-4599-bcbf-84520fdca90e,7547,3,792,Australia,3281,Aaron Mooy,2,70,16,Regular Play,94.0,26.0,29.5296461204668,0.49394136891958124,True,Right Foot,Normal,Open Play,False,False,False,5,10,118.0,40.0,120.0,43.4,Off T,0.021356815
1d53caf7-d478-4c60-8b31-7059c3656b70,7547,3,792,Australia,5491,Tom Rogić,2,71,27,From Counter,94.0,47.0,26.92582403567252,-0.2629947316809195,True,Left Foot,Normal,Open Play,False,False,False,4,8,118.0,40.0,120.0,37.6,Saved,0.03067614
c9155827-e78a-4988-a691-d75d9bbb8f74,7547,3,776,Denmark,5516,Pione Sisto Ifolo Emirmija,2,71,49,Regular Play,96.0,27.0,27.294688127912362,0.4964227534048819,True,Right Foot,Normal,Open Play,False,False,False,3,7,120.0,40.0,120.0,45.2,Off T,0.024973137
41d77bc6-090b-469e-b887-c2aca3854b7f,7547,3,792,Australia,5481,Mathew Leckie,2,75,11,Regular Play,104.0,59.0,24.839484696748443,-0.870903457075653,True,Left Foot,Normal,Open Play,False,False,False,5,10,118.0,41.0,105.0,36.6,Saved,0.008275843
696dfceb-3a36-4b24-a08e-563f93a3b12e,7547,3,792,Australia,5481,Mathew Leckie,2,78,46,Regular Play,108.0,42.0,12.165525060596439,-0.16514867741462683,False,Other,Normal,Open Play,False,False,False,5,10,118.0,39.0,120.0,55.0,Wayward,0.10484656
afca732f-53cb-4fe5-960d-811bc08d3c99,7547,3,776,Denmark,5732,Andreas Evald Cornelius,2,82,14,From Throw In,106.0,34.0,15.231546211727817,0.40489178628508343,True,Other,Normal,Open Play,False,True,False,3,8,120.0,41.0,116.0,38.3,Saved,0.14601058
e2c0001f-9c7a-43a1-b553-92deed66b573,7547,3,792,Australia,5483,Daniel Arzani,2,87,44,Regular Play,114.0,24.0,17.08800749063506,1.2120256565243244,False,Right Foot,Normal,Open Play,False,False,False,3,7,119.0,35.0,119.0,37.2,Saved,0.011980171
86008fc1-6faa-4504-8e3e-51ae3c2d1dda,7547,3,792,Australia,5481,Mathew Leckie,2,87,53,Regular Play,107.0,37.0,13.341664064126334,0.22679884805388587,False,Left Foot,Normal,Open Play,True,False,False,3,9,119.0,38.0,120.0,36.8,Saved,0.07465897
e88861ed-3374-47f9-9465-54c9f606644a,7547,3,776,Denmark,3043,Christian Dannemann Eriksen,2,89,45,Regular Play,97.0,47.0,24.041630560342615,-0.29544083714372,False,Right Foot,Volley,Open Play,True,False,False,5,8,118.0,43.0,120.0,33.7,Off T,0.033656128
84a95159-eedd-406f-b4d2-924b05f61be1,7547,3,776,Denmark,4447,Martin Braithwaite Christensen,2,91,52,From Corner,105.0,29.0,18.601075237738275,0.6327488350021832,True,Left Foot,Normal,Open Play,False,False,False,4,10,120.0,40.0,118.0,41.3,Saved,0.041516952
e42d3f49-4889-481a-9f53-5acbf12b12b4,7535,3,786,Serbia,4269,Aleksandar Mitrović,1,0,58,From Corner,112.0,42.0,8.246211251235321,-0.24497866312686414,False,Head,Normal,Open Play,False,False,False,4,8,119.0,41.0,114.0,40.0,Blocked,0.07133871
e22b3546-b998-4898-b259-14cd8fb7adac,7535,3,795,Costa Rica,5586,Marcos Danilo Ureña Porras,1,1,39,Regular Play,119.0,52.0,12.041594578792296,-1.4876550949064553,False,Right Foot,Normal,Open Play,False,False,False,1,6,119.0,49.0,118.0,36.6,Saved,0.016208809
7c4cb40b-2e00-4103-b053-904722372205,7535,3,795,Costa Rica,5584,Giancarlo González Castro,1,2,24,From Corner,112.0,45.0,9.433981132056603,-0.5585993153435624,False,Head,Normal,Open Play,False,False,False,3,9,120.0,42.0,120.0,40.9,Saved,0.12289206
6704af0b-d130-437c-bb45-202f5ed7d47a,7535,3,786,Serbia,5596,Aleksandar Kolarov,1,6,47,Regular Play,93.0,20.0,33.60059523282288,0.6375487981386927,False,Left Foot,Normal,Open Play,False,False,False,3,9,118.0,38.0,120.0,47.5,Off T,0.007944309
e4aa3189-f51d-4ad8-a322-4d33a5197eb6,7535,3,795,Costa Rica,5584,Giancarlo González Castro,1,11,18,From Corner,116.0,48.0,8.94427190999916,-1.1071487177940904,False,Head,Normal,Open Play,False,False,False,5,10,118.0,45.0,120.0,41.7,Off T,0.08181386
d76a908e-6b71-4bc6-87f2-83c390282e77,7535,3,786,Serbia,4269,Aleksandar Mitrović,1,12,37,From Throw In,104.0,53.0,20.615528128088304,-0.6823165548747481,False,Right Foot,Normal,Open Play,False,False,False,2,8,116.0,42.0,106.0,50.0,Blocked,0.07326472
1d49e33c-8fac-4115-8424-35b942a98c40,7535,3,786,Serbia,4269,Aleksandar Mitrović,1,15,38,Regular Play,116.0,32.0,8.94427190999916,1.1071487177940904,False,Head,Normal,Open Play,False,False,False,2,7,119.0,38.0,108.0,33.0,Wayward,0.08929103
7762f5f9-2dcc-49ae-937b-6aefb6225242,7535,3,795,Costa Rica,5586,Marcos Danilo Ureña Porras,1,38,22,From Throw In,96.0,42.0,24.08318915758459,-0.08314123188844123,False,Left Foot,Normal,Open Play,False,False,False,4,9,119.0,41.0,120.0,35.8,Off T,0.050922204
c8be9382-f678-44cc-8093-df50cb0a4180,7535,3,795,Costa Rica,5600,Francisco Javier Calvo Quesada,1,41,37,From Throw In,101.0,29.0,21.95449840010015,0.5247957716501074,False,Right Foot,Normal,Open Play,False,False,False,5,10,120.0,40.0,120.0,35.2,Off T,0.056129273
9720f81b-fc00-44f7-90a3-49a7fac3253a,7535,3,786,Serbia,4269,Aleksandar Mitrović,2,49,49,Regular Play,109.0,39.0,11.045361017187261,0.09065988720074511,False,Right Foot,Normal,Open Play,False,False,False,1,7,114.0,40.0,112.0,42.0,Saved,0.37645623
77964b67-7753-4181-b400-f213fd5aed5f,7535,3,786,Serbia,4269,Aleksandar Mitrović,2,53,55,From Corner,114.0,41.0,6.082762530298219,-0.16514867741462683,False,Head,Normal,Open Play,False,False,False,4,8,120.0,42.0,120.0,31.7,Off T,0.18045738
bc62b30e-b1df-4aea-9272-a90778304b14,7535,3,786,Serbia,5596,Aleksandar Kolarov,2,55,59,From Free Kick,94.0,59.0,32.202484376209235,-0.6310793874713293,False,Left Foot,Normal,Free Kick,False,False,False,7,10,119.0,41.0,120.0,44.0,Goal,0.009479726
c0d599af-1d3a-43a2-ae3d-361ca21441cb,7535,3,786,Serbia,5589,Sergej Milinković-Savić,2,65,42,From Throw In,109.0,45.0,12.083045973594572,-0.4266274931268761,False,Head,Normal,Open Play,False,False,False,3,8,120.0,43.0,120.0,33.1,Off T,0.14211334
e1faf8c1-ac43-4455-a939-8ba0eed4e87d,7535,3,786,Serbia,5589,Sergej Milinković-Savić,2,74,59,Regular Play,94.0,37.0,26.1725046566048,0.11487660541689913,False,Right Foot,Normal,Open Play,False,False,False,3,8,119.0,41.0,120.0,45.6,Off T,0.040321272
7f0ffb52-d807-4576-bcf0-a2ee17ff0cf7,7535,3,786,Serbia,5591,Filip Kostić,2,75,45,Regular Play,118.0,42.0,2.8284271247461903,-0.7853981633974483,False,Right Foot,Normal,Open Play,True,False,True,3,7,118.0,45.0,112.0,45.0,Wayward,0.89477885
ca2e48e6-f6f0-42d1-ac6a-19d4db15cb15,7535,3,786,Serbia,3381,Nemanja Matić,2,76,12,Regular Play,100.0,36.0,20.396078054371138,0.19739555984988075,False,Left Foot,Normal,Open Play,False,False,False,5,9,119.0,40.0,102.0,37.0,Blocked,0.07834383
504c9a84-bf64-42e9-8a3f-77d3f54db9ea,7535,3,795,Costa Rica,5581,Joel Nathaniel Campbell Samuels,2,78,26,Regular Play,102.0,57.0,24.758836806279895,-0.7568345055586884,False,Left Foot,Normal,Open Play,False,False,False,5,10,117.0,41.0,104.0,54.0,Blocked,0.02729148
d0f6f7ec-e5d0-4315-8568-53d78c36d50f,7535,3,795,Costa Rica,5582,Celso Borges Mora,2,78,32,Regular Play,100.0,43.0,20.223748416156685,-0.14888994760949725,False,Right Foot,Normal,Open Play,False,False,False,5,10,116.0,40.0,104.0,44.0,Blocked,0.068592064
5fffe9bf-6179-4fc6-80d5-e3be448ab661,7535,3,786,Serbia,5591,Filip Kostić,2,89,47,From Throw In,101.0,30.0,21.470910553583888,0.4844779290370232,True,Left Foot,Normal,Open Play,False,False,False,4,7,119.0,39.0,120.0,39.7,Off T,0.028779607
476053e9-f660-4480-87bb-2193619f1090,7535,3,795,Costa Rica,5602,Cristian Gamboa Luna,2,90,42,From Free Kick,79.0,33.0,41.593268686170845,0.16910122600137703,False,Right Foot,Normal,Open Play,False,False,False,9,11,119.0,40.0,119.0,40.7,Saved,0.0066172387
f349a5a9-8416-46dc-a3b9-926fe7ee2dd8,7535,3,795,Costa Rica,5598,Óscar Esau Duarte Gaitán,2,92,18,From Corner,112.0,31.0,12.041594578792296,0.844153986113171,False,Head,Normal,Open Play,False,False,False,6,10,119.0,39.0,112.0,34.0,Blocked,0.059850305
e66ef073-e09e-4dc0-a08f-2e2170920065,7535,3,795,Costa Rica,5592,Bryan Ruiz González,2,94,39,Regular Play,106.0,42.0,14.142135623730951,-0.14189705460416394,False,Left Foot,Half Volley,Open Play,False,False,False,5,9,119.0,39.0,107.0,41.0,Blocked,0.10570443
a772ff3f-dfc4-48ed-9e71-a2cf8fc6bbb2,8649,3,783,Uruguay,6351,Cristhian Ricardo Stuani Curbelo,1,4,53,From Free Kick,112.0,56.0,17.88854381999832,-1.1071487177940904,False,Right Foot,Normal,Open Play,False,False,False,3,8,119.0,44.0,117.0,4.0,Wayward,0.013982514
1154abaf-1d91-4aa2-8ece-b705baf50a1e,8649,3,771,France,5484,Lucas Hernández Pi,1,6,1,Regular Play,91.0,22.0,34.132096331752024,0.5554937352655436,True,Left Foot,Normal,Open Play,False,False,False,5,9,118.0,40.0,108.0,39.0,Wayward,0.0074050077
9234bd4c-7613-4c25-95fa-b67b0e37751d,8649,3,771,France,5485,Raphaël Varane,1,10,13,From Free Kick,112.0,48.0,11.313708498984761,-0.7853981633974483,True,Head,Normal,Open Play,False,True,False,6,11,118.0,42.0,120.0,47.9,Off T,0.052411623
69e2df21-5658-405e-baf6-648293809d07,8649,3,771,France,3961,N'Golo Kanté,1,11,41,From Free Kick,96.0,45.0,24.515301344262525,-0.20539538918976738,True,Right Foot,Normal,Open Play,False,False,False,4,9,118.0,42.0,97.0,45.0,Blocked,0.035039734
ce4057cc-8cd6-459a-bdcc-1a743872152e,8649,3,783,Uruguay,5259,José María Giménez de Vargas,1,13,22,From Corner,109.0,32.0,13.601470508735444,0.628796286415433,False,Head,Normal,Open Play,False,False,False,7,11,119.0,40.0,117.0,37.2,Saved,0.07621632
a4f039f4-1c3f-4c7c-8615-80b46753adda,8649,3,771,France,3009,Kylian Mbappé Lottin,1,14,49,Regular Play,115.0,48.0,9.433981132056603,-1.0121970114513341,False,Head,Lob,Open Play,False,False,False,6,9,118.0,44.0,120.0,39.3,Off T,0.15214236
e373cf4b-ff48-4cd0-87d7-957189df85a3,8649,3,771,France,20004,Paul Pogba,1,18,6,From Throw In,84.0,45.0,36.345563690772494,-0.13800602365751946,True,Right Foot,Normal,Open Play,False,False,False,7,10,118.0,41.0,120.0,47.1,Off T,0.006310853
8bba660e-f2c8-45ec-a4e3-1ec84539d233,8649,3,783,Uruguay,5255,Matías Vecino Falero,1,34,59,Regular Play,108.0,50.0,15.620499351813308,-0.6947382761967031,False,Right Foot,Half Volley,Open Play,False,False,False,5,8,118.0,41.0,118.0,43.6,Saved,0.16249157
1c11c033-4598-4ef9-a7e2-797bfb0eac43,8649,3,771,France,5485,Raphaël Varane,1,39,29,From Free Kick,109.0,44.0,11.704699910719626,-0.348771003583907,False,Head,Normal,Open Play,False,False,False,6,11,119.0,40.0,120.0,36.6,Goal,0.13011009
0e9fdbf8-3466-43fb-8c45-3357b964102f,8649,3,783,Uruguay,5247,Nahitan Michel Nández Acosta,1,41,41,From Corner,89.0,30.0,32.57299494980466,0.3120421215625333,False,Left Foot,Half Volley,Open Play,False,False,False,7,11,119.0,39.0,118.0,41.5,Saved,0.015601887
77923fc7-b72f-4dd5-bccf-761beadfcc15,8649,3,783,Uruguay,5248,José Martín Cáceres Silva,1,43,5,From Free Kick,108.0,38.0,12.165525060596439,0.16514867741462683,True,Head,Normal,Open Play,False,True,False,6,10,119.0,39.0,118.0,36.2,Saved,0.07886938
c593db5f-e8f8-4906-8384-d580ad3846e9,8649,3,783,Uruguay,5249,Diego Roberto Godín Leal,1,43,7,From Free Kick,118.0,34.0,6.324555320336759,1.2490457723982544,False,Left Foot,Half Volley,Open Play,False,False,False,5,8,119.0,37.0,120.0,35.4,Off T,0.20940804
cce24112-fea1-43de-a93a-575b38444ee3,8649,3,771,France,5476,Benjamin Pavard,2,52,28,From Corner,86.0,51.0,35.73513677041127,-0.3129012278803845,True,Right Foot,Volley,Open Play,True,False,False,8,11,117.0,40.0,120.0,47.3,Off T,0.006393214
d835b103-fc7d-49b2-af3f-3675e4e0a5e2,8649,3,783,Uruguay,5260,Rodrigo Bentancur Colmán,2,55,9,Regular Play,101.0,54.0,23.600847442411894,-0.6350267353903137,False,Left Foot,Normal,Open Play,False,False,False,5,8,119.0,43.0,120.0,33.9,Off T,0.030082064
ad83374b-577e-4115-b67b-be83da29a794,8649,3,783,Uruguay,5248,José Martín Cáceres Silva,2,58,3,From Throw In,104.0,62.0,27.202941017470888,-0.9420000403794636,False,Right Foot,Half Volley,Open Play,False,False,False,8,11,119.0,43.0,120.0,33.9,Off T,0.007943283
8ff0b062-fcae-4716-83aa-49bb2cd331aa,8649,3,771,France,5487,Antoine Griezmann,2,60,46,Regular Play,97.0,21.0,29.832867780352597,0.690446457054692,False,Left Foot,Normal,Open Play,False,False,False,4,8,117.0,37.0,120.0,40.9,Goal,0.009682582
b010d1a4-081b-4b8c-aaed-983178192653,8649,3,783,Uruguay,5256,Cristian Gabriel Rodríguez Barrotti,2,63,15,From Corner,96.0,34.0,24.73863375370596,0.24497866312686414,True,Left Foot,Volley,Open Play,False,False,False,7,10,119.0,41.0,108.0,39.0,Blocked,0.032165024
3e072384-50a9-4446-8ef1-6172c388c91e,8649,3,783,Uruguay,5256,Cristian Gabriel Rodríguez Barrotti,2,63,17,From Corner,99.0,35.0,21.587033144922902,0.23374318086890142,False,Left Foot,Normal,Open Play,True,False,False,7,10,120.0,42.0,120.0,34.8,Off T,0.066435196
4d51029d-d53e-4524-a90b-08e1897abec8,8649,3,771,France,5480,Corentin Tolisso,2,72,17,Regular Play,99.0,32.0,22.47220505424423,0.36397895650964407,False,Right Foot,Normal,Open Play,False,False,False,6,10,117.0,39.0,120.0,44.4,Off T,0.06060878
45c70d8d-6d52-4986-9c74-302307ed23bb,8649,3,771,France,3604,Olivier Giroud,2,75,31,Regular Play,102.0,52.0,21.633307652783937,-0.5880026035475675,False,Left Foot,Half Volley,Open Play,True,False,False,5,9,117.0,40.0,120.0,34.8,Off T,0.046135314
521e99de-5f55-4aee-b8ae-163839d7f268,8649,3,771,France,5487,Antoine Griezmann,2,88,37,From Free Kick,90.0,44.0,30.265491900843113,-0.13255153229667402,False,Left Foot,Normal,Free Kick,False,False,False,4,11,119.0,40.0,120.0,39.9,Off T,0.0325434
0ef27014-a826-45ef-81e3-71857c9bbc12,8658,3,785,Croatia,5468,Domagoj Vida,1,20,51,From Free Kick,112.0,49.0,12.041594578792296,-0.844153986113171,False,Head,Normal,Open Play,False,False,False,5,11,120.0,42.0,119.0,36.6,Off T,0.12795697
1814c94d-845d-43a6-be00-ccd67bcb403b,8658,3,785,Croatia,5470,Ivan Rakitić,1,23,34,From Free Kick,108.0,29.0,16.278820596099706,0.7419472680059175,False,Left Foot,Volley,Open Play,False,False,False,1,5,120.0,40.0,120.0,47.5,Off T,0.06950906
d3dd1458-33f9-4810-aaf5-3bca48c7897d,8658,3,785,Croatia,5474,Ivan Perišić,1,27,53,From Free Kick,105.0,32.0,17.0,0.4899573262537283,False,Left Foot,Half Volley,Open Play,False,False,False,3,10,120.0,40.0,120.0,43.6,Goal,0.08394905
864ce121-d6ff-4c6e-b1f9-73f51c8c48bc,8658,3,771,France,5487,Antoine Griezmann,1,37,56,Other,108.0,40.0,12.0,0.0,False,Left Foot,Normal,Penalty,False,False,False,0,0,,,120.0,37.6,Goal,0.7835
a49c24e3-0049-453e-9263-611e3add58af,8658,3,785,Croatia,5465,Ante Rebić,1,39,25,Regular Play,108.0,41.0,12.041594578792296,-0.08314123188844123,False,Left Foot,Half Volley,Open Play,False,False,False,3,6,120.0,41.0,116.0,41.0,Wayward,0.10217809
6eacb342-7b56-4445-9196-7ffd1077593f,8658,3,785,Croatia,5474,Ivan Perišić,1,42,47,From Free Kick,117.0,34.0,6.708203932499369,1.1071487177940904,True,Head,Normal,Open Play,False,True,False,4,8,120.0,39.0,115.0,35.0,Blocked,0.11224287
b0bf20c4-f909-4385-80f3-86fbcb43d7dc,8658,3,785,Croatia,3471,Dejan Lovren,1,42,50,From Free Kick,113.0,26.0,15.652475842498529,1.1071487177940904,False,Right Foot,Half Volley,Open Play,True,False,False,5,8,119.0,39.0,113.0,29.0,Blocked,0.046404753
6a35cfba-3fb3-4bfa-9dd5-505dbd987f3d,8658,3,785,Croatia,5468,Domagoj Vida,1,45,17,From Corner,115.0,40.0,5.0,0.0,False,Head,Normal,Open Play,False,False,False,5,10,120.0,41.0,120.0,46.9,Off T,0.14083989
57a6526e-9652-4195-8151-674c888e04d3,8658,3,771,France,5487,Antoine Griezmann,2,46,10,From Keeper,95.0,45.0,25.495097567963924,-0.19739555984988075,False,Left Foot,Normal,Open Play,True,False,False,3,7,120.0,41.0,119.0,38.9,Saved,0.03339769
41bdee9c-1f32-4ec1-b260-b77dcbe586c0,8658,3,785,Croatia,5465,Ante Rebić,2,47,2,Regular Play,108.0,26.0,18.439088914585774,0.8621700546672264,False,Left Foot,Normal,Open Play,False,False,False,3,6,118.0,37.0,119.0,38.9,Saved,0.07285214
3f0068a5-59cd-4f1e-8182-601cd8d08434,8658,3,785,Croatia,3471,Dejan Lovren,2,47,32,From Corner,110.0,33.0,12.206555615733702,0.6107259643892086,True,Head,Normal,Open Play,False,True,False,5,10,119.0,39.0,116.0,45.0,Wayward,0.055352274
561e8179-91f3-4bd1-b55f-9edad6d0feea,8658,3,785,Croatia,5461,Šime Vrsaljko,2,49,34,From Corner,91.0,48.0,30.083217912982647,-0.26916749278570046,False,Right Foot,Volley,Open Play,False,False,False,7,11,119.0,41.0,120.0,33.3,Off T,0.017269997
aa64cb60-6e81-4def-8972-1d013adf5091,8658,3,771,France,3009,Kylian Mbappé Lottin,2,51,35,Regular Play,115.0,55.0,15.811388300841896,-1.2490457723982544,False,Right Foot,Normal,Open Play,False,False,False,1,4,117.0,52.0,118.0,39.9,Saved,0.01856424
22024b1a-a3c4-49e9-a004-dbd45e451b31,8658,3,771,France,20004,Paul Pogba,2,58,32,From Throw In,99.0,41.0,21.02379604162864,-0.047583103276983396,False,Right Foot,Normal,Open Play,True,False,False,4,8,120.0,41.0,107.0,39.0,Blocked,0.052249614
8b8479e0-b82d-47d4-bc24-f80ff589dbe6,8658,3,771,France,20004,Paul Pogba,2,58,33,From Throw In,102.0,39.0,18.027756377319946,0.05549850524571683,False,Left Foot,Normal,Open Play,True,False,False,4,8,120.0,41.0,120.0,37.6,Goal,0.08626537
8801eb6a-4e81-46c2-bba7-937c24784821,8658,3,771,France,3604,Olivier Giroud,2,60,46,Regular Play,112.0,29.0,13.601470508735444,0.9420000403794636,False,Left Foot,Overhead Kick,Open Play,True,False,False,2,5,120.0,40.0,114.0,40.0,Wayward,0.06951273
c75f59a1-19dd-4e33-837e-58be983171f8,8658,3,785,Croatia,5465,Ante Rebić,2,63,52,Regular Play,96.0,29.0,26.40075756488817,0.4297622790966885,False,Right Foot,Normal,Open Play,False,False,False,5,9,118.0,38.0,100.0,29.0,Blocked,0.034007873
8b3b883a-7cca-4677-bfde-e4f9c3ce8aac,8658,3,771,France,3009,Kylian Mbappé Lottin,2,64,36,Regular Play,94.0,40.0,26.0,0.0,False,Right Foot,Normal,Open Play,False,False,False,3,7,119.0,41.0,120.0,37.0,Goal,0.04485787
7906899a-fd84-4697-af0d-dc9903b4f5e0,8658,3,785,Croatia,5472,Mario Mandžukić,2,68,8,Regular Play,114.0,43.0,6.708203932499369,-0.4636476090008061,False,Right Foot,Normal,Open Play,True,False,False,2,4,115.0,42.0,120.0,36.6,Goal,0.5631902
731384e2-aff0-4d92-9a42-6736e2f4b2d4,8658,3,785,Croatia,5461,Šime Vrsaljko,2,75,1,Regular Play,78.0,40.0,42.0,0.0,False,Right Foot,Normal,Open Play,False,False,False,5,11,119.0,40.0,119.0,32.7,Off T,0.0050148317
eb933287-d21d-464b-bb14-be48abca6bbe,8658,3,785,Croatia,5470,Ivan Rakitić,2,77,13,From Throw In,101.0,30.0,21.470910553583888,0.4844779290370232,True,Left Foot,Normal,Open Play,False,False,False,5,10,118.0,39.0,107.0,34.0,Blocked,0.042465996
a6231197-e455-4a30-b456-959e01ee8ba9,8658,3,771,France,2948,Nabil Fekir,2,86,25,From Free Kick,98.0,61.0,30.4138126514911,-0.7621465405869854,True,Left Foot,Normal,Open Play,False,False,False,3,9,120.0,42.0,117.0,37.4,Saved,0.009616094
72a2061d-4a25-4b0f-8511-02251b27be33,8658,3,785,Croatia,5470,Ivan Rakitić,2,88,9,Regular Play,90.0,24.0,34.0,0.4899573262537283,False,Right Foot,Normal,Open Play,False,False,False,8,11,118.0,40.0,120.0,46.5,Off T,0.007053695
2eb2b5b8-f1c9-4bb5-8b19-92000ee84be5,7582,3,796,Russia,5193,Yuri Zhirkov,1,4,28,From Corner,91.0,21.0,34.66987164671943,0.5800027742076809,True,Left Foot,Normal,Open Play,False,False,False,7,11,117.0,39.0,96.0,23.0,Blocked,0.006913921
e528f37e-ff0d-4dcf-8eb2-83bf16adb1b2,7582,3,796,Russia,5171,Roman Zobnin,1,13,26,From Throw In,96.0,52.0,26.832815729997478,-0.4636476090008061,True,Right Foot,Normal,Open Play,False,False,False,7,11,117.0,41.0,120.0,45.8,Off T,0.023523824
5ae17c99-7b35-4ba5-9b02-5b2c25de618e,7582,3,796,Russia,5177,Aleksandr Golovin,1,35,30,Regular Play,104.0,31.0,18.35755975068582,0.5123894603107377,True,Right Foot,Normal,Open Play,False,False,False,4,9,118.0,41.0,120.0,45.8,Off T,0.13442212
9b136171-2c4a-422e-b2d6-465bf99459be,7582,3,796,Russia,5195,Artem Dzyuba,1,39,14,From Corner,110.0,33.0,12.206555615733702,0.6107259643892086,False,Head,Normal,Open Play,False,False,False,5,11,117.0,39.0,114.0,32.0,Blocked,0.062742114
26c6dc73-0105-4a97-afe1-a3454dd0c801,7582,3,796,Russia,5195,Artem Dzyuba,1,40,55,Other,108.0,40.0,12.0,0.0,False,Right Foot,Normal,Penalty,False,False,False,0,0,,,120.0,43.0,Goal,0.7835
3e87fd4f-e319-4775-903f-f07e40b1b79a,7582,3,772,Spain,4926,Francisco Román Alarcón Suárez,1,44,35,From Throw In,100.0,27.0,23.853720883753127,0.5763752205911837,False,Right Foot,Normal,Open Play,False,False,False,7,10,119.0,39.0,113.0,39.0,Blocked,0.03204402
3f6db730-c4e1-44b6-ad10-7ef6d3f858e7,7582,3,772,Spain,5198,Diego da Silva Costa,1,45,13,Regular Play,117.0,51.0,11.40175425099138,-1.3045442776439713,False,Right Foot,Normal,Open Play,True,False,False,4,8,117.0,48.0,118.0,44.0,Saved,0.0372205
fc22ddc3-4438-4b0b-a1d0-bbca2f836b22,7582,3,772,Spain,5198,Diego da Silva Costa,1,45,46,From Throw In,113.0,47.0,9.899494936611665,-0.7853981633974483,False,Head,Normal,Open Play,False,False,False,6,11,119.0,42.0,119.0,44.0,Saved,0.05935931
e99987a7-2b13-4909-a508-64a8be17b9c1,7582,3,772,Spain,5719,Marco Asensio Willemsen,2,46,40,From Throw In,111.0,47.0,11.40175425099138,-0.6610431688506869,False,Right Foot,Normal,Open Play,False,False,False,5,10,118.0,40.0,112.0,48.0,Wayward,0.10353613
4f266d21-3652-41d3-a2bb-7116031dbaa0,7582,3,772,Spain,5211,Jordi Alba Ramos,2,46,44,From Throw In,110.0,34.0,11.661903789690601,0.5404195002705842,False,Other,Normal,Open Play,True,False,False,4,10,118.0,38.0,118.0,42.6,Saved,0.100053154
b67b7454-b9ca-4448-83cc-f8efc863a6e4,7582,3,772,Spain,5198,Diego da Silva Costa,2,50,18,From Free Kick,109.0,34.0,12.529964086141668,0.4993467216801301,True,Head,Normal,Open Play,False,True,False,5,10,118.0,38.0,120.0,46.3,Off T,0.05231667
78eae56a-55ef-45b8-a182-abdbf891967e,7582,3,772,Spain,5203,Sergio Busquets i Burgos,2,52,43,From Throw In,97.0,33.0,24.041630560342615,0.29544083714372,False,Left Foot,Volley,Open Play,True,False,False,7,11,118.0,39.0,109.0,27.0,Wayward,0.02997144
a418b98f-0aea-40fb-9b8a-e42645842e11,7582,3,772,Spain,3064,David Josué Jiménez Silva,2,59,48,From Corner,111.0,46.0,10.816653826391969,-0.5880026035475675,False,Head,Normal,Open Play,False,False,False,4,10,118.0,40.0,120.0,33.5,Off T,0.16787043
de3ed32d-76be-458b-ae9c-c5b9d9bb0051,7582,3,772,Spain,5203,Sergio Busquets i Burgos,2,81,42,From Corner,109.0,41.0,11.045361017187261,-0.09065988720074511,False,Right Foot,Volley,Open Play,True,False,False,5,11,118.0,40.0,112.0,38.0,Blocked,0.065492
c9e0db85-3ea1-4940-bc94-567e03ee4d53,7582,3,772,Spain,5216,Andrés Iniesta Luján,2,84,16,Regular Play,99.0,34.0,21.840329667841555,0.27829965900511133,False,Right Foot,Volley,Open Play,True,False,False,6,10,118.0,39.0,119.0,36.4,Saved,0.042886272
8639d30d-6893-40a1-9566-77c162f0ac27,7582,3,772,Spain,5217,Iago Aspas Juncal,2,84,19,Regular Play,115.0,26.0,14.866068747318506,1.2277723863741932,False,Left Foot,Normal,Open Play,True,False,False,3,7,118.0,36.0,117.0,37.2,Saved,0.023757927
d03abfe3-9b61-48c4-8054-5ada23ce9092,7582,3,772,Spain,5213,Gerard Piqué Bernabéu,2,88,51,From Corner,112.0,35.0,9.433981132056603,0.5585993153435624,True,Head,Normal,Open Play,False,True,False,7,11,118.0,40.0,120.0,34.0,Off T,0.06795463
d1ddb169-c08f-4151-897f-0c42f3dd6326,7582,3,772,Spain,5201,Sergio Ramos García,2,89,39,From Corner,112.0,42.0,8.246211251235321,-0.24497866312686414,True,Head,Normal,Open Play,False,True,False,7,11,118.0,40.0,120.0,38.1,Off T,0.072778836
a990e293-76ee-49a4-89e4-9a14aee135bc,7582,3,796,Russia,5194,Fyodor Smolov,2,92,18,Regular Play,104.0,24.0,22.627416997969522,0.7853981633974483,False,Right Foot,Normal,Open Play,False,False,False,5,9,118.0,40.0,111.0,39.0,Blocked,0.03283686
3865a1f0-e82d-490b-9e9f-9c4a1e0c699e,7582,3,796,Russia,5186,Denis Cheryshev,2,92,18,Regular Play,112.0,39.0,8.06225774829855,0.12435499454676144,False,Head,Normal,Open Play,False,False,False,5,9,118.0,40.0,120.0,45.8,Off T,0.22104914
89665fdf-d70a-457e-a6cd-461a3157504f,7582,3,772,Spain,5211,Jordi Alba Ramos,3,92,14,From Throw In,95.0,26.0,28.653097563788805,0.5104883219167757,False,Left Foot,Normal,Open Play,False,False,False,7,10,118.0,39.0,100.0,23.0,Blocked,0.025320211
b7e6fa5a-d15f-442e-a635-7250a94f0a07,7582,3,772,Spain,5199,Jorge Resurrección Merodio,3,96,4,Regular Play,84.0,40.0,36.0,0.0,False,Right Foot,Normal,Open Play,False,False,False,7,9,118.0,40.0,84.0,40.1,Off T,0.011966425
c8d147db-a7db-4f2c-a079-197370b163ed,7582,3,772,Spain,5719,Marco Asensio Willemsen,3,99,34,From Goal Kick,97.0,32.0,24.351591323771842,0.3347368373168147,False,Left Foot,Normal,Open Play,False,False,False,7,11,118.0,41.0,120.0,40.3,Saved,0.05032709
6075d024-95b2-4f4c-8f7a-03b2a97d874a,7582,3,772,Spain,5217,Iago Aspas Juncal,3,101,36,From Counter,106.0,27.0,19.1049731745428,0.7483780475235183,False,Left Foot,Normal,Open Play,False,False,False,2,8,117.0,36.0,106.0,24.0,Blocked,0.03584248
00d5fc21-c9a9-44fc-a0b3-9872eb2bb59e,7582,3,772,Spain,5213,Gerard Piqué Bernabéu,3,105,26,From Free Kick,108.0,40.0,12.0,0.0,False,Head,Normal,Open Play,False,False,False,6,11,117.0,39.0,107.0,43.2,Saved,0.074555546
34b24664-c951-4d3e-a677-7d1b6814567a,7582,3,772,Spain,5216,Andrés Iniesta Luján,4,106,34,Regular Play,99.0,33.0,22.135943621178654,0.3217505543966422,False,Left Foot,Normal,Open Play,False,False,False,6,10,119.0,40.0,103.0,31.0,Blocked,0.06631583
7320a994-6ce1-46f5-a09d-f98aa49fd315,7582,3,772,Spain,5718,Rodrigo Moreno Machado,4,108,21,Regular Play,114.0,54.0,15.231546211727817,-1.1659045405098132,True,Right Foot,Normal,Open Play,False,False,False,3,6,118.0,42.0,117.0,43.8,Saved,0.039532
38214f5a-f2df-4092-b5e2-e0d153f5f5a2,7582,3,772,Spain,5721,Daniel Carvajal Ramos,4,108,23,Regular Play,108.0,42.0,12.165525060596439,-0.16514867741462683,False,Left Foot,Volley,Open Play,True,False,False,3,7,119.0,41.0,113.0,41.0,Blocked,0.08271377
fb98bfa9-c3f6-4263-a53b-79cd3f2d60cf,7582,3,772,Spain,5718,Rodrigo Moreno Machado,4,108,48,Regular Play,101.0,44.0,19.4164878389476,-0.20749622643520266,False,Left Foot,Volley,Open Play,True,False,False,3,10,118.0,41.0,120.0,34.2,Off T,0.10102061
f0c4e437-aea2-4b24-bba8-317d26c5e2f9,7582,3,772,Spain,5213,Gerard Piqué Bernabéu,4,111,42,From Free Kick,108.0,59.0,22.47220505424423,-1.0074800653029286,True,Left Foot,Normal,Open Play,False,False,False,6,11,119.0,42.0,113.0,50.0,Blocked,0.013007193
ca51472f-ebec-4d79-9677-f8458eb07c0f,7582,3,796,Russia,6354,Aleksandr Erokhin,4,116,51,From Corner,113.0,45.0,8.602325267042627,-0.6202494859828215,True,Head,Normal,Open Play,False,True,False,7,10,118.0,40.0,114.0,44.0,Blocked,0.14143883
262c6072-1ed3-49ac-953c-8f3352f9700d,7582,3,772,Spain,5718,Rodrigo Moreno Machado,4,120,12,Regular Play,99.0,35.0,21.587033144922902,0.23374318086890142,False,Left Foot,Normal,Open Play,False,False,False,4,10,117.0,40.0,117.0,38.0,Saved,0.08526068
d3852f12-2017-42fc-9608-25c60a7a0c07,7582,3,772,Spain,5216,Andrés Iniesta Luján,5,120,5,Other,109.0,41.0,11.045361017187261,-0.09065988720074511,False,Right Foot,Normal,Penalty,False,False,False,0,0,,,120.0,42.0,Goal,0.7835
8cc92981-816d-4757-ab41-d9984074dd02,7582,3,796,Russia,5194,Fyodor Smolov,5,120,45,Other,109.0,41.0,11.045361017187261,-0.09065988720074511,False,Right Foot,Normal,Penalty,False,False,False,0,0,,,120.0,37.4,Goal,0.7835
ca7e08ec-85d0-458f-8309-bc817b346e2f,7582,3,772,Spain,5213,Gerard Piqué Bernabéu,5,121,25,Other,109.0,41.0,11.045361017187261,-0.09065988720074511,False,Right Foot,Normal,Penalty,False,False,False,0,0,,,120.0,36.2,Goal,0.7835
40c2542c-66a8-4c5f-b633-25205f289a83,7582,3,796,Russia,5174,Sergei Ignashevich,5,122,8,Other,109.0,41.0,11.045361017187261,-0.09065988720074511,False,Right Foot,Normal,Penalty,False,False,False,0,0,,,120.0,43.4,Goal,0.7835
5f278f43-4c1f-47f0-9707-55c5392bd89a,7582,3,772,Spain,5199,Jorge Resurrección Merodio,5,122,44,Other,109.0,41.0,11.045361017187261,-0.09065988720074511,False,Right Foot,Normal,Penalty,False,False,False,0,0,,,120.0,37.8,Saved,0.7835
f3a1b980-b785-40e4-8000-0c271d78cc69,7582,3,796,Russia,5177,Aleksandr Golovin,5,123,25,Other,109.0,41.0,11.045361017187261,-0.09065988720074511,False,Right Foot,Normal,Penalty,False,False,False,0,0,,,120.0,38.5,Goal,0.7835
f36eea64-e208-4f52-8716-6be5a62aff8b,7582,3,772,Spain,5201,Sergio Ramos García,5,124,1,Other,109.0,41.0,11.045361017187261,-0.09065988720074511,False,Right Foot,Normal,Penalty,False,False,False,0,0,,,120.0,37.8,Goal,0.7835
c2450168-46d9-4717-92a8-c77c82062c60,7582,3,796,Russia,5186,Denis Cheryshev,5,124,40,Other,109.0,41.0,11.045361017187261,-0.09065988720074511,False,Left Foot,Normal,Penalty,False,False,False,0,0,,,120.0,40.5,Goal,0.7835
1f69ab7f-3eca-4d2a-a2e7-b1d3f6999fe0,7582,3,772,Spain,5217,Iago Aspas Juncal,5,125,36,Other,109.0,41.0,11.045361017187261,-0.09065988720074511,False,Left Foot,Normal,Penalty,False,False,False,0,0,,,119.0,39.1,Saved,0.7835
61432396-1124-4957-ab1c-4516af2292b7,7552,3,782,Belgium,3176,Thomas Meunier,1,2,21,From Throw In,100.0,51.0,22.825424421026653,-0.5028432109278608,False,Left Foot,Normal,Open Play,False,False,False,5,10,119.0,41.0,120.0,43.6,Saved,0.042935207
a51c4b26-1125-4a7b-9005-7310affbad74,7552,3,782,Belgium,3621,Eden Hazard,1,6,0,Other,108.0,40.0,12.0,0.0,False,Right Foot,Normal,Penalty,False,False,False,0,0,,,120.0,37.0,Goal,0.7835
a79f96ac-6d0c-4ba6-b483-caff83c2bc39,7552,3,782,Belgium,5642,Axel Witsel,1,11,41,From Throw In,109.0,24.0,19.4164878389476,0.9685089806599324,False,Right Foot,Normal,Open Play,False,False,False,4,9,119.0,37.0,111.0,28.0,Blocked,0.04323456
fe55b870-b197-4dad-a7ca-54e9c1ba72a7,7552,3,782,Belgium,3621,Eden Hazard,1,12,2,Regular Play,110.0,44.0,10.770329614269007,-0.3805063771123649,False,Right Foot,Normal,Open Play,True,False,False,1,8,119.0,40.0,119.0,43.6,Saved,0.23471555
5d54d405-55e6-4b67-8783-ef3a734869a7,7552,3,782,Belgium,5633,Yannick Ferreira Carrasco,1,14,27,Regular Play,101.0,21.0,26.870057685088806,0.7853981633974483,True,Right Foot,Normal,Open Play,False,False,False,3,7,118.0,39.0,119.0,37.4,Saved,0.009488142
28bc365e-7329-49ed-bef6-f4b9a9833515,7552,3,782,Belgium,3289,Romelu Lukaku Menama,1,15,19,From Counter,104.0,33.0,17.46424919657298,0.4124104415973873,False,Left Foot,Normal,Open Play,False,False,False,1,5,115.0,37.0,120.0,44.0,Goal,0.13771419
69c00761-edc3-46b6-b05d-a2968d67b322,7552,3,777,Tunisia,5655,Dylan Daniel Mahmoud Bronn,1,17,7,From Free Kick,112.0,41.0,8.06225774829855,-0.12435499454676144,False,Head,Normal,Open Play,False,False,False,5,9,119.0,42.0,120.0,43.4,Goal,0.15909006
2f46bffb-94b2-403b-ac69-815628517afc,7552,3,782,Belgium,5633,Yannick Ferreira Carrasco,1,18,47,Regular Play,107.0,33.0,14.7648230602334,0.49394136891958124,False,Right Foot,Volley,Open Play,True,False,False,5,8,119.0,39.0,119.0,43.2,Saved,0.09656626
14146743-6cfb-4299-9e4a-1001afa58bdf,7552,3,782,Belgium,20005,Toby Alderweireld,1,20,47,From Free Kick,102.0,56.0,24.08318915758459,-0.7266423406817256,False,Right Foot,Normal,Open Play,False,False,False,4,8,119.0,40.0,120.0,34.6,Off T,0.042542275
7229d71c-f95c-4dde-8583-5dc685e7aa7c,7552,3,782,Belgium,5642,Axel Witsel,1,27,42,Regular Play,100.0,34.0,20.8806130178211,0.2914567944778671,False,Left Foot,Normal,Open Play,True,False,False,4,6,119.0,39.0,104.0,36.0,Blocked,0.070710085
39954d47-1bd6-44ca-a921-44aac7cef4ee,7552,3,777,Tunisia,3196,Wahbi Khazri,1,29,11,Regular Play,106.0,69.0,32.202484376209235,-1.1210367137250576,True,Right Foot,Normal,Open Play,False,False,False,4,8,118.0,45.0,120.0,40.5,Off T,0.0056386488
83ed095e-7fd9-4823-bd62-2644ee0c4b55,7552,3,777,Tunisia,5650,Ferjani Sassi,1,30,19,From Throw In,101.0,45.0,19.6468827043885,-0.25732371497108864,False,Left Foot,Normal,Open Play,False,False,False,5,8,118.0,43.0,120.0,34.4,Off T,0.06670337
ad1ee325-2e6f-453a-9e9e-b75cd4129f77,7552,3,777,Tunisia,3196,Wahbi Khazri,1,32,1,Regular Play,88.0,26.0,34.92849839314596,0.4124104415973873,False,Right Foot,Normal,Open Play,False,False,False,7,9,117.0,42.0,118.0,41.9,Saved,0.009165923
a37a2801-e744-4942-895f-0ebedaf28623,7552,3,777,Tunisia,5654,Fakhreddine Ben Youssef,1,38,24,Regular Play,96.0,37.0,24.186773244895647,0.12435499454676144,False,Right Foot,Normal,Open Play,False,False,False,3,9,119.0,42.0,120.0,45.6,Off T,0.04770442
04f18a33-a560-4803-a8ae-e86dddb861f4,7552,3,777,Tunisia,2974,Saîf-Eddine Khaoui,1,41,51,From Throw In,117.0,27.0,13.341664064126334,1.3439974787410107,False,Left Foot,Normal,Open Play,False,False,False,2,6,119.0,36.0,117.0,29.0,Blocked,0.011201895
1d99aa9d-301c-45ba-b1b0-748530b1ae26,7552,3,782,Belgium,3289,Romelu Lukaku Menama,1,47,57,Regular Play,112.0,45.0,9.433981132056603,-0.5585993153435624,False,Right Foot,Normal,Open Play,True,False,False,3,7,115.0,43.0,120.0,40.3,Goal,0.39485714
b7a06c7f-6208-4f78-817a-082ef8efd4bb,7552,3,782,Belgium,20005,Toby Alderweireld,2,46,53,From Corner,115.0,48.0,9.433981132056603,-1.0121970114513341,False,Right Foot,Normal,Open Play,True,False,False,6,9,120.0,43.0,120.0,44.8,Off T,0.07915054
64e0c535-66c0-4abc-9061-2c1a7a972ad5,7552,3,777,Tunisia,3196,Wahbi Khazri,2,49,0,Regular Play,113.0,44.0,8.06225774829855,-0.5191461142465229,False,Right Foot,Volley,Open Play,False,False,False,2,4,118.0,40.0,109.0,80.0,Wayward,0.20639732
ca0e9c68-a7eb-4c79-9aa2-2f1ef40b7da3,7552,3,777,Tunisia,5649,Anice Badri,2,49,57,Regular Play,99.0,24.0,26.40075756488817,0.6510767214444798,False,Left Foot,Normal,Open Play,False,False,False,4,6,116.0,37.0,117.0,37.6,Saved,0.025972955
973a3161-7c6e-4e30-8367-e191baab42db,7552,3,782,Belgium,3621,Eden Hazard,2,50,36,Regular Play,109.0,38.0,11.180339887498949,0.17985349979247828,False,Left Foot,Normal,Open Play,False,False,False,0,3,103.0,36.0,120.0,37.6,Goal,0.9790341
04734876-5fe4-4a91-9e40-5f97bc724a4b,7552,3,777,Tunisia,5654,Fakhreddine Ben Youssef,2,53,26,From Throw In,112.0,37.0,8.54400374531753,0.35877067027057225,True,Head,Normal,Open Play,False,True,False,2,7,117.0,39.0,118.0,22.0,Wayward,0.10399019
e91163b7-1299-4632-9566-3eeb3c8d886f,7552,3,777,Tunisia,5650,Ferjani Sassi,2,55,24,Regular Play,94.0,55.0,30.01666203960727,-0.5232783221319756,True,Right Foot,Normal,Open Play,False,False,False,6,9,116.0,42.0,120.0,34.2,Off T,0.022166368
45903e8e-1897-4ac6-afa6-b46978fd7f4e,7552,3,777,Tunisia,5649,Anice Badri,2,60,32,From Free Kick,109.0,42.0,11.180339887498949,-0.17985349979247828,False,Right Foot,Normal,Open Play,True,False,False,3,6,118.0,41.0,109.0,51.0,Wayward,0.07002908
0c9e4cf9-08c3-4013-ba7a-73cb7171b1b7,7552,3,782,Belgium,5633,Yannick Ferreira Carrasco,2,60,57,Regular Play,102.0,29.0,21.095023109728988,0.5485494024505281,False,Right Foot,Normal,Open Play,False,False,False,2,6,119.0,41.0,120.0,45.0,Off T,0.09572776
b4b30de6-b949-4575-98e5-36e9d53a06ed,7552,3,782,Belgium,3621,Eden Hazard,2,63,45,Regular Play,97.0,30.0,25.079872407968907,0.41012734054149097,False,Right Foot,Normal,Open Play,False,False,False,4,8,118.0,42.0,120.0,44.6,Off T,0.043140188
ad92f42b-a7b9-45c7-97c7-1b7eb4502c30,7552,3,777,Tunisia,3196,Wahbi Khazri,2,65,11,From Corner,101.0,16.0,30.610455730027933,0.901157381118259,False,Right Foot,Normal,Open Play,False,False,False,7,10,118.0,39.0,112.0,34.0,Blocked,0.0072267335
5504d98b-a5b0-411f-b759-da6ca6b83857,7552,3,777,Tunisia,3557,Naïm Sliti,2,65,21,From Corner,101.0,45.0,19.6468827043885,-0.25732371497108864,False,Right Foot,Normal,Open Play,False,False,False,5,8,118.0,40.0,106.0,45.0,Blocked,0.07565807
e279472c-94a4-44a4-94fd-69ed8e5477cf,7552,3,777,Tunisia,5649,Anice Badri,2,66,4,Regular Play,100.0,30.0,22.360679774997898,0.4636476090008061,False,Left Foot,Normal,Open Play,False,False,False,7,9,116.0,38.0,115.0,40.1,Saved,0.07457654
9a5c17c2-f93e-4ed6-9be9-31ca41330d25,7552,3,777,Tunisia,2974,Saîf-Eddine Khaoui,2,69,23,From Free Kick,93.0,41.0,27.018512172212592,-0.037020115873930025,False,Left Foot,Volley,Open Play,True,False,False,7,10,118.0,39.0,120.0,35.0,Wayward,0.023171796
b2a788fe-3a6b-4f8d-abd2-16e3470ab566,7552,3,782,Belgium,3457,Michy Batshuayi Tunga,2,75,22,Regular Play,114.0,29.0,12.529964086141668,1.0714496051147666,False,Left Foot,Normal,Open Play,False,False,True,1,4,109.0,35.0,119.0,41.0,Blocked,0.46811458
cbd12c8b-916c-408a-ac83-b2a1e4bd5765,7552,3,782,Belgium,5633,Yannick Ferreira Carrasco,2,78,58,From Free Kick,104.0,23.0,23.345235059857504,0.8156919233162234,False,Right Foot,Normal,Open Play,False,False,False,4,7,119.0,41.0,120.0,40.1,Saved,0.03480479
ef00f250-6112-4f6d-a145-2ea1fb3b50d4,7552,3,782,Belgium,3457,Michy Batshuayi Tunga,2,79,0,From Free Kick,114.0,39.0,6.082762530298219,0.16514867741462683,False,Left Foot,Normal,Open Play,True,False,False,3,7,118.0,41.0,120.0,36.8,Post,0.61046416
ad7e3b62-1149-4140-96af-be53eb719b2f,7552,3,782,Belgium,3176,Thomas Meunier,2,79,6,From Free Kick,108.0,58.0,21.633307652783937,-0.982793723247329,False,Right Foot,Normal,Open Play,False,False,False,5,8,119.0,42.0,120.0,40.7,Off T,0.012196873
55c8bd5a-0f6e-4232-9588-090529738b6d,7552,3,782,Belgium,3457,Michy Batshuayi Tunga,2,80,31,Regular Play,113.0,39.0,7.0710678118654755,0.14189705460416394,False,Left Foot,Volley,Open Play,True,False,False,4,9,120.0,42.0,119.0,39.9,Saved,0.2990258
150100c3-8396-4baf-9e80-ecc1894f697f,7552,3,782,Belgium,3457,Michy Batshuayi Tunga,2,80,35,Regular Play,113.0,54.0,15.652475842498529,-1.1071487177940904,False,Left Foot,Normal,Open Play,False,False,False,5,8,120.0,43.0,115.0,51.0,Blocked,0.050583683
d6d4c19b-2989-4bff-ace5-a1e50b3038ee,7552,3,782,Belgium,5642,Axel Witsel,2,81,20,From Corner,94.0,56.0,30.528675044947494,-0.5516549825285468,False,Right Foot,Normal,Open Play,False,False,False,5,8,119.0,41.0,120.0,38.0,Off T,0.015557862
3daf9619-45c4-4c66-ab1d-d9af137b8fc2,7552,3,782,Belgium,3457,Michy Batshuayi Tunga,2,89,16,From Throw In,113.0,35.0,8.602325267042627,0.6202494859828215,False,Left Foot,Half Volley,Open Play,True,False,False,1,3,120.0,42.0,120.0,43.6,Goal,0.4673073
838fbf15-0da8-48df-87c1-fd25432f7beb,7552,3,777,Tunisia,3196,Wahbi Khazri,2,90,30,From Kick Off,63.0,42.0,57.0350769263968,-0.035073330533225366,False,Right Foot,Normal,Open Play,False,False,False,9,11,118.0,40.0,120.0,40.1,Off T,0.0044252533
be79b20a-0c78-49ad-874f-6aa7c371e2e1,7552,3,782,Belgium,3457,Michy Batshuayi Tunga,2,91,14,From Free Kick,103.0,37.0,17.26267650163207,0.1746721990082397,False,Left Foot,Normal,Open Play,False,False,False,2,4,115.0,41.0,120.0,45.4,Off T,0.32505116
4c8bf31c-a1d3-473a-b4f7-4222b886d15a,7552,3,777,Tunisia,3196,Wahbi Khazri,2,92,24,Regular Play,111.0,44.0,9.848857801796104,-0.4182243295792291,False,Right Foot,Normal,Open Play,True,False,False,4,9,118.0,42.0,120.0,36.8,Goal,0.27505946
3e0c5a8e-9c11-40e6-92fb-dad5cffa5130,7532,3,784,Peru,5521,Luis Jan Piers Advíncula Castrillón,1,4,52,From Free Kick,87.0,57.0,37.12142238654117,-0.4756952188549921,True,Right Foot,Half Volley,Open Play,True,False,False,5,10,118.0,40.0,120.0,49.1,Off T,0.0069104647
6e6f1221-8258-4bc9-a22d-90a2a2a84f98,7532,3,784,Peru,5529,Víctor Yoshimar Yotún Flores,1,7,11,Regular Play,84.0,24.0,39.395431207184416,0.4182243295792291,False,Left Foot,Normal,Open Play,False,False,False,5,10,118.0,40.0,118.0,37.4,Saved,0.005467236
315613cb-bb28-496f-ad23-8d31d924a7ce,7532,3,784,Peru,5525,Édison Michael Flores Peralta,1,10,49,From Throw In,87.0,41.0,33.015148038438355,-0.0302937599187751,True,Left Foot,Normal,Open Play,False,False,False,6,10,118.0,39.0,120.0,45.8,Off T,0.022084096
a9c7bb5d-0d7f-494e-8cbb-abe1cef0257f,7532,3,784,Peru,3632,André Martín Carrillo Díaz,1,12,6,From Throw In,103.0,58.0,24.758836806279895,-0.8139618212362083,True,Left Foot,Normal,Open Play,False,False,False,4,10,118.0,40.0,115.0,37.0,Saved,0.02998372
4780e70d-299f-408a-8a9a-41c13a363157,7532,3,784,Peru,5523,Renato Fabrizio Tapia Cortijo,1,13,35,Regular Play,86.0,43.0,34.132096331752024,-0.08800737352774077,False,Right Foot,Normal,Open Play,True,False,False,5,10,118.0,40.0,98.0,40.0,Blocked,0.016538767
6e810e75-e9f8-44e8-b089-b50f20623f43,7532,3,784,Peru,5532,Alberto Junior Rodríguez Valdelomar,1,14,11,From Corner,107.0,37.0,13.341664064126334,0.22679884805388587,True,Head,Normal,Open Play,False,True,False,7,11,118.0,38.0,120.0,64.0,Wayward,0.059586205
e107d3c1-cfa3-4f36-99c9-5cb868eb4e67,7532,3,776,Denmark,5516,Pione Sisto Ifolo Emirmija,1,19,37,Regular Play,113.0,26.0,15.652475842498529,1.1071487177940904,False,Left Foot,Normal,Open Play,False,False,False,3,9,119.0,39.0,113.0,28.0,Blocked,0.055096734
b824d79d-cb46-4841-b0ec-5e9112b7fd62,7532,3,776,Denmark,5527,Thomas Delaney,1,26,22,Regular Play,88.0,36.0,32.2490309931942,0.12435499454676144,True,Left Foot,Normal,Open Play,False,False,False,4,6,116.0,41.0,101.0,38.0,Off T,0.037667256
caabe349-18b5-4321-b8a8-efce92594723,7532,3,784,Peru,5531,Jefferson Agustín Farfán Guadalupe,1,28,21,From Throw In,108.0,51.0,16.278820596099706,-0.7419472680059175,False,Right Foot,Normal,Open Play,False,False,False,1,5,118.0,41.0,111.0,50.0,Blocked,0.10626122
7bda8f5f-b0aa-423a-bfed-098b983bbe7a,7532,3,776,Denmark,3043,Christian Dannemann Eriksen,1,38,46,From Free Kick,100.0,52.0,23.323807579381203,-0.5404195002705842,False,Right Foot,Normal,Free Kick,False,False,False,8,11,120.0,40.0,109.0,46.0,Blocked,0.07605611
bcc5fc8c-07b6-4b48-96b1-f12251cc9091,7532,3,776,Denmark,5520,Lasse Schöne,1,38,48,From Free Kick,94.0,43.0,26.1725046566048,-0.11487660541689913,False,Right Foot,Half Volley,Open Play,True,False,False,8,11,120.0,41.0,119.0,41.5,Saved,0.024234127
88098824-f35e-415e-a7c6-5d22a1586b07,7532,3,776,Denmark,5527,Thomas Delaney,1,40,45,From Throw In,102.0,24.0,24.08318915758459,0.7266423406817256,False,Left Foot,Half Volley,Open Play,True,False,False,5,9,119.0,41.0,120.0,47.3,Off T,0.032256115
d494b099-6afd-4da2-b6d6-8ad0fccd1dc0,7532,3,784,Peru,5519,Christian Alberto Cueva Bravo,1,45,42,Other,108.0,40.0,12.0,0.0,False,Right Foot,Normal,Penalty,False,False,False,0,0,,,120.0,40.1,Off T,0.7835
e16aaffb-add5-40dd-a66b-a7e8e145be22,7532,3,776,Denmark,5536,Yussuf Yurary Poulsen,1,46,59,From Corner,115.0,45.0,7.0710678118654755,-0.7853981633974483,True,Head,Normal,Open Play,False,True,False,6,11,120.0,43.0,120.0,32.9,Off T,0.09912568
e076c54f-08dc-4c68-88c7-938bfefe5ff5,7532,3,784,Peru,5531,Jefferson Agustín Farfán Guadalupe,2,49,55,From Counter,110.0,60.0,22.360679774997898,-1.1071487177940904,False,Right Foot,Normal,Open Play,False,False,False,1,5,118.0,45.0,111.0,57.0,Blocked,0.0068373373
08667168-4809-4abc-adc7-e6b5528d6aa0,7532,3,776,Denmark,5524,Jens Stryger Larsen,2,50,28,Regular Play,90.0,36.0,30.265491900843113,0.13255153229667402,True,Right Foot,Normal,Open Play,False,False,False,7,10,119.0,40.0,120.0,42.8,Off T,0.019323658
cd82fa0e-8b82-4e30-b720-258e59f0a6e1,7532,3,776,Denmark,3043,Christian Dannemann Eriksen,2,52,54,From Free Kick,103.0,59.0,25.495097567963924,-0.8408966686431651,False,Left Foot,Half Volley,Open Play,True,False,False,8,11,119.0,40.0,120.0,45.6,Off T,0.009715938
060beb7c-7693-42a1-9d1a-8065b61a6419,7532,3,784,Peru,5525,Édison Michael Flores Peralta,2,56,2,Regular Play,114.0,50.0,11.661903789690601,-1.0303768265243125,False,Left Foot,Normal,Open Play,False,False,False,5,9,117.0,45.0,120.0,45.8,Off T,0.077727586
2309e051-9829-41b1-a332-6941a08a7199,7532,3,776,Denmark,5536,Yussuf Yurary Poulsen,2,58,32,Regular Play,108.0,28.0,16.97056274847714,0.7853981633974483,False,Left Foot,Normal,Open Play,False,False,False,2,4,112.0,31.0,120.0,37.0,Goal,0.24699534
cf205ac6-1870-4fcc-a6f2-87304b153d9a,7532,3,784,Peru,5525,Édison Michael Flores Peralta,2,60,7,Regular Play,108.0,29.0,16.278820596099706,0.7419472680059175,False,Left Foot,Normal,Open Play,False,False,False,3,5,117.0,38.0,120.0,40.7,Saved,0.12293178
570ea479-9069-4fad-9562-48e983db278f,7532,3,784,Peru,5535,José Paolo Guerrero Gonzáles,2,63,37,From Throw In,113.0,41.0,7.0710678118654755,-0.14189705460416394,False,Head,Normal,Open Play,False,False,False,5,9,120.0,43.0,120.0,41.5,Saved,0.17922288
36e077dd-f4bb-4c17-8bac-0798ca2da37a,7532,3,784,Peru,5532,Alberto Junior Rodríguez Valdelomar,2,68,19,From Free Kick,113.0,50.0,12.206555615733702,-0.960070362405688,True,Head,Normal,Open Play,False,True,False,6,10,120.0,44.0,120.0,35.2,Off T,0.072114944
0a7f6494-514f-4bfe-a27f-5681185ea7e1,7532,3,784,Peru,5521,Luis Jan Piers Advíncula Castrillón,2,72,6,From Free Kick,109.0,59.0,21.95449840010015,-1.0460005551447893,False,Left Foot,Normal,Open Play,False,False,False,5,9,119.0,45.0,118.0,43.6,Saved,0.010184116
8393fb79-a904-4a79-8235-94a522495215,7532,3,784,Peru,5535,José Paolo Guerrero Gonzáles,2,78,28,Regular Play,112.0,40.0,8.0,0.0,False,Right Foot,Backheel,Open Play,False,False,False,5,9,119.0,41.0,120.0,44.8,Off T,0.13312599
d59a3d52-e048-4f21-93df-74b35a31e552,7532,3,776,Denmark,5522,Nicolai Jørgensen,2,81,45,From Throw In,104.0,49.0,18.35755975068582,-0.5123894603107377,False,Left Foot,Normal,Open Play,True,False,False,3,8,115.0,42.0,112.0,42.0,Blocked,0.11509085
b585debf-6b91-4ded-9764-61ea956240dc,7532,3,784,Peru,5531,Jefferson Agustín Farfán Guadalupe,2,83,20,Regular Play,108.0,43.0,12.36931687685298,-0.24497866312686414,False,Right Foot,Normal,Open Play,True,False,False,5,8,120.0,44.0,119.0,42.2,Saved,0.1773644
b595cd9d-3ce2-4bac-bbb9-e8bb2681bb43,7532,3,776,Denmark,3043,Christian Dannemann Eriksen,2,85,25,From Goal Kick,105.0,32.0,17.0,0.4899573262537283,False,Left Foot,Normal,Open Play,False,False,False,3,8,112.0,37.0,110.0,42.6,Saved,0.40600583
c3580921-20e7-4296-8dab-1d1f6d841f3d,7532,3,784,Peru,5535,José Paolo Guerrero Gonzáles,2,94,2,From Throw In,112.0,41.0,8.06225774829855,-0.12435499454676144,True,Head,Normal,Open Play,False,True,False,6,11,119.0,41.0,111.0,48.0,Wayward,0.11653745
52b5945c-37e1-487e-8a5b-317647751190,7560,3,788,Morocco,5726,Khalid Boutaïb,1,13,23,From Throw In,107.0,45.0,13.92838827718412,-0.3671738338182192,False,Left Foot,Normal,Open Play,False,False,False,0,3,111.0,43.0,120.0,39.9,Goal,0.42943794
ee3e2860-5f81-4a92-9c27-00165c98c4d6,7560,3,772,Spain,5216,Andrés Iniesta Luján,1,17,12,Regular Play,97.0,27.0,26.419689627245813,0.5144513130590278,False,Left Foot,Normal,Open Play,False,False,False,5,9,117.0,40.0,120.0,34.0,Off T,0.03164082
186cf41b-72ee-48e6-8796-8390cda352ec,7560,3,772,Spain,4926,Francisco Román Alarcón Suárez,1,18,50,From Throw In,114.0,38.0,6.324555320336759,0.3217505543966422,False,Right Foot,Normal,Open Play,False,False,False,5,8,117.0,39.0,120.0,37.4,Goal,0.3899508
b5af73f3-4420-4599-88e8-394df8674f78,7560,3,772,Spain,5213,Gerard Piqué Bernabéu,1,22,59,From Corner,112.0,45.0,9.433981132056603,-0.5585993153435624,True,Head,Normal,Open Play,False,True,False,6,11,119.0,40.0,119.0,43.8,Saved,0.060181323
469c206e-8b0a-453c-8512-02222e36d982,7560,3,772,Spain,5216,Andrés Iniesta Luján,1,23,41,Regular Play,102.0,34.0,18.973665961010276,0.3217505543966422,False,Right Foot,Normal,Open Play,False,False,False,3,8,117.0,40.0,106.0,33.0,Blocked,0.11654905
44de59e9-290b-42ca-9cee-928fc3b887ce,7560,3,788,Morocco,5726,Khalid Boutaïb,1,24,12,From Throw In,114.0,34.0,8.48528137423857,0.7853981633974483,False,Left Foot,Normal,Open Play,False,False,False,0,4,117.0,36.0,116.0,38.3,Saved,0.2923044
34550d25-7653-41a0-b674-5204f05f5bd9,7560,3,772,Spain,5198,Diego da Silva Costa,1,26,8,Regular Play,106.0,31.0,16.64331697709324,0.5713374798336268,False,Left Foot,Normal,Open Play,True,False,False,4,8,117.0,39.0,107.0,37.0,Wayward,0.15321249
153af6e8-7fe4-4378-aa47-be0885954086,7560,3,772,Spain,5203,Sergio Busquets i Burgos,1,36,24,From Corner,112.0,38.0,8.246211251235321,0.24497866312686414,False,Head,Normal,Open Play,False,False,False,7,10,118.0,40.0,120.0,38.7,Off T,0.092447676
499a4ba5-e92d-489a-916a-ea95a52ef2cb,7560,3,788,Morocco,5237,Hakim Ziyech,1,42,36,Regular Play,94.0,30.0,27.85677655436824,0.3671738338182192,False,Left Foot,Normal,Open Play,False,False,False,6,10,119.0,41.0,120.0,42.8,Off T,0.035891
816728a2-2d00-4207-9eff-e49327040292,7560,3,772,Spain,5198,Diego da Silva Costa,1,46,41,Regular Play,116.0,37.0,5.0,0.6435011087932844,False,Right Foot,Normal,Open Play,False,False,False,6,9,118.0,39.0,118.0,51.0,Wayward,0.47844365
d712d5e4-6bcb-4813-9bce-f4673244f15e,7560,3,788,Morocco,5232,Mbark Boussoufa,2,46,13,From Goal Kick,117.0,50.0,10.44030650891055,-1.2793395323170296,True,Head,Normal,Open Play,False,True,False,4,8,119.0,43.0,120.0,46.7,Off T,0.0452215
25dcab99-d334-4bc8-9f3b-832e6147c0e7,7560,3,772,Spain,4926,Francisco Román Alarcón Suárez,2,51,55,Regular Play,99.0,43.0,21.213203435596427,-0.14189705460416394,False,Right Foot,Normal,Open Play,False,False,False,3,6,119.0,42.0,108.0,37.0,Wayward,0.05123204
94405ca0-d568-4602-98bc-3db60d1f18cd,7560,3,788,Morocco,3302,Nordin Amrabat,2,54,33,From Keeper,97.0,60.0,30.479501308256342,-0.7157435896688801,False,Right Foot,Normal,Open Play,False,False,False,5,9,118.0,41.0,120.0,36.2,Post,0.010095489
e2486881-aa07-41e5-832b-f0d03b5c14af,7560,3,772,Spain,5213,Gerard Piqué Bernabéu,2,55,34,Regular Play,87.0,53.0,35.4682957019364,-0.3752708228559573,True,Right Foot,Normal,Open Play,False,False,False,6,10,117.0,42.0,120.0,36.6,Off T,0.005666844
b2cd884a-6a68-4f4b-8697-fc05f2ccf8b1,7560,3,788,Morocco,5727,Nabil Dirar,2,56,58,Regular Play,110.0,52.0,15.620499351813308,-0.8760580505981934,False,Right Foot,Volley,Open Play,True,False,False,4,8,118.0,42.0,120.0,52.0,Wayward,0.10190532
79b1e0ca-2fd1-4611-8c4e-a4d3061c81f9,7560,3,772,Spain,5208,Thiago Alcântara do Nascimento,2,58,12,Regular Play,106.0,51.0,17.804493814764857,-0.6659692373791098,False,Left Foot,Volley,Open Play,True,False,False,5,9,118.0,43.0,117.0,27.0,Wayward,0.08270539
386dbc2f-b1aa-4bc7-beb1-febe30b2c596,7560,3,772,Spain,4926,Francisco Román Alarcón Suárez,2,61,11,From Throw In,115.0,37.0,5.830951894845301,0.5404195002705842,True,Head,Normal,Open Play,False,True,False,5,9,119.0,40.0,119.0,43.0,Blocked,0.17241496
3ec14ee2-fd69-400d-801f-3e663205b177,7560,3,772,Spain,5213,Gerard Piqué Bernabéu,2,62,25,From Corner,111.0,40.0,9.0,0.0,True,Head,Normal,Open Play,False,True,False,6,11,119.0,41.0,120.0,34.6,Off T,0.07709874
91f84efe-72be-4fee-bb3d-822aaa3e52b3,7560,3,772,Spain,3064,David Josué Jiménez Silva,2,66,9,Regular Play,110.0,52.0,15.620499351813308,-0.8760580505981934,False,Left Foot,Normal,Open Play,False,False,False,4,10,119.0,42.0,115.0,45.0,Wayward,0.124626815
7298a85a-46ad-4cf6-b014-abc3f6c2f5ed,7560,3,772,Spain,5208,Thiago Alcântara do Nascimento,2,68,14,From Free Kick,101.0,31.0,21.02379604162864,0.4423742229767449,False,Right Foot,Normal,Open Play,True,False,False,5,10,118.0,40.0,120.0,48.3,Off T,0.04259523
a2ae5792-3c67-49bb-a6b7-02afecaef2e7,7560,3,772,Spain,5201,Sergio Ramos García,2,77,53,Regular Play,88.0,27.0,34.539832078341085,0.38588266939807375,False,Right Foot,Normal,Open Play,False,False,False,8,11,119.0,41.0,120.0,46.7,Off T,0.006282342
22e4f746-bc90-4997-86c8-fed9540c7071,7560,3,788,Morocco,5237,Hakim Ziyech,2,79,53,From Throw In,112.0,50.0,12.806248474865697,-0.8960553845713439,False,Left Foot,Normal,Open Play,True,False,False,4,10,118.0,42.0,114.0,47.0,Blocked,0.09008012
eeed9ec2-1862-4f4b-a4d5-9d75a26ae6f2,7560,3,788,Morocco,6301,Youssef En-Nesyri,2,80,34,From Corner,110.0,40.0,10.0,0.0,True,Head,Normal,Open Play,False,True,False,5,11,119.0,40.0,120.0,43.4,Goal,0.066824906
cd69f7f2-0b08-47ec-9c5b-1551bfbadac4,7560,3,772,Spain,5718,Rodrigo Moreno Machado,2,85,0,From Free Kick,113.0,41.0,7.0710678118654755,-0.14189705460416394,False,Head,Normal,Open Play,False,False,False,7,10,120.0,41.0,119.0,57.0,Wayward,0.113147
1b85a350-8b8b-442b-b713-558b61fb84d6,7560,3,772,Spain,5719,Marco Asensio Willemsen,2,86,28,From Throw In,114.0,34.0,8.48528137423857,0.7853981633974483,False,Head,Normal,Open Play,False,False,False,5,11,119.0,39.0,120.0,33.1,Off T,0.1921803
c1268f18-3a1c-48c0-b3c8-54acbf8a5a09,7560,3,772,Spain,5217,Iago Aspas Juncal,2,90,8,From Corner,116.0,44.0,5.656854249492381,-0.7853981633974483,False,Right Foot,Backheel,Open Play,True,False,False,8,11,119.0,43.0,120.0,37.0,Goal,0.41411763
7fd36a1f-7d03-4810-8e9f-0987194a3543,7533,3,773,Switzerland,5554,Blerim Džemaili,1,2,54,Regular Play,109.0,44.0,11.704699910719626,-0.348771003583907,False,Right Foot,Half Volley,Open Play,False,False,False,5,9,118.0,42.0,120.0,43.2,Off T,0.13300222
f31b579e-0ada-436f-a9ef-7baf74481af9,7533,3,781,Brazil,5542,José Paulo Bezzera Maciel Júnior,1,10,55,From Goal Kick,115.0,36.0,6.4031242374328485,0.6747409422235526,False,Left Foot,Normal,Open Play,True,False,False,5,8,117.0,38.0,120.0,45.4,Off T,0.5253904
765d47f4-5c26-41aa-a02a-5bdf6740ad6b,7533,3,781,Brazil,4320,Neymar da Silva Santos Junior,1,15,17,From Free Kick,91.0,35.0,29.427877939124322,0.1707352114752828,False,Right Foot,Normal,Free Kick,False,False,False,6,10,118.0,40.0,102.0,38.0,Blocked,0.04032603
02add02f-363f-42e5-b204-a6c1b6290701,7533,3,781,Brazil,3501,Philippe Coutinho Correia,1,19,5,Regular Play,99.0,21.0,28.319604517012593,0.7354397676755056,True,Right Foot,Normal,Open Play,False,False,False,6,10,118.0,40.0,120.0,44.0,Goal,0.010917373
e3d5fb2b-025f-46a2-aa38-dbb2f83241f9,7533,3,773,Switzerland,5541,Stephan Lichtsteiner,1,27,50,Regular Play,115.0,57.0,17.72004514666935,-1.2847448850775784,True,Head,Normal,Open Play,False,True,False,5,9,119.0,43.0,116.0,60.0,Wayward,0.008365875
f01f102f-bd2f-4b2f-8764-41971c973961,7533,3,781,Brazil,3202,Gabriel Fernando de Jesus,1,32,29,From Corner,116.0,44.0,5.656854249492381,-0.7853981633974483,False,Head,Normal,Open Play,False,False,False,6,10,117.0,42.0,119.0,15.0,Wayward,0.17634274
c8b63187-bdd1-4aab-b36c-d5a51fdf372f,7533,3,773,Switzerland,5548,Steven Zuber,1,39,15,From Throw In,105.0,26.0,20.518284528683193,0.7509290623979403,False,Right Foot,Normal,Open Play,False,False,False,3,9,119.0,39.0,107.0,31.0,Blocked,0.06642043
20e2f586-432c-4e46-aa87-d04ba79a927a,7533,3,781,Brazil,3295,Thiago Emiliano da Silva,1,46,7,From Corner,116.0,32.0,8.94427190999916,1.1071487177940904,False,Head,Normal,Open Play,False,False,False,5,10,119.0,38.0,120.0,42.8,Off T,0.08788804
4416928d-a24c-465e-90c5-4df389fae5bf,7533,3,773,Switzerland,5554,Blerim Džemaili,2,45,29,From Kick Off,88.0,23.0,36.235341863986875,0.48833395105640554,True,Right Foot,Normal,Open Play,True,False,False,6,10,118.0,38.0,120.0,45.8,Off T,0.0074377093
aa5163b7-e615-4d9c-9004-b0577e61c1ab,7533,3,773,Switzerland,5548,Steven Zuber,2,49,29,From Corner,116.0,41.0,4.123105625617661,-0.24497866312686414,False,Head,Normal,Open Play,False,False,False,5,11,119.0,40.0,120.0,41.9,Goal,0.16874993
d0c0be8a-113a-4e19-9b5d-457ef660f34f,7533,3,781,Brazil,3501,Philippe Coutinho Correia,2,56,50,From Keeper,97.0,33.0,24.041630560342615,0.29544083714372,False,Right Foot,Normal,Open Play,True,False,False,5,9,119.0,42.0,109.0,37.0,Blocked,0.03833949
b49d26ff-c491-4d95-9562-77007ca23901,7533,3,781,Brazil,3501,Philippe Coutinho Correia,2,56,52,From Keeper,104.0,36.0,16.492422502470642,0.24497866312686414,False,Right Foot,Normal,Open Play,True,False,False,5,8,119.0,41.0,105.0,35.0,Blocked,0.07456492
fd74ce2c-6275-451a-8536-cd024742ce0d,7533,3,781,Brazil,4320,Neymar da Silva Santos Junior,2,56,59,From Keeper,116.0,30.0,10.770329614269007,1.1902899496825317,False,Right Foot,Normal,Open Play,False,False,False,5,10,119.0,38.0,116.0,30.0,Blocked,0.07011941
2b9ca654-dc60-4c20-b19d-b6c387f8fcb4,7533,3,781,Brazil,3295,Thiago Emiliano da Silva,2,58,14,From Corner,110.0,43.0,10.44030650891055,-0.2914567944778671,True,Head,Normal,Open Play,False,True,False,6,8,119.0,41.0,108.0,48.0,Wayward,0.10740602
17ac41ec-642e-4d64-8721-c4c98f756532,7533,3,781,Brazil,5539,Carlos Henrique Casimiro,2,58,56,Regular Play,89.0,36.0,31.25699921617557,0.1283232276857948,False,Right Foot,Normal,Open Play,False,False,False,6,11,119.0,41.0,120.0,44.0,Off T,0.027605115
3681b8fa-528d-4d38-92ef-09a168377544,7533,3,781,Brazil,3054,Fernando Luiz Roza,2,65,39,From Free Kick,94.0,41.0,26.019223662515376,-0.03844259002118798,False,Right Foot,Half Volley,Open Play,False,False,False,7,10,119.0,41.0,108.0,37.0,Blocked,0.026265554
f5d69990-07f3-484b-8bab-bf4a968b2797,7533,3,781,Brazil,3472,Willian Borges da Silva,2,66,0,From Corner,101.0,51.0,21.95449840010015,-0.5247957716501074,True,Right Foot,Normal,Open Play,True,False,False,8,11,120.0,44.0,105.0,43.0,Blocked,0.032883782
30303f80-e9ca-4d62-8826-fdebd44a657b,7533,3,781,Brazil,3472,Willian Borges da Silva,2,66,11,From Corner,100.0,57.0,26.248809496813376,-0.7044940642422177,True,Left Foot,Normal,Open Play,False,False,False,7,11,118.0,41.0,120.0,36.8,Off T,0.024012115
ad7b81d3-dde5-42ea-836a-7346df1fb603,7533,3,781,Brazil,3501,Philippe Coutinho Correia,2,69,1,Regular Play,108.0,32.0,14.422205101855956,0.5880026035475675,False,Right Foot,Half Volley,Open Play,False,False,False,4,7,118.0,39.0,120.0,46.9,Off T,0.090432055
6c516987-83b4-4503-b4e4-e1d99dfe378c,7533,3,773,Switzerland,5554,Blerim Džemaili,2,72,6,Regular Play,100.0,42.0,20.09975124224178,-0.09966865249116202,True,Left Foot,Normal,Open Play,False,False,False,3,8,119.0,38.0,118.0,38.0,Saved,0.058959655
cf2fa8e8-27a1-4cd6-bb7d-ba8134e8d0f8,7533,3,781,Brazil,3054,Fernando Luiz Roza,2,76,1,Regular Play,92.0,52.0,30.463092423455635,-0.40489178628508343,True,Right Foot,Normal,Open Play,False,False,False,7,11,120.0,43.0,120.0,43.8,Off T,0.022279786
393084d9-9259-4f37-ab56-ba31626554b3,7533,3,781,Brazil,4320,Neymar da Silva Santos Junior,2,77,2,Regular Play,96.0,21.0,30.610455730027933,0.6696389456766376,False,Right Foot,Normal,Open Play,False,False,False,4,9,120.0,40.0,120.0,36.2,Saved,0.009771554
f24e14f3-73b3-42cc-803e-7ffc67908582,7533,3,781,Brazil,3535,Roberto Firmino Barbosa de Oliveira,2,81,9,Regular Play,114.0,54.0,15.231546211727817,-1.1659045405098132,True,Right Foot,Half Volley,Open Play,False,False,False,3,6,120.0,44.0,120.0,44.6,Off T,0.02486829
4715b40e-134f-4d1c-897d-141010d5a66e,7533,3,781,Brazil,4320,Neymar da Silva Santos Junior,2,87,18,From Free Kick,109.0,38.0,11.180339887498949,0.17985349979247828,False,Head,Normal,Open Play,False,False,False,5,10,120.0,41.0,120.0,39.5,Saved,0.14345361
db096ab4-45ea-48db-8c20-8746d4c72dea,7533,3,773,Switzerland,3533,Xherdan Shaqiri,2,88,26,From Free Kick,99.0,51.0,23.706539182259394,-0.4825132950224769,False,Left Foot,Half Volley,Open Play,False,False,False,2,8,119.0,40.0,120.0,34.0,Off T,0.029170832
ed6f9798-6604-4c90-a321-7dd06819ac4b,7533,3,781,Brazil,3535,Roberto Firmino Barbosa de Oliveira,2,89,40,From Free Kick,112.0,40.0,8.0,0.0,False,Head,Normal,Open Play,False,False,False,7,11,118.0,40.0,120.0,37.8,Saved,0.1586349
b144f469-70f5-44f3-9bc5-dd27db369d2a,7533,3,781,Brazil,5551,João Miranda de Souza Filho,2,90,40,From Corner,105.0,40.0,15.0,0.0,True,Right Foot,Half Volley,Open Play,False,False,False,7,11,118.0,41.0,120.0,34.6,Off T,0.05075771
ab3468b4-5b81-49fa-93e2-50f8ccfe5407,7533,3,781,Brazil,5553,Renato Soares de Oliveira Augusto,2,95,30,From Free Kick,115.0,32.0,9.433981132056603,1.0121970114513341,False,Left Foot,Volley,Open Play,True,False,False,8,10,118.0,38.0,119.0,39.0,Blocked,0.1243309
34877be1-bc6e-4aee-8a37-c63415bf518b,7564,3,775,Nigeria,5466,Oghenekaro Etebo,1,6,2,From Throw In,98.0,38.0,22.090722034374522,0.09065988720074511,False,Right Foot,Normal,Open Play,False,False,False,3,5,118.0,40.0,100.0,38.0,Blocked,0.06383541
a50ebd60-1c43-42c4-9d5c-18f3e2ec35e0,7564,3,779,Argentina,5507,Nicolás Alejandro Tagliafico,1,7,7,From Free Kick,105.0,28.0,19.209372712298546,0.6747409422235526,True,Left Foot,Normal,Open Play,False,False,False,3,9,118.0,39.0,120.0,34.4,Off T,0.103297286
129d105f-4f7b-49d3-b120-dd1a5a7ce8b0,7564,3,775,Nigeria,5473,Ahmed Musa,1,8,22,From Throw In,97.0,24.0,28.0178514522438,0.6078019961139605,False,Right Foot,Normal,Open Play,False,False,False,8,11,118.0,40.0,120.0,44.6,Off T,0.023638628
c7b79eb5-1dcc-41e6-9f34-21f92d0493b8,7564,3,779,Argentina,5503,Lionel Andrés Messi Cuccittini,1,13,52,Regular Play,112.0,50.0,12.806248474865697,-0.8960553845713439,True,Right Foot,Normal,Open Play,False,False,False,1,5,118.0,43.0,120.0,37.4,Goal,0.20670193
2a7dfc31-b293-4d6d-bf0a-936e2ef20d59,7564,3,779,Argentina,5497,Gonzalo Gerardo Higuaín,1,26,39,From Throw In,112.0,52.0,14.422205101855956,-0.982793723247329,False,Right Foot,Lob,Open Play,True,False,False,3,8,115.0,50.0,114.0,43.4,Saved,0.13524082
7eb04940-a08e-4e7a-b474-28b89a4e7055,7564,3,779,Argentina,5503,Lionel Andrés Messi Cuccittini,1,33,14,From Free Kick,100.0,29.0,22.825424421026653,0.5028432109278608,False,Left Foot,Normal,Free Kick,False,False,False,5,11,119.0,41.0,120.0,44.4,Post,0.091842376
557ee656-00e9-4380-94a7-2e29ba2ec1d7,7564,3,779,Argentina,2995,Ángel Fabián Di María Hernández,1,38,8,Regular Play,111.0,26.0,16.64331697709324,0.9994588469612699,True,Left Foot,Normal,Open Play,False,False,False,4,8,119.0,38.0,111.0,27.0,Blocked,0.069989234
f089eba5-02bd-4d53-ba2d-9df163fd4695,7564,3,775,Nigeria,5466,Oghenekaro Etebo,1,40,59,From Throw In,93.0,49.0,28.460498941515414,-0.3217505543966422,False,Right Foot,Normal,Open Play,False,False,False,6,10,118.0,40.0,116.0,1.0,Wayward,0.023919689
f529664b-b1f1-4bf7-a88b-436a35f7c38a,7564,3,775,Nigeria,5467,Leon Aderemi Balogun,1,47,5,From Free Kick,103.0,48.0,18.788294228055936,-0.4398425828157362,False,Head,Normal,Open Play,False,False,False,7,11,116.0,40.0,118.0,39.9,Saved,0.09839518
55345a5a-f563-4e96-a584-ec152a58a474,7564,3,775,Nigeria,3963,Victor Moses,2,50,24,Other,109.0,41.0,11.045361017187261,-0.09065988720074511,False,Right Foot,Normal,Penalty,False,False,False,0,0,,,120.0,42.2,Goal,0.7835
c496d818-3a72-482b-afb5-e7f13eea5510,7564,3,775,Nigeria,3338,Onyinye Wilfred Ndidi,2,70,45,Regular Play,93.0,40.0,27.0,0.0,True,Right Foot,Normal,Open Play,True,False,False,4,7,119.0,41.0,120.0,39.9,Off T,0.0398082
eaf4dfce-7226-4270-b623-0d269cbe92bc,7564,3,775,Nigeria,5458,Odion Jude Ighalo,2,74,51,From Counter,108.0,47.0,13.892443989449804,-0.5280744484263596,False,Right Foot,Volley,Open Play,True,False,False,2,6,119.0,43.0,120.0,33.5,Off T,0.13220388
e644768e-a98e-421a-a5bf-742c1689e51b,7564,3,779,Argentina,5507,Nicolás Alejandro Tagliafico,2,78,56,Regular Play,105.0,23.0,22.67156809750927,0.8478169733934057,True,Left Foot,Normal,Open Play,True,False,False,6,11,118.0,38.0,114.0,73.0,Wayward,0.028244063
07f9df83-8cd1-46ca-bc3e-d54004454b0d,7564,3,779,Argentina,5497,Gonzalo Gerardo Higuaín,2,79,56,Regular Play,108.0,36.0,12.649110640673518,0.3217505543966422,False,Left Foot,Normal,Open Play,True,False,False,5,9,118.0,38.0,120.0,35.8,Off T,0.12803131
a1df8152-d56b-4c63-858c-49d629070eca,7564,3,775,Nigeria,5458,Odion Jude Ighalo,2,82,45,From Free Kick,116.0,29.0,11.704699910719626,1.2220253232109897,False,Right Foot,Normal,Open Play,False,False,False,3,7,118.0,33.0,115.0,36.4,Saved,0.09381688
394c46aa-bf91-4844-b0b7-8dcc8718bf94,7564,3,775,Nigeria,5466,Oghenekaro Etebo,2,83,59,From Free Kick,94.0,53.0,29.068883707497267,-0.4636476090008061,False,Right Foot,Normal,Free Kick,False,False,False,5,9,119.0,41.0,120.0,45.2,Off T,0.046227314
902a1e7f-d4aa-4ca9-af5d-1b9f60544760,7564,3,779,Argentina,3602,Faustino Marcos Alberto Rojo,2,85,48,Regular Play,107.0,37.0,13.341664064126334,0.22679884805388587,False,Right Foot,Volley,Open Play,True,False,False,5,10,119.0,40.0,120.0,43.6,Goal,0.08721284
488dbfa7-0e54-4b8a-a28d-ab2bc3acfc12,7579,3,780,Portugal,3193,Bernardo Mota Veiga de Carvalho e Silva,1,1,45,From Free Kick,115.0,50.0,11.180339887498949,-1.1071487177940904,False,Head,Normal,Open Play,False,False,False,4,7,119.0,44.0,120.0,39.7,Off T,0.05975101
cf36886a-d388-4029-b6bb-241748d9def8,7579,3,780,Portugal,5207,Cristiano Ronaldo dos Santos Aveiro,1,5,9,Regular Play,97.0,50.0,25.079872407968907,-0.41012734054149097,False,Right Foot,Normal,Open Play,True,False,False,6,9,118.0,43.0,119.0,37.8,Saved,0.030363295
875fa01d-ae49-4380-9600-99d56dccb96d,7579,3,783,Uruguay,4319,Edinson Roberto Cavani Gómez,1,6,39,Regular Play,114.0,46.0,8.48528137423857,-0.7853981633974483,False,Head,Normal,Open Play,False,False,False,3,6,119.0,41.0,120.0,44.0,Goal,0.17684262
cba96aad-d891-44d2-9921-880a03cac9e2,7579,3,780,Portugal,3960,José Miguel da Rocha Fonte,1,10,11,From Corner,115.0,34.0,7.810249675906654,0.8760580505981934,True,Head,Normal,Open Play,False,True,False,4,9,120.0,40.0,120.0,46.9,Off T,0.13387658
3661f6e9-197c-4509-8e5a-873ef5dc6a44,7579,3,780,Portugal,5207,Cristiano Ronaldo dos Santos Aveiro,1,11,57,Regular Play,95.0,20.0,32.01562118716424,0.6747409422235526,False,Right Foot,Normal,Open Play,False,False,False,4,9,119.0,41.0,97.0,21.0,Blocked,0.008421112
3b0eef9b-9d8b-4c4c-8216-841e32f24955,7579,3,783,Uruguay,5246,Luis Alberto Suárez Díaz,1,13,24,From Counter,110.0,57.0,19.72308292331602,-1.039072259536091,True,Right Foot,Normal,Open Play,False,False,False,1,7,119.0,43.0,112.0,56.0,Blocked,0.013191463
d240f917-92e3-4190-8100-0eb01bc82b58,7579,3,780,Portugal,4367,Gonçalo Manuel Ganchinho Guedes,1,15,14,Regular Play,97.0,47.0,24.041630560342615,-0.29544083714372,False,Left Foot,Normal,Open Play,False,False,False,5,9,120.0,42.0,99.0,47.0,Blocked,0.036250863
eaa366bc-4077-4196-8e07-5194c766d503,7579,3,780,Portugal,5214,William Silva de Carvalho,1,15,55,Regular Play,92.0,38.0,28.071337695236398,0.07130746478529032,False,Right Foot,Normal,Open Play,False,False,False,6,10,120.0,42.0,95.0,35.0,Blocked,0.024766764
3020c65c-b201-4fee-b975-1785cd6e1493,7579,3,783,Uruguay,5246,Luis Alberto Suárez Díaz,1,21,33,From Free Kick,91.0,41.0,29.017236257093817,-0.034469100999508014,False,Right Foot,Normal,Free Kick,False,False,False,7,11,119.0,39.0,120.0,42.8,Saved,0.043902274
b594c991-72a5-4f9d-afc2-bb4d2381acf9,7579,3,783,Uruguay,5246,Luis Alberto Suárez Díaz,1,21,44,From Free Kick,101.0,62.0,29.068883707497267,-0.8584387287005676,False,Right Foot,Half Volley,Open Play,True,False,False,5,10,119.0,42.0,120.0,45.0,Off T,0.00845468
f902d769-8549-4951-b8d8-ce2c762f8355,7579,3,780,Portugal,5207,Cristiano Ronaldo dos Santos Aveiro,1,31,34,From Free Kick,95.0,33.0,25.96150997149434,0.2730087030867106,False,Right Foot,Normal,Free Kick,False,False,False,7,11,120.0,42.0,104.0,35.0,Blocked,0.0663582
6a6cb45a-5aa2-4ed1-99a5-acae97a6eee7,7579,3,783,Uruguay,5255,Matías Vecino Falero,1,34,28,Regular Play,111.0,37.0,9.486832980505138,0.3217505543966422,True,Head,Normal,Open Play,False,True,False,4,9,119.0,40.0,109.0,30.0,Wayward,0.15864636
3cb04c55-ea5b-4e29-b317-3c9e08dfbe10,7579,3,780,Portugal,4367,Gonçalo Manuel Ganchinho Guedes,1,37,44,Regular Play,110.0,46.0,11.661903789690601,-0.5404195002705842,True,Head,Normal,Open Play,False,True,False,5,10,120.0,43.0,118.0,40.0,Wayward,0.059729163
cdfc2f63-da19-4841-a290-2e5b56a75fed,7579,3,783,Uruguay,4319,Edinson Roberto Cavani Gómez,1,46,43,From Throw In,113.0,25.0,16.55294535724685,1.1341691669813554,False,Right Foot,Half Volley,Open Play,False,False,False,2,8,119.0,36.0,120.0,35.2,Off T,0.014627576
c2154229-1285-40f5-a9b1-0f1bfc284496,7579,3,780,Portugal,5209,Raphaël Adelino José Guerreiro,2,51,4,From Corner,96.0,27.0,27.294688127912362,0.4964227534048819,False,Left Foot,Normal,Open Play,False,False,False,7,11,119.0,37.0,120.0,35.4,Off T,0.020954607
286e2b0b-3154-4b44-9f24-bb37d2395f46,7579,3,780,Portugal,3707,Adrien Sebastian Perruchet Silva,2,53,53,Regular Play,100.0,44.0,20.396078054371138,-0.19739555984988075,False,Right Foot,Normal,Open Play,True,False,False,5,9,119.0,40.0,108.0,47.0,Blocked,0.06765104
6dcf2cb6-a3bd-44cc-aa00-a0fd5ab1e064,7579,3,780,Portugal,20016,Kléper Laveran Lima Ferreira,2,54,13,Regular Play,112.0,43.0,8.54400374531753,-0.35877067027057225,False,Head,Normal,Open Play,False,False,False,5,11,119.0,39.0,120.0,38.3,Goal,0.15867314
817cf570-72e5-4b33-9860-cf5ce6736f53,7579,3,780,Portugal,4367,Gonçalo Manuel Ganchinho Guedes,2,59,29,From Throw In,96.0,26.0,27.784887978899608,0.5280744484263596,False,Right Foot,Normal,Open Play,False,False,False,6,9,119.0,38.0,98.0,28.0,Blocked,0.018775055
a319de1c-b443-4ca0-939a-5ecf0c9c633c,7579,3,783,Uruguay,4319,Edinson Roberto Cavani Gómez,2,61,8,From Keeper,103.0,26.0,22.02271554554524,0.6889243882148613,False,Right Foot,Normal,Open Play,True,False,False,3,5,120.0,39.0,120.0,42.6,Goal,0.060342968
7ba28705-ba97-4120-9681-d53c009a7941,7579,3,780,Portugal,3193,Bernardo Mota Veiga de Carvalho e Silva,2,69,16,Regular Play,103.0,40.0,17.0,0.0,False,Right Foot,Normal,Open Play,False,False,False,5,9,107.0,37.0,120.0,43.4,Off T,0.10598899
f818673a-c083-4020-b197-3de1eb892d08,7579,3,780,Portugal,5207,Cristiano Ronaldo dos Santos Aveiro,2,72,3,From Throw In,96.0,24.0,28.844410203711913,0.5880026035475675,False,Right Foot,Normal,Open Play,False,False,False,6,9,119.0,37.0,98.0,28.0,Blocked,0.015912395
2683df8a-4d4d-42c3-b918-c0467f51df84,7579,3,780,Portugal,5209,Raphaël Adelino José Guerreiro,2,76,30,From Corner,100.0,23.0,26.248809496813376,0.7044940642422177,False,Left Foot,Normal,Open Play,True,False,False,7,11,119.0,37.0,120.0,37.4,Off T,0.019748691
0fe5fafd-aeed-409d-b2e9-4c00aaa8364d,7579,3,780,Portugal,5207,Cristiano Ronaldo dos Santos Aveiro,2,77,58,From Throw In,87.0,30.0,34.48187929913333,0.2942345651111878,False,Right Foot,Normal,Open Play,False,False,False,6,10,119.0,38.0,102.0,39.0,Blocked,0.011308506
a2b7e582-a819-41e8-9a2c-63b9d57077f1,7579,3,780,Portugal,6350,Manuel Henrique Tavares Fernandes,2,84,57,From Free Kick,93.0,52.0,29.546573405388315,-0.4182243295792291,False,Right Foot,Normal,Open Play,False,False,False,6,10,116.0,41.0,119.0,39.3,Saved,0.025566515
94f0e38c-482a-41c7-ada0-161bfaf679b3,7579,3,780,Portugal,6350,Manuel Henrique Tavares Fernandes,2,86,18,Regular Play,90.0,19.0,36.61966684720111,0.6107259643892086,False,Right Foot,Normal,Open Play,False,False,False,7,10,118.0,39.0,120.0,38.1,Off T,0.0060694856
507dc3a0-36a8-433b-bec7-09462b11612c,7579,3,780,Portugal,5207,Cristiano Ronaldo dos Santos Aveiro,2,90,1,From Goal Kick,91.0,22.0,34.132096331752024,0.5554937352655436,False,Right Foot,Normal,Open Play,False,False,False,7,10,118.0,38.0,120.0,47.7,Off T,0.0066069625
9e4f88ab-c6e8-4f3e-8172-f9a7a2c63779,7579,3,780,Portugal,5215,Ricardo Andrade Quaresma Bernardo,2,94,17,Regular Play,110.0,54.0,17.204650534085253,-0.9505468408120752,False,Right Foot,Normal,Open Play,False,False,False,6,10,118.0,42.0,119.0,43.6,Saved,0.04317439
12211ad7-26da-49f7-affd-e25537739ae4,7579,3,780,Portugal,5205,Rui Pedro dos Santos Patrício,2,94,47,From Corner,109.0,39.0,11.045361017187261,0.09065988720074511,True,Head,Normal,Open Play,False,True,False,7,11,119.0,39.0,110.0,43.0,Wayward,0.075629964
345cc5e4-0416-4e42-8b29-cc59b953ae55,7577,3,788,Morocco,5243,Amine Harit,1,1,10,From Free Kick,103.0,30.0,19.72308292331602,0.5317240672588056,False,Right Foot,Volley,Open Play,True,False,False,4,10,118.0,38.0,120.0,45.2,Off T,0.06519894
ce663e4c-9c76-4bf9-8358-d2049d97529a,7577,3,788,Morocco,5242,Younès Belhanda,1,3,57,From Throw In,115.0,52.0,13.0,-1.176005207095135,False,Head,Normal,Open Play,False,False,False,6,10,119.0,37.0,120.0,42.6,Off T,0.08541261
6c3c182c-01c9-40ec-bc85-63155536b8c2,7577,3,788,Morocco,5229,Ayoub El Kaabi,1,7,45,From Throw In,102.0,42.0,18.110770276274835,-0.11065722117389565,False,Left Foot,Normal,Open Play,False,False,False,2,7,116.0,38.0,120.0,35.2,Off T,0.09036858
971a182d-9743-4eaf-9837-f6deebf245ad,7577,3,788,Morocco,5237,Hakim Ziyech,1,18,13,From Free Kick,111.0,27.0,15.811388300841896,0.9652516631899266,True,Left Foot,Half Volley,Open Play,False,False,False,6,9,119.0,37.0,114.0,38.0,Blocked,0.058583494
7125ed85-6b73-40ff-93d3-f42fafd0e423,7577,3,788,Morocco,5242,Younès Belhanda,1,18,16,From Free Kick,113.0,46.0,9.219544457292887,-0.7086262721276703,False,Left Foot,Normal,Open Play,False,False,False,5,9,119.0,40.0,114.0,46.0,Blocked,0.23379569
59eca513-3513-41ee-aff1-31a2cf01c09c,7577,3,788,Morocco,5244,Medhi Amine El Mouttaqi Benatia,1,18,17,From Free Kick,110.0,44.0,10.770329614269007,-0.3805063771123649,False,Left Foot,Normal,Open Play,False,False,False,5,8,118.0,42.0,115.0,42.4,Saved,0.086651765
d61c01b0-767e-419b-9bea-de70cee319cc,7577,3,797,Iran,5224,Sardar Azmoun,1,24,19,From Throw In,113.0,34.0,9.219544457292887,0.7086262721276703,False,Right Foot,Half Volley,Open Play,False,False,False,5,10,120.0,40.0,111.0,80.0,Wayward,0.20666395
7948b3dc-c88a-423c-a899-3733c983213a,7577,3,788,Morocco,5245,Achraf Hakimi Mouh,1,25,25,Regular Play,104.0,23.0,23.345235059857504,0.8156919233162234,False,Right Foot,Normal,Open Play,False,False,False,3,8,117.0,37.0,106.0,24.0,Blocked,0.02902798
445a374f-9873-427f-a8bb-ded3e6d76877,7577,3,788,Morocco,5242,Younès Belhanda,1,25,28,Regular Play,92.0,41.0,28.0178514522438,-0.03569911267932397,False,Right Foot,Normal,Open Play,False,False,False,6,10,117.0,40.0,104.0,44.0,Blocked,0.025924886
4a3f00c5-544a-463d-bb8a-c3537ae2dfb2,7577,3,788,Morocco,5243,Amine Harit,1,29,50,Regular Play,110.0,24.0,18.867962264113206,1.0121970114513341,False,Right Foot,Normal,Open Play,False,False,False,4,9,118.0,37.0,117.0,37.6,Saved,0.03535338
e9ece705-d67d-4b0f-8fba-d567939db557,7577,3,797,Iran,5222,Roozbeh Cheshmi,1,31,32,From Free Kick,114.0,53.0,14.317821063276353,-1.1383885512243588,False,Right Foot,Normal,Open Play,False,False,False,4,9,118.0,44.0,120.0,45.0,Off T,0.04428437
a3f403ed-85f6-4071-846f-54bb00de09cd,7577,3,797,Iran,5239,Alireza Jahanbakhsh,1,34,40,From Free Kick,84.0,47.0,36.6742416417845,-0.1920480172407301,False,Right Foot,Normal,Free Kick,False,False,False,7,11,118.0,41.0,120.0,44.6,Off T,0.008141037
cb7bf3e1-9152-426d-9a1e-563a7c2a8cb1,7577,3,797,Iran,5225,Omid Ebrahimi,1,40,16,From Throw In,98.0,52.0,25.059928172283335,-0.4993467216801301,True,Right Foot,Normal,Open Play,True,False,False,7,10,118.0,42.0,99.0,53.0,Blocked,0.030170556
2df60f0e-0c8b-4b75-8f99-a6514e4b6172,7577,3,797,Iran,5224,Sardar Azmoun,1,42,19,Regular Play,109.0,51.0,15.556349186104045,-0.7853981633974483,False,Right Foot,Normal,Open Play,False,False,False,2,5,113.0,47.0,114.0,41.7,Saved,0.28293425
b3559f14-7be9-4364-b131-d9daff530d8e,7577,3,797,Iran,5239,Alireza Jahanbakhsh,1,42,20,Regular Play,108.0,52.0,16.97056274847714,-0.7853981633974483,False,Right Foot,Volley,Open Play,True,False,False,4,7,114.0,49.0,113.0,43.0,Saved,0.0775573
52f1fd50-4ce2-49d4-a0a7-3ce47b232a53,7577,3,797,Iran,5230,Ehsan Hajsafi,1,43,4,From Corner,98.0,35.0,22.561028345356956,0.22347660114063303,False,Right Foot,Normal,Open Play,False,False,False,6,10,118.0,40.0,106.0,41.0,Blocked,0.04090494
3c724dc6-9a5e-4ea0-913e-761f81f65a2a,7577,3,797,Iran,5230,Ehsan Hajsafi,1,44,8,From Free Kick,82.0,42.0,38.05259518088089,-0.05258306161094172,False,Left Foot,Normal,Free Kick,False,False,False,8,11,120.0,41.0,120.0,41.5,Off T,0.0068994747
351d5b3f-5f17-495a-9d1c-0f6cfa8077cf,7577,3,788,Morocco,5243,Amine Harit,2,48,28,From Throw In,112.0,30.0,12.806248474865697,0.8960553845713439,False,Right Foot,Volley,Open Play,True,False,False,2,7,120.0,39.0,119.0,71.0,Wayward,0.10310785
d4f946f2-696d-47bb-8fc1-619572d58d27,7577,3,788,Morocco,5237,Hakim Ziyech,2,79,16,Regular Play,99.0,34.0,21.840329667841555,0.27829965900511133,False,Left Foot,Half Volley,Open Play,False,False,False,4,10,120.0,40.0,118.0,37.4,Saved,0.07760219
02ead6e4-2c52-403a-aacf-558ee0bf0174,7577,3,788,Morocco,5219,Romain Saïss,2,80,7,From Corner,114.0,41.0,6.082762530298219,-0.16514867741462683,False,Head,Normal,Open Play,False,False,False,3,11,120.0,41.0,120.0,34.2,Off T,0.12999704
f5d3705c-9a23-4b03-b75c-1e746869f7e0,7577,3,788,Morocco,5237,Hakim Ziyech,2,86,32,Regular Play,97.0,50.0,25.079872407968907,-0.41012734054149097,False,Left Foot,Half Volley,Open Play,False,False,False,4,8,118.0,43.0,101.0,48.0,Blocked,0.032190975
c2c9379e-fe5b-4c16-a29d-b93d9abf288a,7577,3,788,Morocco,5221,Manuel Marouan da Costa Trinidade,2,90,9,From Free Kick,82.0,51.0,39.56008088970496,-0.28177186727335213,False,Right Foot,Normal,Open Play,False,False,False,7,11,120.0,40.0,120.0,72.0,Wayward,0.0059796465
b9d7b536-849d-4d66-8c5d-12cbb4b279f7,7525,3,799,Saudi Arabia,5183,Yasir Gharsan Al Shahrani,1,5,26,From Throw In,103.0,21.0,25.495097567963924,0.8408966686431651,False,Right Foot,Normal,Open Play,False,False,False,6,10,118.0,41.0,106.0,24.0,Blocked,0.011306748
2ca29ab6-97c7-482e-bba9-1b2b956f7bda,7525,3,796,Russia,5182,Aleksandr Samedov,1,6,46,Regular Play,111.0,52.0,15.0,-0.9272952180016122,False,Right Foot,Normal,Open Play,True,False,False,4,9,120.0,44.0,113.0,50.0,Blocked,0.047829717
e792b977-034c-4649-8f69-cf61995c05e6,7525,3,796,Russia,5193,Yuri Zhirkov,1,8,45,Regular Play,107.0,26.0,19.1049731745428,0.8224182792713783,False,Left Foot,Normal,Open Play,False,False,False,5,8,119.0,39.0,108.0,25.0,Blocked,0.02564916
10a1cd4a-ce60-4ab3-b091-82777ec8a2bb,7525,3,796,Russia,5180,Alan Dzagoev,1,10,49,From Throw In,106.0,49.0,16.64331697709324,-0.5713374798336268,False,Right Foot,Normal,Open Play,False,False,False,2,7,118.0,43.0,107.0,49.0,Blocked,0.07510638
a9d97c4e-5ade-41cb-91b2-dfdead60e9e0,7525,3,796,Russia,5181,Yury Gazinskiy,1,11,32,From Corner,112.0,47.0,10.63014581273465,-0.7188299996216245,False,Head,Normal,Open Play,False,False,False,7,11,119.0,43.0,120.0,36.6,Goal,0.14645855
e5f26cb5-ffdf-4852-898c-3af7a8e1d5c7,7525,3,799,Saudi Arabia,5196,Mohammad Ibrahim Al Sahlawi,1,21,5,From Corner,103.0,29.0,20.248456731316587,0.5743048301747018,False,Left Foot,Normal,Open Play,False,False,False,7,10,118.0,40.0,106.0,26.0,Blocked,0.055627532
2c1f0620-adf2-4c5d-9392-eba1aeea1036,7525,3,799,Saudi Arabia,5187,Salem Mohammed Al Dawsari,1,27,27,From Free Kick,92.0,39.0,28.0178514522438,0.03569911267932397,False,Right Foot,Normal,Open Play,False,False,False,7,10,117.0,41.0,120.0,41.7,Off T,0.03360385
01a65652-f30d-4eec-a312-35bb2f276ec8,7525,3,799,Saudi Arabia,5183,Yasir Gharsan Al Shahrani,1,30,18,From Free Kick,110.0,42.0,10.198039027185569,-0.19739555984988075,False,Head,Normal,Open Play,False,False,False,7,11,117.0,40.0,119.0,39.9,Off T,0.09728895
c02f8043-98e6-498a-9099-48b53913c5db,7525,3,796,Russia,5186,Denis Cheryshev,1,42,11,From Throw In,110.0,34.0,11.661903789690601,0.5404195002705842,False,Left Foot,Normal,Open Play,False,False,False,2,6,118.0,38.0,120.0,36.6,Goal,0.24924015
ae53791c-157b-4476-bfaf-c1b66faf93e6,7525,3,796,Russia,5182,Aleksandr Samedov,2,51,7,Regular Play,97.0,50.0,25.079872407968907,-0.41012734054149097,False,Right Foot,Normal,Open Play,False,False,False,5,9,118.0,40.0,120.0,38.0,Off T,0.032339387
2309342e-7c8b-4fb6-9705-bbe743232dea,7525,3,796,Russia,5186,Denis Cheryshev,2,62,0,From Throw In,108.0,24.0,20.0,0.9272952180016122,False,Left Foot,Normal,Open Play,False,False,False,6,9,118.0,39.0,110.0,24.0,Blocked,0.026239585
5f4bebcc-4098-4d9a-9d9d-723eac8dcf3e,7525,3,796,Russia,5186,Denis Cheryshev,2,64,16,Regular Play,107.0,39.0,13.038404810405298,0.07677189126977804,False,Head,Normal,Open Play,False,False,False,4,10,117.0,40.0,119.0,40.5,Saved,0.12617204
5cfdb2d1-7aca-4b3b-8a0c-61d6cce1788c,7525,3,796,Russia,5171,Roman Zobnin,2,67,15,Regular Play,104.0,56.0,22.627416997969522,-0.7853981633974483,True,Right Foot,Normal,Open Play,False,False,False,3,7,118.0,41.0,116.0,40.7,Saved,0.030546982
a25deabc-bdab-43e7-80f2-aed40bd337a4,7525,3,796,Russia,5195,Artem Dzyuba,2,70,50,From Throw In,115.0,37.0,5.830951894845301,0.5404195002705842,False,Head,Normal,Open Play,False,False,False,6,10,119.0,40.0,120.0,43.0,Goal,0.29249918
f8f201ea-d6bc-4b6c-afcf-a11a205b678f,7525,3,799,Saudi Arabia,5187,Salem Mohammed Al Dawsari,2,72,44,Regular Play,97.0,25.0,27.459060435491963,0.5779019369622457,False,Right Foot,Normal,Open Play,False,False,False,4,9,118.0,41.0,119.0,46.5,Off T,0.025765538
1ac0f8cc-2fb7-4075-ab6b-ea88e10ec5ff,7525,3,796,Russia,5171,Roman Zobnin,2,76,25,From Free Kick,110.0,42.0,10.198039027185569,-0.19739555984988075,False,Head,Normal,Open Play,False,False,False,6,11,119.0,40.0,120.0,46.5,Off T,0.089740254
6bb8de4d-ece7-4f7c-8ab3-797b9304d5f5,7525,3,799,Saudi Arabia,5188,Hattan Babhir,2,81,31,From Throw In,104.0,57.0,23.345235059857504,-0.8156919233162234,False,Left Foot,Normal,Open Play,False,False,False,5,9,119.0,43.0,113.0,48.0,Blocked,0.025213882
d2f2bc29-eac0-4c83-bc61-f86f2580ef22,7525,3,796,Russia,5179,Daler Kuzyaev,2,83,35,Regular Play,86.0,38.0,34.058772731852805,0.058755822715722696,False,Right Foot,Normal,Open Play,False,False,False,5,7,118.0,40.0,120.0,39.1,Off T,0.02450558
780993c0-98d3-4656-acde-8424eaad980c,7525,3,796,Russia,5186,Denis Cheryshev,2,90,46,From Free Kick,104.0,23.0,23.345235059857504,0.8156919233162234,False,Left Foot,Normal,Open Play,False,False,False,4,8,119.0,38.0,120.0,44.0,Goal,0.040819477
ae7860e0-55b4-46cf-a0cf-7f0cefd6ac16,7525,3,796,Russia,5177,Aleksandr Golovin,2,93,57,From Free Kick,99.0,52.0,24.186773244895647,-0.5191461142465229,False,Right Foot,Normal,Free Kick,False,False,False,5,11,118.0,39.0,120.0,44.0,Goal,0.0744545
605c9a6d-8a4f-4b5e-8788-482dac82c9f9,7566,3,790,Sweden,5625,Emil Peter Forsberg,1,4,59,From Free Kick,114.0,17.0,23.769728648009426,1.3156139361740782,False,Right Foot,Normal,Free Kick,False,False,False,6,9,119.0,39.0,119.0,39.9,Saved,0.007870639
2334ad9a-28f5-4e17-8999-7d2d36d76963,7566,3,794,Mexico,5556,Miguel Arturo Layún Prado,1,9,3,Regular Play,92.0,58.0,33.28663395418648,-0.5713374798336268,True,Left Foot,Normal,Open Play,False,False,False,7,10,119.0,43.0,120.0,46.0,Off T,0.006126076
4872b2fe-1d8f-4dee-85f5-bb6740a46d62,7566,3,790,Sweden,5607,Andreas Granqvist,1,11,19,From Corner,112.0,36.0,8.94427190999916,0.4636476090008061,True,Head,Normal,Open Play,False,True,False,4,8,119.0,39.0,117.0,38.0,Wayward,0.078457825
608adb56-8fe4-491c-9c4b-afa3024e29c5,7566,3,790,Sweden,11098,Marcus Berg,1,11,20,From Corner,116.0,36.0,5.656854249492381,0.7853981633974483,True,Right Foot,Overhead Kick,Open Play,False,False,False,4,8,119.0,39.0,120.0,35.2,Off T,0.31651607
76917bf2-378e-4870-ae2b-08928e812f63,7566,3,790,Sweden,5625,Emil Peter Forsberg,1,14,8,Regular Play,96.0,56.0,28.844410203711913,-0.5880026035475675,False,Right Foot,Volley,Open Play,True,False,False,4,7,117.0,41.0,120.0,48.3,Off T,0.019455789
1647af67-164e-4b86-91bf-7d6f8ecc19fc,7566,3,794,Mexico,5560,Carlos Alberto Vela Garrido,1,16,9,From Throw In,104.0,46.0,17.08800749063506,-0.35877067027057225,False,Left Foot,Normal,Open Play,False,False,False,4,8,118.0,43.0,120.0,35.2,Off T,0.08026171
d8ef4774-c546-40fc-bebe-0a839e1c45a5,7566,3,790,Sweden,5625,Emil Peter Forsberg,1,17,28,From Throw In,110.0,38.0,10.198039027185569,0.19739555984988075,False,Right Foot,Volley,Open Play,True,False,False,4,8,119.0,41.0,120.0,40.3,Off T,0.18495595
a086382c-0fcd-4aef-ab64-6a3d8f067d7e,7566,3,794,Mexico,5560,Carlos Alberto Vela Garrido,1,21,20,Regular Play,99.0,63.0,31.144823004794873,-0.8308214428190254,False,Left Foot,Normal,Open Play,False,False,False,6,10,120.0,44.0,108.0,49.0,Blocked,0.0071684807
10ddc8b7-fda1-4a35-a3a7-afce44b4d2aa,7566,3,794,Mexico,5563,José Andrés Guardado Hernández,1,22,4,From Corner,116.0,40.0,4.0,0.0,True,Head,Normal,Open Play,False,True,False,7,11,120.0,40.0,118.0,22.0,Wayward,0.20374292
10640eac-a23e-42c0-9758-ee7e2d6fb70a,7566,3,794,Mexico,5575,Héctor Miguel Herrera López,1,22,12,From Corner,117.0,22.0,18.24828759089466,1.4056476493802699,False,Right Foot,Normal,Open Play,False,False,False,6,11,120.0,38.0,117.0,23.0,Blocked,0.010197213
c6ea4e63-1523-4b6c-9998-f493aa1ce0ab,7566,3,794,Mexico,5563,José Andrés Guardado Hernández,1,22,34,From Throw In,93.0,34.0,27.65863337187866,0.21866894587394195,False,Left Foot,Normal,Open Play,False,False,False,6,10,119.0,41.0,120.0,46.9,Off T,0.03579779
60ae3f6c-f381-4b9c-9e16-8aec5d9c4048,7566,3,790,Sweden,5625,Emil Peter Forsberg,1,27,53,From Free Kick,101.0,34.0,19.924858845171276,0.30587887140485215,True,Right Foot,Normal,Open Play,False,False,False,5,8,118.0,38.0,106.0,34.0,Blocked,0.077959776
81818aed-1763-40b8-b553-6bcf32d874c0,7566,3,790,Sweden,11098,Marcus Berg,1,30,28,From Corner,115.0,42.0,5.385164807134504,-0.3805063771123649,False,Right Foot,Volley,Open Play,True,False,False,4,8,119.0,41.0,119.0,41.9,Saved,0.32448578
2c33bb69-8176-47ac-ad01-3dd0f10117a3,7566,3,790,Sweden,5625,Emil Peter Forsberg,1,32,52,Regular Play,105.0,30.0,18.027756377319946,0.5880026035475675,False,Right Foot,Volley,Open Play,True,False,False,2,7,119.0,38.0,120.0,43.4,Off T,0.08406631
5cf29151-9fa6-4785-be88-e1b2a7bd486c,7566,3,794,Mexico,5571,Hirving Rodrigo Lozano Bahena,1,35,7,Regular Play,99.0,28.0,24.186773244895647,0.5191461142465229,False,Right Foot,Normal,Open Play,False,False,False,5,7,118.0,40.0,101.0,29.0,Blocked,0.04393479
8280bbb4-317e-4ea7-8425-80003fde6d1d,7566,3,794,Mexico,5560,Carlos Alberto Vela Garrido,1,38,16,Regular Play,106.0,54.0,19.79898987322333,-0.7853981633974483,True,Left Foot,Normal,Open Play,False,False,False,5,9,118.0,43.0,120.0,34.6,Off T,0.03696837
35ce228f-c0f3-487c-832b-bb4ce50d1970,7566,3,794,Mexico,5564,Carlos Joel Salcedo Hernández,1,39,37,From Corner,104.0,28.0,20.0,0.6435011087932844,False,Right Foot,Volley,Open Play,False,False,False,5,11,119.0,40.0,104.0,29.0,Blocked,0.036778748
f6f46e2b-805a-44cf-a5ce-cb5b865497fa,7566,3,794,Mexico,5556,Miguel Arturo Layún Prado,1,44,22,From Throw In,105.0,61.0,25.80697580112788,-0.9505468408120752,False,Right Foot,Normal,Open Play,False,False,False,5,9,119.0,43.0,117.0,39.9,Saved,0.009557878
0add5f9c-a454-439d-9d34-22169ee847d1,7566,3,790,Sweden,11098,Marcus Berg,1,46,36,Regular Play,109.0,28.0,16.278820596099706,0.8288490587889792,True,Left Foot,Normal,Open Play,False,False,False,2,4,117.0,35.0,120.0,35.4,Off T,0.10989964
7d883e2f-c055-4ccd-92a7-aa7a847358b6,7566,3,790,Sweden,5613,Viktor Claesson,2,49,46,Regular Play,109.0,41.0,11.045361017187261,-0.09065988720074511,False,Right Foot,Normal,Open Play,True,False,False,5,8,119.0,43.0,117.0,31.0,Wayward,0.33955482
59f34b6b-9004-4c1b-8959-75201a1774fc,7566,3,790,Sweden,5621,Ludwig Augustinsson,2,49,47,Regular Play,116.0,32.0,8.94427190999916,1.1071487177940904,False,Left Foot,Normal,Open Play,False,False,False,2,6,119.0,38.0,119.0,38.7,Goal,0.23465483
e4d8f8d6-888c-4510-900e-daac54dd1355,7566,3,790,Sweden,5625,Emil Peter Forsberg,2,51,44,Regular Play,103.0,36.0,17.46424919657298,0.23109066719589708,False,Left Foot,Normal,Open Play,True,False,False,3,7,119.0,40.0,120.0,44.2,Off T,0.08776431
91207cd4-8aa5-4c01-8da2-01f92aa42370,7566,3,794,Mexico,5563,José Andrés Guardado Hernández,2,52,48,Regular Play,115.0,19.0,21.587033144922902,1.3370531459259951,False,Left Foot,Normal,Open Play,False,False,False,4,9,118.0,36.0,120.0,45.8,Off T,0.008584143
714fbfab-a355-428d-9956-30adc543385e,7566,3,790,Sweden,5621,Ludwig Augustinsson,2,53,38,From Goal Kick,106.0,25.0,20.518284528683193,0.8198672643969563,False,Right Foot,Normal,Open Play,False,False,False,3,7,120.0,40.0,120.0,44.2,Off T,0.043391652
7be50953-b764-4274-847a-3bbe8da199c6,7566,3,790,Sweden,11098,Marcus Berg,2,58,8,Regular Play,108.0,29.0,16.278820596099706,0.7419472680059175,True,Head,Normal,Open Play,False,True,False,3,6,120.0,40.0,119.0,36.6,Saved,0.097953424
6cd6d1d8-ea11-49ba-9c89-bb3546739771,7566,3,790,Sweden,5607,Andreas Granqvist,2,61,34,Other,109.0,41.0,11.045361017187261,-0.09065988720074511,False,Right Foot,Normal,Penalty,False,False,False,0,0,,,120.0,36.2,Goal,0.7835
1b2e1738-ce7e-427e-a421-e5f8f34268a3,7566,3,794,Mexico,5564,Carlos Joel Salcedo Hernández,2,63,58,From Free Kick,80.0,54.0,42.37924020083418,-0.33667481938672716,False,Right Foot,Normal,Open Play,False,False,False,7,11,116.0,40.0,101.0,46.0,Blocked,0.005298881
188610da-3a4f-4d99-8bc0-a25bc4d4e0ae,7566,3,794,Mexico,6317,Marco Jhonfai Fabián De La Mora,2,65,49,Regular Play,90.0,48.0,31.04834939252005,-0.260602391747341,False,Right Foot,Normal,Open Play,False,False,False,8,10,118.0,40.0,104.0,48.0,Blocked,0.022069821
2d854c80-5f3a-49eb-9439-96492e8ad460,7566,3,794,Mexico,5564,Carlos Joel Salcedo Hernández,2,67,33,From Corner,111.0,31.0,12.727922061357855,0.7853981633974483,True,Head,Normal,Open Play,False,True,False,6,11,119.0,39.0,120.0,33.5,Off T,0.06593669
ab4f67cb-59fb-4b31-b765-f7dd47985cf2,7566,3,794,Mexico,3058,Javier Hernández Balcázar,2,69,53,From Free Kick,106.0,40.0,14.0,0.0,False,Head,Diving Header,Open Play,False,False,False,8,11,119.0,40.0,120.0,43.0,Off T,0.111651056
64987c0b-ea3e-4208-b1ed-acb40ad47097,7566,3,794,Mexico,5573,Héctor Alfredo Moreno Herrera,2,75,28,From Corner,111.0,42.0,9.219544457292887,-0.21866894587394195,True,Head,Normal,Open Play,False,True,False,6,11,119.0,40.0,116.0,35.0,Blocked,0.06666666
aa721edc-ad55-46a8-8227-d40b08748f8f,7566,3,794,Mexico,5560,Carlos Alberto Vela Garrido,2,80,13,From Free Kick,96.0,54.0,27.784887978899608,-0.5280744484263596,False,Left Foot,Normal,Free Kick,False,False,False,8,11,118.0,40.0,104.0,53.0,Blocked,0.03963313
589fd8d0-c4a6-4ffc-9b51-d5d582d8a193,7566,3,794,Mexico,3058,Javier Hernández Balcázar,2,80,40,From Free Kick,116.0,29.0,11.704699910719626,1.2220253232109897,True,Right Foot,Half Volley,Open Play,False,False,False,6,10,119.0,36.0,118.0,32.0,Blocked,0.03585116
0f5ec6ba-5df9-4902-9218-16b731bbec09,7566,3,794,Mexico,5560,Carlos Alberto Vela Garrido,2,80,41,From Free Kick,117.0,42.0,3.605551275463989,-0.5880026035475675,False,Head,Normal,Open Play,False,False,True,6,10,118.0,36.0,120.0,46.7,Off T,0.7177226
f50e438a-f55e-42f2-a05b-d1b84028f142,7566,3,794,Mexico,5571,Hirving Rodrigo Lozano Bahena,2,88,45,From Corner,98.0,51.0,24.596747752497688,-0.4636476090008061,False,Right Foot,Normal,Open Play,False,False,False,8,11,118.0,40.0,120.0,36.6,Off T,0.033147816
0a25e719-54eb-493c-ac40-d8ba450350df,7566,3,794,Mexico,5575,Héctor Miguel Herrera López,2,92,9,From Throw In,91.0,48.0,30.083217912982647,-0.26916749278570046,True,Left Foot,Normal,Open Play,False,False,False,6,11,118.0,40.0,117.0,37.8,Saved,0.021690294
cd37cd5c-c7c9-4bde-a4d4-f5393f61fde2,7566,3,794,Mexico,5571,Hirving Rodrigo Lozano Bahena,2,92,56,From Free Kick,102.0,21.0,26.1725046566048,0.8124186125847132,True,Right Foot,Normal,Open Play,False,False,False,5,11,117.0,36.0,115.0,41.9,Saved,0.011917301
8e615033-8c67-4c2b-aec2-893d1ebab7c6,8651,3,790,Sweden,5613,Viktor Claesson,1,11,54,Regular Play,86.0,43.0,34.132096331752024,-0.08800737352774077,False,Right Foot,Normal,Open Play,False,False,False,5,9,118.0,40.0,120.0,35.2,Off T,0.018292004
9b88f34b-55a9-4e6c-9dc8-a316034eb935,8651,3,768,England,10955,Harry Kane,1,18,36,From Counter,97.0,46.0,23.769728648009426,-0.2551823906208184,False,Right Foot,Normal,Open Play,True,False,False,4,7,120.0,41.0,120.0,35.4,Off T,0.057993297
7ddcea9f-fd78-4b14-9105-957ead55ab46,8651,3,768,England,3336,Harry Maguire,1,29,47,From Corner,110.0,44.0,10.770329614269007,-0.3805063771123649,True,Head,Normal,Open Play,False,True,False,6,11,120.0,43.0,120.0,37.6,Goal,0.061832782
1d16accb-ee47-4edf-ae99-285a80acd504,8651,3,768,England,3532,Jordan Brian Henderson,1,34,28,From Throw In,94.0,58.0,31.622776601683793,-0.6055446636049701,False,Right Foot,Half Volley,Open Play,False,False,False,5,9,119.0,42.0,120.0,41.5,Off T,0.008420511
a002441b-b1a6-4eb2-adaf-c540c8495127,8651,3,768,England,3233,Raheem Sterling,1,44,31,Regular Play,111.0,51.0,14.212670403551895,-0.8850668158886104,True,Right Foot,Normal,Open Play,False,False,False,2,6,120.0,42.0,112.0,51.0,Blocked,0.11924116
d175beb3-09b3-4c46-9c9f-39acd56f704e,8651,3,790,Sweden,11098,Marcus Berg,2,46,34,From Throw In,113.0,48.0,10.63014581273465,-0.8519663271732721,True,Head,Normal,Open Play,False,True,False,4,7,120.0,42.0,120.0,43.2,Saved,0.1108226
795ba2c1-bf99-40a6-9d98-f55ad78d782a,8651,3,790,Sweden,5625,Emil Peter Forsberg,2,51,25,Regular Play,97.0,13.0,35.4682957019364,0.8652281491096856,False,Right Foot,Normal,Open Play,False,False,False,4,9,120.0,41.0,120.0,43.2,Off T,0.006110725
a28d14f7-99c5-4340-acc4-c17798d2e197,8651,3,768,England,3233,Raheem Sterling,2,53,31,From Free Kick,115.0,32.0,9.433981132056603,1.0121970114513341,True,Right Foot,Overhead Kick,Open Play,True,False,False,7,10,119.0,37.0,116.0,33.0,Blocked,0.08364045
dbf2d2ce-54ea-4349-877a-6b3ea6ffec06,8651,3,768,England,3293,Jesse Lingard,2,56,5,Regular Play,95.0,23.0,30.23243291566195,0.5971766580926775,False,Right Foot,Normal,Open Play,False,False,False,5,10,118.0,40.0,97.0,20.0,Blocked,0.014800565
5511bfbb-782a-4915-823a-5d344b45cad5,8651,3,768,England,3293,Jesse Lingard,2,57,52,From Throw In,98.0,48.0,23.40939982143925,-0.348771003583907,True,Right Foot,Normal,Open Play,False,False,False,4,8,118.0,39.0,101.0,46.0,Blocked,0.040688924
499df88e-5bcd-4bfb-ab24-56020902b991,8651,3,768,England,3094,Bamidele Alli,2,58,0,From Throw In,116.0,32.0,8.94427190999916,1.1071487177940904,False,Head,Normal,Open Play,False,False,False,2,7,119.0,39.0,119.0,38.7,Goal,0.14410557
1cf49341-d138-4604-aeb1-973e8fe945b3,8651,3,790,Sweden,5613,Viktor Claesson,2,61,19,From Goal Kick,106.0,43.0,14.317821063276353,-0.21109333322274654,False,Right Foot,Normal,Open Play,False,False,False,3,7,119.0,42.0,119.0,38.7,Saved,0.13745673
5e6cf187-7dc2-4fba-b290-e70bb390bee7,8651,3,790,Sweden,5613,Viktor Claesson,2,61,21,From Goal Kick,113.0,36.0,8.06225774829855,0.5191461142465229,False,Left Foot,Normal,Open Play,True,False,False,2,6,118.0,39.0,115.0,35.0,Blocked,0.24123907
963d4331-94d6-4c53-b1f1-127b4219ebcf,8651,3,790,Sweden,4417,Ola Toivonen,2,61,48,Regular Play,105.0,47.0,16.55294535724685,-0.43662715981354133,True,Head,Normal,Open Play,False,True,False,4,8,120.0,43.0,120.0,34.4,Off T,0.0686475
a75954d6-0e44-4762-8d94-56ff4996bc40,8651,3,768,England,3336,Harry Maguire,2,65,35,From Corner,111.0,30.0,13.45362404707371,0.83798122500839,False,Left Foot,Half Volley,Open Play,True,False,False,5,11,118.0,38.0,120.0,35.6,Off T,0.08273663
07c24e55-d915-4d21-b9c2-7dd4603e4bd4,8651,3,768,England,3094,Bamidele Alli,2,67,55,Regular Play,102.0,29.0,21.095023109728988,0.5485494024505281,False,Left Foot,Half Volley,Open Play,False,False,False,3,7,118.0,39.0,109.0,38.0,Blocked,0.053019132
29d6c1aa-58b5-46b8-9926-a2e88864d913,8651,3,768,England,3094,Bamidele Alli,2,68,19,Regular Play,107.0,20.0,23.853720883753127,0.9944211062037129,False,Right Foot,Normal,Open Play,False,False,False,3,10,118.0,38.0,108.0,24.0,Blocked,0.011284669
7f67ffb0-25b3-4dd0-9cc9-984bcce122dc,8651,3,790,Sweden,11098,Marcus Berg,2,70,58,From Throw In,110.0,42.0,10.198039027185569,-0.19739555984988075,False,Left Foot,Normal,Open Play,False,False,False,1,7,120.0,42.0,120.0,40.9,Saved,0.16984412
9841aa61-b5ee-4813-bc38-d9e489c6f9a0,8651,3,768,England,3293,Jesse Lingard,2,81,46,Regular Play,98.0,43.0,22.20360331117452,-0.13552771398550073,False,Left Foot,Normal,Open Play,False,False,False,3,8,117.0,38.0,103.0,40.0,Blocked,0.0804723
dfeb81b5-b22b-441b-999d-d81eabd11f52,8651,3,790,Sweden,5621,Ludwig Augustinsson,2,89,57,From Free Kick,100.0,50.0,22.360679774997898,-0.4636476090008061,False,Left Foot,Normal,Free Kick,False,False,False,8,11,120.0,41.0,120.0,41.9,Off T,0.08177389
5239dca1-922d-4105-b023-b0e8ed1e91bc,7567,3,770,Germany,5559,Marco Reus,1,5,16,From Throw In,113.0,22.0,19.313207915827967,1.1999050379822342,True,Right Foot,Volley,Open Play,False,False,False,3,7,119.0,38.0,120.0,48.7,Off T,0.012952975
d5a11f7c-64ba-4d10-8fc0-e606b32c96c5,7567,3,770,Germany,5566,Sami Khedira,1,13,43,From Corner,111.0,42.0,9.219544457292887,-0.21866894587394195,True,Head,Normal,Open Play,False,True,False,5,10,119.0,41.0,120.0,44.0,Saved,0.060433608
4eff0fa0-1d83-43da-a91f-05e12750fcd4,7567,3,791,South Korea,5618,Woo-Young Jung,1,18,21,From Free Kick,87.0,49.0,34.20526275297414,-0.2662520491509254,False,Right Foot,Normal,Free Kick,False,False,False,7,11,118.0,39.0,120.0,38.5,Saved,0.019010931
0db49067-0d88-44c5-b3f9-6080bb93c903,7567,3,791,South Korea,5608,Yong Lee,1,19,4,From Corner,91.0,50.0,30.675723300355934,-0.33205946754288546,False,Right Foot,Volley,Open Play,True,False,False,6,11,118.0,40.0,120.0,45.6,Off T,0.018683761
aba3f095-85d6-4c4d-9deb-4732a048d068,7567,3,791,South Korea,3083,Heung-Min Son,1,24,1,From Goal Kick,108.0,51.0,16.278820596099706,-0.7419472680059175,False,Right Foot,Volley,Open Play,True,False,False,3,7,118.0,42.0,120.0,46.3,Off T,0.057621818
af9fa10c-eda5-42dd-8abd-3ae4d664e1d3,7567,3,770,Germany,5559,Marco Reus,1,32,6,Regular Play,97.0,42.0,23.08679276123039,-0.08673833867598511,False,Left Foot,Normal,Open Play,False,False,False,3,6,116.0,42.0,102.0,41.0,Blocked,0.06146504
6a837f23-0ae1-4fe5-9b28-6084e0afa092,7567,3,770,Germany,5557,Timo Werner,1,38,7,Regular Play,108.0,51.0,16.278820596099706,-0.7419472680059175,False,Right Foot,Normal,Open Play,False,False,False,2,7,116.0,44.0,109.0,53.0,Blocked,0.05455867
70893873-39db-44bd-9214-676e7cb39630,7567,3,770,Germany,6324,Leon Goretzka,1,38,38,From Corner,112.0,43.0,8.54400374531753,-0.35877067027057225,False,Head,Normal,Open Play,False,False,False,5,10,119.0,40.0,119.0,29.0,Wayward,0.07476272
1fa2a90d-06e2-4113-b601-bd51865195c0,7567,3,770,Germany,5572,Mats Hummels,1,38,43,From Corner,116.0,37.0,5.0,0.6435011087932844,False,Right Foot,Normal,Open Play,False,False,False,4,9,117.0,38.0,117.0,38.3,Saved,0.3347433
3bdb269b-eb2e-4bc5-b25c-39a933aab54b,7567,3,770,Germany,3496,Mesut Özil,1,46,3,From Throw In,105.0,60.0,25.0,-0.9272952180016122,False,Left Foot,Normal,Open Play,False,False,False,5,9,118.0,44.0,109.0,55.0,Blocked,0.010117099
3924bf0b-d4dc-4ec3-981b-dd8dd2008f59,7567,3,791,South Korea,3083,Heung-Min Son,1,47,47,From Goal Kick,99.0,53.0,24.698178070456937,-0.5543074962015512,False,Right Foot,Normal,Open Play,False,False,False,2,7,118.0,42.0,120.0,33.7,Off T,0.033090822
20803010-3ee1-4096-8e1c-d52af23b4e66,7567,3,791,South Korea,5618,Woo-Young Jung,2,45,32,From Kick Off,89.0,38.0,31.064449134018133,0.06442683942555355,True,Right Foot,Normal,Open Play,False,False,False,4,8,119.0,41.0,118.0,39.7,Saved,0.029391896
c7246f2a-f429-4410-a153-bebe19451bfd,7567,3,770,Germany,6324,Leon Goretzka,2,47,2,From Throw In,111.0,39.0,9.055385138137417,0.11065722117389565,False,Head,Normal,Open Play,False,False,False,4,9,118.0,41.0,119.0,39.3,Saved,0.20739396
8af16c0f-2178-44c8-8f29-a7bd85f44d85,7567,3,770,Germany,5574,Toni Kroos,2,48,44,From Throw In,85.0,38.0,35.05709628591621,0.0570807824062646,False,Right Foot,Normal,Open Play,False,False,False,6,8,118.0,40.0,120.0,33.9,Off T,0.016595932
12637659-a3e3-44a7-a0c6-4e9ed91cd6b0,7567,3,770,Germany,5557,Timo Werner,2,50,33,From Throw In,108.0,37.0,12.36931687685298,0.24497866312686414,False,Right Foot,Volley,Open Play,False,False,False,4,7,117.0,38.0,120.0,35.0,Off T,0.09489199
4ea07456-7266-4145-a8d4-4e2a20fabca5,7567,3,791,South Korea,3083,Heung-Min Son,2,51,10,Regular Play,119.0,31.0,9.055385138137417,1.460139105621001,False,Right Foot,Normal,Open Play,False,False,True,2,6,115.0,34.0,120.0,34.4,Off T,0.049363878
6b2bdcc7-b7f4-41cf-8c17-b8c68d12485a,7567,3,770,Germany,5579,Joshua Kimmich,2,53,12,From Corner,103.0,56.0,23.345235059857504,-0.7551044034786732,False,Left Foot,Normal,Open Play,False,False,False,5,7,117.0,41.0,106.0,54.0,Blocked,0.033191342
f82a8019-c55c-4b46-805e-66a93127b816,7567,3,770,Germany,5566,Sami Khedira,2,53,13,From Corner,94.0,52.0,28.635642126552707,-0.43240777557053783,False,Right Foot,Normal,Open Play,False,False,False,3,9,117.0,41.0,102.0,48.0,Blocked,0.022136997
00d6305e-cd2f-495c-b848-207a690cfb0e,7567,3,770,Germany,5574,Toni Kroos,2,60,51,Regular Play,104.0,31.0,18.35755975068582,0.5123894603107377,False,Left Foot,Normal,Open Play,False,False,False,5,6,116.0,40.0,107.0,34.0,Blocked,0.10291238
0f805fbf-1504-447f-937a-136c2181bc74,7567,3,791,South Korea,3083,Heung-Min Son,2,62,6,From Throw In,96.0,42.0,24.08318915758459,-0.08314123188844123,False,Right Foot,Normal,Open Play,False,False,False,4,8,119.0,42.0,120.0,45.4,Off T,0.04893264
f9b5f866-751c-4159-803a-f7aac8aadc57,7567,3,770,Germany,5557,Timo Werner,2,63,37,From Corner,112.0,28.0,14.422205101855956,0.982793723247329,True,Right Foot,Normal,Open Play,False,False,False,5,11,118.0,37.0,120.0,35.2,Off T,0.046130143
04c42f97-3a45-467d-bfab-738f9227252e,7567,3,770,Germany,5565,Mario Gómez García,2,67,34,Regular Play,113.0,39.0,7.0710678118654755,0.14189705460416394,False,Head,Normal,Open Play,False,False,False,5,9,119.0,41.0,119.0,40.3,Saved,0.21808246
4eced1a0-3591-43b8-89dd-41fa492dca90,7567,3,770,Germany,5574,Toni Kroos,2,69,8,From Throw In,94.0,39.0,26.019223662515376,0.03844259002118798,True,Left Foot,Normal,Open Play,False,False,False,6,10,117.0,40.0,120.0,36.8,Off T,0.038651053
5a2a6a68-dd1c-4ddb-a170-58fec9af08b8,7567,3,770,Germany,5565,Mario Gómez García,2,70,49,Regular Play,115.0,43.0,5.830951894845301,-0.5404195002705842,False,Left Foot,Normal,Open Play,False,False,False,4,9,117.0,43.0,115.0,42.0,Blocked,0.18822618
f2de6e57-9a9f-451a-8c1e-0c5e7df2ecf6,7567,3,791,South Korea,3083,Heung-Min Son,2,77,45,From Keeper,102.0,29.0,21.095023109728988,0.5485494024505281,False,Right Foot,Normal,Open Play,False,False,False,3,6,118.0,40.0,120.0,34.6,Off T,0.06689221
b429cdcf-4099-4f15-b1de-da07b8780fcf,7567,3,770,Germany,5562,Thomas Müller,2,81,46,Regular Play,112.0,44.0,8.94427190999916,-0.4636476090008061,True,Head,Normal,Open Play,False,True,False,6,9,117.0,42.0,120.0,33.9,Off T,0.1887936
16271642-e59b-4652-ba6d-9cbf35d33ce1,7567,3,770,Germany,5559,Marco Reus,2,82,44,Regular Play,97.0,54.0,26.92582403567252,-0.5467888408892474,False,Right Foot,Normal,Open Play,False,False,False,5,9,118.0,41.0,120.0,35.0,Off T,0.026506644
5c10f241-14bf-46ad-88cf-d649b7ff627f,7567,3,770,Germany,5555,Julian Brandt,2,83,52,From Free Kick,109.0,29.0,15.556349186104045,0.7853981633974483,False,Right Foot,Normal,Open Play,False,False,False,5,9,117.0,39.0,111.0,30.0,Blocked,0.13213639
67eebb52-c31d-4f55-a41f-bdd44c4c6e91,7567,3,770,Germany,5574,Toni Kroos,2,83,56,From Free Kick,95.0,33.0,25.96150997149434,0.2730087030867106,False,Right Foot,Normal,Open Play,False,False,False,7,10,116.0,38.0,120.0,42.4,Off T,0.027463825
66ad5037-e928-4446-b071-9d2c0c6ac370,7567,3,770,Germany,5572,Mats Hummels,2,86,25,Regular Play,112.0,39.0,8.06225774829855,0.12435499454676144,False,Other,Normal,Open Play,False,False,False,6,9,117.0,40.0,120.0,42.0,Off T,0.17120185
66e455ad-2411-4d2c-b648-2eca3880ba94,7567,3,770,Germany,5574,Toni Kroos,2,87,40,Regular Play,98.0,41.0,22.02271554554524,-0.04542327942157701,False,Right Foot,Normal,Open Play,False,False,False,6,8,117.0,40.0,117.0,37.4,Saved,0.045900352
4683af95-db4a-434b-ae91-f763f9f7d8ae,7567,3,791,South Korea,5618,Woo-Young Jung,2,88,11,Regular Play,86.0,39.0,34.0147027033899,0.029403288204005115,False,Right Foot,Normal,Open Play,False,False,False,5,8,119.0,41.0,118.0,43.4,Saved,0.01863953
5aff300b-674a-4f5d-9b75-273bb391bf77,7567,3,791,South Korea,5623,Jae-Sung Lee,2,89,8,From Counter,98.0,42.0,22.090722034374522,-0.09065988720074511,True,Left Foot,Normal,Open Play,False,False,False,2,4,119.0,41.0,100.0,41.0,Blocked,0.037488606
e218ccdc-f5f8-4682-93a7-2acaf3011fc4,7567,3,791,South Korea,5604,Young-Gwon Kim,2,91,9,From Corner,115.0,42.0,5.385164807134504,-0.3805063771123649,False,Left Foot,Normal,Open Play,False,False,False,4,8,118.0,42.0,120.0,42.6,Goal,0.47288835
a13afd21-aaa9-4fc1-a37c-b1fd6e2d57f6,7567,3,770,Germany,5562,Thomas Müller,2,94,25,From Throw In,108.0,36.0,12.649110640673518,0.3217505543966422,False,Head,Normal,Open Play,False,False,False,5,7,117.0,39.0,113.0,49.0,Wayward,0.11065246
c87f4455-2d96-49d7-acc9-36900ad5961c,7567,3,770,Germany,5572,Mats Hummels,2,94,27,From Throw In,115.0,47.0,8.602325267042627,-0.9505468408120752,False,Head,Normal,Open Play,False,False,False,3,6,117.0,43.0,120.0,36.6,Off T,0.08714318
3c34f7d3-fa15-4e0f-8a61-ba27dfa4e79a,7567,3,791,South Korea,3083,Heung-Min Son,2,95,53,From Counter,116.0,32.0,8.94427190999916,1.1071487177940904,False,Left Foot,Normal,Open Play,True,False,True,0,2,62.0,41.0,120.0,44.0,Goal,0.92262584
f14d5117-2bad-4b07-998d-cfb603276083,7567,3,770,Germany,5562,Thomas Müller,2,97,28,From Kick Off,99.0,35.0,21.587033144922902,0.23374318086890142,False,Right Foot,Normal,Open Play,False,False,False,5,7,116.0,39.0,104.0,39.0,Blocked,0.041539717
d22ab810-71d5-410d-8344-f278a548750d,7567,3,770,Germany,5555,Julian Brandt,2,97,39,From Kick Off,102.0,49.0,20.12461179749811,-0.4636476090008061,False,Right Foot,Normal,Open Play,False,False,False,7,10,117.0,40.0,118.0,37.2,Saved,0.08329194
eb587e16-785a-4901-b977-ccd841c27293,7567,3,770,Germany,5572,Mats Hummels,2,98,7,From Throw In,106.0,35.0,14.866068747318506,0.3430239404207034,False,Left Foot,Normal,Open Play,False,False,False,6,8,117.0,38.0,108.0,35.0,Blocked,0.070449255
acc237fe-a583-497f-9565-21a350fee06b,7567,3,770,Germany,5572,Mats Hummels,2,98,41,From Corner,113.0,39.0,7.0710678118654755,0.14189705460416394,False,Head,Normal,Open Play,False,False,False,8,10,117.0,39.0,120.0,37.0,Off T,0.1440755
3ff93601-741b-42a7-b0dd-c2079e07130a,7541,3,778,Japan,5679,Yūya Ōsako,1,2,45,Regular Play,104.0,48.0,17.88854381999832,-0.4636476090008061,True,Left Foot,Normal,Open Play,False,False,False,1,6,111.0,44.0,111.0,40.7,Saved,0.3376846
c3804e81-227a-4dd4-ba7c-2a9f54ec4ad8,7541,3,778,Japan,5684,Shinji Kagawa,1,2,46,Regular Play,103.0,39.0,17.029386365926403,0.058755822715722696,False,Left Foot,Half Volley,Open Play,True,False,False,3,6,111.0,41.0,108.0,38.0,Blocked,0.23730883
38891c42-f0d5-429a-9bbc-9d804d53ee8b,7541,3,778,Japan,5684,Shinji Kagawa,1,5,15,Other,108.0,40.0,12.0,0.0,False,Right Foot,Normal,Penalty,False,False,False,0,0,,,119.0,41.5,Goal,0.7835
b60caccc-2a43-4d5f-b0f2-293cc272ba4b,7541,3,769,Colombia,3445,Radamel Falcao García Zárate,1,11,32,From Free Kick,112.0,43.0,8.54400374531753,-0.35877067027057225,False,Left Foot,Volley,Open Play,True,False,False,5,9,119.0,41.0,119.0,42.6,Saved,0.24035126
d66a1817-7e91-4248-afc5-c6eadb52f5b1,7541,3,778,Japan,5687,Takashi Inui,1,14,29,Regular Play,108.0,30.0,15.620499351813308,0.6947382761967031,False,Right Foot,Normal,Open Play,True,False,False,4,7,118.0,37.0,120.0,45.4,Off T,0.14577667
e80e2b46-6294-46e3-9236-4274ab56a88d,7541,3,769,Colombia,5692,Juan Fernando Quintero Paniagua,1,15,12,Regular Play,93.0,49.0,28.460498941515414,-0.3217505543966422,False,Left Foot,Normal,Open Play,True,False,False,5,8,119.0,41.0,103.0,45.0,Blocked,0.022535361
05214bdb-3cf7-4612-8e22-72d95b06febc,7541,3,769,Colombia,5680,Oscar Fabián Murillo Murillo,1,25,12,From Corner,110.0,34.0,11.661903789690601,0.5404195002705842,True,Head,Normal,Open Play,False,True,False,5,10,119.0,41.0,116.0,37.0,Wayward,0.10747917
b983197c-0caa-476f-bb13-1f46eec6320a,7541,3,769,Colombia,5689,Juan Guillermo Cuadrado Bello,1,25,26,From Corner,101.0,60.0,27.586228448267445,-0.8110335719191258,False,Right Foot,Normal,Open Play,False,False,False,6,11,119.0,44.0,107.0,54.0,Blocked,0.008843584
4d8ca28c-6c1a-413b-bf6d-3fa418c02fbf,7541,3,778,Japan,5679,Yūya Ōsako,1,31,19,From Throw In,112.0,26.0,16.1245154965971,1.0516502125483738,False,Right Foot,Normal,Open Play,False,False,False,3,7,117.0,35.0,115.0,79.0,Wayward,0.06617878
b604cb85-2a45-4d29-aa5e-db9b70c1e90c,7541,3,769,Colombia,3445,Radamel Falcao García Zárate,1,33,32,Regular Play,109.0,45.0,12.083045973594572,-0.4266274931268761,False,Right Foot,Volley,Open Play,True,False,False,2,8,119.0,42.0,118.0,42.8,Saved,0.14382575
e10c104c-b69f-46fc-92de-c5a30a008be9,7541,3,769,Colombia,5692,Juan Fernando Quintero Paniagua,1,38,10,From Free Kick,100.0,60.0,28.284271247461902,-0.7853981633974483,False,Left Foot,Normal,Free Kick,False,False,False,6,11,120.0,41.0,120.0,44.0,Goal,0.010644076
053dcbaa-de1c-4ccf-a67e-680c4e29416e,7541,3,778,Japan,5679,Yūya Ōsako,2,53,19,Regular Play,117.0,30.0,10.44030650891055,1.2793395323170296,False,Left Foot,Normal,Open Play,False,False,False,2,6,119.0,38.0,120.0,36.8,Saved,0.083701745
65c963f8-76a8-4236-9e48-c0dbb35b90eb,7541,3,778,Japan,5687,Takashi Inui,2,56,21,Regular Play,106.0,28.0,18.439088914585774,0.7086262721276703,False,Right Foot,Normal,Open Play,False,False,False,3,7,120.0,40.0,119.0,43.8,Saved,0.060330503
4dc1e2f7-80b7-42ed-8ae6-bff8d3015119,7541,3,778,Japan,3300,Maya Yoshida,2,58,53,From Free Kick,113.0,39.0,7.0710678118654755,0.14189705460416394,True,Head,Normal,Open Play,False,True,False,5,10,120.0,41.0,120.0,35.2,Off T,0.120759696
7406f169-6e3b-42b4-848a-b6f592681fb6,7541,3,778,Japan,3530,Hiroki Sakai,2,60,30,From Free Kick,110.0,57.0,19.72308292331602,-1.039072259536091,False,Right Foot,Half Volley,Open Play,False,False,False,3,6,119.0,45.0,120.0,31.7,Off T,0.012992266
90fc6764-09f4-44cd-b996-af7c4c6d0466,7541,3,778,Japan,5687,Takashi Inui,2,65,17,From Free Kick,105.0,25.0,21.213203435596427,0.7853981633974483,True,Right Foot,Normal,Open Play,False,False,False,4,8,119.0,39.0,113.0,33.0,Blocked,0.050535332
abe3b4a7-92f9-443d-98d3-9c18e87b51d3,7541,3,778,Japan,5683,Keisuke Honda,2,70,43,Regular Play,96.0,60.0,31.240998703626616,-0.6947382761967031,False,Left Foot,Normal,Open Play,False,False,False,6,9,120.0,43.0,120.0,44.0,Saved,0.008464088
713644da-da24-4719-b1b1-295ff8fafb0f,7541,3,778,Japan,3530,Hiroki Sakai,2,72,0,From Throw In,114.0,49.0,10.816653826391969,-0.982793723247329,False,Right Foot,Normal,Open Play,True,False,False,4,8,120.0,44.0,116.0,45.0,Blocked,0.09609399
2fbce3e7-faac-4105-bdf2-dd87b900ba60,7541,3,778,Japan,5679,Yūya Ōsako,2,72,39,From Corner,117.0,39.0,3.1622776601683795,0.3217505543966422,True,Head,Normal,Open Play,False,True,False,6,10,118.0,41.0,119.0,44.0,Goal,0.1866343
71aac172-55cd-47b0-9c82-9b019ffb7cf0,7541,3,769,Colombia,5695,James David Rodríguez Rubio,2,77,20,From Corner,112.0,54.0,16.1245154965971,-1.0516502125483738,False,Left Foot,Normal,Open Play,False,False,False,5,9,118.0,43.0,114.0,50.0,Blocked,0.060488213
d1ed41f7-9e6a-49c5-b55f-191cc91e6d96,7541,3,769,Colombia,5678,Jefferson Andrés Lerma Solís,2,77,34,From Corner,113.0,47.0,9.899494936611665,-0.7853981633974483,False,Other,Normal,Open Play,False,False,False,5,11,119.0,40.0,112.0,33.0,Wayward,0.056293465
fe5fa7dd-742c-4e4e-af60-4f404d4252da,7541,3,769,Colombia,5688,Carlos Arturo Bacca Ahumada,2,77,38,From Corner,109.0,31.0,14.212670403551895,0.6857295109062863,False,Right Foot,Normal,Open Play,False,False,False,5,11,118.0,38.0,110.0,32.0,Blocked,0.07248526
84cdad8f-3e9f-42e6-9898-03ab141404b0,7541,3,769,Colombia,5680,Oscar Fabián Murillo Murillo,2,77,46,From Corner,111.0,42.0,9.219544457292887,-0.21866894587394195,False,Head,Normal,Open Play,False,False,False,5,9,118.0,40.0,117.0,46.0,Wayward,0.08330989
57fcdb5b-8bed-4019-af55-ee0039f75dcd,7541,3,778,Japan,5679,Yūya Ōsako,2,81,20,Regular Play,108.0,43.0,12.36931687685298,-0.24497866312686414,False,Head,Normal,Open Play,False,False,False,5,7,119.0,41.0,120.0,16.0,Wayward,0.13071316
39df37f7-1ead-4fc4-ad48-6f012fd184eb,8655,3,782,Belgium,3621,Eden Hazard,1,14,59,Regular Play,109.0,23.0,20.248456731316587,0.9964914966201949,True,Left Foot,Normal,Open Play,False,False,False,3,8,119.0,39.0,120.0,46.3,Off T,0.02582844
21a5c483-c59e-40e9-a0e3-9ec5b2fb74d8,8655,3,771,France,4375,Blaise Matuidi,1,17,45,From Throw In,92.0,38.0,28.071337695236398,0.07130746478529032,False,Left Foot,Half Volley,Open Play,True,False,False,7,10,117.0,40.0,117.0,38.1,Saved,0.024187952
151dbc9c-d5a5-4db5-8362-15b31dfb0132,8655,3,782,Belgium,3621,Eden Hazard,1,18,32,Regular Play,107.0,21.0,23.021728866442675,0.9707461133931431,True,Right Foot,Normal,Open Play,False,False,False,5,10,119.0,39.0,116.0,39.0,Blocked,0.012269703
efee3915-85a3-4935-9d1c-718b4433232c,8655,3,782,Belgium,20005,Toby Alderweireld,1,21,0,From Corner,105.0,41.0,15.033296378372908,-0.06656816377582381,False,Left Foot,Normal,Open Play,False,False,False,5,10,119.0,40.0,119.0,36.6,Saved,0.103834964
b451fbff-fc48-4ca8-8508-c0609275ace4,8655,3,771,France,3604,Olivier Giroud,1,22,41,Regular Play,103.0,48.0,18.788294228055936,-0.4398425828157362,False,Left Foot,Normal,Open Play,True,False,False,3,6,113.0,40.0,120.0,46.1,Off T,0.27923512
76c4d931-d426-44f0-9b99-c4421aa7b12b,8655,3,771,France,3604,Olivier Giroud,1,30,31,From Free Kick,108.0,44.0,12.649110640673518,-0.3217505543966422,False,Head,Normal,Open Play,False,False,False,6,10,118.0,40.0,120.0,46.1,Off T,0.08539717
980b8db5-ed51-474b-b5fc-7a77be87d365,8655,3,771,France,3604,Olivier Giroud,1,31,51,Regular Play,107.0,32.0,15.264337522473747,0.5516549825285468,False,Left Foot,Normal,Open Play,True,False,False,2,7,117.0,37.0,111.0,30.0,Wayward,0.13975486
8e613f4d-0ea1-44be-8444-22acafe365f5,8655,3,771,France,5487,Antoine Griezmann,1,32,8,Regular Play,98.0,30.0,24.166091947189145,0.4266274931268761,False,Right Foot,Normal,Open Play,False,False,False,6,9,118.0,38.0,120.0,43.4,Off T,0.039881397
7818dffb-e8ad-4cb0-8aeb-2daf959cac3b,8655,3,771,France,3604,Olivier Giroud,1,33,12,Regular Play,109.0,36.0,11.704699910719626,0.348771003583907,True,Left Foot,Normal,Open Play,True,False,False,1,5,119.0,39.0,120.0,48.1,Off T,0.16416734
3428971a-0f7b-4ebc-9c6c-64b7a7f10c4a,8655,3,771,France,5487,Antoine Griezmann,1,36,5,From Counter,91.0,32.0,30.083217912982647,0.26916749278570046,False,Left Foot,Normal,Open Play,False,False,False,3,8,116.0,39.0,120.0,46.9,Off T,0.026532186
4b50f542-6cba-4d21-8168-526b7451ce70,8655,3,771,France,5487,Antoine Griezmann,1,38,42,Regular Play,96.0,50.0,26.0,-0.3947911196997615,False,Left Foot,Normal,Open Play,False,False,False,4,10,118.0,40.0,100.0,45.0,Blocked,0.028874304
9d38c34c-38e0-4bb7-9bcb-9c835ec95cec,8655,3,771,France,5476,Benjamin Pavard,1,38,58,Regular Play,114.0,53.0,14.317821063276353,-1.1383885512243588,False,Right Foot,Normal,Open Play,True,False,False,3,9,117.0,47.0,117.0,37.4,Saved,0.07446188
9b3cc773-60d0-4ee4-9d79-f4e314c3c4f0,8655,3,771,France,4375,Blaise Matuidi,1,41,10,Regular Play,105.0,30.0,18.027756377319946,0.5880026035475675,True,Head,Normal,Open Play,False,True,False,4,9,116.0,39.0,109.0,32.0,Wayward,0.10427744
c06970e9-af12-4136-b4e0-aa3badf4dd7d,8655,3,771,France,5487,Antoine Griezmann,1,44,10,From Free Kick,96.0,57.0,29.410882339705484,-0.6162969373960713,False,Left Foot,Normal,Free Kick,False,False,False,5,11,118.0,39.0,102.0,53.0,Blocked,0.028889349
22ac93e6-7174-4243-bd48-5af7880a8cd8,8655,3,782,Belgium,3289,Romelu Lukaku Menama,2,47,0,Regular Play,111.0,40.0,9.0,0.0,True,Head,Normal,Open Play,False,True,False,4,8,119.0,40.0,120.0,39.9,Off T,0.1676629
819aad8a-b330-441b-8a33-3e222037614b,8655,3,771,France,3604,Olivier Giroud,2,50,2,Regular Play,107.0,31.0,15.811388300841896,0.6055446636049701,False,Right Foot,Normal,Open Play,False,False,False,4,9,119.0,40.0,109.0,33.0,Blocked,0.09775021
b1ecf32d-9637-4609-80ea-43829c63f633,8655,3,771,France,5492,Samuel Yves Umtiti,2,50,35,From Corner,118.0,47.0,7.280109889280518,-1.2924966677897853,True,Head,Normal,Open Play,False,True,False,5,9,119.0,44.0,120.0,43.6,Goal,0.0802673
f541a8b8-2c33-44c5-8721-f727c9275c46,8655,3,771,France,4375,Blaise Matuidi,2,55,37,Regular Play,99.0,30.0,23.259406699226016,0.4444192099010989,False,Left Foot,Normal,Open Play,False,False,False,1,6,119.0,41.0,102.0,31.0,Blocked,0.05599482
7e2c60e5-7470-4c06-bdca-fb41e70f1aa8,8655,3,771,France,3604,Olivier Giroud,2,55,48,Regular Play,112.0,34.0,10.0,0.6435011087932844,False,Left Foot,Normal,Open Play,False,False,False,3,6,116.0,38.0,113.0,35.0,Blocked,0.10079972
f1d24132-cd29-4e10-abe9-29080dfd2ddb,8655,3,782,Belgium,20005,Toby Alderweireld,2,57,26,Regular Play,93.0,60.0,33.60059523282288,-0.6375487981386927,False,Right Foot,Normal,Open Play,False,False,False,4,9,117.0,41.0,120.0,41.9,Off T,0.006324989
4658a216-e856-4a39-bbc9-c4dae7149207,8655,3,782,Belgium,3089,Kevin De Bruyne,2,60,47,Regular Play,107.0,38.0,13.152946437965905,0.15264932839526515,False,Right Foot,Volley,Open Play,False,False,False,4,8,118.0,40.0,117.0,39.0,Wayward,0.07526151
06ec204a-3764-486f-ad62-61b73f06f39b,8655,3,782,Belgium,3296,Marouane Fellaini-Bakkioui,2,64,32,From Throw In,108.0,40.0,12.0,0.0,False,Head,Normal,Open Play,False,False,False,3,9,118.0,40.0,120.0,45.4,Off T,0.12076645
66e5303a-0c6d-4453-9558-59739da9ba87,8655,3,771,France,3604,Olivier Giroud,2,66,56,Regular Play,100.0,32.0,21.540659228538015,0.3805063771123649,False,Left Foot,Normal,Open Play,True,False,False,3,6,119.0,40.0,120.0,34.6,Off T,0.047261972
b4b1b3a4-5292-4764-8d34-2d3179fc8f8d,8655,3,782,Belgium,3089,Kevin De Bruyne,2,75,14,From Free Kick,95.0,34.0,25.709920264364882,0.23554498072086333,False,Left Foot,Normal,Open Play,False,False,False,5,10,118.0,39.0,120.0,34.0,Off T,0.037019253
5d5902c6-8435-4963-b632-fa299a32f7c9,8655,3,771,France,20004,Paul Pogba,2,78,19,From Free Kick,108.0,42.0,12.165525060596439,-0.16514867741462683,False,Head,Normal,Open Play,False,False,False,4,9,119.0,42.0,120.0,33.9,Off T,0.06375324
69f92aa4-46a6-48f4-837e-97d9e00b1b3d,8655,3,782,Belgium,5642,Axel Witsel,2,80,40,Regular Play,91.0,27.0,31.78049716414141,0.4214192068878042,False,Right Foot,Normal,Open Play,False,False,False,5,10,118.0,40.0,119.0,41.9,Saved,0.017900085
eae60c90-3194-4775-ad28-63486caee562,8655,3,771,France,5487,Antoine Griezmann,2,92,22,Regular Play,103.0,46.0,18.027756377319946,-0.3392926144540447,False,Right Foot,Normal,Open Play,True,False,False,3,6,118.0,42.0,116.0,37.2,Saved,0.084246874
063d029f-0862-4261-a15b-e381ed149ef7,8655,3,771,France,5480,Corentin Tolisso,2,95,16,From Throw In,107.0,31.0,15.811388300841896,0.6055446636049701,False,Left Foot,Normal,Open Play,False,False,False,3,6,118.0,40.0,116.0,44.0,Saved,0.15595363
d135f977-866b-4f88-a4a2-d3aaa36fd5f9,8657,3,782,Belgium,3176,Thomas Meunier,1,3,37,Regular Play,113.0,41.0,7.0710678118654755,-0.14189705460416394,False,Right Foot,Volley,Open Play,True,False,False,2,6,118.0,40.0,120.0,41.9,Goal,0.31685346
b477bf51-99dc-4fd0-a476-4a4a9d77c4a2,8657,3,768,England,3233,Raheem Sterling,1,11,0,From Throw In,100.0,53.0,23.853720883753127,-0.5763752205911837,False,Left Foot,Normal,Open Play,False,False,False,5,8,117.0,43.0,101.0,53.0,Blocked,0.044181537
2547ea6d-de92-4725-ad8c-b1e998ebf086,8657,3,782,Belgium,3089,Kevin De Bruyne,1,11,16,Regular Play,108.0,29.0,16.278820596099706,0.7419472680059175,False,Right Foot,Normal,Open Play,False,False,False,3,8,118.0,38.0,119.0,39.5,Saved,0.05882345
971bdc50-acbb-4016-a50a-77f5ce49c7bb,8657,3,768,England,4597,Fabian Delph,1,13,42,Regular Play,91.0,31.0,30.364452901377952,0.3009202343604251,False,Right Foot,Normal,Open Play,False,False,False,4,8,118.0,41.0,119.0,41.1,Saved,0.036182866
773c75d4-3991-4870-b14c-ecb33706eebb,8657,3,768,England,3504,Ruben Loftus-Cheek,1,14,24,From Throw In,108.0,45.0,13.0,-0.3947911196997615,False,Head,Normal,Open Play,False,False,False,4,8,118.0,42.0,119.0,40.1,Saved,0.15455301
aa02a597-c36a-42db-a837-d210c8a5b41c,8657,3,768,England,3336,Harry Maguire,1,19,27,From Corner,108.0,37.0,12.36931687685298,0.24497866312686414,True,Head,Normal,Open Play,False,True,False,5,9,120.0,41.0,119.0,40.1,Saved,0.057117913
141435b1-42b8-4184-aa8c-b1399ef4458f,8657,3,768,England,10955,Harry Kane,1,22,59,Regular Play,104.0,41.0,16.0312195418814,-0.06241880999595735,False,Right Foot,Normal,Open Play,True,False,False,1,5,119.0,41.0,120.0,33.7,Off T,0.09063098
740a6290-81a7-45db-9a09-f921443caddc,8657,3,768,England,3233,Raheem Sterling,1,23,52,From Throw In,97.0,29.0,25.495097567963924,0.44610554894340365,False,Right Foot,Normal,Open Play,False,False,False,4,7,119.0,40.0,120.0,48.9,Off T,0.03685726
071f2c6a-fb43-42cb-ba48-1288317c7add,8657,3,782,Belgium,2954,Youri Tielemans,1,29,10,Regular Play,97.0,40.0,23.0,0.0,False,Right Foot,Normal,Open Play,True,False,False,4,8,119.0,39.0,100.0,40.0,Blocked,0.04268021
258f4566-8e0a-40ec-8518-e0d395610ecd,8657,3,782,Belgium,3621,Eden Hazard,1,33,34,Regular Play,106.0,51.0,17.804493814764857,-0.6659692373791098,False,Right Foot,Normal,Open Play,False,False,False,4,7,119.0,41.0,108.0,48.0,Blocked,0.081707664
f923b747-0da5-4118-a404-8804e8c04404,8657,3,782,Belgium,2954,Youri Tielemans,1,34,11,From Corner,96.0,43.0,24.186773244895647,-0.12435499454676144,False,Right Foot,Half Volley,Open Play,True,False,False,6,10,119.0,40.0,110.0,34.0,Wayward,0.033672128
c2503ad0-5c6f-42cc-b5ae-8dac1a4697bf,8657,3,782,Belgium,20005,Toby Alderweireld,1,34,13,From Corner,110.0,34.0,11.661903789690601,0.5404195002705842,False,Right Foot,Volley,Open Play,False,False,False,5,10,118.0,38.0,120.0,38.3,Off T,0.12817407
f54fcfc4-73f8-4667-add9-5492644ac100,8657,3,782,Belgium,3089,Kevin De Bruyne,1,44,26,From Throw In,104.0,52.0,20.0,-0.6435011087932844,False,Right Foot,Normal,Open Play,False,False,False,2,6,118.0,41.0,106.0,50.0,Blocked,0.052199118
ef72f153-f1ca-4a3e-ba48-b6dc33b27da1,8657,3,782,Belgium,3289,Romelu Lukaku Menama,1,46,45,From Counter,104.0,30.0,18.867962264113206,0.5585993153435624,False,Left Foot,Normal,Open Play,False,False,False,0,5,117.0,38.0,106.0,30.0,Blocked,0.08785192
03bef4c6-46da-458b-bcc9-e59191fc6336,8657,3,768,England,3293,Jesse Lingard,2,53,52,From Throw In,109.0,54.0,17.804493814764857,-0.9048270894157867,True,Right Foot,Half Volley,Open Play,True,False,False,2,10,118.0,42.0,120.0,33.5,Off T,0.051518958
1fec87f3-4b2a-4c12-89a3-5e4378bdfabe,8657,3,768,England,3293,Jesse Lingard,2,55,7,From Throw In,107.0,58.0,22.20360331117452,-0.9453112865556675,False,Right Foot,Normal,Open Play,False,False,False,4,8,118.0,42.0,109.0,58.0,Blocked,0.010714026
eb6bb17e-5132-4cb0-ad0f-98b809fcfefa,8657,3,768,England,10955,Harry Kane,2,65,14,From Corner,100.0,48.0,21.540659228538015,-0.3805063771123649,False,Right Foot,Volley,Open Play,True,False,False,6,9,119.0,40.0,112.0,31.0,Wayward,0.03272615
629c026d-3177-49c7-8af1-a27c05e18707,8657,3,768,England,10956,Eric Dier,2,68,1,Regular Play,94.0,50.0,27.85677655436824,-0.3671738338182192,True,Right Foot,Normal,Open Play,False,False,False,4,9,117.0,41.0,118.0,36.6,Saved,0.033268016
a4855c0f-f40c-470c-b6bc-2ed4aa47fc2f,8657,3,768,England,10956,Eric Dier,2,69,24,From Goal Kick,112.0,50.0,12.806248474865697,-0.8960553845713439,False,Right Foot,Lob,Open Play,False,False,False,3,7,114.0,49.0,119.0,42.0,Blocked,0.44786552
e7172b08-3cc2-407b-9736-54f4ea80914a,8657,3,768,England,3336,Harry Maguire,2,69,58,From Corner,110.0,40.0,10.0,0.0,False,Head,Normal,Open Play,False,False,False,5,9,119.0,40.0,120.0,32.5,Off T,0.09484852
dafec3c4-cfda-446d-acb9-4552f5bb7395,8657,3,768,England,10956,Eric Dier,2,72,34,Regular Play,109.0,43.0,11.40175425099138,-0.2662520491509254,False,Head,Normal,Open Play,False,False,False,4,9,118.0,41.0,120.0,34.6,Off T,0.10776293
402e05ea-4a3e-4035-8008-6dec7c6a7f60,8657,3,768,England,3336,Harry Maguire,2,73,36,From Free Kick,111.0,33.0,11.40175425099138,0.6610431688506869,True,Head,Normal,Open Play,False,True,False,5,10,118.0,39.0,120.0,35.2,Off T,0.11155334
46adca72-fd1b-4ebd-a30c-a6a3467ee4d2,8657,3,782,Belgium,5630,Dries Mertens,2,75,25,From Counter,104.0,30.0,18.867962264113206,0.5585993153435624,False,Right Foot,Normal,Open Play,False,False,False,2,5,119.0,40.0,120.0,46.9,Off T,0.10808491
08946104-73c3-48f0-95b5-0a1284178db7,8657,3,782,Belgium,3176,Thomas Meunier,2,79,9,Regular Play,109.0,55.0,18.601075237738275,-0.9380474917927135,False,Right Foot,Volley,Open Play,True,False,False,3,6,119.0,44.0,119.0,36.8,Saved,0.05185313
34cd7ccd-ce3e-4b67-9854-d1f76eb64b4e,8657,3,768,England,3318,Marcus Rashford,2,79,52,Regular Play,99.0,23.0,27.018512172212592,0.6805212246672144,False,Right Foot,Normal,Open Play,False,False,False,4,10,117.0,38.0,119.0,37.2,Saved,0.025575599
3f50ee12-f1f2-4f66-be5d-32467f9c0dd1,8657,3,782,Belgium,3621,Eden Hazard,2,81,27,Regular Play,112.0,35.0,9.433981132056603,0.5585993153435624,False,Right Foot,Normal,Open Play,False,False,False,2,6,117.0,39.0,120.0,36.6,Goal,0.3587584
34804c8c-bbf1-451b-b2e0-f65f996eb08a,8652,3,796,Russia,5186,Denis Cheryshev,1,1,29,Regular Play,109.0,56.0,19.4164878389476,-0.9685089806599324,True,Right Foot,Normal,Open Play,False,False,False,2,7,117.0,44.0,111.0,54.0,Blocked,0.05210773
7d158b55-54fe-4ad0-a962-a8f153c1db37,8652,3,796,Russia,5195,Artem Dzyuba,1,4,8,From Throw In,110.0,52.0,15.620499351813308,-0.8760580505981934,False,Right Foot,Volley,Open Play,False,False,False,4,7,118.0,42.0,112.0,50.0,Blocked,0.059003275
9da9242e-df6b-4eee-99ae-e3543fca7a69,8652,3,785,Croatia,5465,Ante Rebić,1,6,14,From Corner,113.0,42.0,7.280109889280518,-0.27829965900511133,False,Head,Normal,Open Play,False,False,False,5,10,120.0,41.0,120.0,37.2,Off T,0.26405528
ecf2b711-57fb-4542-a96c-0a19b6fcab79,8652,3,785,Croatia,5472,Mario Mandžukić,1,10,55,From Free Kick,109.0,43.0,11.40175425099138,-0.2662520491509254,False,Right Foot,Normal,Open Play,True,False,False,5,9,119.0,44.0,118.0,59.0,Wayward,0.13234654
81603693-85f9-4191-b776-5addd5d674f6,8652,3,785,Croatia,5470,Ivan Rakitić,1,15,54,From Free Kick,98.0,23.0,27.80287754891569,0.65788860518221,False,Right Foot,Normal,Free Kick,False,False,False,4,10,120.0,41.0,120.0,36.2,Off T,0.045481052
e0f455ce-3c99-4286-8e57-bea79685b02b,8652,3,785,Croatia,5474,Ivan Perišić,1,27,46,From Throw In,109.0,50.0,14.866068747318506,-0.7378150601204649,False,Head,Normal,Open Play,False,False,False,4,9,120.0,43.0,120.0,33.5,Off T,0.08096986
4cb19a80-d174-412c-ae9a-7b3956b52a36,8652,3,796,Russia,5186,Denis Cheryshev,1,30,48,Regular Play,94.0,34.0,26.68332812825267,0.22679884805388587,False,Left Foot,Normal,Open Play,False,False,False,3,7,114.0,38.0,119.0,36.4,Goal,0.054310873
f10374c3-3279-46c2-bfa3-0cb52e00ebf3,8652,3,785,Croatia,5465,Ante Rebić,1,32,14,From Kick Off,94.0,30.0,27.85677655436824,0.3671738338182192,False,Right Foot,Normal,Open Play,False,False,False,5,9,120.0,41.0,95.0,31.0,Blocked,0.028538551
d304d04c-2a40-43cd-bba4-c97256ca437f,8652,3,785,Croatia,5474,Ivan Perišić,1,33,34,Regular Play,115.0,37.0,5.830951894845301,0.5404195002705842,True,Head,Normal,Open Play,False,True,False,2,6,120.0,40.0,117.0,45.0,Wayward,0.19544125
6f10c68f-19d3-48a5-90e5-75cc751ad736,8652,3,796,Russia,5174,Sergei Ignashevich,1,36,54,From Free Kick,118.0,27.0,13.152946437965905,1.4181469983996315,False,Right Foot,Volley,Open Play,False,False,False,6,8,119.0,36.0,119.0,36.2,Off T,0.013760027
ffe6bbb3-c957-496f-b3d0-7e9fe5da69f2,8652,3,796,Russia,5186,Denis Cheryshev,1,38,28,From Free Kick,115.0,29.0,12.083045973594572,1.1441688336680205,False,Left Foot,Normal,Open Play,False,False,False,2,6,119.0,35.0,120.0,35.4,Off T,0.07732279
cbac40f8-a4ce-42e5-a1b5-fd94f8bb7b41,8652,3,785,Croatia,5460,Andrej Kramarić,1,38,58,Regular Play,113.0,38.0,7.280109889280518,0.27829965900511133,False,Head,Normal,Open Play,False,False,False,3,6,120.0,40.0,120.0,42.2,Goal,0.27280724
f0b4aec7-b1eb-44ee-b402-770afe75cdc5,8652,3,785,Croatia,5463,Luka Modrić,2,49,25,From Free Kick,88.0,53.0,34.539832078341085,-0.38588266939807375,False,Right Foot,Normal,Open Play,False,False,False,7,10,119.0,40.0,120.0,32.7,Off T,0.007953062
99f6b504-199f-428e-b56b-19cb896c56b3,8652,3,785,Croatia,5460,Andrej Kramarić,2,51,18,Regular Play,105.0,40.0,15.0,0.0,False,Right Foot,Overhead Kick,Open Play,True,False,False,4,9,119.0,40.0,119.0,37.0,Saved,0.087689966
8c40c2aa-a076-4f0d-8b65-4342cce534e6,8652,3,785,Croatia,5465,Ante Rebić,2,57,16,Regular Play,97.0,20.0,30.479501308256342,0.7157435896688801,False,Right Foot,Normal,Open Play,False,False,False,6,10,119.0,40.0,120.0,47.3,Off T,0.010444446
aafd42ea-6c2b-4fdf-b251-9fda024fc1da,8652,3,785,Croatia,5474,Ivan Perišić,2,59,7,From Throw In,112.0,44.0,8.94427190999916,-0.4636476090008061,False,Right Foot,Normal,Open Play,False,False,False,4,7,117.0,41.0,120.0,35.8,Post,0.15534396
ad42a898-68ce-409f-a1e7-574e90cbed3e,8652,3,796,Russia,5195,Artem Dzyuba,2,61,12,From Corner,110.0,40.0,10.0,0.0,True,Head,Normal,Open Play,False,True,False,7,11,120.0,41.0,120.0,38.1,Saved,0.053181816
ad29cac4-4309-434e-90d8-12cb13c6f908,8652,3,785,Croatia,5460,Andrej Kramarić,2,62,57,Regular Play,90.0,31.0,31.32091952673165,0.2914567944778671,False,Right Foot,Normal,Open Play,False,False,False,3,10,119.0,39.0,102.0,35.0,Blocked,0.01865522
97d35852-ef56-4df9-990f-0169040dcedb,8652,3,796,Russia,6354,Aleksandr Erokhin,2,71,29,From Free Kick,113.0,44.0,8.06225774829855,-0.5191461142465229,False,Head,Normal,Open Play,False,False,False,5,8,119.0,43.0,120.0,36.8,Off T,0.18855411
148284d9-ab30-4ccf-9154-8d9166511ed5,8652,3,785,Croatia,5463,Luka Modrić,2,75,54,Regular Play,105.0,39.0,15.033296378372908,0.06656816377582381,False,Left Foot,Half Volley,Open Play,False,False,False,3,8,118.0,40.0,108.0,38.0,Blocked,0.10036894
897ebd92-95fd-4ba1-b7ef-d3a362c6bd9f,8652,3,785,Croatia,5461,Šime Vrsaljko,2,75,56,Regular Play,114.0,57.0,18.027756377319946,-1.2315037123408519,False,Right Foot,Half Volley,Open Play,True,False,False,3,8,119.0,42.0,116.0,52.0,Blocked,0.015816402
5d69e6b0-3d5f-4c75-8d40-7e4d8bbb4678,8652,3,785,Croatia,5472,Mario Mandžukić,2,76,48,From Corner,111.0,39.0,9.055385138137417,0.11065722117389565,False,Head,Normal,Open Play,False,False,False,6,11,119.0,40.0,120.0,37.2,Off T,0.10643736
1b1af379-b1e6-400a-a8d3-6cc47ad2cbc4,8652,3,796,Russia,5194,Fyodor Smolov,2,93,29,From Free Kick,117.0,64.0,24.186773244895647,-1.446441332248135,False,Right Foot,Normal,Open Play,False,False,False,3,6,119.0,44.0,119.0,37.2,Saved,0.005061581
b3ee7183-3449-4196-8e64-f54786798f3d,8652,3,785,Croatia,5468,Domagoj Vida,3,100,2,From Corner,110.0,40.0,10.0,0.0,False,Head,Normal,Open Play,False,False,False,6,11,120.0,42.0,120.0,44.0,Goal,0.10867819
f3aeabe2-b9ac-4716-ac70-5684e8fc238d,8652,3,796,Russia,5175,Ilya Kutepov,3,103,38,From Corner,115.0,37.0,5.830951894845301,0.5404195002705842,False,Head,Normal,Open Play,False,False,False,7,11,119.0,39.0,115.0,22.0,Wayward,0.16742577
58a90277-7a84-4a2d-9a35-3561f678f4b9,8652,3,796,Russia,6354,Aleksandr Erokhin,3,104,5,From Corner,114.0,35.0,7.810249675906654,0.6947382761967031,False,Head,Normal,Open Play,False,False,False,8,11,119.0,39.0,120.0,47.1,Off T,0.093245715
904a8623-4899-4c4e-be4d-ede3ff8748d9,8652,3,785,Croatia,3471,Dejan Lovren,4,109,59,From Free Kick,101.0,20.0,27.586228448267445,0.8110335719191258,True,Right Foot,Normal,Open Play,False,False,False,5,11,119.0,37.0,119.0,40.7,Saved,0.00991792
bd8ee9f8-14fa-4671-b7b3-a139b80e3db9,8652,3,796,Russia,5179,Daler Kuzyaev,4,111,3,From Corner,103.0,52.0,20.808652046684813,-0.6146629519221655,False,Right Foot,Volley,Open Play,False,False,False,7,10,115.0,44.0,115.0,41.5,Saved,0.036457207
979bc743-673f-439c-8910-a2b0a5be5054,8652,3,796,Russia,5170,Mário Figueira Fernandes,4,114,11,From Free Kick,114.0,41.0,6.082762530298219,-0.16514867741462683,False,Head,Normal,Open Play,False,False,False,7,11,120.0,41.0,120.0,36.2,Goal,0.24134423
fb99c765-5479-4a2b-92ae-8bf44a4aee56,8652,3,785,Croatia,5463,Luka Modrić,4,116,43,Regular Play,99.0,20.0,29.0,0.7610127542247298,False,Right Foot,Normal,Open Play,False,False,False,5,10,119.0,40.0,120.0,48.7,Off T,0.009529337
120d5762-1aae-47d8-b31e-c47583b3b40b,8652,3,796,Russia,5171,Roman Zobnin,4,118,25,Regular Play,94.0,32.0,27.202941017470888,0.2984989315861793,True,Right Foot,Normal,Open Play,False,False,False,4,9,117.0,40.0,120.0,36.8,Saved,0.029163998
add17168-0255-43e1-8f81-7386b8035924,8652,3,796,Russia,5194,Fyodor Smolov,5,121,11,Other,109.0,41.0,11.045361017187261,-0.09065988720074511,False,Right Foot,Normal,Penalty,False,False,False,0,0,,,119.0,38.1,Saved,0.7835
b6b3b457-02a2-4609-8474-c5f0ba243460,8652,3,785,Croatia,5469,Marcelo Brozović,5,121,57,Other,109.0,41.0,11.045361017187261,-0.09065988720074511,False,Right Foot,Normal,Penalty,False,False,False,0,0,,,120.0,43.6,Goal,0.7835
240479cb-4999-4735-b834-0b7681f1c8bd,8652,3,796,Russia,5180,Alan Dzagoev,5,122,41,Other,109.0,41.0,11.045361017187261,-0.09065988720074511,False,Right Foot,Normal,Penalty,False,False,False,0,0,,,120.0,43.2,Goal,0.7835
0a2972d8-dcff-4635-a6da-57313ae4fc6d,8652,3,785,Croatia,5456,Mateo Kovačić,5,123,24,Other,109.0,41.0,11.045361017187261,-0.09065988720074511,False,Right Foot,Normal,Penalty,False,False,False,0,0,,,120.0,43.8,Saved,0.7835
7ad28bc8-de76-4766-b445-16e543bb606a,8652,3,796,Russia,5170,Mário Figueira Fernandes,5,124,10,Other,109.0,41.0,11.045361017187261,-0.09065988720074511,False,Right Foot,Normal,Penalty,False,False,False,0,1,120.0,41.0,120.0,35.2,Off T,0.7835
b2c7081e-b1c2-42ad-a651-e2a7084dcc1e,8652,3,785,Croatia,5463,Luka Modrić,5,125,8,Other,109.0,41.0,11.045361017187261,-0.09065988720074511,False,Right Foot,Normal,Penalty,False,False,False,0,0,,,119.0,37.6,Goal,0.7835
2cc37884-9168-436c-8adf-cdb9ed15b9e9,8652,3,796,Russia,5174,Sergei Ignashevich,5,125,51,Other,109.0,41.0,11.045361017187261,-0.09065988720074511,False,Right Foot,Normal,Penalty,False,False,False,0,0,,,120.0,37.0,Goal,0.7835
63fa054f-e13b-4f89-9648-d2c014884881,8652,3,785,Croatia,5468,Domagoj Vida,5,126,31,Other,109.0,41.0,11.045361017187261,-0.09065988720074511,False,Right Foot,Normal,Penalty,False,False,False,0,0,,,120.0,36.6,Goal,0.7835
8a2f13f3-f6fc-40fb-8b70-efefcc8bf55b,8652,3,796,Russia,5179,Daler Kuzyaev,5,127,8,Other,109.0,41.0,11.045361017187261,-0.09065988720074511,False,Right Foot,Normal,Penalty,False,False,False,0,0,,,120.0,36.2,Goal,0.7835
57cfec3b-1aa4-4cda-b534-ebf3b5fd8c4c,8652,3,785,Croatia,5470,Ivan Rakitić,5,127,59,Other,109.0,41.0,11.045361017187261,-0.09065988720074511,False,Right Foot,Normal,Penalty,False,False,False,0,0,,,120.0,36.6,Goal,0.7835
8eb6da98-6a14-400c-af94-418c4e5825da,7563,3,771,France,3604,Olivier Giroud,1,14,21,Regular Play,106.0,28.0,18.439088914585774,0.7086262721276703,False,Left Foot,Normal,Open Play,True,False,False,4,9,119.0,39.0,120.0,36.2,Saved,0.08902341
2ea5bdda-c0f2-4487-a836-2352e1792249,7563,3,771,France,5485,Raphaël Varane,1,15,31,From Corner,112.0,42.0,8.246211251235321,-0.24497866312686414,True,Head,Normal,Open Play,False,True,False,6,11,120.0,40.0,120.0,48.1,Off T,0.07222413
c29635b4-5de6-4373-8e4a-6b40f337fcdb,7563,3,771,France,5477,Ousmane Dembélé,1,32,48,Regular Play,99.0,60.0,29.0,-0.7610127542247298,False,Right Foot,Normal,Open Play,False,False,False,5,10,118.0,43.0,120.0,33.3,Off T,0.009843999
45f90dbc-a37f-4c62-b523-9888ac5ca3c6,7563,3,771,France,5487,Antoine Griezmann,1,38,52,Regular Play,101.0,60.0,27.586228448267445,-0.8110335719191258,False,Left Foot,Normal,Open Play,False,False,False,4,8,119.0,42.0,119.0,41.1,Saved,0.010871868
9fc3c995-006f-4e39-a970-b484c86419ff,7563,3,771,France,5477,Ousmane Dembélé,1,44,46,Regular Play,96.0,59.0,30.610455730027933,-0.6696389456766376,False,Left Foot,Normal,Open Play,False,False,False,5,10,119.0,42.0,120.0,39.3,Off T,0.009946421
b2cb2b67-79e3-4998-a41b-3727caa8c05e,7563,3,776,Denmark,3043,Christian Dannemann Eriksen,1,46,15,Regular Play,95.0,51.0,27.313000567495326,-0.4145068745847859,False,Right Foot,Normal,Open Play,False,False,False,3,9,118.0,40.0,100.0,52.0,Blocked,0.019755723
d10be77e-96fd-4a34-a4e9-49c100a413cf,7563,3,771,France,5487,Antoine Griezmann,2,50,39,From Free Kick,92.0,53.0,30.870698080866262,-0.4346702151492448,True,Left Foot,Normal,Open Play,False,False,False,3,8,117.0,40.0,119.0,43.8,Saved,0.021117477
f558d102-3f14-40ca-bba4-72aa2fc6e960,7563,3,776,Denmark,3043,Christian Dannemann Eriksen,2,53,37,From Free Kick,81.0,44.0,39.20459156782532,-0.10220671810725354,False,Right Foot,Normal,Free Kick,False,False,False,8,11,118.0,41.0,119.0,38.9,Saved,0.008512876
332bfc90-66c2-4920-8f32-7cf7643e5483,7563,3,771,France,3245,Thomas Lemar,2,54,27,From Keeper,92.0,40.0,28.0,0.0,False,Left Foot,Normal,Open Play,False,False,False,3,9,119.0,40.0,97.0,40.0,Blocked,0.026648624
ff0f502c-67ab-4e89-8c9e-8157d8f2ae02,7563,3,776,Denmark,3043,Christian Dannemann Eriksen,2,58,16,Regular Play,101.0,37.0,19.235384061671343,0.15660187698201536,False,Right Foot,Half Volley,Open Play,True,False,False,5,10,120.0,41.0,120.0,34.4,Off T,0.07888575
ec31c99e-5cd2-4850-a533-adca581709fd,7563,3,776,Denmark,6303,Viktor Fischer,2,62,23,From Corner,91.0,33.0,29.832867780352597,0.23684876094692026,False,Left Foot,Normal,Open Play,False,False,False,7,10,119.0,42.0,111.0,35.0,Blocked,0.026548343
3712cbd9-f633-440d-9755-24f7420bd846,7563,3,776,Denmark,4763,Henrik Dalsgaard,2,65,58,From Throw In,104.0,66.0,30.528675044947494,-1.0191413442663497,False,Left Foot,Normal,Open Play,False,False,False,7,10,119.0,44.0,113.0,49.0,Blocked,0.0052553928
3d89ac99-91fc-4c19-8b38-6904b5b36801,7563,3,771,France,2948,Nabil Fekir,2,69,29,Regular Play,101.0,19.0,28.319604517012593,0.8353565591193911,True,Left Foot,Normal,Open Play,False,False,False,5,9,118.0,38.0,120.0,35.4,Off T,0.009661348
6bdcd88f-1850-4bce-9673-ebefc59bd67b,7563,3,771,France,3604,Olivier Giroud,2,73,33,From Throw In,108.0,33.0,13.892443989449804,0.5280744484263596,True,Head,Normal,Open Play,False,False,False,4,9,118.0,37.0,120.0,49.1,Off T,0.09807604
70580fc2-0a92-433c-b39e-950ea2d57ca8,7563,3,771,France,3604,Olivier Giroud,2,78,28,From Throw In,102.0,54.0,22.80350850198276,-0.6610431688506869,False,Left Foot,Half Volley,Open Play,False,False,False,4,9,118.0,40.0,120.0,36.6,Off T,0.03951678
75ec6116-5a6b-4ece-aee4-ab34429a025a,7563,3,771,France,2948,Nabil Fekir,2,81,52,From Free Kick,96.0,49.0,25.632011235952593,-0.35877067027057225,False,Left Foot,Normal,Open Play,False,False,False,7,11,118.0,40.0,117.0,37.0,Saved,0.031210398
38a71ec8-3540-4ae7-942f-42f5a66ca0fe,7556,3,787,Senegal,3404,Youssouf Sabaly,1,5,14,From Corner,87.0,40.0,33.0,0.0,False,Right Foot,Normal,Open Play,False,False,False,8,11,118.0,40.0,120.0,37.6,Off T,0.018103616
9bd710ca-80df-4933-8384-ebc20fafacb5,7556,3,787,Senegal,3404,Youssouf Sabaly,1,10,54,From Throw In,110.0,23.0,19.72308292331602,1.039072259536091,False,Right Foot,Normal,Open Play,False,False,False,5,9,117.0,39.0,118.0,38.1,Saved,0.018439204
87885ee1-8bc0-4b3e-aeed-e0f6939be47f,7556,3,787,Senegal,3629,Sadio Mané,1,10,55,From Throw In,116.0,38.0,4.47213595499958,0.4636476090008061,False,Other,Normal,Open Play,False,False,False,5,9,117.0,39.0,120.0,36.4,Goal,0.57378894
b2a79f2f-ec47-4ddf-9f53-534ae3fba2fc,7556,3,787,Senegal,5661,M'Baye Babacar Niang,1,13,16,From Throw In,116.0,63.0,23.345235059857504,-1.3986055122719576,True,Right Foot,Half Volley,Open Play,False,False,False,5,9,117.0,42.0,119.0,41.7,Saved,0.00702754
9f8ed655-dc46-4153-b100-ff0a5d2938c0,7556,3,778,Japan,5681,Makoto Hasebe,1,15,23,From Throw In,95.0,34.0,25.709920264364882,0.23554498072086333,False,Right Foot,Normal,Open Play,True,False,False,5,9,120.0,41.0,111.0,37.0,Blocked,0.030451886
3910c3e0-ee6a-49c5-ae55-8f7b3839cdfa,7556,3,787,Senegal,2941,Ismaïla Sarr,1,21,35,Regular Play,108.0,43.0,12.36931687685298,-0.24497866312686414,False,Right Foot,Volley,Open Play,True,False,False,4,8,117.0,40.0,119.0,43.8,Saved,0.13404049
c9285940-b93e-4d21-b534-ce94212f5730,7556,3,787,Senegal,5671,Alfred John Momar N'Diaye,1,26,45,From Corner,112.0,42.0,8.246211251235321,-0.24497866312686414,True,Head,Normal,Open Play,False,True,False,2,11,118.0,40.0,112.0,42.0,Wayward,0.11174557
35682c0c-314e-42d3-b76d-991fb7830e0e,7556,3,778,Japan,5687,Takashi Inui,1,33,20,Regular Play,108.0,29.0,16.278820596099706,0.7419472680059175,True,Right Foot,Normal,Open Play,False,False,False,5,8,120.0,39.0,120.0,44.0,Goal,0.03935943
4f19c9af-c1f2-46da-bf6c-342108e80d5c,7556,3,787,Senegal,5661,M'Baye Babacar Niang,1,38,34,Regular Play,102.0,53.0,22.20360331117452,-0.625485040239229,False,Left Foot,Half Volley,Open Play,True,False,False,2,4,109.0,49.0,110.0,41.3,Saved,0.090780556
3c5fee58-c878-405d-a20c-d4fbcbdcb056,7556,3,778,Japan,5697,Genki Haraguchi,1,39,28,Regular Play,101.0,57.0,25.495097567963924,-0.7298996581517315,False,Left Foot,Normal,Open Play,False,False,False,6,10,119.0,45.0,120.0,36.8,Off T,0.02924008
ad19bea7-521c-4219-a462-be9af5521025,7556,3,778,Japan,5679,Yūya Ōsako,2,48,55,Regular Play,112.0,37.0,8.54400374531753,0.35877067027057225,False,Head,Normal,Open Play,False,False,False,3,7,119.0,39.0,119.0,36.6,Saved,0.259631
2dd7f526-2d63-42a4-be2d-67876ed73066,7556,3,787,Senegal,5661,M'Baye Babacar Niang,2,49,21,From Keeper,104.0,54.0,21.2602916254693,-0.7188299996216245,True,Right Foot,Half Volley,Open Play,True,False,False,3,7,117.0,45.0,120.0,42.2,Off T,0.064981826
f6a1a1d2-2ec7-4594-bb73-2e60dc64a3e0,7556,3,787,Senegal,4277,Papa Alioune N'Diaye,2,50,53,Regular Play,99.0,37.0,21.213203435596427,0.14189705460416394,False,Right Foot,Normal,Open Play,True,False,False,6,10,118.0,42.0,120.0,43.2,Off T,0.08816641
aae2c68f-9356-4748-ad6f-ce2e5cbd0e90,7556,3,787,Senegal,5661,M'Baye Babacar Niang,2,54,30,Regular Play,96.0,50.0,26.0,-0.3947911196997615,False,Left Foot,Normal,Open Play,False,False,False,6,9,117.0,42.0,117.0,41.9,Saved,0.023896396
02eaef5b-e67b-47e0-a3fc-7d7d790c6893,7556,3,778,Japan,5687,Takashi Inui,2,63,54,From Counter,108.0,23.0,20.808652046684813,0.9561333748727311,False,Right Foot,Normal,Open Play,True,False,False,3,7,118.0,36.0,120.0,43.4,Post,0.039034985
213f7797-ea99-4623-b6ad-fda6862b1758,7556,3,787,Senegal,5661,M'Baye Babacar Niang,2,70,21,From Throw In,115.0,36.0,6.4031242374328485,0.6747409422235526,False,Left Foot,Backheel,Open Play,True,False,False,3,9,118.0,38.0,116.0,51.0,Wayward,0.40785682
5d5019f1-379d-4b9d-9428-c9885e3f43f6,7556,3,787,Senegal,5674,Moussa Wagué,2,70,23,From Throw In,114.0,52.0,13.416407864998739,-1.1071487177940904,False,Right Foot,Normal,Open Play,True,False,False,5,9,117.0,43.0,120.0,40.3,Goal,0.075420834
9adffd55-abfe-4577-8d04-ddf1842cd8e3,7556,3,778,Japan,5679,Yūya Ōsako,2,74,11,From Corner,111.0,43.0,9.486832980505138,-0.3217505543966422,False,Left Foot,Normal,Open Play,False,False,False,5,10,119.0,40.0,114.0,42.0,Blocked,0.095532015
7f0b4eb3-0d4e-4d3b-85b3-af823fa20c8a,7556,3,778,Japan,5683,Keisuke Honda,2,77,30,Regular Play,113.0,43.0,7.615773105863909,-0.40489178628508343,False,Left Foot,Normal,Open Play,True,False,False,4,8,115.0,38.0,120.0,43.8,Goal,0.4889436
de826bbd-15b6-4112-bf8c-d2fee10c50a2,7556,3,787,Senegal,5676,Cheikh N'Doye,2,83,47,From Free Kick,115.0,43.0,5.830951894845301,-0.5404195002705842,True,Head,Normal,Open Play,False,True,False,4,7,119.0,41.0,120.0,46.5,Off T,0.13177194
662e5697-eb23-43e8-ab95-1977c0ecc01e,7556,3,787,Senegal,5664,Salif Sané,2,91,35,From Free Kick,102.0,41.0,18.027756377319946,-0.05549850524571683,False,Head,Normal,Open Play,False,False,False,6,10,118.0,41.0,105.0,41.0,Blocked,0.052775476
886cd041-b68f-40bf-8e85-67b2bee502ab,7556,3,787,Senegal,3603,Mame Biram Diouf,2,93,56,From Free Kick,112.0,45.0,9.433981132056603,-0.5585993153435624,False,Left Foot,Overhead Kick,Open Play,True,False,False,5,10,120.0,43.0,120.0,43.2,Off T,0.079468675
81b43db0-d073-4655-8474-27d85de66528,7559,3,799,Saudi Arabia,5716,Hussain Al Mogahwi,1,2,39,From Counter,98.0,56.0,27.202941017470888,-0.628796286415433,False,Right Foot,Normal,Open Play,False,False,False,2,8,118.0,41.0,120.0,34.6,Off T,0.026144106
0d7b1cab-a93a-442e-9fc8-8db75d6a8d16,7559,3,799,Saudi Arabia,5187,Salem Mohammed Al Dawsari,1,11,31,From Throw In,94.0,26.0,29.5296461204668,0.49394136891958124,False,Right Foot,Normal,Open Play,False,False,False,7,10,119.0,38.0,120.0,45.4,Off T,0.018380644
d0b150c2-f265-4850-944b-e3e20dc6bec4,7559,3,774,Egypt,5252,Marwan Mohsen,1,12,5,Regular Play,102.0,23.0,24.758836806279895,0.7568345055586884,True,Left Foot,Normal,Open Play,False,False,False,3,9,120.0,40.0,120.0,21.0,Wayward,0.021711508
520b1521-f60a-4de5-b33b-6d5b8f6467eb,7559,3,799,Saudi Arabia,5187,Salem Mohammed Al Dawsari,1,14,23,From Goal Kick,99.0,44.0,21.37755832643195,-0.18822150530477078,False,Right Foot,Normal,Open Play,False,False,False,3,7,118.0,40.0,120.0,39.7,Off T,0.06795994
c2b06425-bf86-4c98-99b7-7ba40b2eab2a,7559,3,774,Egypt,3531,Mohamed Salah,1,21,25,From Counter,101.0,48.0,20.615528128088304,-0.39852244566642026,False,Left Foot,Lob,Open Play,False,False,False,0,4,105.0,47.0,120.0,38.9,Goal,0.10416558
260c16a3-61bf-44d0-903d-b2e97fd0d5d8,7559,3,774,Egypt,3531,Mohamed Salah,1,23,50,From Counter,107.0,38.0,13.152946437965905,0.15264932839526515,False,Left Foot,Lob,Open Play,False,False,False,1,3,111.0,39.0,120.0,45.6,Off T,0.4475475
42b65cb4-8190-49cd-b1b6-4668d56763df,7559,3,799,Saudi Arabia,5188,Hattan Babhir,1,24,54,Regular Play,86.0,36.0,34.23448553724738,0.11710874456686428,False,Left Foot,Normal,Open Play,False,False,False,5,8,118.0,41.0,118.0,42.8,Saved,0.015093114
343eeae0-9b6e-4f8c-8114-15ebc9fb5b84,7559,3,799,Saudi Arabia,5183,Yasir Gharsan Al Shahrani,1,29,40,From Free Kick,100.0,22.0,26.90724809414742,0.7328151017865066,True,Right Foot,Normal,Open Play,False,False,False,7,10,119.0,37.0,120.0,36.4,Off T,0.026268508
3b26d5d9-e3a4-4ba2-84c6-9dc01630b284,7559,3,799,Saudi Arabia,5191,Mohammed Al Burayk,1,31,17,From Corner,95.0,60.0,32.01562118716424,-0.6747409422235526,False,Right Foot,Normal,Open Play,False,False,False,8,10,119.0,39.0,120.0,45.4,Off T,0.009558939
f8c90a3c-18b4-4be5-9c0a-00fcba2f42ff,7559,3,774,Egypt,5261,Mahmoud Ibrahim Hassan,1,32,52,Regular Play,105.0,30.0,18.027756377319946,0.5880026035475675,False,Right Foot,Half Volley,Open Play,True,False,False,4,7,120.0,40.0,120.0,45.6,Off T,0.12628312
0e5bbfba-8b4a-480d-a06a-58b8c77d410b,7559,3,774,Egypt,5261,Mahmoud Ibrahim Hassan,1,33,38,Regular Play,101.0,29.0,21.95449840010015,0.5247957716501074,True,Right Foot,Normal,Open Play,False,False,False,4,6,119.0,41.0,120.0,45.4,Off T,0.054578535
b77c64b9-69f4-4d4b-8914-0c51c28c1f2e,7559,3,799,Saudi Arabia,5178,Salman Mohammed Al Faraj,1,36,35,Regular Play,103.0,45.0,17.72004514666935,-0.2860514417173182,False,Left Foot,Normal,Open Play,True,False,False,5,7,119.0,38.0,116.0,40.0,Blocked,0.15514064
03f43186-4b6f-4554-ae91-634ecf05fb62,7559,3,799,Saudi Arabia,5190,Fahad Mosaed Al Muwallad Al Harbi,1,40,16,Other,108.0,40.0,12.0,0.0,False,Right Foot,Normal,Penalty,False,False,False,0,0,,,120.0,37.6,Saved,0.7835
cf939d60-8393-492d-a728-f234a42bf4f0,7559,3,799,Saudi Arabia,5173,Abdullah Ibrahim Otayf,1,40,52,From Corner,104.0,45.0,16.76305461424021,-0.3028848683749714,False,Right Foot,Volley,Open Play,True,False,False,7,10,117.0,38.0,108.0,44.0,Blocked,0.11193772
abc4a06f-f5c9-4c7e-9cf5-fd808e32bc19,7559,3,799,Saudi Arabia,5178,Salman Mohammed Al Faraj,1,50,35,Other,108.0,40.0,12.0,0.0,False,Left Foot,Normal,Penalty,False,False,False,0,0,,,120.0,37.4,Goal,0.7835
38412c8d-62b2-4175-a48c-a26c08008e60,7559,3,799,Saudi Arabia,5188,Hattan Babhir,2,53,57,Regular Play,112.0,54.0,16.1245154965971,-1.0516502125483738,False,Right Foot,Volley,Open Play,True,False,False,3,9,116.0,45.0,120.0,44.6,Off T,0.047208663
fc2e1951-cd51-4026-8f15-603ac34766c7,7559,3,774,Egypt,5261,Mahmoud Ibrahim Hassan,2,56,16,From Throw In,108.0,40.0,12.0,0.0,True,Head,Normal,Open Play,False,True,False,5,9,118.0,40.0,120.0,45.4,Off T,0.10016992
f28ff414-fd3a-42f2-bb29-a3f52e3f9781,7559,3,799,Saudi Arabia,5716,Hussain Al Mogahwi,2,57,18,From Counter,100.0,61.0,29.0,-0.8097835725701669,False,Right Foot,Normal,Open Play,False,False,False,4,8,118.0,43.0,103.0,61.0,Blocked,0.010199119
5a3d2a70-3a89-4134-ae9f-a0f9782be132,7559,3,799,Saudi Arabia,5188,Hattan Babhir,2,59,21,Regular Play,90.0,49.0,31.32091952673165,-0.2914567944778671,False,Right Foot,Normal,Open Play,False,False,False,7,10,118.0,42.0,120.0,47.1,Off T,0.022161836
5c1030e6-4cf3-4d6a-88e0-b27cf956959e,7559,3,799,Saudi Arabia,5716,Hussain Al Mogahwi,2,62,48,Regular Play,96.0,41.0,24.020824298928627,-0.04164257909858842,False,Right Foot,Volley,Open Play,True,False,False,5,9,118.0,41.0,120.0,42.0,Off T,0.03571275
62f44450-215f-438f-80b0-60d7d23ded61,7559,3,799,Saudi Arabia,5716,Hussain Al Mogahwi,2,68,34,From Throw In,110.0,49.0,13.45362404707371,-0.7328151017865066,False,Head,Normal,Open Play,False,False,False,5,10,118.0,42.0,120.0,42.4,Saved,0.09736647
af91b0e0-faf6-4b64-ba5c-d11400bc50b6,7559,3,799,Saudi Arabia,5176,Mohanad Aseri Abu Radiah,2,69,7,From Corner,115.0,49.0,10.295630140987,-1.0636978224025597,False,Head,Normal,Open Play,False,False,False,6,10,118.0,43.0,120.0,43.4,Saved,0.10910001
c5355c09-7bf7-4639-abef-7504de1dc543,7559,3,774,Egypt,3568,Mohamed Naser Elsayed Elneny,2,70,17,From Free Kick,98.0,51.0,24.596747752497688,-0.4636476090008061,False,Right Foot,Normal,Open Play,False,False,False,5,10,117.0,41.0,120.0,36.2,Off T,0.040299565
93f999a5-9ade-4f39-9345-efd02c1c3292,7559,3,799,Saudi Arabia,5178,Salman Mohammed Al Faraj,2,73,57,From Free Kick,88.0,43.0,32.14031735997639,-0.09347678115858947,False,Left Foot,Normal,Free Kick,False,False,False,7,11,118.0,41.0,120.0,44.2,Off T,0.03069722
dd625b92-3285-4400-b892-72b5345e302b,7559,3,774,Egypt,5253,Amr Medhat Warda,2,76,9,From Goal Kick,102.0,22.0,25.45584412271571,0.7853981633974483,False,Right Foot,Normal,Open Play,False,False,False,3,8,117.0,38.0,112.0,36.0,Blocked,0.028970212
819353ae-6637-4ef6-8f3a-68e501b7b088,7559,3,799,Saudi Arabia,5191,Mohammed Al Burayk,2,80,4,From Free Kick,95.0,30.0,26.92582403567252,0.3805063771123649,False,Right Foot,Normal,Free Kick,False,False,False,7,11,118.0,41.0,104.0,32.0,Blocked,0.06562346
48734731-9b4a-46e6-ad5e-427c19f6e4ad,7559,3,799,Saudi Arabia,5187,Salem Mohammed Al Dawsari,2,80,57,From Throw In,116.0,30.0,10.770329614269007,1.1902899496825317,False,Right Foot,Volley,Open Play,True,False,False,2,6,118.0,39.0,119.0,36.8,Saved,0.08890756
4117b766-8953-4a94-a9fc-b851dadd9985,7559,3,799,Saudi Arabia,5173,Abdullah Ibrahim Otayf,2,90,30,Regular Play,101.0,58.0,26.1725046566048,-0.7583777142101835,True,Right Foot,Normal,Open Play,False,False,False,6,9,120.0,44.0,106.0,52.0,Blocked,0.020325344
ad31e809-c84e-4736-b223-1a026731fa3c,7559,3,799,Saudi Arabia,5187,Salem Mohammed Al Dawsari,2,94,5,Regular Play,116.0,53.0,13.601470508735444,-1.2722973952087173,False,Right Foot,Half Volley,Open Play,True,False,False,7,9,120.0,45.0,120.0,36.4,Goal,0.021029433
473df22f-d159-4416-a5ce-62838698ea12,3857276,106,1833,Canada,16252,Mark Anthony Kaye,1,2,5,Regular Play,96.5,40.7,23.510423220350585,-0.02977842886416148,True,Left Foot,Normal,Open Play,True,False,False,8,11,118.5,39.1,104.1,39.4,Blocked,0.038882375
13b63722-8099-4cdf-818a-d2df3036a633,3857276,106,788,Morocco,5237,Hakim Ziyech,1,3,29,From Throw In,83.9,45.0,36.444615514503646,-0.13762855123093604,False,Left Foot,Lob,Open Play,True,False,False,2,6,96.0,39.2,120.0,43.3,Goal,0.024477394
19f400ea-038a-458b-a26a-2a6137a71583,3857276,106,788,Morocco,3634,Abdelhamid Sabiri,1,8,18,From Free Kick,86.8,38.4,33.23853185686757,0.048155513059915514,False,Right Foot,Normal,Free Kick,False,False,False,9,11,119.0,41.3,96.6,38.4,Blocked,0.02207015
06924724-9654-4c47-a906-2e4c55b1155f,3857276,106,788,Morocco,3625,Sofiane Boufal,1,9,9,From Corner,107.0,48.3,15.423683088030561,-0.5682210115436704,False,Left Foot,Half Volley,Open Play,False,False,False,7,10,118.9,42.0,113.7,0.1,Wayward,0.06158555
ac8b083c-950f-4978-8497-8f60b4b4fe6d,3857276,106,1833,Canada,24024,Tajon Buchanan,1,14,7,From Counter,113.3,34.9,8.420213774008356,0.6506268789197172,False,Right Foot,Half Volley,Open Play,True,False,False,2,7,116.4,37.6,120.0,27.3,Off T,0.27914461
5c5a5090-a0eb-47cf-bc78-fd124cb45f43,3857276,106,788,Morocco,5237,Hakim Ziyech,1,15,6,From Goal Kick,97.5,54.0,26.5,-0.5565993180102227,False,Left Foot,Normal,Open Play,False,False,False,4,8,118.5,42.6,120.0,27.8,Off T,0.022624016
fa3e211a-da39-4edb-af18-f1c34dd09874,3857276,106,788,Morocco,6301,Youssef En-Nesyri,1,22,36,From Throw In,107.6,53.2,18.110770276274838,-0.8166379968277164,False,Right Foot,Half Volley,Open Play,False,False,False,0,4,117.0,43.7,120.0,42.6,Goal,0.10405799
c250176b-5f51-4bfc-8fb0-5ecb47352fe2,3857276,106,788,Morocco,3634,Abdelhamid Sabiri,1,32,45,Regular Play,107.9,34.2,13.418271125595869,0.44698248528686535,False,Right Foot,Normal,Open Play,True,False,False,4,8,118.1,37.9,108.8,34.9,Blocked,0.09711841
650fa4d8-6a8d-4340-a0e2-1268ca085d4b,3857276,106,788,Morocco,6301,Youssef En-Nesyri,1,47,18,From Free Kick,106.8,46.7,14.803040228277437,-0.46968983154150695,False,Right Foot,Volley,Open Play,True,False,False,4,10,119.0,42.1,116.7,44.0,Wayward,0.094470315
4d310ca7-0c38-46f7-8d2d-2b695968dd56,3857276,106,1833,Canada,12365,Alphonso Davies,2,57,6,Regular Play,105.1,41.2,14.948244044034075,-0.0803634612551207,False,Left Foot,Volley,Open Play,True,False,False,4,6,117.9,41.5,120.0,47.1,Off T,0.051903803
fffd8564-9064-427c-900c-f59a8163f4ca,3857276,106,1833,Canada,31684,Atiba Hutchinson,2,70,55,From Corner,112.2,37.7,8.132035415564786,0.2867454041319412,True,Head,Normal,Open Play,False,True,False,6,11,116.7,38.8,120.0,39.4,Post,0.086874224
c8a3baeb-6a18-4b13-a1ba-07bd5b1f9bc5,3857276,106,1833,Canada,44703,Alistair Johnston,2,70,57,From Corner,118.8,41.6,2.0000000000000027,-0.9272952180016115,True,Head,Normal,Open Play,False,True,True,5,9,120.0,39.3,120.0,43.6,Off T,0.638813
4f45c801-4bd5-448e-b985-5d23fd737fbd,3857271,106,768,England,3336,Harry Maguire,1,7,15,From Free Kick,115.4,29.4,11.555085460523431,1.1613591172687545,False,Left Foot,Half Volley,Open Play,True,False,False,5,11,115.8,38.8,120.0,34.9,Off T,0.23307544
743254c2-073c-4f7b-a0af-c0a6304c36d5,3857271,106,768,England,22084,Bukayo Saka,1,26,58,Regular Play,101.1,55.3,24.316660954991335,-0.6805212246672142,False,Left Foot,Normal,Open Play,False,False,False,5,10,117.7,41.9,117.5,41.9,Saved,0.028282227
8f88956e-94ff-460b-afdd-570963d6759a,3857271,106,768,England,7843,Mason Mount,1,29,8,From Free Kick,113.4,49.1,11.241441188744437,-0.9433080841069642,False,Right Foot,Normal,Open Play,True,False,False,5,10,117.6,43.8,120.0,45.0,Off T,0.06697492
e32629f1-a105-440c-8bfa-fdfebd076f4a,3857271,106,768,England,3336,Harry Maguire,1,31,47,From Corner,110.5,40.7,9.525754563287887,-0.07355129048854007,True,Head,Normal,Open Play,False,True,False,6,11,119.0,39.8,120.0,36.8,Post,0.06988547
09a3d7a3-983e-4c01-a8c1-2b1db7169647,3857271,106,768,England,30714,Jude Bellingham,1,34,9,Regular Play,112.0,38.0,8.246211251235321,0.24497866312686414,True,Head,Normal,Open Play,False,True,False,5,9,117.0,38.7,120.0,43.0,Goal,0.08285139
c9bdb7ab-5b37-4fea-a46b-5969a3563175,3857271,106,768,England,22084,Bukayo Saka,1,42,46,From Corner,104.1,38.5,15.970597985047403,0.0940612346279863,False,Left Foot,Half Volley,Open Play,True,False,False,7,11,117.8,39.9,120.0,40.9,Goal,0.061030492
d47018bb-61d6-425b-ab3c-fa5982a27e05,3857271,106,768,England,3233,Raheem Sterling,1,45,17,Regular Play,111.0,42.8,9.425497334358543,-0.30161904626623937,False,Right Foot,Volley,Open Play,True,False,False,2,7,118.1,41.7,120.0,43.2,Goal,0.1885282
eb275892-7c32-45cf-b985-aaaa70f0abe3,3857271,106,797,Iran,5239,Alireza Jahanbakhsh,1,55,4,Regular Play,106.4,48.8,16.198765385053264,-0.5743048301747018,False,Right Foot,Volley,Open Play,True,False,False,3,7,117.9,42.4,120.0,41.1,Off T,0.11232807
be726f9e-21ea-4db2-b188-92a93bf619c8,3857271,106,768,England,3308,Kieran Trippier,2,50,11,From Free Kick,93.9,27.7,28.853076092507013,0.4403959861903433,False,Right Foot,Normal,Free Kick,False,False,False,8,11,119.1,40.3,102.8,31.3,Blocked,0.042866398
f756b2e3-e4d6-4732-af47-f7a7b53bbe18,3857271,106,768,England,3382,Luke Shaw,2,58,56,From Free Kick,97.9,25.1,26.653705183332384,0.5932054702318018,False,Left Foot,Normal,Open Play,True,False,False,4,9,116.7,37.8,101.5,27.0,Blocked,0.021548782
e71b5d22-1492-45e0-b17a-e377d30e6cf4,3857271,106,797,Iran,5722,Saeid Ezatolahi Afagh,2,60,16,Regular Play,83.8,35.5,36.47862387755328,0.12367495384914279,False,Right Foot,Normal,Open Play,False,False,False,6,10,117.6,39.8,120.0,30.1,Off T,0.0065368367
828aa0c6-95dc-422f-aaa5-fd201e3a5ad9,3857271,106,768,England,22084,Bukayo Saka,2,61,26,Regular Play,105.3,46.3,15.993123522314209,-0.4048917862850832,False,Left Foot,Normal,Open Play,False,False,False,4,8,116.0,42.3,120.0,37.3,Goal,0.080026746
4e3dddd6-1001-4bca-a950-fe89f59cea25,3857271,106,797,Iran,5226,Mehdi Taremi,2,64,33,From Throw In,109.7,48.0,13.04185569618066,-0.6603706739957776,True,Right Foot,Normal,Open Play,True,False,False,5,10,116.7,43.8,120.0,41.3,Goal,0.065701395
e78cbb4c-63d2-4368-8396-0e0acdf33e29,3857271,106,797,Iran,124161,Mehdi Torabi,2,69,3,From Throw In,103.5,32.3,18.208239892971534,0.43662715981354144,False,Right Foot,Normal,Open Play,False,False,False,5,9,117.4,37.7,105.5,33.3,Blocked,0.045791544
98df5d37-d8a0-49e5-af23-7e0605e1ee65,3857271,106,797,Iran,124167,Ahmad Nourollahi,2,69,5,From Throw In,97.8,34.8,22.80087717610882,0.2300861471922342,False,Left Foot,Volley,Open Play,True,False,False,5,9,118.2,39.0,120.0,31.7,Off T,0.028478073
eb01f465-08f6-4adf-a1b8-865127b41a97,3857271,106,768,England,3318,Marcus Rashford,2,70,51,From Goal Kick,109.7,47.7,12.860015552090129,-0.6419459000937898,False,Left Foot,Normal,Open Play,False,False,False,3,7,115.3,44.4,120.0,38.8,Goal,0.40810898
ba04a55e-9bc0-464d-820f-d32c9f35d18f,3857271,106,797,Iran,5226,Mehdi Taremi,2,76,20,From Counter,105.1,54.6,20.860728654579642,-0.7752290224216554,True,Right Foot,Half Volley,Open Play,True,False,False,0,3,114.2,45.4,120.0,44.7,Off T,0.06202265
f220150c-38d7-4456-b5ef-5bf0e70a001e,3857271,106,768,England,3318,Marcus Rashford,2,83,5,Regular Play,108.6,50.7,15.634896865665606,-0.753734541321834,False,Left Foot,Normal,Open Play,False,False,False,5,9,117.6,43.6,112.2,47.4,Blocked,0.0776978
0ae88f68-f153-4cfc-8fdc-68ae1c5c17b8,3857271,106,768,England,9638,Jack Grealish,2,89,1,From Free Kick,112.0,39.9,8.000624975587845,0.012499349019361856,False,Right Foot,Normal,Open Play,True,False,False,2,4,114.9,49.0,120.0,42.7,Goal,0.6262809
d1394538-2cec-4547-904f-a529be2af46d,3857271,106,797,Iran,5224,Sardar Azmoun,2,97,41,Regular Play,110.9,30.5,13.155227098001763,0.8069002253836798,False,Right Foot,Normal,Open Play,False,False,False,1,4,115.6,35.4,115.2,34.9,Saved to Post,0.35130003
39236484-ea4c-4c5b-9025-d7aeb7396aae,3857271,106,797,Iran,5226,Mehdi Taremi,2,102,30,Other,108.0,40.0,12.0,0.0,False,Right Foot,Normal,Penalty,False,False,False,0,0,,,120.0,42.3,Goal,0.7835
364fa937-c38a-4c40-b659-5e2c369263bd,3857296,106,785,Croatia,5474,Ivan Perišić,1,0,8,From Kick Off,102.9,23.8,23.555254190944318,0.7583777142101836,False,Right Foot,Half Volley,Open Play,False,False,False,6,9,118.6,37.2,120.0,46.0,Off T,0.03397081
e5643de5-fddc-4ce4-88b5-3cb0e3b7ef31,3857296,106,782,Belgium,5633,Yannick Ferreira Carrasco,1,9,7,From Free Kick,105.3,27.8,19.103141102970476,0.6927275550458992,False,Right Foot,Normal,Open Play,False,False,False,7,10,118.8,38.0,106.4,28.7,Blocked,0.05519996
e2fdd559-20ee-4568-938b-e0fc4f20d432,3857296,106,782,Belgium,5633,Yannick Ferreira Carrasco,1,10,51,From Free Kick,117.0,29.2,11.208925015361643,1.299849476456476,False,Right Foot,Normal,Open Play,False,False,False,6,8,119.0,35.2,118.5,33.3,Blocked,0.020840297
dfa7a03f-d353-42b6-8eab-0b3c773cab85,3857296,106,782,Belgium,5630,Dries Mertens,1,12,56,From Counter,105.2,33.9,16.00781059358212,0.390946833015225,True,Right Foot,Normal,Open Play,True,False,False,2,7,117.1,39.5,120.0,44.5,Off T,0.1934709
c6a6c1cf-85c6-4f3e-981e-9a08db6494ba,3857296,106,782,Belgium,5642,Axel Witsel,1,24,50,Regular Play,92.7,34.9,27.772288346479478,0.18468438008645463,False,Right Foot,Normal,Open Play,False,False,False,7,10,119.2,39.6,100.8,36.6,Blocked,0.025340356
acb70d12-2cb8-447a-804b-a2f037965fb8,3857296,106,785,Croatia,5469,Marcelo Brozović,1,32,19,From Throw In,99.8,36.6,20.48414020651099,0.16675381247270113,False,Left Foot,Normal,Open Play,False,False,False,7,10,118.4,39.2,100.8,36.6,Blocked,0.054300383
254222dc-6a4a-4e76-8062-a3a8747ae9ca,3857296,106,785,Croatia,22041,Marko Livaja,1,32,28,From Throw In,112.2,42.5,8.190848551890088,-0.31016806078798603,True,Head,Normal,Open Play,False,True,False,4,9,119.0,40.5,120.0,36.0,Off T,0.104244776
e2c8f9fc-08c1-4988-8ec5-49b55a0c299d,3857296,106,782,Belgium,5630,Dries Mertens,1,41,14,Regular Play,116.9,49.2,9.7082439194738,-1.2457884549282492,False,Left Foot,Volley,Open Play,True,False,False,4,10,119.0,44.1,116.9,16.6,Wayward,0.108029366
b677a42f-dd8c-4931-baca-5a2bcf0c8c8d,3857296,106,785,Croatia,12625,Borna Sosa,1,44,42,Regular Play,94.9,25.7,28.887713651308573,0.5178580084754697,False,Left Foot,Normal,Open Play,False,False,False,8,11,118.7,38.4,120.0,40.6,Off T,0.024362085
6d173e6f-fc09-488e-95bc-bd7c0866dc78,3857296,106,785,Croatia,5474,Ivan Perišić,1,48,47,From Throw In,108.5,38.0,11.672617529928752,0.17219081452293902,False,Head,Normal,Open Play,False,False,False,6,9,119.2,39.8,110.9,14.6,Wayward,0.08771692
60f6f1bb-756e-46f6-831e-e805defb3b0c,3857296,106,785,Croatia,29163,Josip Juranović,1,48,56,From Throw In,103.1,51.5,20.44162420161373,-0.5975002826768486,False,Right Foot,Volley,Open Play,True,False,False,6,10,118.3,42.2,120.0,49.5,Off T,0.041306578
526a8e99-85bc-4561-a695-0158650da5f7,3857296,106,782,Belgium,5633,Yannick Ferreira Carrasco,2,47,54,From Corner,100.9,28.3,22.398660674245676,0.549607603113742,False,Left Foot,Half Volley,Open Play,True,False,False,8,11,119.0,38.1,112.8,45.4,Wayward,0.026916144
d3eea860-3d7b-4234-aa28-b83d35f1f927,3857296,106,782,Belgium,3289,Romelu Lukaku Menama,2,48,2,From Corner,117.5,34.2,6.315853069855248,1.1638255414261252,True,Head,Normal,Open Play,False,True,False,8,11,119.5,37.0,119.4,36.7,Saved,0.1189759
7f4067cb-9208-4cae-81ec-961e8ffea634,3857296,106,785,Croatia,5456,Mateo Kovačić,2,49,15,From Keeper,103.9,29.2,19.386851214160586,0.5908638260686944,False,Right Foot,Normal,Open Play,False,False,False,5,10,118.0,38.2,118.2,37.8,Saved,0.07960723
4799713f-dd43-4ede-a5c6-b2ea63f69933,3857296,106,785,Croatia,12625,Borna Sosa,2,49,54,From Corner,94.7,35.3,25.732858372128035,0.1836769083426882,False,Left Foot,Half Volley,Open Play,False,False,False,8,11,118.8,39.8,120.0,31.3,Off T,0.024012579
bcf52ea6-b0d3-4575-9758-ddbb8f479712,3857296,106,782,Belgium,3089,Kevin De Bruyne,2,50,38,From Goal Kick,100.9,32.5,20.519746587129184,0.37417162022089157,True,Left Foot,Normal,Open Play,False,False,False,6,9,118.9,38.1,120.0,33.7,Off T,0.048855886
51790588-987a-4e63-b965-b90098c5ebb9,3857296,106,785,Croatia,5469,Marcelo Brozović,2,53,8,Regular Play,100.6,37.7,19.535864454894238,0.11800587351278503,True,Left Foot,Normal,Open Play,True,False,False,5,10,118.8,39.7,118.9,38.6,Saved,0.10219261
41a28fd2-7a6d-4d11-ab36-662edf29c124,3857296,106,785,Croatia,5463,Luka Modrić,2,53,42,From Throw In,105.6,52.9,19.333132182861632,-0.7305083008032942,True,Left Foot,Normal,Open Play,False,False,False,6,9,118.9,42.5,118.9,41.7,Saved,0.071706615
4d24c4b6-efe8-4170-b8ed-e96e7f386697,3857296,106,782,Belgium,5633,Yannick Ferreira Carrasco,2,59,47,From Keeper,112.8,36.3,8.095060222135476,0.4746968830801751,False,Right Foot,Normal,Open Play,False,False,False,2,7,115.4,36.8,113.9,36.9,Blocked,0.09935363
6ffaa2e9-dde1-4e99-b913-008e8f6c8b0e,3857296,106,782,Belgium,3289,Romelu Lukaku Menama,2,59,49,From Keeper,110.7,45.1,10.606601717798211,-0.5016040541891207,True,Right Foot,Normal,Open Play,True,False,False,4,7,115.3,42.2,120.0,44.1,Post,0.19960539
90fa222e-7214-4251-907e-4c13dea0e5bc,3857296,106,782,Belgium,3289,Romelu Lukaku Menama,2,61,50,Regular Play,113.1,42.1,7.212489168102791,-0.29544083714371994,False,Head,Normal,Open Play,False,False,False,4,8,113.4,36.1,120.0,41.3,Off T,0.30245224
e9af7197-0724-4ef3-b17e-07da8e6cac98,3857296,106,785,Croatia,5463,Luka Modrić,2,67,9,From Free Kick,106.7,39.0,13.337541002748592,0.07504676359644055,False,Right Foot,Half Volley,Open Play,False,False,False,6,9,118.9,40.3,118.6,42.0,Saved,0.07160131
e96a5916-d1e2-4b7d-9a7f-b103be833574,3857296,106,782,Belgium,3089,Kevin De Bruyne,2,68,11,From Goal Kick,111.9,60.4,21.949259668608413,-1.1928280152986235,True,Right Foot,Normal,Open Play,True,False,False,4,9,119.1,43.9,119.5,44.2,Saved,0.0061408128
aa3fc28f-fc81-42e2-834e-3ae8e92a0da0,3857296,106,782,Belgium,3077,Jan Vertonghen,2,77,41,From Corner,112.6,36.5,8.18596359630313,0.4417931655174434,True,Head,Normal,Open Play,False,True,False,6,11,119.4,39.3,113.3,36.5,Blocked,0.07045005
52099583-c849-48ca-9e9e-ea2569525622,3857296,106,782,Belgium,3176,Thomas Meunier,2,86,9,From Corner,110.5,53.1,16.18208886392607,-0.9433630563459277,False,Right Foot,Volley,Open Play,True,False,False,5,9,119.1,43.5,115.3,43.4,Blocked,0.04308796
14cf62a1-a8b4-48d8-b7cd-1ff6d1356524,3857296,106,782,Belgium,3289,Romelu Lukaku Menama,2,86,9,From Corner,115.5,43.8,5.889821729050887,-0.701259922866277,False,Left Foot,Half Volley,Open Play,False,False,False,5,9,119.0,42.9,120.0,45.0,Off T,0.4909717
5078e0df-5e43-4742-956a-45fd5c985eaf,3857296,106,782,Belgium,3289,Romelu Lukaku Menama,2,89,41,Regular Play,117.4,37.3,3.7483329627982607,0.8042638494191208,False,Other,Normal,Open Play,False,False,False,6,10,117.3,43.1,118.8,41.0,Saved,0.5721495
6480e222-737c-4aed-b197-531c094e9437,3857274,106,941,Netherlands,20750,Cody Mathès Gakpo,1,5,3,From Throw In,100.6,31.0,21.385976713725288,0.43436727665502795,False,Left Foot,Normal,Open Play,False,False,False,6,8,115.0,37.6,120.0,36.4,Goal,0.059259485
ff1a53d0-f872-4616-8507-eff81ff4f55f,3857274,106,3565,Ecuador,28559,Enner Remberto Valencia Lastra,1,10,39,From Free Kick,107.0,30.0,16.401219466856727,0.6556956262415362,False,Left Foot,Half Volley,Open Play,True,False,False,5,9,118.6,38.0,116.1,36.7,Blocked,0.062208217
42373685-6982-43c1-900a-effd6f2a52ac,3857274,106,3565,Ecuador,37726,Moisés Isaac Caicedo Corozo,1,23,32,From Throw In,94.8,37.9,25.287348615463824,0.08314123188844127,False,Right Foot,Normal,Open Play,False,False,False,4,8,118.3,39.4,98.1,37.9,Blocked,0.030668529
6bcbde54-278e-4ad6-a4b4-b8a2297b48b3,3857274,106,3565,Ecuador,34396,Michael Steveen Estrada Martínez,1,26,56,Regular Play,112.1,34.6,9.569221493935652,0.5995962869690173,False,Left Foot,Backheel,Open Play,True,False,False,4,9,117.9,37.7,113.0,43.9,Wayward,0.069653474
6e57cb5e-fe39-4d22-ab15-155340299c5e,3857274,106,3565,Ecuador,28559,Enner Remberto Valencia Lastra,1,31,53,Regular Play,100.6,23.5,25.467822835884505,0.7047932414958195,False,Right Foot,Normal,Open Play,False,False,False,2,7,117.0,38.0,118.6,36.5,Saved,0.029882463
02351ac9-8032-4e32-a23a-3700c1017f02,3857274,106,3565,Ecuador,28559,Enner Remberto Valencia Lastra,1,46,49,From Free Kick,110.2,47.9,12.58769240170731,-0.6784630094024647,True,Head,Normal,Open Play,False,True,False,7,11,116.5,43.6,111.1,47.5,Blocked,0.024015462
3e2667b7-6f4a-496d-9cb3-e8efa5f6515a,3857274,106,3565,Ecuador,37737,Angelo Smit Preciado Quiñónez,1,47,48,From Corner,100.6,54.0,23.924046480476505,-0.6251085342329232,True,Right Foot,Half Volley,Open Play,True,False,False,8,11,119.1,42.4,111.9,44.3,Blocked,0.022953799
871c42ca-7750-4de7-93af-f8b750a8e61e,3857274,106,3565,Ecuador,24085,Pervis Josué Estupiñán Tenorio,1,47,49,From Corner,112.0,44.1,8.98943824718764,-0.47359752939361144,False,Left Foot,Half Volley,Open Play,False,False,False,8,11,118.5,42.3,116.7,43.3,Wayward,0.18923391
ce31638e-77ff-4769-9fd0-6493ea1e5fbe,3857274,106,3565,Ecuador,24085,Pervis Josué Estupiñán Tenorio,2,48,43,Regular Play,105.8,28.7,18.14745161172775,0.6721591923659238,False,Left Foot,Normal,Open Play,False,False,False,5,6,116.9,37.1,116.7,37.9,Saved,0.08083876
d53ccaf1-0307-4067-946b-d514978dfae2,3857274,106,3565,Ecuador,28559,Enner Remberto Valencia Lastra,2,48,44,From Counter,116.0,38.1,4.428317965096905,0.4434483364197379,False,Right Foot,Half Volley,Open Play,True,False,True,4,6,116.9,37.1,120.0,41.7,Goal,0.790909
606e5dca-fb45-4582-8bc4-b6527ccf65ab,3857274,106,3565,Ecuador,28559,Enner Remberto Valencia Lastra,2,58,46,From Throw In,102.0,37.5,18.172781845386247,0.13800602365751946,False,Right Foot,Normal,Open Play,True,False,False,5,8,117.3,40.8,111.5,41.3,Blocked,0.09564507
94f9aa5a-82d1-4ae7-b3ff-122032190f11,3857274,106,3565,Ecuador,31152,Gonzalo Jordy Plata Jiménez,2,58,48,From Throw In,104.2,52.6,20.208908926510603,-0.673195348400194,False,Left Foot,Normal,Open Play,False,False,False,5,9,118.0,42.2,120.0,37.5,Post,0.046335444
480e1191-458e-4d33-af33-5c6fdf422fe0,3857274,106,3565,Ecuador,34396,Michael Steveen Estrada Martínez,2,63,19,Regular Play,105.1,38.0,15.033628969746465,0.13343065294931775,True,Left Foot,Normal,Open Play,True,False,False,2,8,117.3,38.4,117.5,45.3,Wayward,0.13418972
9d22d858-2313-4003-bf87-035723948feb,3857274,106,941,Netherlands,7891,Teun Koopmeiners,2,65,12,Regular Play,96.5,40.9,23.517227727774376,-0.03827916462633625,False,Left Foot,Normal,Open Play,True,False,False,5,9,115.8,39.6,120.0,33.9,Off T,0.04520454
dccdd639-c6b9-4faf-a07e-274f8cbb07d2,3857274,106,3565,Ecuador,37726,Moisés Isaac Caicedo Corozo,2,72,33,Regular Play,103.2,29.4,19.86454127333425,0.5628682328481107,True,Right Foot,Half Volley,Open Play,False,False,False,5,10,118.0,38.4,104.6,30.1,Blocked,0.03323832
d9fc9b92-3403-4914-a4e2-356a1e2ff527,3857274,106,3565,Ecuador,37737,Angelo Smit Preciado Quiñónez,2,80,21,From Corner,95.3,57.9,30.50409808533929,-0.627109134485279,False,Right Foot,Half Volley,Open Play,True,False,False,7,11,117.9,41.1,120.0,46.9,Off T,0.007451811
f4222a25-6e19-4f82-a028-9b485e226ccd,3857274,106,3565,Ecuador,37737,Angelo Smit Preciado Quiñónez,2,91,54,From Throw In,98.9,38.2,21.176638071233114,0.08510201368931285,False,Head,Normal,Open Play,False,False,False,6,9,117.6,38.7,116.5,37.4,Saved,0.033830326
82468ec3-39a3-4a2a-8876-f7444e4d18d6,3857255,106,772,Spain,5203,Sergio Busquets i Burgos,1,6,3,Regular Play,97.0,46.1,23.795167576632025,-0.2592488462826621,False,Left Foot,Normal,Open Play,False,False,False,7,10,118.5,40.7,120.0,33.7,Off T,0.03268242
06f800a8-83c4-4024-a82e-c6fc0b33af5e,3857255,106,778,Japan,23527,Junya Ito,1,7,12,Regular Play,114.0,53.5,14.773286702694158,-1.1525719972156676,False,Right Foot,Normal,Open Play,False,False,False,5,9,118.7,44.4,120.0,44.4,Off T,0.04214545
9c33b0de-c433-49e8-980d-cd5eff16f5d0,3857255,106,772,Spain,3477,Álvaro Borja Morata Martín,1,8,52,From Corner,109.9,35.6,11.016805344563362,0.41085119130178543,False,Head,Normal,Open Play,False,False,False,8,11,119.1,39.2,119.1,39.4,Saved,0.06376064
9b897300-f3b0-4bdf-bbb4-a3a31cbe616d,3857255,106,772,Spain,3477,Álvaro Borja Morata Martín,1,11,0,Regular Play,115.3,38.3,4.997999599839924,0.34706160353949084,True,Head,Normal,Open Play,False,True,False,7,11,119.3,39.5,120.0,40.3,Goal,0.33106714
91c0f01d-e57d-456a-ad9d-eaa9974a9728,3857255,106,772,Spain,3477,Álvaro Borja Morata Martín,1,22,34,Regular Play,104.7,51.6,19.200260414900626,-0.6487093950323564,False,Right Foot,Normal,Open Play,True,False,False,3,7,116.6,43.0,116.4,43.1,Saved,0.10093839
5d9ae612-b0f2-4e38-ad91-1bca50a5c65b,3857255,106,778,Japan,9411,Daichi Kamada,1,35,50,Regular Play,107.0,54.5,19.474342094150447,-0.8398896196381795,False,Right Foot,Normal,Open Play,False,False,False,6,9,118.1,43.0,108.9,52.7,Blocked,0.03356069
e0173ae5-f487-4d33-8543-dbfe98355b39,3857255,106,772,Spain,16532,Daniel Olmo Carvajal,1,41,54,From Goal Kick,102.8,35.2,17.857211428439776,0.2721458905311871,False,Right Foot,Normal,Open Play,False,False,False,6,9,117.0,38.9,103.7,35.5,Blocked,0.10385344
bc946af5-84cd-4f04-a439-78394d428a5a,3857255,106,778,Japan,8361,Ritsu Doan,2,47,48,Regular Play,100.5,55.8,25.09760944791356,-0.6809636372618568,False,Left Foot,Normal,Open Play,False,False,False,6,8,118.0,42.1,120.0,42.2,Goal,0.027777622
62233fb1-7200-49ca-aa10-948d071008f0,3857255,106,778,Japan,37208,Ao Tanaka,2,50,14,From Free Kick,118.7,40.2,1.3152946437965882,-0.15264932839526762,False,Other,Normal,Open Play,False,False,True,5,9,120.0,37.6,120.0,40.6,Goal,0.87261814
0e9861a9-0c0f-4398-ba07-9b56b5696d97,3857255,106,778,Japan,8949,Takuma Asano,2,69,50,From Counter,100.5,36.3,19.84792180556947,0.1875144585218143,False,Right Foot,Normal,Open Play,True,False,False,1,6,115.5,38.9,120.0,51.9,Off T,0.13121767
c1c5d527-034b-44f2-8b75-627ddf38dc88,3857255,106,772,Spain,5719,Marco Asensio Willemsen,2,73,12,From Throw In,104.8,23.5,22.43412579085711,0.8263846607111535,False,Left Foot,Normal,Open Play,False,False,False,7,11,118.2,37.3,106.1,24.6,Blocked,0.016301522
4c5377bd-6c6a-4e50-b475-6fea2a226c95,3857255,106,772,Spain,16532,Daniel Olmo Carvajal,2,79,18,From Throw In,86.3,46.3,34.283815423607685,-0.18481041197185433,False,Right Foot,Normal,Open Play,False,False,False,8,11,117.9,40.3,101.1,45.1,Blocked,0.01649772
526ba5d5-9a4a-4eb6-8703-2e38c0b4e3a5,3857255,106,778,Japan,29595,Ko Itakura,2,82,21,From Free Kick,104.0,39.0,16.0312195418814,0.06241880999595735,False,Head,Normal,Open Play,False,False,False,5,11,118.5,39.7,118.7,38.5,Saved,0.0504811
c0d1a79f-f6c7-46a5-a8d7-e78d77573103,3857255,106,772,Spain,5719,Marco Asensio Willemsen,2,84,30,Regular Play,96.8,52.1,26.165817395984405,-0.48073996139852293,False,Left Foot,Normal,Open Play,False,False,False,8,11,118.6,41.6,98.2,51.5,Blocked,0.02842248
1ffc5e2a-e9bd-437e-8ef2-f8a715e4b132,3857255,106,772,Spain,5211,Jordi Alba Ramos,2,88,28,From Throw In,97.9,27.0,25.640007800310823,0.5317240672588057,False,Right Foot,Normal,Open Play,False,False,False,7,11,118.4,37.7,100.8,29.1,Blocked,0.0241939
3f03f538-4d45-4190-8de2-2ad65dd0663a,3857255,106,772,Spain,5719,Marco Asensio Willemsen,2,88,49,From Throw In,94.8,61.9,33.38637446623997,-0.7154487783566663,False,Left Foot,Normal,Open Play,False,False,False,6,11,118.6,41.1,118.3,39.3,Saved,0.007735879
1280d6dd-09c8-485c-9fbd-371ac8726d57,3857255,106,772,Spain,16532,Daniel Olmo Carvajal,2,89,8,From Throw In,111.0,52.0,15.0,-0.9272952180016122,False,Right Foot,Normal,Open Play,True,False,False,5,10,118.0,44.1,117.7,43.7,Saved,0.12373556
596f1016-203d-4a69-b0dc-daa09029b504,3857255,106,772,Spain,16532,Daniel Olmo Carvajal,2,95,29,From Throw In,94.2,57.0,30.897249068485042,-0.5826166592180387,False,Right Foot,Normal,Open Play,False,False,False,7,11,118.0,41.3,120.0,29.9,Off T,0.008523117
f87e24a7-0494-4695-ba45-b9c27ee14946,3857272,106,768,England,10955,Harry Kane,1,9,11,From Throw In,108.9,42.6,11.400438588054403,-0.23008614719223433,False,Right Foot,Normal,Open Play,True,False,False,4,8,118.1,41.7,110.9,42.6,Blocked,0.10607713
c0e30aed-d026-4957-8d78-509ab472e2bc,3857272,106,768,England,3244,John Stones,1,9,56,From Corner,109.2,38.6,10.890362712049582,0.12891077168399134,True,Head,Normal,Open Play,False,True,False,7,11,119.0,40.1,114.1,17.7,Wayward,0.04222343
2cf5b76c-b4b9-4a61-b368-7328525e6a16,3857272,106,768,England,7843,Mason Mount,1,10,8,From Corner,94.2,27.2,28.800694436072195,0.46054202892278734,False,Right Foot,Normal,Open Play,True,False,False,8,11,118.3,38.8,120.0,45.2,Off T,0.019677445
aa485bed-2e34-45a2-aa2b-82368fadefed,3857272,106,1839,United States,22008,Haji Wright,1,16,3,Regular Play,108.1,43.9,12.522779244241276,-0.31670009228756935,True,Head,Normal,Open Play,False,True,False,4,9,118.3,40.9,120.0,45.6,Off T,0.048006557
f599adfa-210a-4a2a-9e72-13132f299650,3857272,106,1839,United States,8526,Weston McKennie,1,25,7,From Free Kick,110.5,39.5,9.513148795220223,0.05258306161094172,False,Right Foot,Half Volley,Open Play,True,False,False,6,10,118.7,41.0,120.0,40.4,Off T,0.18268152
cd7df5a3-11c8-41d0-9ca5-ef6feea55964,3857272,106,1839,United States,38792,Yunus Dimoara Musah,1,28,6,From Free Kick,93.0,25.1,30.838450025901107,0.5042638663153391,False,Right Foot,Normal,Open Play,False,False,False,6,10,117.6,37.8,117.3,37.4,Saved,0.016826272
36012a73-04ec-4435-bb86-ee1e77355d2a,3857272,106,1839,United States,8246,Christian Pulisic,1,32,7,Regular Play,106.4,24.4,20.695893312442443,0.853784506987952,False,Left Foot,Normal,Open Play,False,False,False,4,9,117.2,36.3,120.0,36.9,Post,0.023374733
f0fff306-21ef-46ac-be68-450af71b5cc5,3857272,106,1839,United States,21881,Sergino Dest,1,40,40,From Throw In,108.6,51.2,15.981239000778388,-0.7765488368811905,False,Left Foot,Normal,Open Play,False,False,False,3,6,116.8,42.9,109.6,50.2,Blocked,0.056137927
6aa8c0c8-9918-4e7d-9a45-6865e641a875,3857272,106,1839,United States,8246,Christian Pulisic,1,42,11,From Throw In,110.0,42.8,10.384603988597735,-0.2730087030867103,True,Head,Normal,Open Play,False,True,False,5,10,118.4,40.4,120.0,33.7,Off T,0.05394238
39d896cf-f401-446a-8977-b0a1b81d522a,3857272,106,768,England,22084,Bukayo Saka,1,44,16,From Throw In,113.2,36.1,7.839005038906401,0.5207283914070707,True,Left Foot,Normal,Open Play,True,False,False,4,9,118.2,36.4,120.0,33.9,Off T,0.08680134
e88f5744-6bea-4a45-8192-3ab30fba9225,3857272,106,768,England,7843,Mason Mount,1,45,26,Regular Play,100.1,32.9,21.12865353021816,0.34270557048558287,False,Right Foot,Normal,Open Play,True,False,False,2,7,114.4,37.3,114.3,36.3,Saved,0.0710417
5a869d53-76fe-41ac-83e0-39907f59bcd9,3857272,106,1839,United States,22008,Haji Wright,2,48,15,From Counter,106.5,28.3,17.864489917151285,0.7140906986121579,False,Right Foot,Normal,Open Play,False,False,False,3,8,117.0,36.9,107.6,29.4,Blocked,0.0422633
612549e8-1e30-47c5-94dc-00aa93818c47,3857272,106,1839,United States,8526,Weston McKennie,2,48,18,Regular Play,99.2,53.9,25.01699422392706,-0.5891112505434662,False,Right Foot,Normal,Open Play,False,False,False,4,9,116.4,42.9,120.0,41.4,Off T,0.032319076
e2546cad-946c-42d7-809f-71b8feb565c7,3857272,106,1839,United States,8246,Christian Pulisic,2,57,51,Regular Play,98.8,24.7,26.144406667583798,0.6251405096757724,False,Right Foot,Normal,Open Play,False,False,False,4,7,118.6,37.0,99.5,25.2,Blocked,0.025169194
be0a885b-0523-4ed4-99ca-fdd4121209d5,3857272,106,1839,United States,8246,Christian Pulisic,2,61,54,From Corner,95.3,40.1,24.700202428320303,-0.004048560876028292,False,Left Foot,Normal,Open Play,False,False,False,5,10,116.2,40.1,96.1,40.0,Blocked,0.033566043
3e1d3da1-96d0-4420-ba9c-dd49658072d5,3857272,106,768,England,3318,Marcus Rashford,2,86,43,From Throw In,105.3,20.7,24.260667756679744,0.9198757333741286,False,Right Foot,Normal,Open Play,False,False,False,4,11,118.4,37.3,117.8,38.6,Saved,0.009332121
ab3fd1ea-a8c3-487b-a32a-07d0b7603ff2,3857272,106,768,England,3336,Harry Maguire,2,90,50,From Corner,109.9,37.5,10.404806581575647,0.24264766501773774,True,Head,Normal,Open Play,False,True,False,7,11,119.3,40.0,119.6,39.2,Saved,0.05556727
654f8fdc-223a-4074-9ac3-bf5ccbd27083,3857272,106,768,England,10955,Harry Kane,2,92,51,From Free Kick,111.2,40.8,8.836288813749805,-0.09065988720074482,True,Head,Normal,Open Play,False,True,False,8,11,119.0,40.0,120.0,34.8,Off T,0.06991791
28e9322f-9f3e-4c71-b494-d1729585f4fb,3857278,106,1839,United States,38792,Yunus Dimoara Musah,1,8,38,From Free Kick,100.5,38.2,19.582900704441105,0.0920468488634066,False,Left Foot,Volley,Open Play,False,False,False,6,10,118.7,39.0,120.0,34.8,Off T,0.045798708
519a5012-c032-4962-bc66-7b72b7533891,3857278,106,1839,United States,8246,Christian Pulisic,1,10,32,From Free Kick,110.1,35.6,10.83374358197572,0.4182243295792288,True,Head,Normal,Open Play,False,True,False,3,9,118.6,39.2,118.2,40.1,Saved,0.080380306
c5d602ac-a87c-4561-8a46-d0320eb62e7b,3857278,106,1839,United States,22168,Joshua Sargent,1,27,8,From Corner,99.0,32.1,22.43680012836055,0.3598139667099853,False,Right Foot,Normal,Open Play,False,False,False,5,10,117.2,38.7,102.5,33.5,Blocked,0.040954046
bec32e0c-42b3-4387-8ef5-3f5fb13ee5cb,3857278,106,1839,United States,3377,Timothy Weah,1,27,10,From Corner,109.7,35.9,11.086027241532467,0.37883133680290704,False,Head,Normal,Open Play,False,False,False,4,9,118.4,39.0,118.9,38.3,Saved,0.12157792
6148cab2-e64c-44ec-b397-cdc3c33bbbb9,3857278,106,1839,United States,21881,Sergino Dest,1,29,16,Regular Play,101.3,48.2,20.418863827353377,-0.4132517201426062,False,Left Foot,Normal,Open Play,False,False,False,5,9,118.2,42.4,105.9,47.1,Blocked,0.05512647
aad598e1-48e0-4035-a905-96f8614dd026,3857278,106,1839,United States,3377,Timothy Weah,1,32,45,From Throw In,108.7,54.1,18.069310999592652,-0.8951910805514713,False,Right Foot,Normal,Open Play,True,False,False,5,10,118.9,43.4,120.0,42.4,Off T,0.04585104
e3b647a1-3b4c-4b02-89f5-fedb8ae83755,3857278,106,1839,United States,21881,Sergino Dest,1,36,0,From Corner,102.0,50.5,20.838665984174707,-0.5280744484263596,False,Right Foot,Normal,Open Play,True,False,False,8,10,118.1,40.8,102.5,50.3,Blocked,0.043695714
7b3d45a1-1640-4268-b448-10d784498599,3857278,106,1839,United States,8246,Christian Pulisic,1,37,49,Regular Play,115.1,38.7,5.069516742254635,0.259331744400684,False,Right Foot,Half Volley,Open Play,True,False,True,6,9,118.6,41.6,120.0,36.4,Goal,0.5303789
2d521fe0-2d37-4bfb-9db4-a0c6b9959173,3857278,106,1839,United States,22168,Joshua Sargent,1,41,31,Regular Play,114.2,56.9,17.867568385205637,-1.2401964458819967,False,Right Foot,Half Volley,Open Play,False,False,False,3,8,118.5,44.5,118.6,0.1,Wayward,0.011004616
402f4792-19bd-479a-840a-3d7f6a802da7,3857278,106,1839,United States,22168,Joshua Sargent,2,46,45,Regular Play,110.0,25.2,17.861690849412884,0.9765826229944627,False,Left Foot,Normal,Open Play,True,False,False,4,8,118.2,36.1,118.3,36.1,Saved,0.05674209
59597c3f-d84d-467b-a791-46d9ffd85032,3857278,106,797,Iran,5240,Saman Ghoddos,2,51,11,From Throw In,114.1,38.7,6.041522986797291,0.21687361566640764,True,Head,Diving Header,Open Play,False,True,False,4,7,118.8,40.6,120.0,37.7,Off T,0.39133456
8b5ef54e-6498-4577-a84b-73391001783c,3857278,106,1839,United States,38792,Yunus Dimoara Musah,2,68,45,From Free Kick,97.0,43.3,23.235533133543548,-0.14250569725572682,False,Right Foot,Normal,Free Kick,False,False,False,9,11,118.1,40.8,120.0,44.6,Off T,0.080397844
3f1dc4fc-97b1-4780-a60e-a1869374a02c,3857278,106,797,Iran,5722,Saeid Ezatolahi Afagh,2,69,53,From Throw In,90.8,21.8,34.407557309405156,0.557367030076989,False,Right Foot,Normal,Open Play,False,False,False,6,10,117.0,38.5,120.0,45.2,Off T,0.006830182
3e001ba1-eb31-4eac-93f6-b830ce2ef39d,3857278,106,797,Iran,5220,Morteza Pouraliganji,2,92,28,From Free Kick,111.0,35.6,10.017983829094554,0.4547192748209693,True,Head,Diving Header,Open Play,False,True,False,7,11,117.5,38.1,120.0,35.0,Off T,0.21722858
75c5c6de-a765-4e21-ad34-f85fbe75a705,3857278,106,797,Iran,5226,Mehdi Taremi,2,97,53,From Free Kick,111.1,39.5,8.914033879226627,0.0561207827011764,False,Left Foot,Volley,Open Play,True,False,False,4,7,112.0,39.7,111.9,39.7,Saved,0.30539662
5994da52-68c1-4f92-9588-c2085766ca21,3857278,106,1839,United States,22008,Haji Wright,2,99,26,Regular Play,105.1,23.9,21.936727194365165,0.8240885234829416,False,Left Foot,Normal,Open Play,True,False,False,2,6,114.6,34.3,114.7,34.3,Saved,0.057746947
58d90922-71f3-410a-bc38-8f5c2019b615,3857277,106,788,Morocco,15890,Noussair Mazraoui,1,6,59,Regular Play,96.9,32.0,24.446063077722755,0.3333929778872648,True,Right Foot,Half Volley,Open Play,False,False,False,5,10,118.7,39.2,98.5,32.6,Blocked,0.026111592
dcadf5ce-e3d0-422d-a78c-d3d694e5bf65,3857277,106,788,Morocco,5237,Hakim Ziyech,1,12,48,Regular Play,101.9,43.3,18.398369492974094,-0.18033964462535182,False,Left Foot,Normal,Open Play,False,False,False,4,9,118.7,40.8,103.2,43.2,Blocked,0.052363984
bf3be226-4745-41c9-a03c-33e426012eb3,3857277,106,785,Croatia,5474,Ivan Perišić,1,16,13,From Throw In,82.9,33.6,37.64797471312367,0.17082547232890535,False,Left Foot,Normal,Open Play,False,False,False,3,7,114.6,40.5,120.0,43.1,Off T,0.00976612
425c6a82-408c-48d1-bf9a-ed48bd5dc7c3,3857277,106,788,Morocco,3625,Sofiane Boufal,1,18,7,From Throw In,96.7,46.7,24.24417455802527,-0.27999937408214726,False,Left Foot,Normal,Open Play,False,False,False,4,9,117.9,40.6,98.4,46.1,Blocked,0.04188839
14098b9f-cbea-4d3c-81d1-03adff5672cb,3857277,106,788,Morocco,5237,Hakim Ziyech,1,20,7,From Free Kick,94.5,37.4,25.63220630378899,0.10160964384245066,False,Left Foot,Normal,Free Kick,False,False,False,8,11,118.8,41.3,104.7,36.9,Blocked,0.06625415
ec8752a1-09be-4e88-9523-785d2088a9d0,3857277,106,788,Morocco,6301,Youssef En-Nesyri,1,24,25,From Throw In,117.8,31.5,8.780091115700339,1.3175305605641434,True,Left Foot,Half Volley,Open Play,False,False,False,3,7,118.7,36.4,118.2,32.7,Blocked,0.03416934
a0ba5f98-89ba-4320-92bd-1fec8459cf57,3857277,106,785,Croatia,3441,Nikola Vlašić,1,45,11,From Free Kick,114.7,35.7,6.824954212300618,0.6816058229404054,False,Right Foot,Normal,Open Play,True,False,False,5,8,118.2,37.1,118.0,36.8,Saved,0.44776994
4dd10d36-cfb7-4d79-bf8d-06ff722c2431,3857277,106,785,Croatia,3441,Nikola Vlašić,1,46,48,From Throw In,105.2,33.9,16.00781059358212,0.390946833015225,False,Right Foot,Half Volley,Open Play,True,False,False,4,9,115.7,37.9,106.0,34.1,Blocked,0.06879163
095bfd2a-f7a0-4830-9412-0c6d09ddfa41,3857277,106,785,Croatia,5463,Luka Modrić,1,46,49,From Throw In,98.8,39.3,21.211553455605276,0.03300687620898092,False,Left Foot,Normal,Open Play,True,False,False,5,9,115.5,39.7,120.0,40.7,Off T,0.073204115
5b0851c2-4469-45bf-891a-7d71dca0dcc0,3857277,106,788,Morocco,3625,Sofiane Boufal,2,50,26,Regular Play,94.0,38.6,26.037665025881257,0.05379420352984966,False,Left Foot,Normal,Open Play,False,False,False,4,8,118.3,39.2,101.1,38.1,Blocked,0.042848527
2e7a7ec5-3b5b-4eb5-93da-d2e4bfa3203c,3857277,106,788,Morocco,15890,Noussair Mazraoui,2,50,29,From Counter,115.3,29.2,11.778370006074697,1.1603304622311303,True,Head,Diving Header,Open Play,False,False,False,2,8,117.7,34.8,118.0,34.6,Saved,0.07962643
cfaaca3f-cf24-4d24-9223-a2c13ff5e288,3857277,106,785,Croatia,3471,Dejan Lovren,2,51,55,From Corner,112.7,38.8,7.39797269527267,0.16292645885037318,False,Left Foot,Normal,Open Play,True,False,False,5,9,119.0,40.5,118.2,37.5,Blocked,0.2503287
ac96c1c1-7a1a-4797-b198-fd1e872f2328,3857277,106,788,Morocco,5245,Achraf Hakimi Mouh,2,64,6,From Free Kick,88.5,31.5,32.626676202150904,0.2635638835830379,False,Right Foot,Normal,Open Play,True,False,False,9,11,118.7,40.5,118.7,42.0,Saved,0.019376563
80f6a8f8-8c52-49e0-ba91-32b59cbe6330,3857273,106,907,Wales,34794,Neco Williams,1,2,2,From Goal Kick,99.5,23.0,26.63174797117155,0.6923344346730304,True,Right Foot,Normal,Open Play,False,False,False,6,8,118.6,37.3,120.0,44.8,Off T,0.023614733
7884c3bd-f0a1-4579-871c-aaf8aaa99707,3857273,106,797,Iran,5224,Sardar Azmoun,1,6,37,Regular Play,97.2,31.2,24.4393125926242,0.36834892140896314,False,Right Foot,Normal,Open Play,False,False,False,2,8,117.9,38.9,118.0,38.8,Saved,0.035244513
6cfde0ac-0cc5-4ca1-809c-e801da828e67,3857273,106,907,Wales,3853,Kieffer Roberto Francisco Moore,1,11,22,From Throw In,111.6,44.5,9.529428104561159,-0.4918091759886983,False,Right Foot,Volley,Open Play,True,False,False,5,9,117.6,41.7,117.5,41.7,Saved,0.12850787
f0473e80-a9cc-472a-976f-6fad6237045d,3857273,106,797,Iran,124167,Ahmad Nourollahi,1,19,10,From Counter,95.5,34.0,25.22399651125888,0.2401710078601731,False,Right Foot,Normal,Open Play,False,False,False,4,9,117.6,39.2,96.6,34.3,Blocked,0.017788952
e980db93-12d8-41fe-b2cf-c2eb5f664ed2,3857273,106,797,Iran,5224,Sardar Azmoun,1,22,36,From Free Kick,109.6,34.7,11.672617529928756,0.47131029427034493,True,Head,Normal,Open Play,False,True,False,7,11,118.4,39.0,120.0,35.2,Off T,0.07202582
b37c4059-f00c-411b-93d6-e3c13355a153,3857273,106,907,Wales,6399,Gareth Frank Bale,1,28,48,From Throw In,88.9,36.5,31.296325662927263,0.11206865284073189,False,Left Foot,Volley,Open Play,True,False,False,4,9,118.6,40.2,118.9,41.2,Saved,0.02170084
a5b8bd42-1a05-4736-9b49-f8fa2c482fb4,3857273,106,907,Wales,9540,Harry Wilson,1,41,9,From Goal Kick,105.5,25.4,20.57692882818036,0.788834575987436,False,Left Foot,Normal,Open Play,True,False,False,4,8,118.2,37.5,106.9,27.0,Blocked,0.030164797
5c88d05d-90ee-4bdb-9ff9-e1ba0bfbfc87,3857273,106,797,Iran,5226,Mehdi Taremi,1,48,50,From Free Kick,105.7,38.8,14.350261321662401,0.08371993552754292,False,Left Foot,Normal,Open Play,True,False,False,5,11,119.2,40.1,109.6,43.3,Wayward,0.08566745
4ca88dcd-a77a-4f18-9260-5e4c78aed749,3857273,106,797,Iran,124167,Ahmad Nourollahi,1,49,3,From Free Kick,86.4,48.2,34.58612438536587,-0.23936862380495166,False,Right Foot,Half Volley,Open Play,False,False,False,9,11,119.1,41.8,119.1,41.9,Saved,0.011584845
28273718-4d73-45d9-a725-ea76f72ea217,3857273,106,797,Iran,5224,Sardar Azmoun,2,50,58,From Counter,110.0,49.7,13.93161871427725,-0.7701709140203311,True,Right Foot,Normal,Open Play,False,False,False,1,5,117.7,43.6,119.9,44.1,Post,0.28799564
4938ed57-19a7-4bca-bafe-9273a5ff5884,3857273,106,797,Iran,23874,Ali Gholizadeh,2,51,8,Regular Play,97.2,48.0,24.162781296862327,-0.33745606922778154,False,Left Foot,Normal,Open Play,False,False,False,6,10,118.5,38.7,120.0,36.0,Post,0.04282673
9a788179-9c98-49e9-a51e-80a48d401785,3857273,106,797,Iran,5224,Sardar Azmoun,2,51,9,From Counter,111.0,36.2,9.769339793455849,0.39951549399937425,False,Head,Normal,Open Play,False,False,False,5,9,115.1,37.2,115.1,37.2,Saved,0.21401532
c56eba74-325b-4086-96fd-4e71009b673a,3857273,106,907,Wales,3853,Kieffer Roberto Francisco Moore,2,52,19,Regular Play,114.4,39.9,5.600892785976173,0.017855245139552785,False,Head,Normal,Open Play,False,False,False,4,9,115.4,39.5,120.0,44.0,Off T,0.22100283
b7ee560e-c8ec-4d62-913b-1bd6a7127634,3857273,106,797,Iran,5230,Ehsan Hajsafi,2,55,28,From Throw In,104.6,33.1,16.875129629131745,0.42123274408929373,False,Left Foot,Half Volley,Open Play,True,False,False,6,10,118.7,39.0,108.0,34.0,Blocked,0.068153165
90938502-17e3-45fc-91f3-4027148cce77,3857273,106,797,Iran,5226,Mehdi Taremi,2,63,39,From Counter,107.1,29.4,16.69640679906908,0.6878365452934225,True,Right Foot,Normal,Open Play,False,False,False,3,6,118.6,37.0,107.7,29.9,Blocked,0.075855605
ad20430a-333f-4c8a-85e7-926d8420a96c,3857273,106,797,Iran,124167,Ahmad Nourollahi,2,69,48,Regular Play,90.5,45.6,30.026821343592133,-0.18759835536206237,True,Right Foot,Normal,Open Play,True,False,False,5,8,117.6,41.0,92.8,45.2,Blocked,0.015279148
ab1647b5-fde6-43ac-a3f6-fa7b2dca3aa6,3857273,106,797,Iran,5220,Morteza Pouraliganji,2,71,42,From Corner,100.8,38.5,19.258504614844842,0.0779666338315423,False,Left Foot,Half Volley,Open Play,True,False,False,5,10,118.6,39.1,111.1,38.1,Blocked,0.05160931
64de55f7-5283-4082-9666-c662724d0b45,3857273,106,797,Iran,5722,Saeid Ezatolahi Afagh,2,72,27,Regular Play,99.5,49.3,22.510886255321,-0.425892199141743,False,Right Foot,Normal,Open Play,False,False,False,4,7,118.4,40.4,118.5,38.3,Saved,0.047915842
f24d18bc-0a79-40a2-9062-cd223792e771,3857273,106,797,Iran,124167,Ahmad Nourollahi,2,74,15,From Corner,85.8,53.5,36.768056788467895,-0.3759609538713056,False,Right Foot,Normal,Open Play,False,False,False,7,11,117.8,40.4,96.1,49.3,Blocked,0.0072957636
04de946e-90ab-4b01-a80f-e604d5d7cce1,3857273,106,907,Wales,3517,Aaron Ramsey,2,82,52,Regular Play,104.0,53.9,21.194574777522664,-0.7152791934174348,False,Right Foot,Volley,Open Play,True,False,False,5,9,118.1,42.4,107.8,54.8,Wayward,0.025361432
c1606edc-a8af-438d-bfc2-a691861feec9,3857273,106,907,Wales,34794,Neco Williams,2,82,56,Regular Play,98.6,51.1,24.107467722678802,-0.4784888198120726,False,Right Foot,Normal,Open Play,True,False,False,6,10,116.9,42.2,109.2,43.6,Blocked,0.031851415
9607f394-ff9c-46f0-889b-d57f13accf5b,3857273,106,907,Wales,3086,Ben Davies,2,82,59,Regular Play,101.7,30.8,20.482431496284807,0.46583101164473,False,Left Foot,Normal,Open Play,True,False,False,6,10,116.6,39.5,116.2,39.2,Saved,0.053537875
22106571-35bb-424a-a3ee-1522889934ae,3857273,106,797,Iran,5231,Karim Ansarifard,2,87,54,From Free Kick,99.5,36.2,20.849220608934043,0.1832854897497905,False,Right Foot,Normal,Open Play,True,False,False,6,8,116.3,39.6,109.1,35.3,Blocked,0.06399969
272d6bda-a5dc-4e90-b118-c333ae21e13e,3857273,106,797,Iran,124161,Mehdi Torabi,2,87,59,From Free Kick,99.1,39.0,20.923909768492127,0.04781042766497487,False,Right Foot,Normal,Open Play,False,False,False,7,8,117.3,40.4,120.0,44.9,Off T,0.051057886
04e19fff-574c-4699-8145-e8c41937f4de,3857273,106,907,Wales,34794,Neco Williams,2,95,23,From Free Kick,89.9,45.0,30.512456472726015,-0.16460988436331545,False,Right Foot,Normal,Open Play,True,False,False,6,11,118.5,41.6,107.0,52.1,Wayward,0.020104993
2a582ed0-7b4b-46b5-b875-6e02fe38ceed,3857273,106,907,Wales,29377,Brennan Johnson,2,95,25,From Free Kick,114.4,52.4,13.605881081355955,-1.1466019188911303,True,Right Foot,Half Volley,Open Play,False,False,False,4,8,117.9,43.7,119.3,45.7,Saved Off Target,0.059788406
8e99351d-9328-4242-bf74-54274aab234f,3857273,106,797,Iran,5235,Ramin Rezaeian,2,95,43,Regular Play,98.3,52.1,24.845522735495024,-0.5086622247753332,False,Right Foot,Normal,Open Play,False,False,False,4,6,116.3,42.1,100.9,50.5,Blocked,0.031046849
dcf3e182-2d46-4cce-b23a-653bf83b9161,3857273,106,797,Iran,5239,Alireza Jahanbakhsh,2,96,12,Regular Play,99.2,46.5,21.79197099851227,-0.3028848683749714,False,Right Foot,Normal,Open Play,False,False,False,2,7,114.9,42.4,100.0,46.3,Blocked,0.031239294
7bd656d2-9eac-49a3-9485-eb9451e58b9f,3857273,106,797,Iran,5239,Alireza Jahanbakhsh,2,97,43,From Throw In,91.4,24.9,32.34145945995635,0.4857740112605994,False,Right Foot,Normal,Open Play,False,False,False,5,8,116.5,37.9,102.6,30.6,Blocked,0.011336825
217cf729-0d66-4202-9024-bfbe3850488c,3857273,106,797,Iran,5222,Roozbeh Cheshmi,2,97,56,From Throw In,95.1,37.5,25.025187311986304,0.10006626678432341,False,Right Foot,Normal,Open Play,False,False,False,6,8,115.9,40.0,120.0,43.3,Goal,0.03268815
1e12ac10-74b9-4408-b799-8cb279172624,3857273,106,797,Iran,5235,Ramin Rezaeian,2,100,37,From Counter,104.8,45.3,16.09751533622503,-0.3355021432898519,False,Right Foot,Lob,Open Play,False,False,False,3,3,109.8,43.7,120.0,40.6,Goal,0.19933115
a947d83c-9d7f-4e69-aaaf-34028ac5f299,3857275,106,771,France,8217,Kingsley Coman,1,24,49,Regular Play,112.3,29.9,12.70039369468522,0.9194213649775116,False,Left Foot,Normal,Open Play,False,False,False,4,8,116.7,34.1,120.0,33.6,Off T,0.08786314
a0692c73-c43b-4898-99d8-05ae9028217a,3857275,106,777,Tunisia,35592,Anis Ben Slimane,1,29,11,From Throw In,110.9,41.0,9.154780172128651,-0.1094509491413635,False,Head,Normal,Open Play,False,False,False,6,10,118.7,41.6,118.8,42.9,Saved,0.1007914
85b1b157-a84c-4b0b-ab24-bd908daf2989,3857275,106,777,Tunisia,3196,Wahbi Khazri,1,34,34,From Throw In,95.1,52.3,27.772288346479485,-0.45881672870682966,False,Left Foot,Half Volley,Open Play,False,False,False,5,10,117.2,41.1,116.6,41.8,Saved,0.016592033
e41f4db2-b122-4309-bf9e-338531d10421,3857275,106,771,France,11990,Youssouf Fofana,1,46,45,From Free Kick,99.9,53.4,24.157193545608724,-0.5880026035475676,False,Right Foot,Normal,Open Play,False,False,False,5,9,116.5,43.0,105.0,49.3,Blocked,0.041162748
6398875b-7a2a-4815-80cf-6ce293ecfb04,3857275,106,777,Tunisia,3196,Wahbi Khazri,1,46,59,Regular Play,97.9,19.8,29.940774873072336,0.7405110769539763,False,Right Foot,Normal,Open Play,False,False,False,5,9,118.8,40.0,120.0,42.9,Off T,0.010898009
7f3e6885-9d7a-489d-9a1b-8897a938840b,3857275,106,777,Tunisia,44955,Aïssa Bilal Laïdouni,2,51,29,From Throw In,114.8,22.4,18.35211159512714,1.2835148733977624,False,Right Foot,Normal,Open Play,False,False,False,4,8,118.0,34.4,120.0,40.6,Off T,0.013856714
eea8329f-d9bf-47fe-8ef2-8f41c0a7d829,3857275,106,777,Tunisia,3196,Wahbi Khazri,2,57,20,Regular Play,103.3,37.8,16.844286865284623,0.13098229074444162,True,Left Foot,Normal,Open Play,False,False,False,3,6,111.0,38.7,120.0,43.3,Goal,0.15620883
a937340c-4952-453c-9606-d316b920cf67,3857275,106,771,France,7439,Axel Disasi,2,79,23,From Corner,111.3,41.5,8.828363381737299,-0.17073521147528276,True,Head,Normal,Open Play,False,True,False,8,11,119.4,40.5,112.3,41.4,Blocked,0.061025612
7ef71259-91c7-4f82-aa0e-5f629a73c547,3857275,106,771,France,3026,Adrien Rabiot,2,81,8,From Corner,113.8,47.7,9.885848471426218,-0.8928958374231025,False,Right Foot,Volley,Open Play,True,False,False,6,11,118.8,42.2,116.1,49.1,Wayward,0.080746524
1fceb46b-a327-481b-af47-d9bebd469254,3857275,106,771,France,5477,Ousmane Dembélé,2,81,14,From Corner,95.9,53.5,27.623540685437117,-0.5106146643039747,False,Right Foot,Normal,Open Play,False,False,False,7,11,117.7,40.7,117.7,38.5,Saved,0.020325886
d0d54c9f-2ad3-42d0-9c59-10ca23006f5e,3857275,106,771,France,3026,Adrien Rabiot,2,84,28,Regular Play,108.7,29.1,15.700318468107579,0.767382094843393,False,Left Foot,Volley,Open Play,False,False,False,5,10,118.5,36.9,120.0,60.9,Wayward,0.06369618
0c9c3ca0-d9f0-41d9-a2b6-6c4b2b6d9be5,3857275,106,771,France,3009,Kylian Mbappé Lottin,2,88,19,Regular Play,116.8,24.7,15.631058825300352,1.3646180567629846,False,Right Foot,Normal,Open Play,False,False,False,4,10,119.2,35.9,119.1,35.3,Saved,0.01194291
b031838d-ebb8-4042-9824-18b4b1d71123,3857275,106,771,France,22097,Randal Kolo Muani,2,89,11,From Throw In,96.4,37.1,23.777510382712478,0.12226840393911866,False,Right Foot,Normal,Open Play,False,False,False,4,11,115.4,39.6,98.9,37.5,Blocked,0.041042205
a53883b6-db8a-4d3d-bca7-10c49010f58e,3857275,106,771,France,3009,Kylian Mbappé Lottin,2,92,32,From Free Kick,95.6,30.2,26.294486114012578,0.38191880555165186,False,Right Foot,Normal,Free Kick,False,False,False,8,11,118.2,40.9,105.4,33.3,Blocked,0.06416701
62fb7c39-248e-4bf9-8386-762a65c8c4d6,3857275,106,771,France,3009,Kylian Mbappé Lottin,2,92,37,From Free Kick,87.6,15.0,40.92383168766092,0.6571854940307165,False,Right Foot,Normal,Open Play,False,False,False,9,11,119.6,40.5,119.1,39.9,Saved,0.005017159
5f957f67-cdbc-4a3e-b3bc-89492062f995,3857261,106,768,England,3318,Marcus Rashford,1,9,11,From Throw In,104.0,39.5,16.00781059358212,0.031239833430268277,False,Right Foot,Normal,Open Play,True,False,False,1,6,107.0,39.6,106.8,39.7,Saved,0.28441095
b3aa66ac-7c47-4a5e-9e13-f667de5fe7a9,3857261,106,768,England,4354,Phil Foden,1,14,3,From Free Kick,97.4,54.6,26.90576146478668,-0.573570615916031,False,Left Foot,Normal,Open Play,False,False,False,8,11,116.4,40.6,120.0,45.5,Off T,0.02354375
2df12147-20e3-409f-82da-ea198b3bd365,3857261,106,768,England,3336,Harry Maguire,1,17,59,From Free Kick,120.0,54.6,14.600000000000001,-1.5707963267948966,True,Head,Normal,Open Play,False,True,False,6,11,118.6,44.3,120.0,49.0,Off T,0.01084097
86274f8e-79da-4350-a17e-19543a96839a,3857261,106,768,England,3318,Marcus Rashford,1,23,3,From Free Kick,98.2,19.5,29.924738929521173,0.7546749732159207,False,Right Foot,Normal,Open Play,False,False,False,8,11,117.2,37.4,105.1,27.3,Blocked,0.010357286
6ceded1c-f538-45b2-8db7-e479b1a8a10e,3857261,106,768,England,4354,Phil Foden,1,37,12,Regular Play,105.5,47.4,16.279127740760558,-0.4718891806386889,False,Left Foot,Normal,Open Play,False,False,False,5,9,116.2,41.8,120.0,33.2,Off T,0.05725451
0b1f67d9-7e3e-4889-9d49-711875468100,3857261,106,907,Wales,10931,Joe Allen,1,38,12,From Goal Kick,94.1,47.0,26.829275055431527,-0.2639637236257045,False,Right Foot,Normal,Open Play,True,False,False,7,11,116.6,41.7,96.9,46.3,Blocked,0.022615774
a1fbe40a-e398-4fa7-8732-e8638dc710be,3857261,106,768,England,3318,Marcus Rashford,1,38,38,Regular Play,108.4,35.0,12.631706139710497,0.40697078536877146,False,Right Foot,Overhead Kick,Open Play,True,False,False,4,9,117.6,39.3,120.0,28.5,Off T,0.081256144
d0ea94db-b546-458a-90c6-ee49c9ae5d93,3857261,106,768,England,10955,Harry Kane,1,43,51,From Free Kick,101.5,35.7,18.99315666233499,0.22837737870805072,False,Left Foot,Normal,Open Play,True,False,False,6,10,116.9,37.9,102.2,35.8,Blocked,0.028181294
6f221c97-2f08-4e40-a58d-41c6a8d43dd7,3857261,106,768,England,10955,Harry Kane,1,47,16,Regular Play,101.2,27.6,22.52110121641479,0.5830765350191446,False,Right Foot,Normal,Open Play,False,False,False,7,10,116.6,37.2,103.3,29.0,Blocked,0.030065771
559a4918-19c5-4542-a25c-9f97b0f50846,3857261,106,768,England,3244,John Stones,1,47,55,From Corner,112.8,55.4,17.0,-1.1334584350470125,True,Head,Normal,Open Play,False,True,False,6,11,117.9,42.5,119.4,39.9,Saved,0.006450981
6f9d3d1b-044c-4b18-917e-fbc5f5eee6e8,3857261,106,907,Wales,10931,Joe Allen,1,49,36,From Throw In,100.7,51.3,22.36470433517957,-0.5296837164288573,False,Left Foot,Normal,Open Play,False,False,False,7,11,117.6,42.2,120.0,34.8,Off T,0.04109325
6020ebb9-e009-4fa5-b2b4-5ef501777c88,3857261,106,768,England,3318,Marcus Rashford,2,49,17,From Free Kick,96.1,29.3,26.185874054535592,0.42093855323580187,False,Right Foot,Normal,Free Kick,False,False,False,8,11,117.0,39.3,120.0,43.8,Goal,0.05780817
e19e6d23-1ae7-41f7-8523-ca44e192c002,3857261,106,768,England,4354,Phil Foden,2,50,53,Regular Play,114.5,34.1,8.06597793203031,0.8204714939306735,False,Left Foot,Normal,Open Play,True,False,False,4,6,118.0,39.4,120.0,38.7,Goal,0.44030064
df171e76-7f4c-4369-86e8-f29b80bca70e,3857261,106,907,Wales,3853,Kieffer Roberto Francisco Moore,2,55,7,From Counter,90.1,22.3,34.74622281630048,0.5344965685454158,False,Right Foot,Normal,Open Play,False,False,False,6,10,117.9,40.0,117.7,38.7,Saved,0.00753591
f1368c72-842d-4757-9932-408fd168e995,3857261,106,768,England,3318,Marcus Rashford,2,67,40,From Throw In,109.9,50.3,14.42567156149064,-0.7952017708767444,False,Left Foot,Normal,Open Play,False,False,False,4,7,117.1,43.7,120.0,41.4,Goal,0.096602984
7d9ece14-5e53-4fa5-a35b-ff1a399e9221,3857261,106,768,England,3318,Marcus Rashford,2,71,21,Regular Play,110.3,52.4,15.743252522906442,-0.9069676498282017,False,Right Foot,Normal,Open Play,True,False,False,4,7,116.3,44.6,117.1,45.5,Saved,0.13184288
6ace6710-b215-4e46-ba83-cde3e026df5d,3857261,106,907,Wales,29377,Brennan Johnson,2,72,29,From Keeper,104.5,57.3,23.22800034441191,-0.8402212212619266,False,Right Foot,Normal,Open Play,False,False,False,5,7,117.7,43.4,106.2,55.6,Blocked,0.02192258
e0b68076-fbac-4918-b206-97d14b9d2e42,3857261,106,768,England,30714,Jude Bellingham,2,76,38,From Counter,104.3,32.8,17.27223205031707,0.42998157733878717,False,Right Foot,Normal,Open Play,True,False,False,3,5,115.1,38.6,115.0,39.5,Saved,0.25030845
bd9dd84a-4f39-4306-92ab-83727e7c522f,3857261,106,768,England,30714,Jude Bellingham,2,76,40,From Counter,112.7,29.3,12.952991932368365,0.9720874942116978,False,Left Foot,Normal,Open Play,True,False,False,4,7,116.8,36.1,115.4,39.9,Wayward,0.24362406
c0c85901-65b7-43dc-99f6-131d9ce25947,3857261,106,768,England,4354,Phil Foden,2,76,41,From Counter,116.1,39.5,3.9319206502675055,0.12750955821523807,False,Left Foot,Half Volley,Open Play,True,False,False,4,7,116.4,35.3,120.0,33.8,Off T,0.6100251
f3bcd7c8-1fb7-4336-b5b9-ba70dd428ae4,3857261,106,907,Wales,9540,Harry Wilson,2,82,59,From Free Kick,92.6,52.6,30.15824928605771,-0.4310182442740105,False,Left Foot,Normal,Free Kick,False,False,False,8,11,119.1,39.7,100.0,49.8,Blocked,0.031328887
17bf3017-ecec-4755-a1b7-b6c26c31e712,3857261,106,907,Wales,82257,Rubin Colwill,2,83,41,From Throw In,98.3,26.1,25.770137756713684,0.569705399212333,False,Right Foot,Normal,Open Play,True,False,False,6,11,117.6,37.9,120.0,40.7,Off T,0.025066664
ba3ef593-6a87-4c36-a4e8-df68c770aac9,3857261,106,907,Wales,3853,Kieffer Roberto Francisco Moore,2,86,15,Regular Play,102.1,34.6,18.69679116854013,0.292993678513721,False,Right Foot,Normal,Open Play,False,False,False,3,8,117.2,39.2,120.0,46.0,Off T,0.058446433
ed57db75-dfc9-4bf5-8f72-c85a80bb9829,3857261,106,768,England,3244,John Stones,2,90,53,From Corner,114.4,43.9,6.824221567329121,-0.6083250086185733,True,Left Foot,Half Volley,Open Play,True,False,False,5,10,118.7,40.8,120.0,42.4,Post,0.45507616
50db4204-c0a9-481b-b731-1f9c2119ec10,3857261,106,768,England,4354,Phil Foden,2,93,25,From Free Kick,111.0,48.5,12.379418403139947,-0.7568345055586884,False,Left Foot,Normal,Open Play,True,False,False,5,8,117.7,43.2,112.1,47.2,Blocked,0.09753507
273f2a3e-333d-45b6-98ea-40c887724938,3857290,106,2722,Cameroon,4935,Bryan Mbeumo,1,9,36,Regular Play,109.4,22.7,20.289159667172022,1.021078700576747,False,Left Foot,Normal,Open Play,True,False,False,2,5,118.7,35.8,118.7,35.9,Saved,0.016072592
6f976433-79ae-46c6-8442-5619a2616918,3857290,106,2722,Cameroon,3551,Karl Brillant Toko Ekambi,1,9,38,Regular Play,108.7,32.1,13.787675656179323,0.6101317873943674,False,Right Foot,Half Volley,Open Play,True,False,False,1,5,118.1,37.2,120.0,40.2,Off T,0.15900026
23f136be-e690-4b7f-87b2-6b3ad068d6dc,3857290,106,773,Switzerland,3500,Granit Xhaka,1,11,18,Regular Play,88.1,28.2,34.01249770305028,0.35429719701476414,False,Left Foot,Normal,Open Play,False,False,False,6,10,118.4,40.4,120.0,46.4,Off T,0.012105021
d5b28821-d368-43eb-bcd1-f23cbca7ebc1,3857290,106,2722,Cameroon,16346,Ngoran Suiru Fai Collins,1,25,42,Regular Play,98.8,59.8,29.008274681545608,-0.7512650838906697,False,Right Foot,Normal,Open Play,False,False,False,5,10,118.0,42.9,120.0,45.7,Off T,0.009452554
c16ca4fa-a630-423d-9594-9b5000b69427,3857290,106,2722,Cameroon,30016,Martin Hongla Yma II,1,29,7,Regular Play,110.6,53.8,16.69730517179344,-0.9728272758411216,True,Right Foot,Normal,Open Play,False,False,False,3,6,117.2,43.0,117.3,43.3,Saved,0.08237888
ea072536-ad5e-4021-8739-b68638f5bba7,3857290,106,773,Switzerland,8814,Nico Elvedi,1,39,41,From Corner,113.3,38.7,6.824954212300624,0.1916484966866767,True,Head,Normal,Open Play,False,True,False,6,9,119.1,38.9,120.0,33.9,Off T,0.19001445
a338a246-fa6b-434b-8433-b3226b602dd4,3857290,106,2722,Cameroon,3499,Jean-Eric Maxim Choupo-Moting,1,40,49,From Goal Kick,105.2,53.5,20.0322240402807,-0.7394940377234612,False,Right Foot,Normal,Open Play,False,False,False,5,7,117.6,43.8,107.7,51.6,Blocked,0.041722767
783e2d94-42cc-48a0-b7ef-e589bd24bd03,3857290,106,773,Switzerland,5549,Manuel Obafemi Akanji,1,45,50,From Corner,114.7,38.7,5.457105459856898,0.24053424794590422,False,Head,Normal,Open Play,False,False,False,6,9,119.2,40.2,120.0,46.0,Off T,0.15555824
ae517076-6842-4ef1-aafd-5315f6e5010c,3857290,106,773,Switzerland,5545,Breel-Donald Embolo,2,47,33,From Throw In,111.9,39.5,8.115417426109387,0.06165017063925908,True,Right Foot,Normal,Open Play,True,False,False,4,8,118.9,41.8,120.0,41.5,Goal,0.55189455
f7c0ca0c-a7dd-48d2-ad85-a14d9d51a2ae,3857290,106,2722,Cameroon,7472,Nicolas Alexis Julio N'Koulou Ndoubena,2,49,37,From Free Kick,116.1,35.1,6.262587324740473,0.8985491449879319,False,Head,Normal,Open Play,False,False,False,5,9,116.7,35.9,116.5,35.8,Saved,0.24569963
f0860137-a2b5-4c86-ba0f-9b717e4120a5,3857290,106,2722,Cameroon,3499,Jean-Eric Maxim Choupo-Moting,2,56,31,Regular Play,119.2,47.9,7.9404030124421245,-1.4698745421276032,False,Right Foot,Normal,Open Play,False,False,False,5,8,119.4,45.1,119.5,45.2,Saved,0.0123953605
61248d26-7118-4d2c-b82d-442f3c5aa13a,3857290,106,2722,Cameroon,3141,André-Frank Zambo Anguissa,2,65,26,From Free Kick,107.5,44.3,13.21892582625381,-0.33131964030425254,True,Head,Normal,Open Play,False,True,False,6,10,118.5,41.1,119.1,42.9,Saved,0.046351306
eb094614-1ff9-4459-a420-23deadac917e,3857290,106,773,Switzerland,30401,Ruben Vargas,2,65,50,From Keeper,107.5,41.8,12.628935030318273,-0.14301687496474685,False,Right Foot,Normal,Open Play,True,False,False,4,7,119.2,42.3,119.5,43.3,Saved,0.1977995
98534730-90fb-429b-89c3-520ae8e5fbdd,3857290,106,773,Switzerland,3500,Granit Xhaka,2,88,2,Regular Play,96.2,37.3,23.952661647507984,0.11296242686470939,False,Left Foot,Normal,Open Play,False,False,False,4,9,118.9,41.5,119.0,42.9,Saved,0.048882935
5b935c1e-16d3-4bd2-9758-23d64f603909,3857290,106,773,Switzerland,5543,Haris Seferović,2,94,52,From Throw In,108.0,45.8,13.328165665236908,-0.45022559626071484,False,Left Foot,Normal,Open Play,False,False,False,1,5,117.5,41.2,113.7,43.7,Blocked,0.27028984
dd4dbf6b-1fa8-425a-a3db-1bb666f7d995,3857298,106,780,Portugal,11184,Otávio Edmilson da Silva Monteiro,1,4,10,From Corner,96.6,34.3,24.084227203711567,0.23893644058616348,False,Right Foot,Volley,Open Play,True,False,False,8,11,119.2,39.4,120.0,28.6,Off T,0.02513017
83c4eb51-6f0c-4174-9b1a-37bc9aa37a9a,3857298,106,780,Portugal,9927,Rúben Diogo Da Silva Neves,1,5,47,Regular Play,98.1,36.6,22.162355470481927,0.15402154022695605,False,Right Foot,Normal,Open Play,True,False,False,6,9,115.1,38.8,100.5,37.1,Blocked,0.07171052
53fc6356-37e6-43e8-a40f-190667081d88,3857298,106,780,Portugal,5207,Cristiano Ronaldo dos Santos Aveiro,1,9,27,Regular Play,107.7,39.2,12.325988804148734,0.06494916896802254,False,Right Foot,Normal,Open Play,False,False,False,2,7,109.3,39.5,108.7,39.3,Saved,0.4577736
61f19d48-a4a3-42f3-b777-0c87f7da2c47,3857298,106,780,Portugal,5207,Cristiano Ronaldo dos Santos Aveiro,1,12,26,From Corner,116.3,43.7,5.232590180780456,-0.7853981633974483,True,Head,Normal,Open Play,False,True,False,6,11,119.2,39.7,120.0,50.4,Off T,0.2074416
5d6269c7-8f46-49a6-b028-4e05d68b6d37,3857298,106,780,Portugal,12041,João Félix Sequeira,1,27,31,From Free Kick,104.2,35.6,16.401219466856723,0.271599591760076,False,Left Foot,Normal,Open Play,True,False,False,5,10,118.1,38.5,120.0,32.0,Off T,0.07848694
4f2f7ef3-bb3a-4db0-b81f-daa03053d4ea,3857298,106,780,Portugal,11184,Otávio Edmilson da Silva Monteiro,1,35,37,From Throw In,99.9,32.5,21.453671014537342,0.3571340105207936,False,Right Foot,Normal,Open Play,False,False,False,7,11,116.9,38.9,116.9,38.1,Saved,0.045895047
18118398-00a9-43e1-a44c-0897573712d2,3857298,106,780,Portugal,5207,Cristiano Ronaldo dos Santos Aveiro,1,41,16,Regular Play,110.0,25.1,17.944637081869335,0.9797025429849916,False,Left Foot,Normal,Open Play,True,False,False,4,9,117.6,36.2,110.9,26.2,Blocked,0.030432492
a67b0953-60a8-4722-ab82-1bbf2bcd53d4,3857298,106,4885,Ghana,45047,Alidu Seidu,2,53,2,From Corner,88.8,44.2,31.481423093627775,-0.13381097747459084,False,Left Foot,Half Volley,Open Play,True,False,False,9,11,117.5,40.3,120.0,48.9,Off T,0.015372672
b495a21d-c7c8-42d0-ab0f-0e90b94d60f8,3857298,106,4885,Ghana,17033,Mohammed Kudus,2,54,33,From Free Kick,92.9,31.0,28.55538478115817,0.32064313513727627,False,Left Foot,Normal,Open Play,False,False,False,3,6,116.7,37.3,120.0,45.3,Off T,0.030134441
f539cd95-0c8f-4704-952b-e0a35bf7993e,3857298,106,780,Portugal,5207,Cristiano Ronaldo dos Santos Aveiro,2,64,20,Other,108.1,40.1,11.900420160649796,-0.008403163547647103,False,Right Foot,Normal,Penalty,False,False,False,0,0,,,120.0,37.8,Goal,0.7835
98e5e215-51a0-43f0-b954-40d78e86a583,3857298,106,4885,Ghana,6393,Iñaki Williams Arthuer,2,66,27,From Throw In,91.1,47.3,29.807717121577767,-0.2474196672289768,False,Right Foot,Normal,Open Play,False,False,False,6,10,116.9,41.2,94.8,46.6,Blocked,0.020453067
6cbb593a-790d-460c-85f3-63513e98011c,3857298,106,4885,Ghana,6383,Thomas Teye Partey,2,68,1,Regular Play,92.4,52.5,30.298679839227315,-0.4252617469123915,True,Right Foot,Normal,Open Play,False,False,False,7,11,116.8,41.2,120.0,46.3,Off T,0.021057075
023e13c1-0fce-4feb-8cfd-a61c9457390c,3857298,106,4885,Ghana,17033,Mohammed Kudus,2,71,38,Regular Play,90.8,34.5,29.713464961192262,0.1861749086659833,False,Left Foot,Half Volley,Open Play,False,False,False,5,9,117.2,40.1,116.6,40.0,Saved,0.02159481
d16df27e-55c4-4cf9-9290-54e48d7f346a,3857298,106,4885,Ghana,3347,André Ayew Pelé,2,72,11,Regular Play,115.6,39.8,4.404543109109054,0.0454232794215776,False,Right Foot,Half Volley,Open Play,True,False,False,3,6,118.1,36.9,120.0,39.3,Goal,0.48524466
9e626aa5-58e5-48c8-afd9-6d8eb3596264,3857298,106,780,Portugal,12041,João Félix Sequeira,2,77,6,Regular Play,107.5,52.6,17.748521065147937,-0.7893822060633012,False,Right Foot,Normal,Open Play,False,False,False,2,6,110.3,49.2,120.0,37.0,Goal,0.21504128
7ddc71ea-7fbb-426b-bc81-ad287bb99a3f,3857298,106,780,Portugal,18360,Rafael Alexandre Conceição Leão,2,79,21,Regular Play,111.7,28.3,14.345033983926282,0.9537883205449783,False,Right Foot,Normal,Open Play,True,False,False,4,7,116.8,36.4,120.0,43.8,Goal,0.15539157
fc86a7b5-c283-400a-85c9-c61834a7f38a,3857298,106,4885,Ghana,44225,Osman Bukari,2,88,28,From Throw In,113.5,40.2,6.503076195155644,-0.030759526070469667,False,Head,Normal,Open Play,False,False,False,3,6,117.8,40.1,120.0,42.7,Goal,0.15547352
b43d8f67-148b-4980-90f8-49bbc0831f13,3857298,106,4885,Ghana,30519,Mohamed Salisu,2,91,13,From Free Kick,106.9,30.6,16.12358520925169,0.6224124242104329,True,Head,Normal,Open Play,False,True,False,6,10,117.0,39.6,120.0,23.8,Off T,0.02431712
a61f4bb3-9f80-4abf-9722-6640215eb731,3857298,106,780,Portugal,18360,Rafael Alexandre Conceição Leão,2,95,4,Regular Play,95.5,29.9,26.500188678573593,0.39101755270582617,False,Right Foot,Normal,Open Play,False,False,False,4,8,117.5,38.5,100.5,32.7,Blocked,0.026070174
03c49999-8755-4565-93e0-67c6ca85093f,3857298,106,4885,Ghana,44225,Osman Bukari,2,97,33,From Throw In,103.3,12.6,32.08815981012311,1.0234287822665478,False,Right Foot,Normal,Open Play,False,False,False,7,11,118.2,37.6,120.0,36.9,Off T,0.0063759447
81fb64a4-a41f-4eec-ab6d-7721b769e3a2,3857285,106,787,Senegal,20611,Boulaye Dia,1,0,45,Regular Play,107.0,27.1,18.31420213932346,0.7815371787220525,False,Left Foot,Half Volley,Open Play,False,False,False,5,8,117.3,36.1,107.6,27.6,Blocked,0.034865376
dd029fc0-18f9-47f2-9e90-f289f838e02e,3857285,106,941,Netherlands,3264,Vincent Janssen,1,3,55,From Throw In,103.2,34.3,17.74063133036702,0.32709809700579306,False,Left Foot,Normal,Open Play,True,False,False,7,10,116.1,42.0,104.3,34.6,Blocked,0.12169348
c4602ac8-db2f-4580-ba9a-ce7292be1032,3857285,106,787,Senegal,2941,Ismaïla Sarr,1,8,48,Regular Play,97.5,44.1,22.870505022845474,-0.18024458307328317,True,Left Foot,Normal,Open Play,False,False,False,5,9,117.2,39.9,120.0,41.0,Off T,0.059537582
21b51419-7d6c-443b-8107-2c90cb73bdbc,3857285,106,941,Netherlands,3311,Daley Blind,1,16,18,From Throw In,112.8,32.9,10.111874208078346,0.7784052703921149,True,Head,Normal,Open Play,False,True,False,6,9,118.4,38.4,120.0,34.3,Off T,0.04866169
2098f92b-0f82-4f1e-b7fe-24caad1a69d9,3857285,106,941,Netherlands,3264,Vincent Janssen,1,18,51,From Throw In,98.3,44.3,22.12193481592422,-0.19562251206246875,True,Left Foot,Normal,Open Play,False,False,False,7,11,115.4,40.8,99.3,44.0,Blocked,0.03382374
e086821a-1732-4340-bd1e-2e3b57a0cda1,3857285,106,787,Senegal,2941,Ismaïla Sarr,1,24,39,From Free Kick,102.7,25.9,22.31815404552984,0.6838379620903707,False,Right Foot,Normal,Open Play,False,False,False,5,9,117.7,37.6,111.4,34.9,Blocked,0.034923773
819e2c8c-5a57-4cf6-b3e6-36e23513dc9a,3857285,106,941,Netherlands,3669,Virgil van Dijk,1,26,38,From Corner,109.4,38.0,10.787029248129436,0.18648690166721688,True,Head,Normal,Open Play,False,True,False,6,11,118.5,40.0,120.0,51.1,Off T,0.045367446
b5d4b6d2-2276-4827-ad51-fd13e52e6ecf,3857285,106,787,Senegal,3436,Idrissa Gana Gueye,1,28,20,From Free Kick,100.9,48.4,20.86552180032888,-0.41433140520599376,False,Right Foot,Normal,Open Play,False,False,False,7,9,117.0,41.4,101.6,48.1,Blocked,0.025139945
33dcd604-7bb3-48c8-99b1-77134bdaf72b,3857285,106,787,Senegal,20758,Krépin Diatta,1,28,35,From Free Kick,100.0,56.6,25.991537084212624,-0.6927678353971223,False,Left Foot,Normal,Open Play,False,False,False,7,9,117.4,41.9,120.0,47.9,Off T,0.03131155
c4b8f106-bc44-42a1-9c06-b1d8a4364777,3857285,106,787,Senegal,3404,Youssouf Sabaly,1,32,51,From Throw In,84.7,54.0,37.974860105074775,-0.37757240020109395,False,Right Foot,Normal,Open Play,False,False,False,8,11,116.6,41.3,114.8,39.9,Saved,0.0068181115
f27a12e2-2343-4860-980f-31041a77c724,3857285,106,941,Netherlands,7745,Steven Berghuis,1,39,17,Regular Play,97.2,47.3,23.940133667128926,-0.3098620788504699,False,Left Foot,Volley,Open Play,False,False,False,7,10,117.7,40.9,120.0,40.4,Off T,0.030127633
85ef6406-6165-44fc-86f4-3cae9a354a94,3857285,106,941,Netherlands,3669,Virgil van Dijk,2,52,40,From Corner,111.1,40.2,8.902246907382434,-0.022468128585825777,True,Head,Normal,Open Play,False,True,False,8,11,118.4,39.8,120.0,40.7,Off T,0.06871433
3409a450-23b4-46b2-a4a9-05c7d9a9af28,3857285,106,787,Senegal,3404,Youssouf Sabaly,2,53,58,From Throw In,96.9,57.9,29.223620583356876,-0.6592424505089026,False,Right Foot,Normal,Open Play,False,False,False,4,7,116.3,42.7,102.9,54.1,Blocked,0.011074076
01ae7e3c-91d2-4989-9fd8-641f2d55cfe2,3857285,106,787,Senegal,20758,Krépin Diatta,2,57,53,Regular Play,115.2,50.5,11.545128842936313,-1.1420182993488806,False,Right Foot,Half Volley,Open Play,True,False,False,4,7,119.4,41.2,120.0,57.6,Wayward,0.058196757
2898c48b-c7a7-4cd3-9e1a-8a4e54e3ed39,3857285,106,941,Netherlands,7745,Steven Berghuis,2,59,9,From Goal Kick,95.3,32.8,25.728000310945276,0.28363863657276467,False,Left Foot,Normal,Open Play,False,False,False,6,10,117.3,39.0,103.9,36.2,Blocked,0.038496487
b18d6cd5-7dbd-4c02-abb4-ffd8b825b39c,3857285,106,787,Senegal,20611,Boulaye Dia,2,64,40,From Free Kick,107.6,56.5,20.64000968992021,-0.9263262260568269,False,Right Foot,Normal,Open Play,True,False,False,3,6,118.3,43.6,119.2,44.2,Saved,0.04221427
ba96f3ec-0c47-44fe-a71d-e9bdbd6dfc70,3857285,106,787,Senegal,3436,Idrissa Gana Gueye,2,72,34,Regular Play,103.3,40.4,16.704789732289363,-0.023947516922207517,True,Right Foot,Half Volley,Open Play,False,False,False,4,8,119.2,39.6,118.8,39.8,Saved,0.06520781
6ec6d6e5-6600-49ad-98dc-60d422c2be0f,3857285,106,787,Senegal,88123,Cheikh Ahmadou Bamba Mbacke Dieng,2,74,59,Regular Play,104.3,31.7,17.758941409892653,0.4863137517844905,False,Left Foot,Half Volley,Open Play,True,False,False,5,8,117.8,37.9,120.0,35.7,Off T,0.07416881
d4df34f1-3c34-4675-9075-676a5493faa3,3857285,106,787,Senegal,2941,Ismaïla Sarr,2,81,24,Regular Play,111.3,40.6,8.720665112249183,-0.06885648930104474,True,Head,Normal,Open Play,False,True,False,4,9,118.6,40.6,120.0,42.2,Off T,0.06430619
597f7130-1c91-48bd-9723-52b0b2913977,3857285,106,941,Netherlands,20750,Cody Mathès Gakpo,2,83,50,Regular Play,112.3,39.0,7.764663547121668,0.12914729012802,False,Head,Normal,Open Play,False,False,False,6,11,113.6,40.0,120.0,36.4,Goal,0.28603274
d67ed7c2-cb3d-4eb9-907a-6c36d33952e0,3857285,106,787,Senegal,21026,Pape Gueye,2,85,51,From Throw In,93.8,56.8,31.123624467596958,-0.5701791791933412,False,Left Foot,Normal,Open Play,False,False,False,6,10,117.4,41.5,118.7,43.7,Saved,0.008650101
ceeeab00-ca40-4102-8f50-040fde9a9ba9,3857285,106,787,Senegal,32915,Ismail Jakobs,2,91,0,Regular Play,91.0,27.5,31.579265349276255,0.4069707853687713,False,Left Foot,Half Volley,Open Play,True,False,False,6,8,118.5,38.4,120.0,42.9,Off T,0.014392905
7cd5adc1-5dba-4aa4-af81-dd2368f99eb6,3857285,106,787,Senegal,88123,Cheikh Ahmadou Bamba Mbacke Dieng,2,92,55,From Throw In,112.8,35.7,8.386298349093002,0.5383745133462297,False,Head,Normal,Open Play,False,False,False,5,10,117.5,40.3,120.0,36.7,Off T,0.16068545
37e3001d-d9fe-4fd9-9327-532a11e41521,3857285,106,941,Netherlands,2988,Memphis Depay,2,98,16,Regular Play,101.2,50.1,21.341274563624356,-0.49298929050208,False,Left Foot,Normal,Open Play,False,False,False,1,4,114.9,42.2,114.6,40.9,Saved,0.102816984
24ed1e2b-5f30-476f-a7d7-9b21b03164bb,3857285,106,941,Netherlands,4318,Davy Klaassen,2,98,18,Regular Play,109.5,34.8,11.717081547894084,0.45983083364175836,False,Left Foot,Normal,Open Play,True,False,False,1,4,114.6,38.2,120.0,38.0,Goal,0.34814927
efad880d-1c42-4469-b874-b88fdd11ec0c,3857282,106,1839,United States,22168,Joshua Sargent,1,9,2,From Throw In,116.0,35.3,6.171709649683791,0.8656849786804651,False,Head,Normal,Open Play,False,False,False,5,9,119.4,36.7,120.0,36.1,Post,0.25332773
f86451c3-a2de-40d7-9e8b-c758a0238c23,3857282,106,907,Wales,4934,Ethan Ampadu,1,13,45,From Free Kick,87.6,43.1,32.547964606100955,-0.09538864193976877,False,Right Foot,Half Volley,Open Play,False,False,False,8,11,119.0,40.6,120.0,37.1,Off T,0.013776194
6c050fb6-760f-45be-b373-07540d94c412,3857282,106,1839,United States,21881,Sergino Dest,1,28,29,From Throw In,90.9,56.6,33.501790996900446,-0.5184056478879622,False,Right Foot,Normal,Open Play,False,False,False,5,9,116.6,42.2,120.0,40.7,Off T,0.0066337776
0592b60f-7f9f-446d-ae00-42abec2f64f1,3857282,106,1839,United States,3377,Timothy Weah,1,35,12,From Counter,107.7,37.8,12.495199078045934,0.17699022916334295,True,Right Foot,Normal,Open Play,True,False,False,1,7,110.9,38.5,120.0,43.8,Goal,0.20100605
0e55900b-d2c5-4473-b159-aa752a27e8f7,3857282,106,907,Wales,3086,Ben Davies,1,44,29,From Corner,114.7,37.5,5.860034129593442,0.44075084777942236,True,Head,Normal,Open Play,False,True,False,6,11,119.0,37.9,120.0,23.7,Off T,0.14399761
b9450a53-8f48-4b5f-8fb8-c8c7c629bbc3,3857282,106,907,Wales,3853,Kieffer Roberto Francisco Moore,2,60,3,From Free Kick,93.4,42.2,26.690822392725178,-0.08251895443298175,False,Left Foot,Half Volley,Open Play,False,False,False,5,8,115.9,40.9,102.3,42.6,Blocked,0.032130886
3ed6ac35-deeb-496e-8196-1f46217c3171,3857282,106,907,Wales,3086,Ben Davies,2,63,54,From Free Kick,109.2,38.3,10.932977636490433,0.15612636584334247,False,Head,Diving Header,Open Play,False,False,False,8,11,118.4,39.9,118.5,40.3,Saved,0.18666926
c2b7077a-ec99-4c68-95e5-857d1e060e4f,3857282,106,907,Wales,3853,Kieffer Roberto Francisco Moore,2,64,34,From Corner,116.3,43.4,5.024937810560446,-0.7431697612844458,False,Head,Normal,Open Play,False,False,False,7,10,117.6,41.9,120.0,38.2,Off T,0.19270518
6d00ee32-870a-4001-8120-15c052a3b63d,3857282,106,1839,United States,22008,Haji Wright,2,74,48,Regular Play,106.6,46.9,15.072159765607587,-0.4755164878470648,True,Head,Normal,Open Play,False,True,False,5,9,117.3,40.6,120.0,25.6,Off T,0.027433796
6c3a8948-24c5-4a9f-94ef-820524a32e7c,3857282,106,1839,United States,24243,Brenden Aaronson,2,76,33,From Corner,116.3,46.7,7.653757247260986,-1.066235888018651,True,Head,Normal,Open Play,False,True,False,6,10,118.4,43.4,120.0,46.0,Off T,0.09428854
a11b0dd8-d028-437a-90ce-0287f697ac55,3857282,106,907,Wales,6399,Gareth Frank Bale,2,81,33,Other,108.0,40.0,12.0,0.0,False,Left Foot,Normal,Penalty,False,False,False,0,0,,,120.0,43.4,Goal,0.7835
fcde792c-c2cb-43b8-9240-7815f5e252f9,3857282,106,907,Wales,29377,Brennan Johnson,2,88,36,From Counter,109.9,56.2,19.090573590125572,-1.0133075051647544,False,Right Foot,Normal,Open Play,False,False,False,1,6,118.4,43.9,118.2,44.2,Saved,0.042556882
7ffb8520-fade-443f-9853-8e1919f85e79,3857282,106,1839,United States,12751,Tyler Adams,2,91,13,From Free Kick,92.8,35.5,27.569729777420747,0.16395607213627558,False,Right Foot,Half Volley,Open Play,False,False,False,6,10,117.6,39.2,96.2,35.9,Blocked,0.019808901
d2f58c81-92d6-4a50-811a-2413929f5c1d,3857297,106,799,Saudi Arabia,5191,Mohammed Al Burayk,1,7,5,From Goal Kick,91.6,24.8,32.21179908046119,0.49141824559422703,False,Right Foot,Normal,Open Play,False,False,False,6,10,118.1,38.6,97.4,28.2,Blocked,0.012477021
2be63b79-06c8-46a1-8688-d5257673d4d9,3857297,106,799,Saudi Arabia,5713,Mohammed Kanoo,1,12,17,From Free Kick,105.5,54.5,20.506096654409877,-0.7853981633974483,False,Right Foot,Normal,Open Play,True,False,False,4,9,119.4,41.9,119.6,43.2,Saved,0.03839731
81bfba47-f671-4b85-adc5-fb8fc77f87b0,3857297,106,789,Poland,11737,Krystian Bielik,1,25,36,From Corner,111.7,39.3,8.329465769183518,0.0841382405311713,True,Head,Normal,Open Play,False,True,False,7,11,119.2,40.1,116.4,39.4,Blocked,0.075333446
4965589f-2eaa-49a7-81cd-3200dfbdeb2a,3857297,106,799,Saudi Arabia,51469,Saleh Khalid Al Shehri,1,32,3,From Throw In,108.5,45.0,12.539936203984453,-0.41012734054149097,False,Head,Normal,Open Play,False,False,False,4,8,118.4,41.9,108.7,0.1,Wayward,0.044610713
dedac82e-b225-46ac-bbb5-e189d1cfb20e,3857297,106,789,Poland,5660,Piotr Zieliński,1,38,57,From Goal Kick,111.9,44.7,9.364827814754522,-0.5257685339891913,False,Right Foot,Half Volley,Open Play,True,False,False,4,8,118.8,43.2,120.0,41.0,Goal,0.23496674
79f1bb24-ca0f-44a0-9e41-3558fb125f6b,3857297,106,789,Poland,5668,Robert Lewandowski,1,40,16,Regular Play,112.9,58.5,19.81565038044424,-1.2043471305310014,False,Right Foot,Half Volley,Open Play,False,False,False,3,5,118.5,43.5,120.0,3.1,Wayward,0.009729679
db50083a-907b-4263-beef-a07ac5b82161,3857297,106,799,Saudi Arabia,5187,Salem Mohammed Al Dawsari,1,45,35,Other,108.1,40.1,11.900420160649796,-0.008403163547647103,False,Right Foot,Normal,Penalty,False,False,False,0,0,,,119.3,38.3,Saved,0.7835
c024762d-1211-4eda-8380-7d09e7a96151,3857297,106,799,Saudi Arabia,5191,Mohammed Al Burayk,1,45,37,Other,112.7,32.9,10.183319694480772,0.7715101674664815,False,Right Foot,Normal,Open Play,True,False,False,2,6,118.0,37.2,117.5,36.9,Saved,0.35719204
11e3ad98-3896-433a-bba4-4f12f55829fa,3857297,106,799,Saudi Arabia,51710,Saud Abdullah Abdul Hamid,2,50,48,From Corner,85.9,24.5,37.45744251814317,0.42662749312687615,False,Right Foot,Normal,Open Play,False,False,False,9,11,117.6,39.3,90.7,26.6,Blocked,0.005913877
dbc22c7c-3a77-49e0-8fcc-165b17167d2a,3857297,106,799,Saudi Arabia,5713,Mohammed Kanoo,2,50,53,From Corner,104.2,39.3,15.815498727514093,0.04427484466950619,False,Right Foot,Overhead Kick,Open Play,True,False,False,8,11,117.5,40.6,120.0,54.1,Off T,0.03705331
b32acb43-b80a-470e-bce9-90598ed7ee46,3857297,106,799,Saudi Arabia,5187,Salem Mohammed Al Dawsari,2,53,43,From Free Kick,97.6,21.6,28.988273491189506,0.6876712560387294,False,Right Foot,Normal,Open Play,False,False,False,6,10,117.7,39.5,120.0,53.0,Off T,0.010959039
9d027449-9a71-41d7-91a4-e9701df87106,3857297,106,799,Saudi Arabia,5187,Salem Mohammed Al Dawsari,2,54,34,Regular Play,114.6,36.1,6.661080993352359,0.6254850402392284,False,Left Foot,Normal,Open Play,False,False,False,4,8,117.3,37.2,117.1,37.2,Saved,0.16438472
1540a282-cfd2-4a45-96e6-3a95c39914f1,3857297,106,799,Saudi Arabia,56755,Abdulelah Saad Hameed Al-Malki,2,54,36,Regular Play,97.0,40.0,23.0,0.0,False,Right Foot,Volley,Open Play,True,False,False,6,9,117.4,36.6,120.0,43.2,Off T,0.0391187
f385844d-ab4d-4198-9014-10751c300c90,3857297,106,799,Saudi Arabia,51099,Firas Tariq Nasser Al Albirakan,2,59,26,From Goal Kick,112.9,27.5,14.375673897247388,1.0542386450764276,True,Left Foot,Normal,Open Play,False,False,False,4,9,117.6,35.6,120.0,35.2,Off T,0.11089649
4eb4d5db-61a5-454b-8c1a-e5520be02cc1,3857297,106,799,Saudi Arabia,5713,Mohammed Kanoo,2,60,4,Regular Play,107.3,49.4,15.800316452527147,-0.6371720793770823,False,Right Foot,Normal,Open Play,True,False,False,6,8,117.0,43.6,120.0,44.0,Off T,0.07597345
35ecad59-a356-4424-a9bd-c7e1f3dbe7a6,3857297,106,789,Poland,5665,Arkadiusz Milik,2,62,31,From Goal Kick,111.0,38.8,9.079647570252934,0.13255153229667432,False,Head,Normal,Open Play,False,False,False,2,7,119.3,40.1,120.0,37.3,Post,0.13519733
ea6094d3-7510-45dd-968e-66684c0f4379,3857297,106,789,Poland,5668,Robert Lewandowski,2,65,1,From Free Kick,115.1,44.4,6.585590330410786,-0.731686434094215,False,Other,Normal,Open Play,False,False,False,3,7,116.3,43.7,120.0,44.1,Post,0.25903136
4e633834-f4a5-4f29-9215-267c13aba9ed,3857297,106,799,Saudi Arabia,54144,Nawaf Shaker Al Abid,2,67,52,From Free Kick,95.1,46.7,25.785654926722344,-0.2628507017236842,False,Left Foot,Normal,Free Kick,False,False,False,7,11,118.9,39.6,103.6,45.3,Blocked,0.0660456
39f1b4e4-757e-4c37-b42d-b52826448257,3857297,106,799,Saudi Arabia,5187,Salem Mohammed Al Dawsari,2,68,29,From Free Kick,96.0,34.2,24.690889007891148,0.23712027872466274,False,Right Foot,Normal,Open Play,False,False,False,6,10,117.9,40.1,117.8,42.0,Saved,0.03677261
f6869c7d-e38c-4c4d-941f-10e184f36ca1,3857297,106,789,Poland,5668,Robert Lewandowski,2,72,28,From Throw In,107.3,49.0,15.565667348366407,-0.6165153733908495,False,Right Foot,Normal,Open Play,True,False,False,5,9,118.8,42.6,109.1,48.2,Blocked,0.09536816
7d51a405-d72b-4f2b-b039-7eb53480c766,3857297,106,799,Saudi Arabia,56755,Abdulelah Saad Hameed Al-Malki,2,77,50,Regular Play,103.2,34.7,17.61618573925695,0.30559397112766,False,Left Foot,Normal,Open Play,True,False,False,6,10,118.8,38.2,120.0,45.8,Off T,0.10027991
eee20398-5fc9-49ff-bf22-2cc36ca05d2c,3857297,106,789,Poland,12493,Krzysztof Piątek,2,80,55,From Free Kick,107.4,41.4,12.677539193392377,-0.11065722117389558,True,Head,Normal,Open Play,False,True,False,3,7,118.6,40.5,120.0,32.8,Off T,0.02819521
4b0734e0-f6e7-4ebf-9fa4-aff5230d417f,3857297,106,789,Poland,5668,Robert Lewandowski,2,81,28,From Goal Kick,107.2,44.6,13.60147050873544,-0.3450021772071053,False,Left Foot,Normal,Open Play,False,False,False,1,5,111.1,43.7,120.0,39.6,Goal,0.47824246
c0825b2d-a1da-4424-ba81-13a3c5c1e221,3857297,106,799,Saudi Arabia,51705,Abdulrahman Al-Obood,2,86,25,Regular Play,118.0,48.2,8.44037913840368,-1.331564726831236,True,Head,Normal,Open Play,False,True,False,2,6,119.1,43.6,120.0,43.2,Off T,0.041744728
0a75a101-5aa9-40ee-98a9-f25efa6b7757,3857297,106,789,Poland,5668,Robert Lewandowski,2,89,28,From Free Kick,109.9,48.1,12.94681427996864,-0.6759472142560853,False,Right Foot,Lob,Open Play,False,False,False,2,6,111.8,46.1,111.8,46.4,Saved,0.4181081
1c9fc6fc-fea7-4208-811f-5e9321a57a56,3857297,106,799,Saudi Arabia,5713,Mohammed Kanoo,2,95,43,From Throw In,95.3,32.9,25.700194551792798,0.27990307826168337,False,Right Foot,Normal,Open Play,False,False,False,7,10,117.9,40.6,120.0,45.6,Off T,0.046656966
8294e192-b4b3-410d-88bf-dbafd1d5d730,3857294,106,941,Netherlands,2988,Memphis Depay,1,0,33,From Kick Off,114.9,52.7,13.685759021698432,-1.188933098412087,False,Right Foot,Half Volley,Open Play,True,False,False,3,8,118.5,44.8,120.0,49.3,Off T,0.04113277
2c714385-0957-490d-9897-f4b2c1118251,3857294,106,3566,Qatar,124488,Hassan Khalid Al Heidos,1,2,44,Regular Play,89.6,52.0,32.6827171453048,-0.37596095387130557,False,Right Foot,Normal,Open Play,False,False,False,3,7,115.6,42.0,115.0,41.9,Saved,0.015712837
da59dcb2-78b9-4345-a2d1-0600308afc18,3857294,106,941,Netherlands,3311,Daley Blind,1,3,20,Regular Play,114.1,29.0,12.482387592123555,1.0784827372298098,False,Right Foot,Normal,Open Play,True,False,False,4,8,116.7,33.7,116.1,33.1,Saved,0.10723932
0a45dc04-546c-413c-b3cf-8dfef3d7428c,3857294,106,941,Netherlands,3311,Daley Blind,1,3,22,Regular Play,115.2,28.6,12.369316876852979,1.1722738811284765,True,Right Foot,Volley,Open Play,True,False,False,5,9,117.6,35.1,120.0,33.2,Off T,0.042171385
4b6dcfbb-bee9-4633-95ea-bb932937b030,3857294,106,941,Netherlands,20750,Cody Mathès Gakpo,1,6,50,Regular Play,93.2,29.5,28.783502219153245,0.37340972205634404,True,Right Foot,Normal,Open Play,False,False,False,6,8,117.4,37.9,94.0,29.8,Blocked,0.023612352
87c6c0d6-04b5-4614-aeff-96ed9a1673cf,3857294,106,941,Netherlands,8118,Frenkie de Jong,1,13,57,From Throw In,96.9,32.3,24.349537983296518,0.32175055439664235,False,Right Foot,Normal,Open Play,False,False,False,5,9,117.1,38.5,101.9,34.1,Blocked,0.032602046
d31e6f63-ea17-428e-895b-2bb9fdfa6eea,3857294,106,941,Netherlands,2988,Memphis Depay,1,13,59,From Throw In,107.4,31.3,15.31176018620981,0.6043055068662299,False,Right Foot,Half Volley,Open Play,True,False,False,4,8,117.0,37.9,120.0,38.7,Off T,0.14338174
911ed872-f7d1-4bce-8302-3dc1de12823d,3857294,106,941,Netherlands,4318,Davy Klaassen,1,18,14,From Corner,113.0,44.5,8.32165848854662,-0.5713374798336268,True,Head,Normal,Open Play,False,True,False,6,10,119.2,42.5,120.0,32.8,Off T,0.08364612
135ce9b0-a86f-4caa-a40d-9b782df05d62,3857294,106,3566,Qatar,124494,Abdelkarim Hassan Al Haj Fadlalla,1,24,6,From Corner,109.2,45.5,12.119818480488886,-0.4710275488194791,False,Right Foot,Volley,Open Play,True,False,False,7,11,118.8,41.8,120.0,45.2,Off T,0.067132466
7c128cea-a0fd-467e-b5af-c2ce79dcb4e9,3857294,106,941,Netherlands,2988,Memphis Depay,1,25,15,Regular Play,113.6,30.5,11.454693361238444,0.9779511460892821,True,Right Foot,Normal,Open Play,False,False,False,3,7,117.1,35.3,114.3,31.4,Blocked,0.0753362
076bfa17-336a-42b8-a6ac-731a4de8dee6,3857294,106,941,Netherlands,20750,Cody Mathès Gakpo,1,25,55,From Goal Kick,103.3,39.8,16.701197561851668,0.011975475395680389,True,Right Foot,Normal,Open Play,False,False,False,3,8,114.5,40.6,120.0,43.5,Goal,0.14035599
a1e65121-9acb-47ff-95ae-6f38119b8886,3857294,106,3566,Qatar,124899,Ismaeel Mohammad Mohammad,1,28,31,From Throw In,93.9,39.3,26.109385285755,0.02681349554783539,True,Right Foot,Normal,Open Play,False,False,False,3,7,116.5,39.9,116.3,41.2,Saved,0.03016361
518b826b-5d62-448d-bb99-205a1e2bdb42,3857294,106,941,Netherlands,2988,Memphis Depay,1,47,52,Regular Play,93.6,49.7,28.12561110447203,-0.3521124249269453,False,Right Foot,Half Volley,Open Play,True,False,False,3,9,116.2,42.0,120.0,32.7,Off T,0.029451067
a6342f55-2f69-448e-ab69-4bd9c006fda0,3857294,106,941,Netherlands,2988,Memphis Depay,2,48,53,From Goal Kick,116.4,34.2,6.826419266350399,1.0153025915293534,True,Right Foot,Volley,Open Play,False,False,False,3,7,118.8,36.7,118.3,36.4,Saved,0.2959347
2c822162-de00-4f8e-bf2a-a3487dcd8e72,3857294,106,941,Netherlands,8118,Frenkie de Jong,2,48,55,From Goal Kick,117.6,40.3,2.41867732448957,-0.12435499454675998,False,Right Foot,Half Volley,Open Play,True,False,True,2,6,118.8,38.5,120.0,41.8,Goal,0.6883914
89e414f2-6daa-4ae2-aa51-b4a7e24bfcae,3857294,106,3566,Qatar,124514,Abdulaziz Hatem Mohammed Abdullah,2,76,12,Regular Play,94.7,53.1,28.490349243208655,-0.47777539739769365,False,Right Foot,Normal,Open Play,False,False,False,4,8,116.3,42.0,116.0,40.6,Saved,0.024495702
6d21bd7c-0fa6-4bdc-9fe0-77a923cafc1d,3857294,106,3566,Qatar,124506,Pedro Miguel Correia,2,87,32,From Free Kick,88.8,53.2,33.87742611238345,-0.40024065703397416,False,Right Foot,Normal,Open Play,False,False,False,6,9,117.5,41.0,120.0,29.3,Off T,0.00621196
24f06115-ff02-43b0-9381-e895e38a736f,3857294,106,941,Netherlands,7745,Steven Berghuis,2,91,22,Regular Play,102.2,59.1,26.108427758101406,-0.8206139508364958,False,Left Foot,Normal,Open Play,False,False,False,5,8,117.7,42.5,120.0,36.6,Post,0.010698183
ad8fa32c-3fea-4b86-a322-1177cd561c78,3857266,106,771,France,5477,Ousmane Dembélé,1,5,21,Regular Play,97.8,38.0,22.28990803031722,0.08984753969462772,False,Right Foot,Normal,Open Play,False,False,False,6,10,117.4,39.9,99.3,38.3,Blocked,0.04759094
4c34b967-74ca-456f-a511-bae8ff54f45c,3857266,106,771,France,3026,Adrien Rabiot,1,9,9,From Throw In,115.0,45.6,7.507329751649385,-0.8419416003422658,True,Head,Normal,Open Play,False,True,False,4,9,117.8,42.7,115.9,44.9,Blocked,0.10936305
7bfd3322-79dd-41dc-8ea9-dd83156ee37a,3857266,106,771,France,5485,Raphaël Varane,1,12,34,From Corner,112.4,46.9,10.264989040422785,-0.7371597522195102,True,Head,Normal,Open Play,False,True,False,6,11,119.2,40.8,115.7,40.0,Wayward,0.0425816
8a5283ce-a55e-4a73-86a1-03e173b53b17,3857266,106,771,France,3604,Olivier Giroud,1,14,53,Regular Play,111.9,38.9,8.174350127074318,0.1349767498539237,True,Head,Normal,Open Play,False,True,False,4,9,119.7,40.1,120.0,23.0,Wayward,0.11903284
8d13ea77-6e18-493c-8e54-258f942c255b,3857266,106,771,France,3026,Adrien Rabiot,1,20,18,From Free Kick,108.9,44.3,11.903780911962377,-0.3695863743728197,False,Head,Normal,Open Play,False,False,False,7,11,118.5,40.9,118.6,40.4,Saved,0.04225832
f10a16e6-487c-4e6c-bfa7-a2b2bbf19e07,3857266,106,771,France,4445,Jules Koundé,1,29,53,From Goal Kick,109.0,56.2,19.581624038878903,-0.974295344275071,True,Right Foot,Half Volley,Open Play,False,False,False,5,10,118.0,44.5,116.3,43.0,Blocked,0.02881258
4e7ba032-7c93-44f9-9a5f-6eb2de5d473a,3857266,106,771,France,5487,Antoine Griezmann,1,32,48,From Counter,118.2,23.1,16.995587662684688,1.4646874823127245,True,Left Foot,Normal,Open Play,False,False,False,2,8,119.5,35.9,119.4,35.4,Saved,0.010852635
f7c17e05-ea54-4e7c-b22d-8020b033463c,3857266,106,771,France,10481,Aurélien Djani Tchouaméni,1,32,52,Regular Play,99.7,39.1,20.319940944796073,0.04430596145077604,False,Right Foot,Normal,Open Play,True,False,False,5,9,117.3,39.3,101.3,39.3,Blocked,0.054124165
02842003-6628-42d5-9e1e-36c26fd6f90d,3857266,106,771,France,5477,Ousmane Dembélé,1,32,55,From Counter,108.2,48.0,14.256226709757387,-0.595784547623059,False,Left Foot,Volley,Open Play,False,False,False,6,9,116.8,42.6,108.8,47.6,Blocked,0.046849832
477125c6-4502-4724-b896-19bb122fd88b,3857266,106,771,France,3026,Adrien Rabiot,1,33,36,Regular Play,100.1,24.5,25.22419473442116,0.66173857903066,False,Left Foot,Normal,Open Play,False,False,False,6,10,116.8,38.1,102.4,26.2,Blocked,0.02230111
20999e77-a693-4ab9-90f4-6a66470de653,3857266,106,776,Denmark,5732,Andreas Evald Cornelius,1,35,17,From Counter,107.4,55.8,20.2089089265106,-0.8976009783947029,False,Right Foot,Normal,Open Play,True,False,False,1,5,117.8,43.3,120.0,45.4,Off T,0.048269883
b1353306-3be0-4dff-99e6-f70af1152f2a,3857266,106,771,France,3604,Olivier Giroud,1,36,33,From Goal Kick,108.6,45.2,12.529964086141675,-0.4279484963214822,True,Head,Normal,Open Play,False,True,False,6,10,118.0,40.5,120.0,46.1,Off T,0.045027424
2994a2eb-a70c-4950-b4d7-850b747540d1,3857266,106,771,France,3009,Kylian Mbappé Lottin,1,39,33,Regular Play,106.0,43.8,14.506550244630871,-0.2650428598974543,False,Right Foot,Normal,Open Play,True,False,False,2,9,117.7,42.5,120.0,40.0,Off T,0.18605462
1d65242c-90e4-4111-9274-491bf60a4ae7,3857266,106,776,Denmark,3043,Christian Dannemann Eriksen,1,44,43,Regular Play,83.0,42.5,37.08436328157732,-0.06746502452190475,False,Right Foot,Normal,Open Play,False,False,False,5,11,117.5,40.1,120.0,32.1,Off T,0.006951803
3b207f2c-9f34-417c-ade4-eb76e6f88ddc,3857266,106,771,France,3009,Kylian Mbappé Lottin,1,47,25,From Throw In,98.6,18.5,30.334963326168705,0.7877291615065747,False,Right Foot,Normal,Open Play,False,False,False,5,9,116.6,38.5,109.8,32.8,Blocked,0.011081066
f63e4a17-97db-4c92-8ef0-c58a7d62bf2f,3857266,106,771,France,3009,Kylian Mbappé Lottin,2,55,59,Regular Play,104.1,30.1,18.730189534545563,0.5569015241055858,False,Left Foot,Normal,Open Play,False,False,False,2,8,117.9,36.9,117.8,36.7,Saved,0.03630777
8bc93131-77fd-4a72-b5ca-7a20e411225b,3857266,106,771,France,5487,Antoine Griezmann,2,59,2,From Throw In,102.6,38.8,17.441330224498365,0.06885648930104474,False,Left Foot,Half Volley,Open Play,False,False,False,2,5,113.6,39.2,120.0,38.1,Off T,0.21733604
8ad26aa2-291c-4d4c-a9d8-354224932a31,3857266,106,771,France,3009,Kylian Mbappé Lottin,2,60,25,Regular Play,110.8,31.3,12.662148316932639,0.7574724640048357,False,Right Foot,Half Volley,Open Play,True,False,False,3,7,117.5,36.5,120.0,40.1,Goal,0.08505598
fdc1ea86-c887-49f5-9f86-f613bc4f2000,3857266,106,776,Denmark,8247,Joachim Andersen,2,67,14,From Corner,112.2,43.9,8.720665112249177,-0.4636476090008061,True,Head,Normal,Open Play,False,True,False,6,10,118.7,41.5,114.1,36.9,Wayward,0.082872435
ec53e52f-fb8b-4085-bf36-323830fd4c0f,3857266,106,776,Denmark,3959,Andreas Christensen,2,67,15,From Corner,113.0,37.6,7.3999999999999995,0.3302973548292535,False,Head,Normal,Open Play,False,False,False,6,10,118.5,40.8,120.0,38.6,Goal,0.25384808
6bd41f74-6e8e-4714-bc4d-fdb8e0f1528f,3857266,106,776,Denmark,27569,Jesper Lindstrøm,2,72,21,From Keeper,107.4,33.0,14.413882197381795,0.5070985043923372,False,Right Foot,Normal,Open Play,True,False,False,4,8,118.4,38.1,117.9,38.3,Saved,0.18929456
c1f06e17-d037-41e1-8793-2025fccddb9f,3857266,106,776,Denmark,3043,Christian Dannemann Eriksen,2,73,18,From Corner,93.3,45.1,27.18271509617831,-0.1887377675201336,False,Left Foot,Normal,Open Play,False,False,False,8,11,117.6,40.6,98.3,44.5,Blocked,0.0264413
b42cfb53-779d-4542-8e6a-afab11fdebec,3857266,106,771,France,10481,Aurélien Djani Tchouaméni,2,77,38,From Corner,113.7,37.7,6.706713054842883,0.3500448882451457,False,Head,Diving Header,Open Play,False,False,False,8,11,119.4,40.2,115.2,37.8,Blocked,0.22405402
069f499e-de36-43f0-bb91-0b0e19bccdd0,3857266,106,771,France,4445,Jules Koundé,2,78,21,From Corner,110.7,40.7,9.326306878931229,-0.07512715591076241,True,Head,Normal,Open Play,False,True,False,7,10,118.5,40.6,120.0,46.6,Off T,0.106879756
e5f4a1df-48f8-403f-84cf-2310bb7efb92,3857266,106,771,France,3026,Adrien Rabiot,2,79,3,From Corner,112.7,47.3,10.32375900532359,-0.7853981633974483,False,Left Foot,Overhead Kick,Open Play,True,False,False,7,11,118.1,41.4,120.0,43.6,Off T,0.080693014
9e5a1e2d-6c0e-4e11-b710-ccfd5ac90ee9,3857266,106,776,Denmark,4447,Martin Braithwaite Christensen,2,80,16,From Throw In,110.0,45.1,11.225417586887358,-0.4716155678623278,False,Right Foot,Normal,Open Play,True,False,False,5,10,117.3,42.6,120.0,44.0,Post,0.23786028
ce5338ea-62b2-4bab-83a9-dbb958eea1e9,3857266,106,776,Denmark,3570,Pierre-Emile Højbjerg,2,83,58,Regular Play,87.2,48.7,33.93420103671221,-0.25927361500471485,False,Right Foot,Normal,Open Play,True,False,False,7,11,117.5,40.9,120.0,32.6,Off T,0.015153575
e5bd1434-dbe8-4da2-b05f-509364c40015,3857266,106,771,France,3009,Kylian Mbappé Lottin,2,85,9,From Goal Kick,117.8,36.5,4.134005321718879,1.009632914506544,False,Other,Normal,Open Play,True,False,False,2,8,119.4,38.1,120.0,37.3,Goal,0.38353118
486ab284-2136-435a-9308-0edc96b90a5a,3857266,106,776,Denmark,8247,Joachim Andersen,2,88,18,From Throw In,94.3,53.4,28.9836160614924,-0.48062128738341503,False,Left Foot,Normal,Open Play,False,False,False,8,11,117.6,41.2,95.7,52.6,Blocked,0.014218964
d5249a01-7b86-4dad-ab4f-a1aa32e1ec51,3857266,106,771,France,3009,Kylian Mbappé Lottin,2,90,18,Regular Play,99.4,25.5,25.191466809219342,0.6133275845358274,False,Right Foot,Half Volley,Open Play,True,False,False,1,3,118.0,37.4,117.7,37.1,Saved,0.033781487
135fdd9b-deaf-4c0d-9b95-3df1b9103754,3857266,106,776,Denmark,16554,Joakim Mæhle,2,96,37,From Throw In,87.5,42.4,32.588494902342454,-0.07371235739434016,False,Right Foot,Half Volley,Open Play,True,False,False,8,11,117.9,40.1,120.0,40.2,Off T,0.013632962
7e46f061-099c-4501-8efe-703ce4de40ee,3857284,106,770,Germany,5579,Joshua Kimmich,1,13,18,From Throw In,93.0,31.2,28.397887245356827,0.31506913934416997,False,Right Foot,Normal,Open Play,False,False,False,6,9,118.9,38.6,95.6,31.8,Blocked,0.022911863
69b20fdd-7d36-4c05-a6e8-5971274c6428,3857284,106,770,Germany,3167,Antonio Rüdiger,1,15,59,From Corner,110.5,50.6,14.23411395205195,-0.8400699948165986,True,Head,Normal,Open Play,False,True,False,6,11,119.6,40.5,120.0,44.9,Off T,0.026021937
56cf94b2-8ef0-4d98-a051-353ba06a7ecc,3857284,106,770,Germany,5579,Joshua Kimmich,1,19,49,Regular Play,96.9,39.6,23.10346294389652,0.017314286923386837,True,Right Foot,Normal,Open Play,True,False,False,7,10,116.0,39.4,116.1,37.9,Saved,0.05193508
df4d0871-fea4-4a0c-a5b1-5c074c2a96b7,3857284,106,770,Germany,10287,İlkay Gündoğan,1,25,53,From Throw In,99.7,29.6,22.808989455914084,0.4734512164801021,False,Right Foot,Normal,Open Play,False,False,False,7,10,118.9,38.4,102.6,31.4,Blocked,0.042519
127912cf-2ecc-43fa-a2f7-5ab3199f5c4d,3857284,106,770,Germany,10287,İlkay Gündoğan,1,27,31,From Throw In,94.4,42.8,25.75266976451179,-0.10894195698986571,False,Right Foot,Normal,Open Play,True,False,False,7,10,118.7,40.4,118.6,40.9,Saved,0.041637745
dbb421a4-892d-4186-90de-0c9e26cd8367,3857284,106,770,Germany,10287,İlkay Gündoğan,1,28,39,From Throw In,105.3,36.8,15.04426801143878,0.21434308965628582,False,Right Foot,Normal,Open Play,True,False,False,5,10,116.6,37.1,113.3,37.8,Blocked,0.12241382
c18ab9c8-d37e-4194-a90a-f06274614fce,3857284,106,770,Germany,10287,İlkay Gündoğan,1,32,35,Other,108.0,40.0,12.0,0.0,False,Right Foot,Normal,Penalty,False,False,False,0,0,,,120.0,39.1,Goal,0.7835
dfd8ea23-e92c-4b57-bfd0-1617a8253887,3857284,106,770,Germany,8400,Serge Gnabry,1,37,32,Regular Play,93.1,48.2,28.12205540141048,-0.2958845584575954,False,Left Foot,Normal,Open Play,False,False,False,5,8,116.3,40.8,95.5,47.8,Blocked,0.028658802
3c0f49a1-5848-46dc-b220-8905aa359fdc,3857284,106,770,Germany,39565,Jamal Musiala,1,37,47,Regular Play,108.5,28.3,16.405486887014355,0.7940186395095846,False,Right Foot,Normal,Open Play,False,False,False,4,10,117.5,36.8,109.3,29.3,Blocked,0.03933018
d96f5947-c4e7-4d0f-95d7-cb4c0dfa6dfe,3857284,106,770,Germany,10287,İlkay Gündoğan,1,40,37,From Free Kick,93.3,39.0,26.71872002922296,0.03743568587355623,False,Right Foot,Normal,Open Play,False,False,False,7,9,119.0,39.5,118.3,36.9,Saved,0.031919174
35865f9d-91db-4a46-87bf-b3be4d11c86d,3857284,106,770,Germany,5579,Joshua Kimmich,1,41,5,Regular Play,97.0,42.2,23.104977818643324,-0.09536204690240911,False,Right Foot,Normal,Open Play,True,False,False,6,9,118.7,40.3,120.0,39.8,Off T,0.05113006
a54fab01-3f2e-4d5a-961f-16f3e8616662,3857284,106,770,Germany,39565,Jamal Musiala,1,44,29,From Throw In,101.9,45.1,18.804786624686805,-0.27464737429509867,False,Right Foot,Normal,Open Play,False,False,False,7,10,116.7,40.3,120.0,38.4,Off T,0.06614002
b5d15296-4743-46da-b0b2-690196350004,3857284,106,770,Germany,5579,Joshua Kimmich,1,48,33,From Throw In,100.3,40.5,19.706344156134087,-0.02537526284596431,False,Left Foot,Half Volley,Open Play,True,False,False,5,8,119.0,39.5,118.8,37.9,Saved,0.047906045
547ca4c3-bd06-4274-a82b-98622617e165,3857284,106,770,Germany,8400,Serge Gnabry,1,48,35,From Throw In,114.3,29.9,11.597413504743205,1.0569977551575243,False,Left Foot,Normal,Open Play,True,False,False,4,8,118.7,36.4,117.7,42.8,Wayward,0.21508263
af3d2269-1129-429d-8148-0d590c3da45a,3857284,106,778,Japan,30628,Daizen Maeda,1,50,28,From Free Kick,111.0,34.3,10.653168542738824,0.5645693936681002,False,Head,Normal,Open Play,False,False,False,5,9,119.1,38.5,120.0,46.8,Off T,0.07710243
b8c140cf-6136-4dfb-821c-97c7ce3d28ec,3857284,106,770,Germany,8400,Serge Gnabry,2,46,34,From Free Kick,108.3,57.9,21.384573879317774,-0.9918725918231384,False,Right Foot,Normal,Open Play,False,False,False,5,7,118.0,44.1,120.0,44.2,Post,0.013327111
be213c96-cdf9-4a6a-a1c5-4e8c33966c0b,3857284,106,778,Japan,9411,Daichi Kamada,2,49,41,Regular Play,103.3,47.4,18.26608879864543,-0.41711260129905103,False,Right Foot,Normal,Open Play,True,False,False,7,10,118.6,41.7,105.1,46.8,Blocked,0.06444196
69769c3b-5da5-4858-819d-cacaa9b54faf,3857284,106,770,Germany,39565,Jamal Musiala,2,50,46,Regular Play,107.2,41.0,12.839003076563223,-0.07796663383154233,False,Right Foot,Normal,Open Play,False,False,False,6,9,118.0,40.2,120.0,39.9,Off T,0.15860753
9a276feb-2c82-4d61-97cd-114c0bb962df,3857284,106,778,Japan,8949,Takuma Asano,2,57,6,Regular Play,114.7,49.4,10.791200118615164,-1.0573972757115775,True,Head,Normal,Open Play,False,True,False,3,7,118.6,43.4,120.0,50.0,Off T,0.06737846
d29e7223-7bc6-41bc-bb90-a67d9b8758bb,3857284,106,770,Germany,10287,İlkay Gündoğan,2,59,14,From Free Kick,103.0,40.0,17.0,0.0,False,Right Foot,Normal,Open Play,False,False,False,6,8,115.0,40.5,120.0,44.2,Post,0.10696415
0aded50a-5e7b-4b88-9a61-af5971674b2f,3857284,106,778,Japan,8949,Takuma Asano,2,60,18,Regular Play,106.4,25.8,19.66214637317096,0.8069775469639786,False,Left Foot,Normal,Open Play,False,False,False,2,5,117.9,36.2,120.0,49.9,Off T,0.06586899
7cec90dd-6f0f-48db-8475-02056b3807d6,3857284,106,778,Japan,8949,Takuma Asano,2,65,30,From Throw In,106.9,26.5,18.811166896287958,0.8004346240563099,False,Left Foot,Normal,Open Play,False,False,False,5,10,117.8,36.4,107.7,27.5,Blocked,0.029970925
5c54df63-0251-46f6-9130-998568670772,3857284,106,778,Japan,29595,Ko Itakura,2,66,2,From Corner,112.6,51.3,13.507405376311175,-0.9910070909140998,False,Head,Normal,Open Play,False,False,False,5,10,119.2,41.9,116.3,42.9,Blocked,0.034016185
2abe26e9-c948-497e-9fef-82f13a7f4c18,3857284,106,778,Japan,8949,Takuma Asano,2,67,51,From Throw In,112.5,51.1,13.396268137059666,-0.9765826229944629,True,Right Foot,Normal,Open Play,False,False,False,2,4,118.4,43.9,113.1,50.1,Blocked,0.0360808
522174e3-990f-4878-849d-24499f66c499,3857284,106,770,Germany,8804,Jonas Hofmann,2,69,46,Regular Play,111.1,48.5,12.306908628896215,-0.7624137059559959,False,Right Foot,Half Volley,Open Play,True,False,False,4,8,113.6,44.5,114.4,45.4,Saved,0.32657883
deecac76-83d8-4183-bc1a-f3a1f8754f98,3857284,106,770,Germany,8400,Serge Gnabry,2,69,51,Regular Play,103.3,57.9,24.48060456769808,-0.8200663486069479,False,Left Foot,Normal,Open Play,False,False,False,5,8,118.5,42.8,118.3,41.7,Saved,0.02483029
f9a875b9-469c-4fd6-aa1d-5daf58f2fb5d,3857284,106,770,Germany,8400,Serge Gnabry,2,70,2,Regular Play,112.2,43.5,8.549268974596597,-0.4217872598708171,False,Head,Normal,Open Play,False,False,False,4,8,119.6,40.9,119.6,43.0,Saved,0.11167552
60937c94-36e7-4cc1-9041-1be1cc64f688,3857284,106,770,Germany,8400,Serge Gnabry,2,70,4,Regular Play,117.7,49.5,9.774456506629921,-1.3332616948992841,False,Right Foot,Normal,Open Play,True,False,False,3,8,119.0,45.2,119.0,45.5,Saved,0.0550312
e8de340d-68cc-4d20-b80e-48a15c1757f6,3857284,106,778,Japan,23527,Junya Ito,2,72,39,From Free Kick,109.2,36.3,11.416216536138405,0.33006061240943446,False,Right Foot,Half Volley,Open Play,False,False,False,5,8,118.9,38.4,118.9,39.6,Saved,0.06845111
82a8b614-d3d3-43d6-afac-73df86ffda65,3857284,106,778,Japan,3530,Hiroki Sakai,2,72,40,From Free Kick,113.4,46.3,9.124143795447324,-0.7621465405869856,False,Right Foot,Half Volley,Open Play,True,False,False,5,7,118.4,41.9,120.0,44.9,Off T,0.28772855
2bf95ac5-c51d-4fb6-824b-6929b46425cb,3857284,106,778,Japan,8776,Takumi Minamino,2,74,45,From Throw In,112.8,24.4,17.181385275931625,1.1383885512243586,False,Left Foot,Normal,Open Play,True,False,False,5,9,118.6,36.2,118.1,36.4,Saved,0.013784891
d1212057-3deb-4def-adea-6624f38f7950,3857284,106,778,Japan,8361,Ritsu Doan,2,74,46,From Throw In,112.1,41.5,8.041144197189857,-0.1876397718043661,False,Left Foot,Normal,Open Play,True,False,False,5,9,117.5,38.2,120.0,38.8,Goal,0.4777511
80aaab43-e46c-4cfd-8bbc-199d515db921,3857284,106,770,Germany,3167,Antonio Rüdiger,2,79,46,From Corner,115.5,39.4,4.539823785126467,0.13255153229667432,True,Head,Normal,Open Play,False,True,False,6,10,116.1,40.7,120.0,42.6,Off T,0.18550046
d71bc1d5-1501-4fe6-9ae8-a490371ee93e,3857284,106,778,Japan,8949,Takuma Asano,2,82,42,From Free Kick,117.7,50.2,10.45609869884557,-1.3490153577722976,False,Right Foot,Normal,Open Play,False,False,False,2,5,119.1,44.5,120.0,42.2,Goal,0.02668418
7fc648cb-979b-45be-bd04-d6e9e969acd1,3857284,106,770,Germany,8546,Niclas Füllkrug,2,89,16,From Throw In,106.9,41.0,13.138112497615472,-0.07618812017438767,True,Head,Normal,Open Play,False,True,False,5,10,118.8,40.7,120.0,46.2,Off T,0.031593546
aa3266e6-5314-4577-971f-56c76b7d4f28,3857284,106,770,Germany,3167,Antonio Rüdiger,2,93,50,From Throw In,86.2,37.2,33.91577803913688,0.08265151596284888,False,Right Foot,Normal,Open Play,False,False,False,9,11,117.4,40.0,120.0,29.9,Off T,0.017847534
fa3b646a-a38f-456c-ae47-678e3be6d54b,3857284,106,770,Germany,6324,Leon Goretzka,2,94,42,From Free Kick,100.3,40.9,19.720547659738056,-0.04565353500120564,False,Right Foot,Half Volley,Open Play,True,False,False,6,9,116.5,40.3,120.0,34.4,Off T,0.088851534
86f3e7d6-98d3-4e9e-ae01-55ee35dd93bf,3857284,106,770,Germany,6322,Niklas Süle,2,97,16,From Free Kick,116.5,31.6,9.099999999999998,1.176005207095135,False,Right Foot,Volley,Open Play,False,False,False,7,10,119.0,36.6,117.3,33.4,Blocked,0.07610536
14374288-0565-4f12-b39e-318100137d0a,3857254,106,777,Tunisia,23910,Youssef Msakni,1,2,2,From Goal Kick,92.6,52.0,29.912539176739916,-0.4127932899707189,False,Right Foot,Normal,Open Play,False,False,False,4,9,117.3,39.6,101.1,47.5,Blocked,0.023819994
89cbea71-b5ef-4c16-9bd3-39b511619958,3857254,106,777,Tunisia,16352,Issam Jebali,1,4,10,Regular Play,114.0,54.8,15.969971822141702,-1.1856388204314223,False,Left Foot,Normal,Open Play,False,False,False,4,10,118.9,43.8,114.6,53.3,Blocked,0.014059674
700d58f9-8032-4543-9a9d-b134c6996608,3857254,106,777,Tunisia,9236,Mohamed Dräger,1,10,46,From Throw In,93.4,44.5,26.977953962448666,-0.1675862106735578,False,Right Foot,Normal,Open Play,False,False,False,5,10,115.7,39.8,98.1,43.9,Blocked,0.033114884
63422fb4-45a3-4f30-8340-53d468a8b8cb,3857254,106,777,Tunisia,23910,Youssef Msakni,1,11,47,From Corner,114.7,29.6,11.672617529928749,1.0994860325245515,False,Head,Normal,Open Play,False,False,False,5,10,118.6,39.0,120.0,43.4,Off T,0.04366076
490287f7-4b99-49f8-ac89-16766ac7a05b,3857254,106,776,Denmark,6302,Kasper Dolberg,1,22,5,From Corner,115.3,32.5,8.850988645343525,1.010999407233472,False,Right Foot,Volley,Open Play,True,False,False,7,11,118.2,36.9,116.0,33.8,Blocked,0.124032564
4e6ade78-7d2d-4628-95b5-d380667d7426,3857254,106,776,Denmark,8247,Joachim Andersen,1,22,9,From Corner,99.7,30.3,22.498444390668432,0.4457568739226661,False,Left Foot,Half Volley,Open Play,True,False,False,7,11,118.7,37.7,119.3,36.5,Saved,0.02765422
0562fc11-c951-4599-9d1f-36763b0b87e3,3857254,106,776,Denmark,3570,Pierre-Emile Højbjerg,1,32,58,From Corner,95.4,19.0,32.34439673266453,0.7066142024083046,False,Right Foot,Normal,Open Play,False,False,False,9,11,118.8,39.5,117.8,38.9,Saved,0.008709067
f6da2249-bc9a-42eb-9c4e-7bf2c8288a4e,3857254,106,777,Tunisia,5651,Yassine Meriah,1,38,12,From Corner,111.4,49.3,12.66688596301395,-0.824484392033897,False,Right Foot,Half Volley,Open Play,True,False,False,6,11,118.8,42.9,112.2,48.5,Blocked,0.046073906
0beabfd1-d0cf-4392-a39b-6890fa0faffe,3857254,106,777,Tunisia,44955,Aïssa Bilal Laïdouni,1,38,14,From Corner,115.0,52.2,13.18483977907961,-1.1818394466158897,False,Right Foot,Normal,Open Play,True,False,False,5,10,118.6,42.9,120.0,44.7,Off T,0.06712157
403eb53c-527a-462c-8081-5b111b758ae1,3857254,106,777,Tunisia,16352,Issam Jebali,1,42,0,From Throw In,112.0,44.9,9.381364506296512,-0.5495600135263794,False,Right Foot,Lob,Open Play,False,False,False,3,6,115.1,43.2,114.6,43.4,Saved,0.4656446
51035ef1-1abd-447e-96fd-a16a6e0ed310,3857254,106,777,Tunisia,3767,Ellyes Joris Skhiri,1,42,47,From Corner,99.8,40.9,20.220039564748635,-0.044525008834524045,False,Left Foot,Half Volley,Open Play,True,False,False,6,11,112.8,38.2,120.0,39.9,Off T,0.059586592
e4138641-20ea-47fb-8f63-4faea5b02279,3857254,106,777,Tunisia,16352,Issam Jebali,2,45,11,From Kick Off,112.1,47.5,10.893117092916981,-0.7594299761858916,True,Head,Normal,Open Play,False,True,False,3,9,119.0,42.2,112.6,44.6,Wayward,0.11338296
723752d4-baaa-4b14-a6df-489de027e012,3857254,106,777,Tunisia,23910,Youssef Msakni,2,45,45,From Corner,114.7,48.7,10.187246929372039,-1.0236429215761937,False,Right Foot,Volley,Open Play,True,False,False,7,10,119.0,41.6,120.0,45.8,Off T,0.07208876
af44367b-ffb2-4595-bc0e-975f6abe7ca6,3857254,106,777,Tunisia,9236,Mohamed Dräger,2,50,57,From Corner,92.2,49.3,29.31433096626972,-0.3228293026297605,False,Right Foot,Normal,Open Play,False,False,False,5,11,116.0,41.9,100.0,46.8,Blocked,0.020917216
ad0527aa-0ede-426c-a223-f964639252b0,3857254,106,777,Tunisia,3767,Ellyes Joris Skhiri,2,52,1,From Corner,99.5,39.6,20.503902067655318,0.019509719422368323,False,Right Foot,Volley,Open Play,True,False,False,6,11,118.7,39.7,111.3,39.7,Blocked,0.041405495
e945634d-51d8-433d-b194-ce23b5710fb8,3857254,106,777,Tunisia,5655,Dylan Daniel Mahmoud Bronn,2,52,2,From Corner,103.9,36.4,16.497575579460147,0.21998386950794416,False,Right Foot,Half Volley,Open Play,False,False,False,5,11,118.0,40.3,106.3,37.0,Blocked,0.059058707
e6f8342c-9ba8-44bd-aa16-3d7f4c74838e,3857254,106,776,Denmark,6302,Kasper Dolberg,2,56,32,From Throw In,117.0,35.0,5.830951894845301,1.0303768265243125,False,Head,Normal,Open Play,False,False,False,2,9,118.5,37.8,117.7,52.6,Wayward,0.25651878
7ce22041-277e-47f1-8a76-cdd4afc35782,3857254,106,776,Denmark,3043,Christian Dannemann Eriksen,2,68,26,From Keeper,99.2,36.8,21.044714300745447,0.15264932839526532,False,Left Foot,Normal,Open Play,False,False,False,4,7,115.3,38.9,116.0,41.2,Saved,0.08509644
641eb264-6cf2-4608-a8b8-5c2405194994,3857254,106,776,Denmark,3959,Andreas Christensen,2,69,15,From Corner,117.4,37.0,3.9698866482558377,0.8567056281827398,True,Head,Normal,Open Play,False,True,False,5,10,119.6,38.3,119.2,43.8,Wayward,0.27134958
890c938b-f449-4b14-952e-44f29a0b505a,3857254,106,776,Denmark,5732,Andreas Evald Cornelius,2,69,16,From Corner,118.2,43.9,4.2953463189829035,-1.1383885512243592,False,Head,Normal,Open Play,False,False,False,4,9,119.5,40.4,120.0,44.1,Post,0.5683119
2d2cead9-e62c-4e5a-aac7-98d41ca14ded,3857254,106,776,Denmark,18722,Mathias Jensen,2,75,27,Regular Play,102.5,24.2,23.577319610167734,0.7343913930408705,False,Right Foot,Normal,Open Play,False,False,False,4,9,118.6,39.1,120.0,33.7,Off T,0.02872357
2c44ca3f-6e81-4f0c-a80c-96b9653da2e1,3857254,106,776,Denmark,5732,Andreas Evald Cornelius,2,91,9,From Throw In,114.4,36.8,6.449806198638837,0.5191461142465238,True,Head,Normal,Open Play,False,True,False,7,10,118.7,38.2,119.2,39.4,Saved,0.14539434
eae27d9b-4c57-427b-8b4c-6e7cd0f1b5cb,3857254,106,776,Denmark,16554,Joakim Mæhle,2,91,41,Regular Play,95.0,30.2,26.852187992787478,0.37359085803573183,False,Right Foot,Normal,Open Play,False,False,False,5,9,116.5,38.8,96.4,30.9,Blocked,0.028684001
c58e2f4e-aec8-490c-a773-c32f43fd00ed,3857254,106,776,Denmark,5732,Andreas Evald Cornelius,2,96,18,From Corner,108.8,46.4,12.89961239727768,-0.5191461142465228,True,Head,Normal,Open Play,False,True,False,6,11,118.6,40.9,118.8,43.8,Saved,0.022084296
370553dd-9c69-4f13-ab79-351b5f000cc7,3857265,106,789,Poland,5668,Robert Lewandowski,1,6,46,From Corner,110.6,37.2,9.808159868191387,0.2895036719613878,True,Head,Normal,Open Play,False,True,False,7,11,120.0,40.6,113.6,35.9,Blocked,0.056964528
86db4c4f-4296-4cd5-89cd-6d79fba726cb,3857265,106,794,Mexico,5573,Héctor Alfredo Moreno Herrera,1,11,44,From Corner,114.5,42.4,6.000833275470999,-0.41145624341370207,True,Head,Normal,Open Play,False,True,False,6,11,118.5,40.7,120.0,42.8,Off T,0.1766503
4086e32f-d0a6-4618-84ff-0dc69c5fc955,3857265,106,794,Mexico,26301,Ernesto Alexis Vega Rojas,1,25,41,From Free Kick,113.2,34.6,8.68331733843696,0.6711438354360089,True,Head,Normal,Open Play,False,True,False,5,9,118.8,39.6,120.0,44.6,Off T,0.098180205
1c5bdf2c-1920-4ed7-9b80-699ca1429b5f,3857265,106,794,Mexico,26301,Ernesto Alexis Vega Rojas,1,43,56,From Throw In,108.5,23.7,19.948433522459855,0.9563742806739007,False,Left Foot,Volley,Open Play,True,False,False,4,10,118.6,37.9,109.9,25.8,Blocked,0.025630916
90104e5a-ef6b-4e9e-ba6e-79b8bed653e8,3857265,106,794,Mexico,26406,Jorge Eduardo Sánchez Ramos,1,44,18,From Throw In,110.1,60.7,22.945587811167538,-1.1246907778514927,False,Right Foot,Normal,Open Play,True,False,False,5,10,118.5,43.6,118.9,44.0,Saved,0.0069717234
571cd857-5cbb-44d2-80ea-a089e1a2480c,3857265,106,794,Mexico,28825,Luis Gerardo Chávez Magallón,1,46,1,Regular Play,92.1,56.9,32.61931942882929,-0.5446255743104302,True,Left Foot,Normal,Open Play,False,False,False,7,10,117.5,41.1,92.9,56.4,Blocked,0.008207667
cefd85c4-3b07-4392-a40e-2101198ffd66,3857265,106,794,Mexico,5571,Hirving Rodrigo Lozano Bahena,2,51,45,From Corner,93.9,25.2,30.00416637735499,0.5158389745879101,False,Right Foot,Normal,Open Play,False,False,False,6,10,117.7,38.4,117.7,39.7,Saved,0.02413981
5ee0aff8-6137-437a-84a3-320adf30aed6,3857265,106,789,Poland,5668,Robert Lewandowski,2,57,23,Other,108.1,40.0,11.900000000000006,0.0,False,Right Foot,Normal,Penalty,False,False,False,0,0,,,118.7,42.9,Saved,0.7835
1dda7170-e35f-406f-8403-721cde8904c1,3857265,106,789,Poland,31955,Jakub Kamiński,2,57,26,Other,113.4,48.8,10.999999999999995,-0.9272952180016125,False,Right Foot,Normal,Open Play,True,False,False,3,8,117.5,44.4,114.2,47.7,Blocked,0.10166888
2a275f0d-eb16-4923-9c98-b2e7f7fdf086,3857265,106,794,Mexico,26301,Ernesto Alexis Vega Rojas,2,59,13,From Throw In,107.9,29.9,15.761345120261781,0.6955506237028208,False,Right Foot,Normal,Open Play,False,False,False,4,8,118.1,37.5,109.4,31.3,Blocked,0.0609232
33ef2ae2-9ad0-48cc-acd4-c210fac8592c,3857265,106,794,Mexico,26400,Henry Josué Martín Mex,2,63,24,From Free Kick,106.7,35.1,14.173919711921608,0.35299038782691045,False,Head,Normal,Open Play,False,False,False,7,10,117.4,38.7,117.2,40.0,Saved,0.06434309
89b76039-c68f-47a6-af7d-1a8a9ea96e47,3857265,106,794,Mexico,26301,Ernesto Alexis Vega Rojas,2,65,55,From Free Kick,102.7,60.6,26.90074348414928,-0.8722503583862742,False,Right Foot,Normal,Open Play,False,False,False,6,10,117.9,41.1,120.0,45.5,Off T,0.009746956
ec9bdd18-4caa-4675-ada1-e195fd54c7d9,3857265,106,794,Mexico,26301,Ernesto Alexis Vega Rojas,2,79,46,From Throw In,93.0,24.5,31.132780152116194,0.5211381434841182,False,Right Foot,Half Volley,Open Play,True,False,False,7,11,118.4,38.5,120.0,49.1,Off T,0.014301864
4c292e31-05ce-4f6f-a5d1-5e5d408b26e6,3857265,106,789,Poland,44166,Jakub Piotr Kiwior,2,81,21,From Corner,113.3,41.7,6.912307863514186,-0.24848742065740304,True,Head,Normal,Open Play,False,True,False,6,11,119.5,39.7,115.7,34.8,Wayward,0.12449861
9be1b301-9784-4f2b-b709-d2d4dec0d578,3857265,106,789,Poland,31955,Jakub Kamiński,2,93,52,Regular Play,109.4,24.8,18.531055015837598,0.9618387071583886,True,Left Foot,Normal,Open Play,True,False,False,3,7,117.4,35.2,117.1,34.8,Saved,0.04959144
130588e4-eb77-40f5-8dcd-7b3d3b957075,3857265,106,789,Poland,3637,Grzegorz Krychowiak,2,95,25,Regular Play,90.9,48.7,30.372685096974877,-0.29051072096637404,False,Right Foot,Normal,Open Play,False,False,False,5,9,118.1,40.7,120.0,35.0,Off T,0.02170277
cf2f4b27-0de7-4e85-a26c-8383ed129cc0,3857265,106,794,Mexico,15452,Carlos Uriel Antuna Romero,2,95,53,From Goal Kick,101.9,56.4,24.424782496472712,-0.736162624279399,True,Left Foot,Normal,Open Play,False,False,False,1,8,117.0,42.9,116.8,43.8,Saved,0.0400392
6051587a-901e-4679-8ab9-f9e6f12372bb,3857301,106,787,Senegal,2941,Ismaïla Sarr,1,3,50,Regular Play,113.5,52.4,14.000357138301863,-1.0879817362105817,True,Right Foot,Normal,Open Play,False,False,False,6,9,118.1,44.5,120.0,44.9,Off T,0.07323868
ce9537be-2f40-4481-9dba-9316c4048857,3857301,106,787,Senegal,4506,Nampalys Mendy,1,8,9,From Throw In,93.8,39.3,26.209349476856538,0.026711202727686848,False,Right Foot,Half Volley,Open Play,False,False,False,6,10,115.4,40.3,120.0,33.9,Off T,0.025409508
a386edc2-f4bb-400d-b276-4a9977b34287,3857301,106,3566,Qatar,40784,Akram Hassan Afif,1,14,36,From Free Kick,92.5,41.5,27.54087870784082,-0.05449145624073119,False,Right Foot,Half Volley,Open Play,True,False,False,7,11,119.2,39.8,120.0,42.5,Off T,0.019990891
ea827ccf-d981-4450-acf8-9536b9f2c1b7,3857301,106,787,Senegal,20758,Krépin Diatta,1,15,22,From Goal Kick,111.2,26.7,15.947727110782902,0.9862719700899834,True,Left Foot,Normal,Open Play,False,False,False,5,8,118.4,36.1,118.8,35.6,Saved,0.039485876
48ba6f51-4232-4d8c-b44a-73ca774420be,3857301,106,787,Senegal,13314,Famara Diedhiou,1,16,3,From Corner,112.9,38.6,7.2367119605522445,0.19468553938394983,False,Head,Normal,Open Play,False,False,False,6,11,114.1,38.8,120.0,46.1,Off T,0.14633009
38c2f84a-b37f-48f4-b81a-6242dd9a532b,3857301,106,787,Senegal,3436,Idrissa Gana Gueye,1,23,44,From Free Kick,95.4,52.7,27.684833393033085,-0.4765709605791559,False,Right Foot,Normal,Open Play,True,False,False,5,11,118.5,41.5,120.0,34.8,Off T,0.029332913
df7b0eb7-8a34-44f5-a52a-cdb53b7979e3,3857301,106,3566,Qatar,124494,Abdelkarim Hassan Al Haj Fadlalla,1,25,26,From Goal Kick,93.6,20.3,32.940097146183405,0.6410724554019542,False,Left Foot,Normal,Open Play,False,False,False,2,6,115.2,36.4,94.4,20.8,Blocked,0.009041326
727ba17a-7278-4fd0-b379-5978948143dc,3857301,106,787,Senegal,20611,Boulaye Dia,1,40,20,Regular Play,107.2,33.3,14.447491131680959,0.482221324227854,False,Right Foot,Normal,Open Play,True,False,False,4,8,113.9,37.1,120.0,37.0,Goal,0.23054633
9ab4eee5-bbfb-48f7-8d2a-5e72bc956222,3857301,106,787,Senegal,13314,Famara Diedhiou,2,47,51,From Corner,112.5,48.1,11.039021695784461,-0.8238407534186364,False,Head,Normal,Open Play,False,False,False,7,11,118.9,41.6,120.0,37.0,Goal,0.038498666
3f100f2f-1036-49d2-a120-535ec84920f6,3857301,106,3566,Qatar,124494,Abdelkarim Hassan Al Haj Fadlalla,2,54,58,From Free Kick,111.6,39.3,8.429116205154612,0.08314123188844151,False,Right Foot,Half Volley,Open Play,True,False,False,6,11,118.3,40.1,112.7,39.6,Blocked,0.16305494
807cc86e-ef95-4313-b40e-5531605154f2,3857301,106,787,Senegal,2941,Ismaïla Sarr,2,56,39,Regular Play,112.1,27.2,15.041608956491327,1.017834724800868,False,Left Foot,Half Volley,Open Play,False,False,False,6,9,116.7,34.2,112.5,27.7,Blocked,0.030363984
9cac3331-2996-499e-8bd1-c3bcdde52453,3857301,106,787,Senegal,13314,Famara Diedhiou,2,58,16,Regular Play,108.8,48.6,14.120906486483086,-0.6548320685978205,True,Right Foot,Half Volley,Open Play,True,False,False,6,9,117.5,42.4,109.7,48.1,Blocked,0.05329144
848adb71-9302-4d2d-b729-fc430a3a4d43,3857301,106,3566,Qatar,124494,Abdelkarim Hassan Al Haj Fadlalla,2,60,36,From Throw In,89.5,22.9,34.9665554494577,0.5109873736769227,False,Right Foot,Normal,Open Play,False,False,False,5,11,118.3,39.9,120.0,45.2,Off T,0.006098259
abff7ac7-6180-4fa7-94b9-0c644380e9a9,3857301,106,3566,Qatar,124495,Almoez Ali Zainalabiddin Abdulla,2,62,12,Regular Play,102.6,34.4,18.278949641595936,0.3113703043979018,False,Left Foot,Normal,Open Play,False,False,False,3,7,114.8,38.5,115.0,37.0,Saved,0.21404111
b4b5816e-90ab-4a35-9540-3934754b714c,3857301,106,3566,Qatar,124899,Ismaeel Mohammad Mohammad,2,66,21,From Throw In,113.2,40.5,6.818357573492311,-0.07339732590161167,False,Other,Normal,Open Play,False,False,False,5,9,118.0,39.7,117.8,38.8,Saved,0.3277431
f9f3920b-1ab7-4963-a264-5a1d63323e70,3857301,106,787,Senegal,4506,Nampalys Mendy,2,68,48,From Throw In,107.3,53.4,18.46212338816963,-0.8122116589452835,False,Right Foot,Normal,Open Play,False,False,False,5,8,118.0,43.0,120.0,41.4,Off T,0.067961
73de072f-23cd-4f38-89be-fd209c58b659,3857301,106,3566,Qatar,124901,Mohammed Muntari,2,77,39,From Free Kick,110.1,38.7,9.984988733093298,0.13056609479962739,True,Head,Normal,Open Play,False,True,False,3,9,118.9,39.9,120.0,36.9,Goal,0.072239615
78b596e2-8a04-4d2a-ba99-369f526424a7,3857301,106,787,Senegal,20611,Boulaye Dia,2,80,53,From Free Kick,107.1,38.8,12.955693729013516,0.09275632018814392,True,Head,Normal,Open Play,False,True,False,5,11,117.5,39.4,120.0,13.6,Wayward,0.052429575
a84dc163-7627-4553-900a-7720ce6b6099,3857301,106,787,Senegal,88123,Cheikh Ahmadou Bamba Mbacke Dieng,2,83,6,From Throw In,107.8,45.3,13.301503674397118,-0.4098275803586226,False,Right Foot,Normal,Open Play,True,False,False,4,8,117.5,42.2,120.0,42.3,Goal,0.11607656
026eea90-9a3c-4061-8e2e-b512ffdd1005,3857301,106,3566,Qatar,124494,Abdelkarim Hassan Al Haj Fadlalla,2,88,5,From Free Kick,95.4,52.1,27.41477703721115,-0.4571224161313399,False,Left Foot,Normal,Open Play,True,False,False,8,11,117.7,40.6,120.0,45.0,Off T,0.023370314
72907c83-f8eb-421f-aa75-3b2d4c96d747,3857301,106,3566,Qatar,124901,Mohammed Muntari,2,89,57,Regular Play,110.5,39.5,9.513148795220223,0.05258306161094172,True,Head,Normal,Open Play,False,True,False,5,9,118.2,39.4,111.5,39.5,Blocked,0.06740542
8a467e35-674d-487b-8169-c85c233e8d5e,3857301,106,3566,Qatar,124495,Almoez Ali Zainalabiddin Abdulla,2,93,47,From Counter,97.1,41.8,22.970633426181358,-0.07844133880063178,False,Left Foot,Normal,Open Play,False,False,False,3,6,114.5,40.0,120.0,35.0,Off T,0.057101198
30a8b555-579d-4b38-8d7d-7f4ed35dcd53,3857268,106,782,Belgium,3457,Michy Batshuayi Tunga,1,0,51,From Kick Off,91.7,31.8,29.464045886469833,0.28202924544199975,False,Right Foot,Normal,Open Play,False,False,False,2,7,116.5,38.1,116.1,39.5,Saved,0.017552001
e59d4cd8-73dd-4995-b8dd-4246a5219d35,3857268,106,1833,Canada,11187,Stephen Antunes Eustáquio,1,1,41,From Keeper,109.8,50.0,14.284257068535279,-0.7754974968094596,False,Right Foot,Normal,Open Play,False,False,False,6,9,118.8,43.5,112.4,47.9,Blocked,0.0798905
a2389d84-0e95-401b-befc-9e9143d9118b,3857268,106,1833,Canada,23640,Jonathan David,1,6,18,Regular Play,111.4,42.8,9.044335243676004,-0.3147576613913088,False,Right Foot,Half Volley,Open Play,True,False,False,5,7,119.1,42.6,112.4,42.9,Blocked,0.12589528
17391a2d-cb1a-4acb-a871-a02531adc218,3857268,106,1833,Canada,24024,Tajon Buchanan,1,7,9,From Corner,106.2,35.6,14.484474446799922,0.3086508670768651,False,Right Foot,Half Volley,Open Play,False,False,False,8,11,119.2,39.7,109.7,36.3,Blocked,0.05664073
a0849b15-1abc-4429-ac77-9fd4d65c0c4a,3857268,106,1833,Canada,12365,Alphonso Davies,1,10,0,Other,108.1,40.1,11.900420160649796,-0.008403163547647103,False,Left Foot,Normal,Penalty,False,False,False,0,0,,,119.5,38.0,Saved,0.7835
7024cf38-b810-41b0-b19d-7983a954e2b3,3857268,106,1833,Canada,23640,Jonathan David,1,10,2,Other,110.4,34.6,11.014535850411486,0.5123894603107378,False,Right Foot,Volley,Open Play,True,False,False,4,8,118.9,38.7,120.0,45.6,Off T,0.20472932
3e283a7a-ab91-4e8c-8a21-79d5a923833d,3857268,106,1833,Canada,16120,Richie Laryea,1,12,14,From Throw In,105.0,56.4,22.225210910135363,-0.8299546415336582,True,Left Foot,Normal,Open Play,False,False,False,6,9,118.7,42.8,120.0,46.5,Off T,0.033730526
026c0f2c-4a2f-489f-a26b-9bd76966366b,3857268,106,1833,Canada,23640,Jonathan David,1,12,51,Regular Play,107.7,45.9,13.641847382227963,-0.44725563469280083,False,Left Foot,Normal,Open Play,False,False,False,6,10,118.9,42.4,108.6,45.4,Blocked,0.08619453
dbe7de48-c141-4170-b307-63b4ee338bee,3857268,106,1833,Canada,9922,David Junior Hoilett,1,15,30,From Throw In,104.9,53.9,20.523644900455665,-0.7440424460236363,False,Left Foot,Normal,Open Play,False,False,False,5,8,118.6,42.5,120.0,33.6,Off T,0.04071268
4d2a7a72-edd7-4891-9a82-3443a1b0b635,3857268,106,782,Belgium,3457,Michy Batshuayi Tunga,1,22,33,From Free Kick,112.3,50.2,12.780062597655776,-0.9241653377680772,False,Right Foot,Normal,Open Play,False,False,False,4,8,118.2,43.4,112.9,49.5,Blocked,0.04664896
d4d4dfeb-b6f5-44cf-ae98-fd0d57334727,3857268,106,1833,Canada,31684,Atiba Hutchinson,1,26,9,From Goal Kick,98.1,44.7,22.398660674245686,-0.21140515111098793,False,Right Foot,Normal,Open Play,True,False,False,6,9,118.8,41.3,120.0,46.9,Off T,0.04634635
52480768-03ce-4fcc-a5de-c2857e22776e,3857268,106,1833,Canada,44703,Alistair Johnston,1,29,16,Regular Play,108.1,56.3,20.181674856165927,-0.9401785487691613,False,Right Foot,Normal,Open Play,False,False,False,6,8,119.0,43.3,118.8,43.1,Saved,0.033541974
64d9bf0a-3845-4cfa-b1f8-e81c4341f568,3857268,106,1833,Canada,23640,Jonathan David,1,30,43,From Throw In,104.4,37.5,15.799050604387588,0.15890526218119314,False,Right Foot,Normal,Open Play,False,False,False,6,9,118.6,40.5,109.6,38.0,Blocked,0.08845105
6af45f7e-36b9-49df-88fc-b9c95807dd71,3857268,106,1833,Canada,23640,Jonathan David,1,31,58,Regular Play,111.1,34.1,10.678014796768174,0.5854052067912666,False,Head,Normal,Open Play,False,False,False,3,8,118.9,39.7,120.0,33.2,Off T,0.088843234
4ce70135-2c76-4d6f-b460-f4dd91b0ef1a,3857268,106,782,Belgium,3457,Michy Batshuayi Tunga,1,32,31,From Goal Kick,111.8,51.3,13.961733416735903,-0.9430532258773746,False,Right Foot,Volley,Open Play,True,False,False,2,7,118.5,43.7,120.0,49.5,Off T,0.08121458
6c69021e-9182-4454-930c-7ebfb880441d,3857268,106,782,Belgium,3457,Michy Batshuayi Tunga,1,43,32,Regular Play,109.0,36.1,11.670903992407785,0.34071846900106856,False,Left Foot,Half Volley,Open Play,True,False,False,2,5,116.5,38.6,120.0,41.6,Goal,0.24992359
c3e6e691-c817-40ce-83ec-5b8ca549cb33,3857268,106,1833,Canada,24024,Tajon Buchanan,1,46,53,From Throw In,112.6,42.5,7.810889834071409,-0.3257991152726702,True,Left Foot,Half Volley,Open Play,True,False,False,4,8,118.6,42.5,120.0,40.3,Off T,0.29588586
f9b683e4-5e4b-48ee-a8a8-23b48af5973a,3857268,106,1833,Canada,11187,Stephen Antunes Eustáquio,1,48,51,From Corner,100.5,38.5,19.557607215607945,0.07677189126977804,False,Right Foot,Half Volley,Open Play,True,False,False,8,11,119.2,40.7,109.6,40.7,Blocked,0.048581414
15b3088d-0d93-4b7b-adba-1867e3289b06,3857268,106,1833,Canada,23640,Jonathan David,2,47,52,From Free Kick,111.7,36.9,8.860022573334673,0.3574496670759664,True,Head,Normal,Open Play,False,True,False,6,10,119.0,38.6,120.0,34.1,Off T,0.120068476
a925c8e0-53ea-4496-9854-64292c603fa3,3857268,106,1833,Canada,11187,Stephen Antunes Eustáquio,2,49,42,Regular Play,97.8,52.7,25.57596527992639,-0.5196310802608792,False,Right Foot,Normal,Open Play,False,False,False,7,10,118.4,41.0,120.0,30.8,Off T,0.03604073
dbae15f1-d084-4e82-80c9-c7396c4ff653,3857268,106,1833,Canada,24024,Tajon Buchanan,2,62,15,From Throw In,98.3,34.5,22.38615643651228,0.24822892253727183,False,Right Foot,Normal,Open Play,True,False,False,7,10,118.8,39.2,120.0,46.7,Off T,0.0587075
896d9782-5b37-4c8f-824d-087a3115c57a,3857268,106,1833,Canada,16120,Richie Laryea,2,66,1,Regular Play,101.7,54.6,23.4104677441524,-0.6734067202000477,False,Right Foot,Normal,Open Play,False,False,False,6,9,118.3,43.0,120.0,46.3,Off T,0.022910038
70efe707-a8e2-4c4c-98d5-a4363b4ce115,3857268,106,782,Belgium,3457,Michy Batshuayi Tunga,2,66,41,From Goal Kick,103.9,43.0,16.377118183612154,-0.1842226691503299,False,Right Foot,Normal,Open Play,True,False,False,3,5,118.2,41.5,105.0,42.9,Blocked,0.0897183
535b2a25-6aaf-4936-8390-841cd52843ea,3857268,106,1833,Canada,23640,Jonathan David,2,76,49,Regular Play,103.1,38.1,17.00646935727696,0.11195592174245685,False,Left Foot,Normal,Open Play,False,False,False,6,9,118.6,38.9,104.7,38.2,Blocked,0.04574546
3762fdb2-12ce-48f5-a25c-f5f8818ae45f,3857268,106,1833,Canada,16459,Cyle Larin,2,79,29,From Free Kick,108.2,44.1,12.491997438360286,-0.33440810623069434,False,Head,Normal,Open Play,False,False,False,4,10,118.5,40.9,118.5,38.4,Saved,0.07200206
9ce13c53-ea79-41da-a80c-a2c3c2556aff,3857268,106,782,Belgium,6331,Leander Dendoncker,2,84,35,From Free Kick,112.5,43.5,8.276472678623424,-0.43662715981354133,True,Head,Normal,Open Play,False,True,False,6,10,119.1,41.0,120.0,39.5,Off T,0.08894938
d60b7ce2-c083-43a4-a37d-0a52214a8718,3857268,106,782,Belgium,3089,Kevin De Bruyne,2,85,9,Regular Play,96.6,39.5,23.40534127074417,0.021364270328091614,False,Right Foot,Normal,Open Play,False,False,False,5,10,116.5,40.8,120.0,45.9,Off T,0.061057936
a982106a-a75e-4140-9225-f80b413ba22e,3857268,106,1833,Canada,16459,Cyle Larin,2,85,40,From Goal Kick,111.7,37.5,8.668333173107731,0.2925617664038476,True,Head,Normal,Open Play,False,True,False,4,7,117.1,38.9,120.0,33.4,Off T,0.111036494
5bacbef6-cc8c-4df6-af6a-04b175d14741,3857268,106,782,Belgium,3176,Thomas Meunier,2,90,3,From Goal Kick,98.0,55.5,26.911893281595777,-0.6137700950165683,False,Right Foot,Normal,Open Play,False,False,False,3,6,117.6,42.3,103.9,50.6,Blocked,0.025805552
e32243e7-a6a0-490f-be8e-b75fe1b0647b,3857268,106,782,Belgium,3089,Kevin De Bruyne,2,90,51,From Corner,114.3,59.2,20.028230076569425,-1.282208964900819,False,Right Foot,Normal,Open Play,False,False,False,5,9,118.9,43.9,119.0,44.0,Saved,0.009170555
891a7cc9-80b4-4145-a88d-183dd0a72153,3857268,106,1833,Canada,16459,Cyle Larin,2,91,22,From Keeper,111.1,36.1,9.716995420396167,0.41299971672069374,True,Head,Normal,Open Play,False,True,False,7,10,119.1,39.1,111.9,36.3,Blocked,0.06675813
90b35760-682e-420e-92c6-48c33feef182,3857269,106,773,Switzerland,7796,Silvan Widmer,1,5,47,From Corner,114.9,30.0,11.225417586887355,1.0991807589325695,False,Right Foot,Volley,Open Play,True,False,False,7,11,118.9,36.8,120.0,32.4,Off T,0.05117428
ccdb8f0e-10fe-45f4-8c54-f0a74c222730,3857269,106,781,Brazil,18395,Vinícius José Paixão de Oliveira Júnior,1,26,41,Regular Play,112.1,34.0,9.920181449953427,0.649549422135656,False,Right Foot,Volley,Open Play,True,False,False,5,10,118.8,37.3,119.2,36.7,Saved,0.21638125
b660fbc5-1653-455b-98f7-9eefab7d3fea,3857269,106,781,Brazil,5539,Carlos Henrique Casimiro,1,27,17,From Corner,94.3,39.7,25.701750913118744,0.011672621590146157,False,Right Foot,Half Volley,Open Play,True,False,False,8,11,119.2,39.9,110.7,46.4,Wayward,0.023129713
f227c1e8-8585-4d1a-9c58-d39830356a78,3857269,106,781,Brazil,10595,Raphael Dias Belloli,1,30,19,From Free Kick,90.1,46.2,30.536044275577023,-0.20446031064851727,False,Left Foot,Normal,Open Play,False,False,False,7,10,119.1,40.8,118.7,40.9,Saved,0.02201561
c4bf7562-5878-4cd5-a4ca-5afcffafc78c,3857269,106,781,Brazil,3280,Richarlison de Andrade,1,31,27,From Free Kick,104.2,41.2,15.845504094221804,-0.07580383736113945,True,Head,Normal,Open Play,False,True,False,6,8,117.5,40.9,104.9,41.2,Blocked,0.022230485
33ff8da8-1946-4841-a4c2-eaea16002f77,3857269,106,781,Brazil,13620,Éder Gabriel Militão,1,36,51,From Throw In,93.2,45.0,27.26242835845699,-0.18444664334475705,False,Right Foot,Normal,Open Play,False,False,False,7,10,117.7,40.5,99.0,44.2,Blocked,0.02857021
7522cc55-f097-431f-9173-2bb1c6130012,3857269,106,781,Brazil,3295,Thiago Emiliano da Silva,1,43,40,From Corner,115.0,43.5,6.103277807866851,-0.6107259643892086,True,Head,Normal,Open Play,False,True,False,7,11,117.8,41.4,115.6,43.3,Blocked,0.14148508
4094455f-bba0-4bd9-83af-5bd061f761cd,3857269,106,773,Switzerland,16026,Djibril Sow,2,52,37,From Free Kick,112.6,48.8,11.49782588144385,-0.8716037370732266,False,Right Foot,Normal,Open Play,True,False,False,4,8,118.6,43.4,113.4,48.2,Blocked,0.087867536
f36222e4-425a-4b60-90ce-ee0563d3a95d,3857269,106,773,Switzerland,30401,Ruben Vargas,2,53,31,From Free Kick,104.3,26.2,20.902870616257474,0.7210802208461239,False,Right Foot,Normal,Open Play,False,False,False,6,8,117.2,37.9,105.6,27.2,Blocked,0.029704679
0c853598-4598-4008-821b-3530593e492b,3857269,106,773,Switzerland,5549,Manuel Obafemi Akanji,2,54,10,From Corner,103.5,43.9,16.954645381133748,-0.23210383807515558,False,Head,Normal,Open Play,False,False,False,8,11,117.2,40.8,114.0,45.1,Wayward,0.028123023
000d3c08-46f5-4569-824d-b7719f626d1b,3857269,106,773,Switzerland,16026,Djibril Sow,2,59,39,Regular Play,99.4,37.0,20.817300497422806,0.14461443921994044,False,Right Foot,Normal,Open Play,True,False,False,5,9,116.5,40.1,103.0,38.3,Blocked,0.0625126
b62c510a-83c2-4cbd-87bf-f7d441854b78,3857269,106,773,Switzerland,3913,Edimilson Fernandes,2,59,54,Regular Play,97.4,42.8,22.772790781983655,-0.12326567035889906,False,Right Foot,Normal,Open Play,False,False,False,5,9,117.2,40.6,99.1,42.8,Blocked,0.029247057
b73e743c-d52b-41c7-b455-268e8938cbe9,3857269,106,781,Brazil,4372,Marcos Aoás Corrêa,2,69,40,From Free Kick,110.6,37.4,9.752948272189293,0.2698491559384692,True,Head,Normal,Open Play,False,True,False,7,10,119.0,38.8,120.0,58.6,Wayward,0.07814184
d4cd77e6-f4c2-4d41-a5bc-40dcc83976f1,3857269,106,781,Brazil,3280,Richarlison de Andrade,2,71,4,From Counter,107.0,26.5,18.741664813991314,0.8042638494191191,False,Left Foot,Normal,Open Play,True,False,False,2,7,117.7,36.7,107.8,27.3,Blocked,0.038312852
b1c4fc15-d031-4f58-b3c7-9fd6708c7cf9,3857269,106,781,Brazil,25142,Bruno Guimarães Rodriguez Moura,2,80,58,From Corner,102.2,47.4,19.27692921603438,-0.3939930352722379,False,Head,Normal,Open Play,False,False,False,8,11,118.9,40.7,118.3,41.0,Saved,0.021188514
90380b1f-260f-42c9-95fb-ae1ca4941ee2,3857269,106,781,Brazil,5539,Carlos Henrique Casimiro,2,82,15,Regular Play,106.3,29.4,17.321951391226108,0.6585115286896781,False,Right Foot,Half Volley,Open Play,True,False,False,8,11,118.4,38.1,120.0,43.1,Goal,0.068805926
8f488d1b-d990-4d87-9ae3-a0f9a81e544a,3857269,106,781,Brazil,25104,Rodrygo Silva de Goes,2,86,25,From Throw In,109.7,25.4,17.867568385205637,0.956402336673669,False,Right Foot,Normal,Open Play,False,False,False,5,10,118.5,36.9,118.2,36.4,Saved,0.04824855
9eb07769-e172-41a0-9cac-cec1dd4d6dd1,3857269,106,781,Brazil,25363,Antony Matheus dos Santos,2,86,51,From Corner,102.1,56.6,24.412496799794983,-0.7477348229123985,False,Left Foot,Normal,Open Play,False,False,False,8,11,117.8,40.9,120.0,33.4,Off T,0.020722246
733e5141-6b97-4010-8100-b926aa73c9bf,3857269,106,781,Brazil,25104,Rodrygo Silva de Goes,2,93,27,From Free Kick,105.8,41.8,14.313629868066313,-0.1260880950645902,False,Right Foot,Normal,Open Play,True,False,False,3,7,114.5,40.8,108.0,41.4,Blocked,0.19349767
642515e1-293b-497f-bfbb-3546264f1b33,3869321,106,779,Argentina,7797,Rodrigo Javier De Paul,1,4,33,Regular Play,101.6,53.3,22.703523955544878,-0.6258817868956583,False,Right Foot,Half Volley,Open Play,True,False,False,6,9,118.8,42.6,110.4,47.2,Blocked,0.02377054
52c4e934-0c99-4c5c-93db-b538bc800e9b,3869321,106,779,Argentina,5503,Lionel Andrés Messi Cuccittini,1,21,36,From Throw In,96.6,50.3,25.566579747787934,-0.4146500795100563,False,Left Foot,Normal,Open Play,False,False,False,5,9,118.2,41.4,120.0,35.7,Off T,0.037832856
2a672651-8c7c-4ac7-b16c-711fa08790df,3869321,106,941,Netherlands,8259,Steven Bergwijn,1,23,42,Regular Play,101.6,32.9,19.722322378462437,0.3682659338572863,False,Left Foot,Half Volley,Open Play,False,False,False,6,9,117.1,38.3,120.0,53.2,Off T,0.089517
e6038dbd-a8c4-427f-9663-54654cde0b0b,3869321,106,779,Argentina,7797,Rodrigo Javier De Paul,1,32,39,Regular Play,97.6,42.3,22.517770760001984,-0.10231999404695918,True,Right Foot,Normal,Open Play,True,False,False,5,9,118.2,41.0,118.0,41.6,Saved,0.049762752
ba0291a6-1cd3-43f0-8394-b91c7cd6d4e2,3869321,106,779,Argentina,29201,Nahuel Molina Lucero,1,34,4,From Throw In,109.1,42.4,11.1610931364271,-0.21672531372473983,False,Right Foot,Normal,Open Play,False,False,False,4,8,113.9,41.4,120.0,36.5,Goal,0.43442267
8d04b410-694a-4eb3-8354-d8e67249dfb3,3869321,106,779,Argentina,5503,Lionel Andrés Messi Cuccittini,1,39,9,Regular Play,104.0,32.2,17.799999999999997,0.4535976961077716,True,Right Foot,Normal,Open Play,False,False,False,5,8,118.2,38.5,118.1,39.1,Saved,0.03387043
94fd7830-c3a3-4f62-ab45-ae7bcc688e86,3869321,106,779,Argentina,5503,Lionel Andrés Messi Cuccittini,2,62,29,From Free Kick,96.0,33.3,24.91766441703556,0.272235786251909,False,Left Foot,Normal,Free Kick,False,False,False,7,11,118.8,41.2,120.0,43.7,Off T,0.07608311
dc11fa36-49c6-41db-a883-9991c8711696,3869321,106,779,Argentina,5503,Lionel Andrés Messi Cuccittini,2,72,39,Other,108.0,40.0,12.0,0.0,False,Left Foot,Normal,Penalty,False,False,False,0,0,,,120.0,43.3,Goal,0.7835
758f3a76-791e-4a71-8cb4-d776a6bd293d,3869321,106,941,Netherlands,7829,Wout Weghorst,2,82,17,From Free Kick,108.7,46.4,12.986531484580473,-0.5153256934832361,False,Head,Normal,Open Play,False,False,False,8,11,117.3,42.0,120.0,37.2,Goal,0.047416847
0a4a1e56-5881-463d-a37e-b97aa49cdc29,3869321,106,941,Netherlands,7745,Steven Berghuis,2,84,33,From Free Kick,104.6,53.3,20.34821859524809,-0.7123575980943287,False,Left Foot,Half Volley,Open Play,True,False,False,6,9,117.5,42.6,107.9,51.8,Blocked,0.032538008
0ada085b-8d72-4c54-8b6c-db3349ad0c84,3869321,106,941,Netherlands,8125,Denzel Dumfries,2,89,35,From Free Kick,113.5,52.9,14.44506836259351,-1.1040527524535408,False,Right Foot,Half Volley,Open Play,True,False,False,5,11,117.3,44.4,120.0,51.7,Off T,0.047394842
0766e986-a1be-4f02-b176-8ae4b7ed309e,3869321,106,941,Netherlands,7745,Steven Berghuis,2,92,12,From Free Kick,97.2,37.9,22.896506283710618,0.09184612626473758,False,Left Foot,Normal,Free Kick,False,False,False,7,11,118.3,40.8,106.6,37.8,Blocked,0.08017064
1a46edaa-ca09-435a-b841-aa201d1f0e14,3869321,106,941,Netherlands,7829,Wout Weghorst,2,100,32,From Free Kick,111.8,39.9,8.200609733428365,0.012194517448251984,True,Left Foot,Normal,Open Play,False,False,False,7,11,117.6,39.8,120.0,42.2,Goal,0.21959315
28811240-5987-468a-87d6-c237987e22d2,3869321,106,779,Argentina,5503,Lionel Andrés Messi Cuccittini,4,109,18,From Free Kick,101.1,53.3,23.11060362690685,-0.613207348874509,True,Left Foot,Normal,Open Play,False,False,False,8,11,118.2,42.6,120.0,34.4,Off T,0.035418287
500f07f5-8b73-4da3-a208-ae5c9806f7b3,3869321,106,941,Netherlands,20033,Luuk de Jong,4,112,14,From Free Kick,110.9,28.4,14.743473132203277,0.9055889940302636,False,Left Foot,Volley,Open Play,True,False,False,6,11,117.6,37.6,112.1,29.8,Blocked,0.05290734
2704ab9f-8047-4d97-b1d5-d91b82af0418,3869321,106,779,Argentina,11456,Lautaro Javier Martínez,4,113,47,From Free Kick,109.5,45.9,12.044085685513865,-0.5119371763072039,False,Right Foot,Normal,Open Play,True,False,False,6,11,118.7,43.1,114.6,44.7,Blocked,0.2245604
9445b26d-f734-4701-a757-7c83e51c906e,3869321,106,779,Argentina,38718,Enzo Fernandez,4,114,54,From Corner,94.2,43.8,26.078343505675353,-0.14623542217978663,False,Left Foot,Normal,Open Play,False,False,False,8,11,118.0,40.8,103.1,41.9,Blocked,0.032085553
74848b41-3f98-4b47-9d9f-661ee7cf5285,3869321,106,779,Argentina,7161,Germán Alejandro Pezzella,4,115,53,From Corner,112.5,31.3,11.486513831445988,0.8593372010553886,True,Head,Normal,Open Play,False,True,False,8,11,118.5,38.3,120.0,38.2,Off T,0.04452438
4960eb06-e30b-485b-a653-edd092335439,3869321,106,779,Argentina,11456,Lautaro Javier Martínez,4,118,36,From Keeper,97.6,38.6,22.44370735863396,0.06241880999595727,True,Left Foot,Normal,Open Play,True,False,False,3,7,117.0,40.8,117.0,38.5,Saved,0.08241133
2e20bbdd-74b0-4840-bf7c-fc460cdecad2,3869321,106,779,Argentina,5503,Lionel Andrés Messi Cuccittini,4,119,27,From Throw In,96.6,41.6,23.454637068179082,-0.06826980705682759,True,Left Foot,Normal,Open Play,False,False,False,6,10,115.7,41.1,97.2,41.6,Blocked,0.04201436
bc9e059b-1507-48a8-bf8e-15130d04b9ee,3869321,106,779,Argentina,38718,Enzo Fernandez,4,120,9,From Corner,97.2,49.3,24.62376900476448,-0.3872936032060763,False,Right Foot,Normal,Open Play,False,False,False,9,11,117.7,41.3,120.0,36.0,Post,0.038940463
506ef1d2-b8f7-4c3a-b8a6-ccde3026c580,3869321,106,941,Netherlands,3669,Virgil van Dijk,5,120,5,Other,108.1,40.1,11.900420160649796,-0.008403163547647103,False,Right Foot,Normal,Penalty,False,False,False,0,0,,,119.5,37.2,Saved,0.7835
256dea09-d28e-452b-81e7-1aaf72ffc7d7,3869321,106,779,Argentina,5503,Lionel Andrés Messi Cuccittini,5,121,3,Other,108.1,40.1,11.900420160649796,-0.008403163547647103,False,Left Foot,Normal,Penalty,False,False,False,0,0,,,120.0,38.7,Goal,0.7835
9e0ea28e-8c8b-4409-bd0c-322a2243a80a,3869321,106,941,Netherlands,7745,Steven Berghuis,5,121,45,Other,108.1,40.1,11.900420160649796,-0.008403163547647103,False,Left Foot,Normal,Penalty,False,False,False,0,0,,,119.4,42.9,Saved,0.7835
9ee52d5d-3516-4720-8ad1-72c14f59f0f5,3869321,106,779,Argentina,16308,Leandro Daniel Paredes,5,122,39,Other,108.1,40.1,11.900420160649796,-0.008403163547647103,False,Right Foot,Normal,Penalty,False,False,False,0,0,,,120.0,36.6,Goal,0.7835
21824c95-b910-490c-9f3d-2b89f189114e,3869321,106,941,Netherlands,7891,Teun Koopmeiners,5,123,31,Other,108.1,40.1,11.900420160649796,-0.008403163547647103,False,Left Foot,Normal,Penalty,False,False,False,0,0,,,120.0,43.7,Goal,0.7835
40db7b36-6e61-4096-b3fb-4d6501e460e0,3869321,106,779,Argentina,28263,Gonzalo Ariel Montiel,5,124,15,Other,108.1,40.1,11.900420160649796,-0.008403163547647103,False,Right Foot,Normal,Penalty,False,False,False,0,0,,,120.0,42.8,Goal,0.7835
60f391e2-074e-452e-878c-3f7fa487e97c,3869321,106,941,Netherlands,7829,Wout Weghorst,5,124,59,Other,108.1,40.1,11.900420160649796,-0.008403163547647103,False,Right Foot,Normal,Penalty,False,False,False,0,0,,,120.0,36.7,Goal,0.7835
af507344-33bf-4736-b45a-0f0684361a10,3869321,106,779,Argentina,38718,Enzo Fernandez,5,126,0,Other,108.1,40.1,11.900420160649796,-0.008403163547647103,False,Right Foot,Normal,Penalty,False,False,False,0,1,118.5,40.2,120.0,35.4,Off T,0.7835
84485632-c230-49b7-b046-0d18a486d54e,3869321,106,941,Netherlands,20033,Luuk de Jong,5,126,40,Other,108.1,40.1,11.900420160649796,-0.008403163547647103,False,Right Foot,Normal,Penalty,False,False,False,0,0,,,120.0,37.7,Goal,0.7835
799dfa0e-f471-459a-9dea-b5379e8150a7,3869321,106,779,Argentina,11456,Lautaro Javier Martínez,5,127,42,Other,108.1,40.1,11.900420160649796,-0.008403163547647103,False,Right Foot,Normal,Penalty,False,False,False,0,0,,,120.0,36.4,Goal,0.7835
1ae78527-44c9-462c-b6c2-f2c404de276b,3857292,106,770,Germany,39565,Jamal Musiala,1,1,49,Regular Play,99.6,29.7,22.852789764052883,0.4675614833407565,False,Right Foot,Normal,Open Play,False,False,False,5,10,117.1,38.8,116.9,39.5,Saved,0.06331741
0798c8a1-b35c-49ee-80bd-088a8db5ac2c,3857292,106,770,Germany,6324,Leon Goretzka,1,6,57,From Throw In,109.5,48.0,13.200378782444085,-0.6510767214444798,False,Right Foot,Normal,Open Play,True,False,False,7,10,118.8,41.5,118.1,57.8,Wayward,0.15352516
db2d1858-4ab3-4e4e-a10d-42da2c79e9c0,3857292,106,770,Germany,5562,Thomas Müller,1,8,2,From Free Kick,108.2,42.4,12.041594578792292,-0.20065287731988654,False,Head,Diving Header,Open Play,False,False,False,4,9,117.5,40.9,120.0,46.3,Off T,0.14610097
dfa2c073-d0a6-4210-a1c2-ee150cb031c3,3857292,106,770,Germany,8400,Serge Gnabry,1,9,31,Regular Play,111.9,33.1,10.640488710580914,0.7055681776852112,False,Head,Normal,Open Play,False,False,False,3,10,118.4,37.3,120.0,43.7,Goal,0.0895267
49104ff9-caab-401d-a095-663dbefd8ed0,3857292,106,770,Germany,6324,Leon Goretzka,1,13,56,Regular Play,113.1,35.8,8.077747210701762,0.5467888408892473,False,Head,Normal,Open Play,False,False,False,3,8,119.0,38.0,119.2,37.0,Saved,0.18187125
e9dd9e43-5510-4262-85ba-ff474f9497e8,3857292,106,770,Germany,5562,Thomas Müller,1,20,33,From Corner,111.6,41.1,8.471717653463203,-0.13021144296439646,True,Head,Normal,Open Play,False,True,False,4,9,119.7,40.0,116.2,37.8,Wayward,0.069567084
5b242fc1-be28-4ca0-9e6c-aa1d5d272b49,3857292,106,770,Germany,8400,Serge Gnabry,1,29,32,From Goal Kick,105.2,30.9,17.373830895919298,0.5512779086399328,False,Right Foot,Normal,Open Play,False,False,False,4,10,116.9,36.9,106.5,31.8,Blocked,0.044056788
805ceac3-7f82-4f65-a472-a77dc0af4c1f,3857292,106,770,Germany,5579,Joshua Kimmich,1,34,3,Regular Play,92.4,55.8,31.80251562376787,-0.519926145289568,False,Right Foot,Normal,Open Play,False,False,False,7,10,116.9,41.6,116.8,41.8,Saved,0.011488004
8a4cc3e9-a372-4e57-99b6-e4dc17fee7a8,3857292,106,770,Germany,39565,Jamal Musiala,1,35,30,Regular Play,105.7,33.6,15.666843970627903,0.42081667633207875,False,Right Foot,Normal,Open Play,False,False,False,4,9,116.4,37.6,120.0,48.8,Off T,0.16202919
144b76d4-3fe1-4f55-9f32-ca04aa1ab4f2,3857292,106,770,Germany,8400,Serge Gnabry,1,38,59,From Throw In,106.4,28.9,17.55477143115227,0.6845271066761367,False,Right Foot,Normal,Open Play,False,False,False,4,10,117.6,36.7,120.0,45.0,Off T,0.06251996
fd2700f8-654b-46a8-b02f-4f2fef7c2311,3857292,106,795,Costa Rica,130185,Keysher Fuller Spence,1,41,56,From Free Kick,107.3,51.1,16.867127793433003,-0.7182722751953475,False,Right Foot,Half Volley,Open Play,False,False,False,1,3,114.9,44.7,114.8,44.5,Saved,0.14103858
3074f495-700d-416f-b0af-f2db45328354,3857292,106,770,Germany,3053,Leroy Sané,1,44,35,Regular Play,98.5,47.8,22.871160880025307,-0.3480238987546616,True,Left Foot,Normal,Open Play,False,False,False,5,9,115.7,41.9,120.0,42.7,Off T,0.080942705
cb8361bb-e9ea-49bc-8205-974e0ac622a1,3857292,106,770,Germany,3053,Leroy Sané,1,45,12,From Throw In,99.5,44.5,20.988091861815356,-0.21608497229678642,False,Left Foot,Normal,Open Play,False,False,False,6,10,116.8,40.1,102.4,43.6,Blocked,0.078109905
67d54d4d-844f-4ac4-867e-aacb398096d7,3857292,106,795,Costa Rica,130185,Keysher Fuller Spence,2,51,11,From Throw In,108.9,54.5,18.260887163552592,-0.9174379250120873,False,Right Foot,Normal,Open Play,True,False,False,5,9,118.2,43.3,113.3,48.4,Blocked,0.050267275
dabd4c5d-16d4-4a5f-9bb0-729dc6b66984,3857292,106,795,Costa Rica,5839,Yeltsin Ignacio Tejeda Valverde,2,51,29,From Throw In,97.2,48.9,24.475497952033578,-0.37216059212929825,True,Right Foot,Half Volley,Open Play,False,False,False,7,10,119.5,41.6,118.4,41.2,Saved,0.042256437
166568eb-2118-4745-8aa6-af9cc5600440,3857292,106,770,Germany,8400,Serge Gnabry,2,54,46,From Corner,100.7,26.9,23.325951213187427,0.5963258358362677,False,Right Foot,Normal,Open Play,True,False,False,6,10,118.1,38.5,104.3,30.1,Blocked,0.029866349
dfa9f0c8-7c97-42fe-9d91-b21cee6dd5ff,3857292,106,770,Germany,3053,Leroy Sané,2,54,54,From Corner,91.0,39.6,29.00275848949544,0.013792228836833441,False,Left Foot,Normal,Open Play,False,False,False,7,10,117.7,40.3,120.0,34.8,Off T,0.02438984
055a53fb-b5e1-4c23-b2dd-42f1399d5e3a,3857292,106,795,Costa Rica,6328,Kendall Jamaal Waston Manley,2,57,38,Regular Play,108.9,45.4,12.343824366864585,-0.45277847182353603,False,Head,Diving Header,Open Play,False,False,False,4,6,118.4,42.4,118.1,42.1,Saved,0.099276
0f50a039-09dc-452b-aca2-543393201e24,3857292,106,795,Costa Rica,5839,Yeltsin Ignacio Tejeda Valverde,2,57,39,Regular Play,114.3,38.1,6.008327554319923,0.3217505543966418,False,Right Foot,Normal,Open Play,True,False,False,4,6,117.5,39.8,120.0,37.0,Goal,0.4798206
2598e2b9-3709-4e47-b3da-d3d67bd19c9b,3857292,106,770,Germany,39565,Jamal Musiala,2,60,12,Regular Play,111.2,28.5,14.480676779764126,0.9176270109683105,False,Left Foot,Normal,Open Play,False,False,False,4,8,118.3,35.7,120.0,44.0,Post,0.082946144
018ae12c-956d-42f9-828b-63ec2dc7eabf,3857292,106,770,Germany,39565,Jamal Musiala,2,60,14,From Counter,117.3,31.5,8.91852005660132,1.2632292183895628,False,Right Foot,Volley,Open Play,True,False,False,4,7,117.3,35.6,120.0,41.8,Off T,0.1066145
e9d3617f-6951-47d3-a0f0-f99a6bd56390,3857292,106,770,Germany,5562,Thomas Müller,2,61,1,Regular Play,106.3,47.2,15.476756766196209,-0.4838760633257668,False,Right Foot,Normal,Open Play,False,False,False,4,8,116.2,42.3,107.8,46.7,Blocked,0.05438086
fd610db8-b330-48eb-a1ef-a12f8f806da2,3857292,106,770,Germany,3167,Antonio Rüdiger,2,61,42,From Corner,114.5,44.2,6.9202601107183845,-0.6521714117570702,True,Right Foot,Normal,Open Play,True,False,False,4,10,117.8,43.1,120.0,44.0,Post,0.41498688
a8dd6050-20d1-4d57-a0b4-975123e422f3,3857292,106,770,Germany,39565,Jamal Musiala,2,66,28,From Throw In,100.6,27.6,23.024334952393307,0.5687278824171355,False,Right Foot,Normal,Open Play,False,False,False,6,10,117.0,38.4,120.0,43.8,Post,0.037713535
3cfb6e0c-ae3c-4b49-a37a-377dc5b6df9d,3857292,106,770,Germany,8966,Kai Havertz,2,66,50,From Throw In,107.3,35.1,13.612494260788507,0.36822868574764495,False,Right Foot,Half Volley,Open Play,False,False,False,5,9,118.0,39.4,120.0,39.3,Off T,0.110909514
f34140d6-7990-45d4-8b8a-8a12624f8616,3857292,106,795,Costa Rica,27163,Juan Pablo Vargas Campos,2,69,6,From Free Kick,116.1,43.1,4.981967482832466,-0.6716061562537398,False,Left Foot,Volley,Open Play,True,False,False,4,8,118.0,42.6,117.3,42.9,Saved,0.18427365
d03c0663-2128-47f5-b6ac-e2b29c6b6e2a,3857292,106,770,Germany,8966,Kai Havertz,2,72,4,From Kick Off,109.3,42.6,11.011357772772623,-0.2383708297867509,False,Right Foot,Half Volley,Open Play,False,False,False,5,9,114.4,41.2,120.0,38.0,Goal,0.4749194
43f8c49e-9971-4ece-bb35-345fe985af1a,3857292,106,770,Germany,8966,Kai Havertz,2,73,55,From Free Kick,102.8,36.0,17.658992043715294,0.22849663929186226,False,Left Foot,Normal,Open Play,True,False,False,7,9,116.8,38.4,120.0,51.0,Off T,0.14038351
7b40a901-b95b-4b1b-b118-41a9f08a8f2c,3857292,106,770,Germany,8546,Niclas Füllkrug,2,75,18,From Counter,115.2,44.6,6.648308055437863,-0.7641247773733876,False,Right Foot,Half Volley,Open Play,True,False,False,2,5,118.8,42.3,119.0,43.5,Saved,0.36338806
c4be5b76-93e5-456f-8861-2882284bd2ea,3857292,106,795,Costa Rica,132728,Jewison Bennette,2,79,4,From Throw In,94.4,46.4,26.38787600395302,-0.24497866312686414,False,Left Foot,Normal,Open Play,False,False,False,4,8,118.5,40.8,120.0,33.5,Off T,0.037811525
49e1cff1-12c4-45a1-81db-43575e6f0337,3857292,106,770,Germany,39565,Jamal Musiala,2,83,2,From Free Kick,104.6,30.8,17.93878479719293,0.5385074567115727,False,Right Foot,Normal,Open Play,False,False,False,6,10,117.8,38.6,120.0,41.7,Off T,0.060394496
02c29470-d751-4a39-b438-d7f2d1de3f23,3857292,106,770,Germany,8966,Kai Havertz,2,84,2,Regular Play,113.1,37.6,7.305477397131557,0.33473683731681425,False,Left Foot,Half Volley,Open Play,True,False,False,5,9,118.3,40.0,120.0,42.7,Goal,0.31018513
9ad23384-ef5e-4fa5-95c8-08682dcae51c,3857292,106,770,Germany,8966,Kai Havertz,2,85,21,From Counter,110.4,27.0,16.160445538412606,0.934720824091146,False,Left Foot,Normal,Open Play,False,False,False,5,8,116.9,36.6,116.1,35.9,Saved,0.11890341
1ded8989-6b70-46d5-9da4-808a6fc26f1b,3857292,106,770,Germany,8227,Mario Götze,2,85,23,From Counter,107.0,43.6,13.4892549831338,-0.2701531997114051,False,Head,Normal,Open Play,False,False,False,5,8,118.3,38.9,117.5,39.6,Saved,0.066507556
6c6e16bb-f504-4982-a836-0ad9fc0104a6,3857292,106,770,Germany,8546,Niclas Füllkrug,2,88,13,From Throw In,114.8,42.5,5.769748694700665,-0.4481449750757895,False,Left Foot,Half Volley,Open Play,True,False,False,3,7,117.9,40.0,120.0,42.8,Goal,0.510154
e8cf9c97-3526-4da0-b1c6-fae5cdf41cfd,3857292,106,770,Germany,8546,Niclas Füllkrug,2,94,58,Regular Play,101.1,39.1,18.92141643746578,0.047583103276983306,False,Right Foot,Half Volley,Open Play,False,False,False,7,10,118.0,40.5,103.5,39.1,Blocked,0.046867393
4a9a7252-482a-415b-9acd-b60dc7afe852,3857292,106,770,Germany,8546,Niclas Füllkrug,2,95,14,Regular Play,117.9,32.7,7.596051605933173,1.2906883514968435,False,Head,Normal,Open Play,False,False,False,4,9,119.4,37.9,120.0,40.2,Off T,0.13407986
72216d72-5229-41b2-9198-4e5a343eb78a,3857292,106,770,Germany,39565,Jamal Musiala,2,99,26,Regular Play,107.5,40.3,12.503599481749246,-0.023995393591869654,False,Left Foot,Normal,Open Play,False,False,False,5,10,117.8,40.4,117.1,39.2,Saved,0.085460834
2150f4a1-11c4-4273-ace0-3b9f9483287f,3857295,106,778,Japan,8361,Ritsu Doan,1,2,18,Regular Play,91.7,53.8,31.48539343886304,-0.45370475484692446,False,Left Foot,Half Volley,Open Play,True,False,False,6,10,116.8,42.7,120.0,15.2,Wayward,0.015573137
a4a5da42-0a22-4fd7-9408-fc83c588f603,3857295,106,795,Costa Rica,132497,Gerson Torres Barrantes,1,3,36,From Free Kick,90.1,47.7,30.87555667514353,-0.2520484589269132,False,Left Foot,Volley,Open Play,True,False,False,7,11,118.6,39.6,101.5,42.2,Wayward,0.01353695
cb38d9a0-e2fc-4103-b7eb-25b54cbcc69e,3857295,106,795,Costa Rica,5600,Francisco Javier Calvo Quesada,1,34,14,Regular Play,91.0,26.8,31.862831010442246,0.4271469735996276,False,Left Foot,Half Volley,Open Play,True,False,False,7,10,118.1,38.2,105.3,35.9,Blocked,0.014244432
6e86c991-a8bd-4041-802a-dc291e94ab54,3857295,106,795,Costa Rica,5581,Joel Nathaniel Campbell Samuels,1,34,18,Regular Play,101.0,29.1,21.904565734111234,0.5208448668593423,False,Left Foot,Normal,Open Play,True,False,False,6,10,118.0,38.5,120.0,46.3,Off T,0.051288527
e4a676fe-1397-48c1-8aca-6c1780b66a22,3857295,106,778,Japan,23721,Wataru Endo,1,37,45,Regular Play,100.1,51.7,23.084626919229176,-0.5315044318571099,False,Left Foot,Normal,Open Play,False,False,False,7,11,117.6,43.1,103.1,50.4,Blocked,0.03132781
94534163-21ab-4b88-ae9e-4338f4a44dc6,3857295,106,778,Japan,37221,Hidemasa Morita,2,45,25,From Kick Off,101.4,30.9,20.706762180505184,0.45500851507514817,False,Right Foot,Normal,Open Play,False,False,False,7,11,118.8,37.7,118.2,38.0,Saved,0.09737273
9d3af2e4-af04-400f-aaa2-603b43d53eba,3857295,106,778,Japan,8949,Takuma Asano,2,45,28,From Kick Off,104.1,50.2,18.890473789717404,-0.5703832816499417,False,Right Foot,Volley,Open Play,True,False,False,5,10,117.4,41.2,109.5,46.0,Blocked,0.051375452
1c2f2a54-2e26-4298-840f-1ae42f716b4a,3857295,106,778,Japan,23721,Wataru Endo,2,47,9,From Throw In,95.2,41.1,24.824383174612816,-0.0443257858069776,True,Right Foot,Normal,Open Play,False,False,False,5,9,118.2,41.6,107.1,40.9,Blocked,0.042255066
79a770c1-3ec1-4ea5-b834-9a58ed3b3843,3857295,106,778,Japan,8949,Takuma Asano,2,47,13,From Throw In,107.6,37.5,12.649505919204913,0.19894594620455858,False,Head,Normal,Open Play,False,False,False,6,10,119.2,39.4,119.0,37.2,Saved,0.08747226
c9896243-7ed2-4bc8-b843-8c8f26785909,3857295,106,778,Japan,29595,Ko Itakura,2,49,26,From Corner,105.0,40.0,15.0,0.0,False,Left Foot,Normal,Open Play,False,False,False,7,10,118.7,40.4,107.3,39.7,Blocked,0.07774679
ac8028fd-d64c-4c42-9434-91109755b4c4,3857295,106,778,Japan,23721,Wataru Endo,2,49,29,From Corner,103.1,34.1,17.90027932742951,0.33588388888990944,False,Right Foot,Normal,Open Play,False,False,False,5,10,118.1,39.3,104.6,34.7,Blocked,0.04122181
e4d8f973-7517-497c-8ff8-dcd54dde1da1,3857295,106,778,Japan,37122,Yuki Soma,2,56,21,From Goal Kick,105.4,22.1,23.099134182908237,0.8865898119696759,False,Right Foot,Normal,Open Play,False,False,False,6,9,118.4,37.4,120.0,62.1,Wayward,0.022210024
5c777610-a1b0-48e9-a812-56700c22a73f,3857295,106,778,Japan,37122,Yuki Soma,2,62,40,From Free Kick,98.1,35.7,22.318154045529845,0.19388063583664214,False,Right Foot,Normal,Free Kick,False,False,False,7,11,119.1,40.7,120.0,38.6,Off T,0.08557594
edf74f91-d82b-4112-a643-af4832f68dbd,3857295,106,778,Japan,9411,Daichi Kamada,2,71,22,From Free Kick,101.2,43.2,19.070395905696344,-0.16859693960942979,False,Right Foot,Normal,Free Kick,False,False,False,7,11,118.6,38.6,109.6,42.4,Blocked,0.10029054
0491c47e-916f-4501-8833-db9188ca2525,3857295,106,778,Japan,37122,Yuki Soma,2,71,24,From Free Kick,95.7,44.3,24.677520134729903,-0.175141682541821,False,Right Foot,Half Volley,Open Play,False,False,False,7,11,119.2,40.7,107.0,40.7,Blocked,0.027111016
52d08b93-5f43-4a98-9710-a1441d063e98,3857295,106,795,Costa Rica,130185,Keysher Fuller Spence,2,80,8,Regular Play,102.6,47.5,18.94755920956576,-0.4069707853687711,False,Left Foot,Normal,Open Play,False,False,False,4,8,116.0,42.3,120.0,36.9,Goal,0.120298475
085c9b03-1324-4a89-9bfd-8a93f24bb907,3857295,106,778,Japan,9411,Daichi Kamada,2,87,48,Regular Play,108.0,37.6,12.237646832622683,0.19739555984988064,False,Right Foot,Normal,Open Play,True,False,False,7,9,117.9,37.2,117.8,37.7,Saved,0.09400092
545c2c84-018f-4570-a01c-753823feaeac,3869685,106,779,Argentina,27886,Alexis Mac Allister,1,4,40,Regular Play,92.4,30.0,29.35574901105403,0.347606859755902,False,Right Foot,Normal,Open Play,False,False,False,6,8,117.4,38.5,117.3,38.3,Saved,0.024542088
4ad26294-8aaf-4d69-83dd-bbf9ef797b32,3869685,106,779,Argentina,7797,Rodrigo Javier De Paul,1,7,36,Regular Play,99.2,47.9,22.249719099350443,-0.3629789568429772,False,Right Foot,Normal,Open Play,False,False,False,6,11,117.4,41.1,108.1,40.4,Blocked,0.062813334
6d498191-05f0-432c-8764-03aea4ef9fb8,3869685,106,779,Argentina,2995,Ángel Fabián Di María Hernández,1,16,15,Regular Play,103.1,34.6,17.741758650145147,0.309273483542447,False,Right Foot,Normal,Open Play,True,False,False,4,7,117.8,39.5,120.0,39.6,Off T,0.106800534
6d527ebc-a948-4cd8-ac82-daced35bb715,3869685,106,779,Argentina,5503,Lionel Andrés Messi Cuccittini,1,22,24,Other,108.0,40.0,12.0,0.0,False,Left Foot,Normal,Penalty,False,False,False,0,0,,,120.0,41.8,Goal,0.7835
f227a92e-d86c-4f3d-aa75-5ccb71adcae6,3869685,106,779,Argentina,27886,Alexis Mac Allister,1,31,35,Regular Play,94.3,23.5,30.540792393125628,0.5707472772659186,False,Right Foot,Half Volley,Open Play,True,False,False,5,10,117.9,39.0,112.3,80.0,Wayward,0.010577817
ef86f4d9-7acd-4ed0-a5ec-9129079e8fbe,3869685,106,779,Argentina,2995,Ángel Fabián Di María Hernández,1,35,22,From Counter,111.8,32.1,11.386395390991831,0.7667667791521833,False,Left Foot,Normal,Open Play,True,False,False,2,6,114.6,35.1,120.0,41.7,Goal,0.30340916
13a4889d-ad08-41be-9125-24c4c7d7879a,3869685,106,779,Argentina,7797,Rodrigo Javier De Paul,2,48,49,From Throw In,103.3,52.3,20.74078108461685,-0.634822445301225,False,Right Foot,Volley,Open Play,True,False,False,4,7,117.8,41.6,117.6,41.6,Saved,0.040216275
43691970-1dad-4e11-bd29-48f640c55ea1,3869685,106,779,Argentina,29560,Julián Álvarez,2,58,21,From Free Kick,110.5,24.9,17.839843048636947,1.009226134867964,False,Left Foot,Normal,Open Play,False,False,False,1,6,118.9,36.3,119.4,35.8,Saved,0.05953379
9615ffbc-b513-45e6-9ccc-015234483f95,3869685,106,779,Argentina,5503,Lionel Andrés Messi Cuccittini,2,59,51,Regular Play,109.7,46.0,11.920151005754915,-0.5274705837654605,False,Right Foot,Normal,Open Play,False,False,False,4,9,118.0,42.7,120.0,45.5,Off T,0.11555985
9f6285ff-9b32-4a46-a4a0-74c1ca89276c,3869685,106,771,France,22097,Randal Kolo Muani,2,67,15,From Corner,113.4,34.6,8.527602242131133,0.6857295109062865,True,Head,Normal,Open Play,False,True,False,9,11,118.3,38.3,120.0,31.5,Off T,0.09618377
b2d43671-a3e6-4709-9c0c-646442c1074c,3869685,106,771,France,3009,Kylian Mbappé Lottin,2,70,9,Regular Play,102.5,27.9,21.27580785775243,0.6049501333539725,False,Right Foot,Normal,Open Play,False,False,False,5,10,117.1,37.3,120.0,38.8,Off T,0.050644457
43b2d123-6945-4a7c-8292-f7792af341f9,3869685,106,779,Argentina,38718,Enzo Fernandez,2,71,31,From Goal Kick,98.9,32.2,22.495555116511344,0.3540880822268617,False,Right Foot,Normal,Open Play,False,False,False,6,10,118.2,39.6,117.8,40.4,Saved,0.041589838
6cc0d5e2-6999-4006-8a7a-34de4cbe3ffd,3869685,106,771,France,3009,Kylian Mbappé Lottin,2,79,24,Other,108.0,40.0,12.0,0.0,False,Right Foot,Normal,Penalty,False,False,False,0,0,,,120.0,37.3,Goal,0.7835
03fb2918-e1e7-4ec8-89ff-7bc5531e853d,3869685,106,771,France,3009,Kylian Mbappé Lottin,2,80,59,From Throw In,104.8,30.1,18.139735389470268,0.5772996483380237,False,Right Foot,Volley,Open Play,True,False,False,3,8,117.7,37.9,120.0,41.5,Goal,0.1017027
fe277079-395a-4ff3-bb29-e99d93014014,3869685,106,779,Argentina,38718,Enzo Fernandez,2,83,23,From Throw In,92.2,35.9,28.100711734758605,0.1464264649983463,False,Right Foot,Normal,Open Play,False,False,False,8,11,118.1,40.0,101.8,38.1,Blocked,0.030159522
5dbcde3d-ba75-483d-a65f-72d2b99ff713,3869685,106,771,France,3009,Kylian Mbappé Lottin,2,92,57,From Counter,95.9,32.2,25.330811277967385,0.3130117007036204,False,Right Foot,Normal,Open Play,False,False,False,3,8,116.7,39.0,100.7,33.5,Blocked,0.0324491
8d2a6599-cc25-41a2-acde-41d10194b5bd,3869685,106,771,France,3026,Adrien Rabiot,2,93,45,From Corner,108.9,28.5,15.983116091676237,0.8030954306552189,False,Left Foot,Normal,Open Play,True,False,False,8,10,118.3,36.4,118.0,36.6,Saved,0.09333491
867b8791-49c0-4d98-a976-c0b4cfc1cb5a,3869685,106,779,Argentina,5503,Lionel Andrés Messi Cuccittini,2,96,37,Regular Play,96.2,40.9,23.817010727629103,-0.03779711649456453,False,Left Foot,Normal,Open Play,False,False,False,5,9,117.6,39.9,117.6,39.3,Saved,0.0430315
d8c05bb0-ddb1-4ff2-9dbf-ba17b00a5359,3869685,106,779,Argentina,27886,Alexis Mac Allister,3,92,5,From Free Kick,98.2,23.8,27.16026509443529,0.6390828753924181,False,Right Foot,Half Volley,Open Play,True,False,False,5,10,117.5,39.1,120.0,28.0,Off T,0.019259434
db8267ad-256a-450d-997f-382a4d545634,3869685,106,771,France,11990,Youssouf Fofana,3,99,54,From Free Kick,89.8,39.9,30.200165562460086,0.0033112461762039606,False,Right Foot,Normal,Open Play,False,False,False,9,11,117.8,39.3,103.3,40.4,Blocked,0.023031652
d3ba40fa-09d6-4488-b17d-672aaa2928d7,3869685,106,779,Argentina,11456,Lautaro Javier Martínez,3,104,28,Regular Play,108.8,45.3,12.390722335683261,-0.4419903458362918,False,Right Foot,Normal,Open Play,False,False,False,3,6,116.7,42.2,110.6,44.2,Blocked,0.23260574
a1654330-3747-4a25-b244-26ba2884c91c,3869685,106,779,Argentina,28263,Gonzalo Ariel Montiel,3,104,30,Regular Play,96.3,49.4,25.496078129783022,-0.3775930568768121,False,Right Foot,Half Volley,Open Play,True,False,False,5,9,117.6,41.6,112.7,41.0,Blocked,0.020604363
5d7d4f2f-62da-4de9-90e3-3660ba17c4f3,3869685,106,779,Argentina,11456,Lautaro Javier Martínez,3,105,41,From Counter,105.1,33.5,16.256075787224916,0.4113537318815138,False,Left Foot,Half Volley,Open Play,False,False,False,1,4,109.0,35.1,120.0,34.9,Off T,0.14029205
8bb8c7b5-9c14-4dfa-9279-0548ee8076db,3869685,106,779,Argentina,5503,Lionel Andrés Messi Cuccittini,4,106,55,From Throw In,103.6,55.8,22.772790781983662,-0.7667667791521833,False,Left Foot,Half Volley,Open Play,True,False,False,7,10,118.5,42.4,119.0,43.9,Saved,0.024784861
40cbfd91-87d9-4df8-a575-533b5c26767f,3869685,106,779,Argentina,11456,Lautaro Javier Martínez,4,107,57,Regular Play,114.4,52.0,13.242356285797477,-1.1341691669813556,False,Right Foot,Normal,Open Play,False,False,False,3,7,118.7,43.9,118.7,44.1,Saved,0.10407211
54b889ec-6026-49ea-a913-e883dbe6e301,3869685,106,779,Argentina,5503,Lionel Andrés Messi Cuccittini,4,107,58,Regular Play,116.6,43.0,4.534313619501858,-0.7229793534014901,False,Right Foot,Half Volley,Open Play,True,False,False,3,7,118.3,43.7,120.0,40.9,Goal,0.48840353
08f2f203-cdc9-4146-99b6-818c5c32bf70,3869685,106,771,France,3009,Kylian Mbappé Lottin,4,115,38,From Corner,101.4,26.6,22.924222996647014,0.6243062588598679,False,Right Foot,Normal,Open Play,False,False,False,8,11,117.6,37.8,104.5,29.1,Blocked,0.03075741
d9b92dbd-4fea-4f48-b2fb-d7222eab2dbd,3869685,106,771,France,3009,Kylian Mbappé Lottin,4,117,5,Other,108.0,40.0,12.0,0.0,False,Right Foot,Normal,Penalty,False,False,False,0,0,,,120.0,36.7,Goal,0.7835
959edead-09fb-40b0-b6a3-72e73bd30d5a,3869685,106,771,France,22097,Randal Kolo Muani,4,122,44,From Free Kick,103.7,45.1,17.07922714879101,-0.30323415232863327,False,Right Foot,Half Volley,Open Play,True,False,False,3,5,109.7,43.5,109.7,44.1,Saved,0.27751395
449f2702-ad18-4bc8-a9ef-59fb1dc1a707,3869685,106,779,Argentina,11456,Lautaro Javier Martínez,4,122,59,Regular Play,110.8,41.6,9.338094023943004,-0.17219081452293913,False,Head,Normal,Open Play,False,False,False,3,7,118.1,42.4,120.0,46.5,Off T,0.10655013
d0f76056-0d67-4aae-b44a-83bef0b1cf27,3869685,106,771,France,3009,Kylian Mbappé Lottin,5,120,13,Other,108.1,40.1,11.900420160649796,-0.008403163547647103,False,Right Foot,Normal,Penalty,False,False,False,0,0,,,120.0,37.6,Goal,0.7835
2a15edb5-2a54-41d5-afe9-87e447389b18,3869685,106,779,Argentina,5503,Lionel Andrés Messi Cuccittini,5,121,2,Other,108.1,40.1,11.900420160649796,-0.008403163547647103,False,Left Foot,Normal,Penalty,False,False,False,0,0,,,120.0,38.3,Goal,0.7835
97439112-dfb5-4bd5-9967-554095296096,3869685,106,771,France,8217,Kingsley Coman,5,121,42,Other,108.1,40.1,11.900420160649796,-0.008403163547647103,False,Right Foot,Normal,Penalty,False,False,False,0,0,,,118.8,38.2,Saved,0.7835
50dcde1a-faa3-4eec-a0cd-3f09a7cf763a,3869685,106,779,Argentina,5743,Paulo Bruno Exequiel Dybala,5,122,27,Other,108.1,40.1,11.900420160649796,-0.008403163547647103,False,Left Foot,Normal,Penalty,False,False,False,0,0,,,120.0,40.4,Goal,0.7835
54e27ba9-b9ae-44a3-ac8d-fc91e76a1b91,3869685,106,771,France,10481,Aurélien Djani Tchouaméni,5,123,29,Other,108.1,40.1,11.900420160649796,-0.008403163547647103,False,Right Foot,Normal,Penalty,False,False,False,0,1,119.9,40.0,120.0,35.6,Off T,0.7835
bcc6d4ae-f71c-4566-bf2d-c12f910eb526,3869685,106,779,Argentina,16308,Leandro Daniel Paredes,5,124,16,Other,108.1,40.1,11.900420160649796,-0.008403163547647103,False,Right Foot,Normal,Penalty,False,False,False,0,0,,,120.0,37.6,Goal,0.7835
59ebe83e-616a-4288-89fd-a0246b53d48f,3869685,106,771,France,22097,Randal Kolo Muani,5,125,9,Other,108.1,40.1,11.900420160649796,-0.008403163547647103,False,Right Foot,Normal,Penalty,False,False,False,0,0,,,120.0,39.3,Goal,0.7835
66eaf262-999f-4953-a924-f1b596de4dbf,3869685,106,779,Argentina,28263,Gonzalo Ariel Montiel,5,125,57,Other,108.1,40.1,11.900420160649796,-0.008403163547647103,False,Right Foot,Normal,Penalty,False,False,False,0,0,,,120.0,37.9,Goal,0.7835
49c5d1ba-1fd9-4f18-a682-cbd2c57eb9dc,3869684,106,785,Croatia,33018,Joško Gvardiol,1,6,28,From Free Kick,108.8,38.0,11.377170122662315,0.17670885607003656,False,Head,Diving Header,Open Play,False,False,False,7,11,118.5,39.3,120.0,36.4,Goal,0.1243582
8f0f46ee-6bec-4537-97eb-2b50633dc6ff,3869684,106,788,Morocco,139016,Achraf Dari,1,8,17,From Free Kick,115.6,39.0,4.512205669071396,0.22347660114063275,False,Head,Normal,Open Play,False,False,False,6,10,117.8,39.8,120.0,41.6,Goal,0.4178385
94591107-50c8-45bf-a895-3f8d69baf1b9,3869684,106,785,Croatia,16527,Mislav Oršić,1,9,35,From Kick Off,99.5,23.8,26.1283371074395,0.6687637270954111,False,Right Foot,Normal,Open Play,False,False,False,5,11,117.3,38.2,120.0,47.7,Off T,0.02730659
b8e38f4b-f179-450e-92af-2425135a5378,3869684,106,785,Croatia,49337,Josip Stanišić,1,13,55,From Throw In,94.4,41.3,25.632986560289844,-0.05073766694546012,False,Right Foot,Normal,Open Play,True,False,False,6,9,114.7,39.6,120.0,40.7,Off T,0.040524755
fd59c0c7-4722-4937-ac5b-8f8b70940c8a,3869684,106,785,Croatia,16527,Mislav Oršić,1,17,21,Regular Play,104.9,38.8,15.147607071745684,0.079303531430787,False,Right Foot,Normal,Open Play,False,False,False,4,5,115.9,39.7,107.7,39.3,Blocked,0.11308218
77d0be28-0294-4153-b921-b5639dde0cda,3869684,106,785,Croatia,5460,Andrej Kramarić,1,17,29,From Counter,111.3,34.8,10.135580891098451,0.5387274545080458,False,Head,Normal,Open Play,False,False,False,6,10,118.4,38.3,118.1,37.8,Saved,0.13429043
fce15c71-a9fc-4d7e-80ea-a3a56d20cc65,3869684,106,785,Croatia,5463,Luka Modrić,1,23,25,From Throw In,101.2,49.5,21.06395024680793,-0.46789386798065474,False,Left Foot,Normal,Open Play,False,False,False,7,11,117.3,41.8,117.1,41.7,Saved,0.07012748
fec7cd9e-c5c4-4285-b789-18e335bfb90b,3869684,106,788,Morocco,3625,Sofiane Boufal,1,32,9,Regular Play,112.4,29.5,12.961867149450342,0.9442688963842215,False,Left Foot,Volley,Open Play,True,False,False,6,10,117.8,35.8,120.0,30.9,Off T,0.08611878
3c475c86-ffd1-4e81-85c6-561f3063fc53,3869684,106,788,Morocco,6301,Youssef En-Nesyri,1,36,19,From Corner,117.8,48.9,9.167878707749137,-1.3284631601418815,True,Head,Normal,Open Play,False,True,False,8,11,118.6,41.8,120.0,31.2,Off T,0.04761149
b6da45bb-12a2-4dd6-bf3f-c6afdb5f6c8b,3869684,106,788,Morocco,5237,Hakim Ziyech,1,39,41,From Goal Kick,90.6,53.5,32.351352367404985,-0.43046477283430756,False,Left Foot,Normal,Open Play,False,False,False,7,10,118.0,41.3,120.0,46.1,Off T,0.014617449
40c60798-23de-4690-ab6b-47b58c1f58c4,3869684,106,785,Croatia,16527,Mislav Oršić,1,41,43,Regular Play,106.5,21.3,23.063824487712353,0.9455065609136619,False,Right Foot,Normal,Open Play,True,False,False,5,9,117.3,37.0,120.0,43.5,Goal,0.013095795
5225c92f-256b-4741-894b-97a118001c70,3869684,106,785,Croatia,22041,Marko Livaja,1,46,36,Regular Play,90.5,39.5,29.50423698386386,0.01694752980640491,False,Right Foot,Normal,Open Play,False,False,False,5,9,115.4,39.4,94.4,39.5,Blocked,0.02019975
0f2f2f1f-544d-4345-9225-558b6735cca7,3869684,106,785,Croatia,16527,Mislav Oršić,2,46,22,From Free Kick,100.8,24.2,24.865236777477108,0.6885591581361412,False,Right Foot,Normal,Open Play,False,False,False,5,10,118.2,37.9,107.6,28.7,Blocked,0.028195048
f543d203-8024-4f59-b8f3-d53fe943fd74,3869684,106,785,Croatia,16527,Mislav Oršić,2,54,5,From Corner,87.5,26.6,35.154089378051026,0.3910712243853761,False,Right Foot,Normal,Open Play,True,False,False,8,11,117.4,39.7,120.0,49.3,Off T,0.0065055056
3d5d5149-d1b3-4625-b191-b66281462965,3869684,106,788,Morocco,6301,Youssef En-Nesyri,2,64,57,From Free Kick,110.6,40.5,9.413288479590971,-0.05314140884493543,True,Head,Normal,Open Play,False,True,False,5,10,119.5,40.4,111.3,40.6,Blocked,0.072652236
5197fe88-6b78-4d5f-91ef-76263510401f,3869684,106,785,Croatia,3441,Nikola Vlašić,2,70,24,Regular Play,90.9,36.9,29.264654448668956,0.1061289502384477,False,Right Foot,Normal,Open Play,False,False,False,4,8,114.5,39.3,120.0,43.1,Off T,0.03597725
28905c96-a89e-4349-b755-383c251d2c97,3869684,106,788,Morocco,6301,Youssef En-Nesyri,2,74,35,Regular Play,115.5,48.3,9.441398201537734,-1.0739855252915256,False,Left Foot,Half Volley,Open Play,False,False,False,4,8,117.1,45.7,116.9,45.6,Saved,0.16040824
c4745e96-e4dd-4b6f-ad44-3a784219e86c,3869684,106,785,Croatia,5456,Mateo Kovačić,2,86,30,Regular Play,110.3,29.2,14.516542288024379,0.839005290190602,False,Left Foot,Normal,Open Play,False,False,False,3,8,115.9,34.8,120.0,47.2,Off T,0.23560598
0f4a2320-0810-46f0-b641-84ff2e237335,3869684,106,788,Morocco,6301,Youssef En-Nesyri,2,89,48,From Free Kick,110.9,36.5,9.749871794028879,0.36717383381821944,True,Head,Normal,Open Play,False,True,False,6,10,118.8,40.9,111.7,36.6,Blocked,0.057190012
6da1657b-9d5d-495c-8527-6b9c4e4c6004,3869684,106,788,Morocco,5237,Hakim Ziyech,2,90,4,From Free Kick,89.6,46.9,31.173225691288355,-0.2231922274813001,False,Left Foot,Normal,Open Play,False,False,False,8,11,118.2,41.2,120.0,36.5,Off T,0.021768013
a55f71e0-1590-4c8c-ac83-eca617abc950,3869684,106,788,Morocco,6301,Youssef En-Nesyri,2,95,31,From Free Kick,113.6,43.4,7.24706837279738,-0.488333951056405,True,Head,Normal,Open Play,False,True,False,6,10,119.3,40.9,120.0,38.4,Off T,0.1132524
d36254db-40ca-40bc-aa7f-3c791d617764,3857256,106,773,Switzerland,3500,Granit Xhaka,1,0,18,From Kick Off,96.0,38.8,24.029981273400942,0.049958395721942876,False,Left Foot,Half Volley,Open Play,True,False,False,4,8,117.9,40.3,108.2,38.5,Blocked,0.036565553
849bc0a6-ca9b-4e58-834e-6aabce567589,3857256,106,773,Switzerland,5545,Breel-Donald Embolo,1,0,22,From Kick Off,113.1,40.7,6.935416353759886,-0.10110337173629884,False,Left Foot,Half Volley,Open Play,True,False,False,4,7,115.2,40.7,114.8,40.6,Saved,0.35328916
7efd8f74-7ea6-468a-a3a9-e82070494959,3857256,106,773,Switzerland,3500,Granit Xhaka,1,0,23,From Kick Off,103.8,41.9,16.311039206623228,-0.11675057839306797,False,Right Foot,Half Volley,Open Play,True,False,False,5,10,115.6,40.2,115.5,39.1,Saved,0.06952749
3d057b16-1cc1-4995-8d2d-c4c2a339cb4f,3857256,106,786,Serbia,5603,Nikola Milenković,1,4,35,From Corner,112.2,36.8,8.430895563343196,0.3893167218331413,False,Head,Normal,Open Play,False,False,False,7,11,118.9,39.0,120.0,35.3,Off T,0.08160872
1fc821db-5ae0-4bb0-9243-3e6c24762bcc,3857256,106,786,Serbia,6318,Andrija Živković,1,10,5,Regular Play,97.8,51.5,25.00179993520467,-0.477957902203967,False,Left Foot,Normal,Open Play,False,False,False,6,10,118.1,41.7,120.0,36.1,Post,0.030001678
76686ee8-2674-4762-a7d0-1b9dc6fb4d10,3857256,106,786,Serbia,18015,Dušan Vlahović,1,10,7,Regular Play,115.4,38.6,4.808326112068517,0.29544083714372005,False,Other,Normal,Open Play,False,False,False,5,9,118.2,38.9,118.1,39.1,Saved,0.5168786
dc74ff7e-a9b4-4134-82d6-31002c068379,3857256,106,773,Switzerland,6983,Remo Freuler,1,13,35,From Free Kick,107.8,35.9,12.87050892544658,0.3242075519094684,False,Left Foot,Half Volley,Open Play,True,False,False,4,8,118.7,37.2,113.3,34.4,Blocked,0.09611784
546c1d65-f1b5-4c42-8983-b743be29f3f8,3857256,106,773,Switzerland,3533,Xherdan Shaqiri,1,19,11,From Free Kick,107.5,50.6,16.38932579455299,-0.7033318146493246,False,Left Foot,Normal,Open Play,True,False,False,5,8,119.3,41.5,120.0,43.1,Goal,0.06969889
dd7a567d-a8c3-49a4-8343-0596106ffd60,3857256,106,773,Switzerland,3500,Granit Xhaka,1,21,11,Regular Play,97.3,33.7,23.558013498595336,0.270719629256214,False,Left Foot,Normal,Open Play,True,False,False,5,8,117.7,38.6,116.9,38.7,Saved,0.04476528
a74e75d9-6758-403a-8d8e-01e0d502185e,3857256,106,786,Serbia,18015,Dušan Vlahović,1,22,15,From Free Kick,109.6,35.4,11.371895180663605,0.41643861719159175,False,Head,Normal,Open Play,False,False,False,5,10,119.1,38.9,118.4,38.7,Saved,0.08628477
92e8f2c9-a5de-4e1b-9b4b-b3b6bf96aec9,3857256,106,786,Serbia,4269,Aleksandar Mitrović,1,25,56,Regular Play,108.3,38.6,11.783462988442746,0.1190918852491659,False,Head,Normal,Open Play,False,False,False,3,6,117.5,39.0,120.0,43.3,Goal,0.06371751
79448005-35d9-4975-812d-664f6d14c180,3857256,106,773,Switzerland,3533,Xherdan Shaqiri,1,29,53,From Free Kick,107.7,49.2,15.360013020827815,-0.6421990261958104,True,Left Foot,Normal,Open Play,False,False,False,3,8,113.0,45.8,120.0,44.5,Off T,0.3934682
ddb6f298-8ac3-4d35-bfb7-f03f76b54c1e,3857256,106,786,Serbia,18015,Dušan Vlahović,1,34,28,From Counter,106.2,31.8,16.05241414865689,0.5361460220122347,False,Left Foot,Normal,Open Play,True,False,False,4,8,116.5,38.4,120.0,43.7,Goal,0.15928414
e6e3bb64-8cf1-456d-a360-cadea068cd79,3857256,106,773,Switzerland,30401,Ruben Vargas,1,37,26,From Throw In,101.0,47.3,20.354115063052973,-0.3668211001467812,False,Right Foot,Normal,Open Play,True,False,False,6,10,117.6,41.4,105.9,45.2,Blocked,0.0683221
70fe857d-6f28-4b38-8ad7-a655328ec176,3857256,106,773,Switzerland,5545,Breel-Donald Embolo,1,43,41,Regular Play,114.4,36.9,6.4007812023221,0.5055810548742058,False,Right Foot,Normal,Open Play,True,False,True,4,8,118.2,41.4,120.0,37.8,Goal,0.72697556
bb4f3b52-4f46-4588-8b76-575dfe790a5b,3857256,106,786,Serbia,4269,Aleksandar Mitrović,1,47,38,From Throw In,101.7,33.7,19.35406933954717,0.33155416187593806,False,Right Foot,Volley,Open Play,True,False,False,4,8,117.4,38.8,105.3,37.4,Wayward,0.056521177
f18182b3-c83e-4ca4-82c4-810effcfdef7,3857256,106,773,Switzerland,6983,Remo Freuler,2,47,38,From Free Kick,107.2,41.2,12.856126943990555,-0.0934767811585897,False,Left Foot,Half Volley,Open Play,True,False,False,4,9,117.4,40.7,120.0,42.7,Goal,0.15381548
47b4c58a-45ab-446e-83a0-9bd17ab26c31,3857256,106,773,Switzerland,5537,Fabian Lukas Schär,2,56,32,From Free Kick,110.7,30.5,13.294359706281455,0.7960360599729899,False,Right Foot,Volley,Open Play,True,False,False,8,11,118.2,38.1,114.1,35.7,Blocked,0.07925899
4f4b1082-2b10-4302-a247-bb1f702f3690,3857256,106,773,Switzerland,5545,Breel-Donald Embolo,2,56,33,From Free Kick,116.1,39.3,3.962322551231796,0.17759616728348834,False,Right Foot,Half Volley,Open Play,True,False,False,6,11,118.0,38.4,120.0,38.8,Off T,0.6647709
ecf1da18-0ccb-4108-9406-5e76636dfdcd,3857256,106,786,Serbia,3831,Dušan Tadić,2,60,6,Regular Play,107.4,31.7,15.088074761214562,0.5824879535685715,False,Left Foot,Half Volley,Open Play,False,False,False,6,10,117.9,38.2,120.0,37.1,Off T,0.061684445
ce3f29de-9ef9-4f98-88a2-12d09c20c0c3,3857256,106,786,Serbia,4269,Aleksandar Mitrović,2,70,49,Regular Play,106.2,25.8,19.801010075246158,0.799682905984845,False,Right Foot,Normal,Open Play,False,False,False,4,8,117.7,37.0,107.5,27.4,Blocked,0.03203667
2d49a2a9-4a1d-4198-aa2c-b09ca2ed4565,3857256,106,786,Serbia,6319,Luka Jović,2,72,0,Regular Play,102.2,43.2,18.08535318980528,-0.17787526300607673,True,Head,Normal,Open Play,False,True,False,6,11,116.7,40.5,103.1,43.1,Blocked,0.02594082
bcb3fe76-88c2-4d32-b0c5-64cedfa54f2b,3857256,106,773,Switzerland,5549,Manuel Obafemi Akanji,2,81,58,From Free Kick,99.4,52.7,24.200206610688262,-0.5524671101247703,False,Right Foot,Normal,Open Play,True,False,False,7,10,118.5,40.3,120.0,44.9,Off T,0.030122569
c15dc8c4-2d91-435a-a390-11fd17a2bf2f,3857256,106,773,Switzerland,16022,Christian Fassnacht,2,88,48,From Free Kick,105.3,28.9,18.420097719610506,0.6467584262632902,False,Right Foot,Normal,Open Play,False,False,False,3,7,107.1,30.3,107.0,30.1,Saved,0.31681746
d628f58b-1983-4ab5-b350-ab6113ac7e3c,3857256,106,786,Serbia,6319,Luka Jović,2,91,50,From Throw In,105.0,39.8,15.001333274079341,0.013332543294145868,True,Head,Normal,Open Play,False,True,False,5,10,117.1,39.6,120.0,37.1,Off T,0.03223471
e21424d5-bd38-4970-a5aa-5e2fbb6b911a,3857256,106,786,Serbia,5833,Nemanja Radonjić,2,99,51,From Free Kick,105.7,51.3,18.225805880673697,-0.6687427279563789,False,Left Foot,Half Volley,Open Play,True,False,False,8,11,118.7,41.9,120.0,45.2,Off T,0.042810295
9fd07a9a-2de2-4ba5-b400-6a2264835ba2,3869151,106,779,Argentina,7006,Alejandro Darío Gómez,1,16,29,From Free Kick,98.2,20.1,29.51694428629088,0.7398661055579385,False,Right Foot,Normal,Open Play,False,False,False,6,10,118.4,37.3,120.0,47.5,Off T,0.011147299
b70841d8-d3d3-40de-a009-58a8309e3ba2,3869151,106,792,Australia,22293,Harry Souttar,1,28,9,From Corner,111.9,44.0,9.033825324855464,-0.45869715439196296,True,Head,Normal,Open Play,False,True,False,7,11,118.5,41.5,114.0,40.9,Blocked,0.06809473
53d825ac-a98d-41ca-b81f-1015dee17376,3869151,106,779,Argentina,5503,Lionel Andrés Messi Cuccittini,1,34,35,From Free Kick,104.2,48.9,18.13422179196008,-0.5129902412537761,False,Left Foot,Normal,Open Play,False,False,False,6,11,117.1,41.6,120.0,37.1,Goal,0.06663833
9fa41c60-ab9c-4fcb-8d5c-39a781e7a9c0,3869151,106,779,Argentina,5503,Lionel Andrés Messi Cuccittini,2,49,59,Regular Play,99.8,38.5,20.255616505058544,0.07412138630653922,False,Left Foot,Normal,Open Play,False,False,False,5,10,117.8,39.7,116.9,40.0,Saved,0.04517154
a7ce988c-2d9b-4d78-8b34-95e4d2774ae0,3869151,106,779,Argentina,29560,Julián Álvarez,2,56,41,Regular Play,110.4,50.3,14.080127840328718,-0.8205595453524768,False,Right Foot,Normal,Open Play,False,False,False,3,7,112.3,47.4,120.0,36.5,Goal,0.28060678
5f1b13a1-f49c-41a6-9040-2c7db303d427,3869151,106,779,Argentina,5503,Lionel Andrés Messi Cuccittini,2,65,50,From Corner,95.4,33.6,25.418890613085374,0.2545203582779489,False,Left Foot,Normal,Open Play,False,False,False,3,10,117.1,38.7,120.0,31.6,Off T,0.032841697
060deabd-8fca-4998-b49c-bf4dee752a0e,3869151,106,779,Argentina,5507,Nicolás Alejandro Tagliafico,2,74,43,Regular Play,103.2,24.9,22.588713996153032,0.7321569906607219,False,Left Foot,Normal,Open Play,False,False,False,1,7,117.7,37.5,120.0,49.6,Off T,0.05181273
5d585edf-d8ab-469c-b9ca-a6253faaa793,3869151,106,792,Australia,8346,Craig Goodwin,2,76,9,Regular Play,98.2,22.6,27.892651361962702,0.6736211218629695,False,Left Foot,Half Volley,Open Play,True,False,False,5,9,118.3,36.5,104.9,26.6,Blocked,0.013616442
2f0bd31e-adca-4b9e-96ea-5a64e1d9ce2e,3869151,106,792,Australia,5479,Aziz Eraltay Behich,2,80,8,From Free Kick,110.6,33.2,11.601724009818543,0.6262614375987542,False,Right Foot,Normal,Open Play,False,False,False,3,8,116.5,36.3,111.4,33.7,Blocked,0.07721693
0b0970d0-4cfa-4f0c-aff3-210cb296226a,3869151,106,792,Australia,8859,Ajdin Hrustic,2,80,41,From Corner,100.0,52.7,23.69155967850154,-0.5657580297420903,True,Left Foot,Normal,Open Play,False,False,False,8,11,117.2,41.9,120.0,36.2,Off T,0.033247408
fbbcbd30-78e7-4627-9714-bdf463a6c12e,3869151,106,779,Argentina,11456,Lautaro Javier Martínez,2,87,15,From Free Kick,108.3,52.3,16.97586522095413,-0.8103929570163683,False,Right Foot,Normal,Open Play,True,False,False,3,7,117.4,44.0,120.0,30.0,Off T,0.051439364
e48ce4af-0f98-4004-b235-e115cefa6bac,3869151,106,779,Argentina,11456,Lautaro Javier Martínez,2,88,11,From Counter,107.6,31.9,14.811144452742338,0.5786395812838292,False,Right Foot,Normal,Open Play,True,False,False,2,6,117.3,38.2,120.0,45.1,Off T,0.24890411
8779a120-92be-4bef-b143-a0e91aa68bfb,3869151,106,779,Argentina,11456,Lautaro Javier Martínez,2,92,10,From Throw In,109.1,31.8,13.64001466274872,0.6449673834022961,False,Left Foot,Normal,Open Play,False,False,False,2,6,114.2,36.2,114.1,35.9,Saved,0.37209997
36dc8c71-010d-4cfb-8427-774a6e556620,3869151,106,779,Argentina,5503,Lionel Andrés Messi Cuccittini,2,92,50,Regular Play,104.6,52.2,19.646882704388506,-0.6699715030305236,False,Left Foot,Normal,Open Play,False,False,False,3,7,117.1,42.3,120.0,36.5,Off T,0.055600196
1ec1a0e0-f57f-4390-879a-872cdc7be137,3869151,106,779,Argentina,28268,Exequiel Alejandro Palacios,2,93,43,Regular Play,103.6,50.1,19.260581507316964,-0.5519951185698515,False,Right Foot,Normal,Open Play,False,False,False,3,6,118.6,43.7,107.3,47.9,Blocked,0.046685893
015c52d6-b1c1-45c2-b450-75238519b983,3869151,106,779,Argentina,5503,Lionel Andrés Messi Cuccittini,2,93,54,Regular Play,102.2,40.0,17.799999999999997,0.0,True,Left Foot,Normal,Open Play,False,False,False,5,7,118.5,39.9,103.5,39.9,Blocked,0.032042325
6c7be4e1-edc2-4255-951e-1b21ee426a72,3869151,106,779,Argentina,11456,Lautaro Javier Martínez,2,93,59,Regular Play,108.3,30.8,14.88388390172404,0.6663465958517638,False,Left Foot,Normal,Open Play,False,False,False,5,7,118.5,37.2,119.1,36.6,Saved,0.076142184
9fddcb1c-e704-48ad-a1e4-1bd6318e9cd0,3869151,106,779,Argentina,5503,Lionel Andrés Messi Cuccittini,2,94,0,Regular Play,106.4,37.0,13.926952286842942,0.21711131473490528,False,Left Foot,Half Volley,Open Play,True,False,False,4,7,118.5,37.6,120.0,53.8,Wayward,0.110446885
e0cbd7b9-8daf-45c3-8d36-967f5ff74080,3869151,106,792,Australia,227697,Garang Kuol,2,96,36,Regular Play,113.1,49.4,11.66061747936189,-0.9375864498705614,False,Right Foot,Normal,Open Play,False,False,False,3,8,115.7,46.2,115.7,46.4,Saved,0.23394231
318b1124-3eb5-4315-a2a7-754510010b58,3857257,106,792,Australia,33477,Riley McGree,1,2,29,From Throw In,94.6,46.6,26.243475379606267,-0.2542205441716836,False,Left Foot,Normal,Open Play,False,False,False,3,9,116.2,41.2,102.9,44.5,Blocked,0.038979717
752418ff-5b38-47af-8789-2bac6b37f2c0,3857257,106,776,Denmark,27569,Jesper Lindstrøm,1,10,0,From Goal Kick,110.1,43.9,10.640488710580925,-0.375270822855957,False,Right Foot,Normal,Open Play,True,False,False,5,9,116.8,42.1,111.1,43.6,Blocked,0.09599891
c25f3865-4473-42f0-b560-850327da9bb4,3857257,106,776,Denmark,18722,Mathias Jensen,1,10,52,From Goal Kick,112.7,56.3,17.860011198204774,-1.1497294807099867,False,Right Foot,Normal,Open Play,False,False,False,3,6,118.1,44.7,117.7,45.4,Saved,0.019605601
fb570e5f-0394-47f2-9c29-a58517851764,3857257,106,776,Denmark,17042,Andreas Skov Olsen,1,13,33,From Throw In,104.7,50.7,18.670297265978384,-0.610287175474851,False,Right Foot,Normal,Open Play,False,False,False,4,10,116.6,41.8,120.0,45.1,Off T,0.10059545
00b789c7-1a36-4662-a2f1-b472ccdf2ede,3857257,106,792,Australia,33477,Riley McGree,1,21,44,From Free Kick,101.3,59.0,26.65876966403364,-0.7933555551206569,False,Left Foot,Half Volley,Open Play,False,False,False,3,7,118.0,41.9,117.5,42.9,Saved,0.010740947
eb7fd912-361c-4595-88e5-9bef43366a49,3857257,106,776,Denmark,17042,Andreas Skov Olsen,1,24,7,From Throw In,109.6,50.5,14.778700890132397,-0.7901828158808064,False,Right Foot,Normal,Open Play,True,False,False,5,10,117.7,43.3,116.4,44.4,Saved,0.09373255
d754e83d-c506-416d-a19e-c4b51f01f771,3857257,106,776,Denmark,3043,Christian Dannemann Eriksen,1,28,36,Regular Play,102.9,25.6,22.355536227073593,0.6998928697192438,False,Right Foot,Normal,Open Play,False,False,False,5,8,118.0,39.2,120.0,33.5,Off T,0.035615563
2674ed36-ccdb-41a5-bb67-9af548cd9fcc,3857257,106,792,Australia,33492,Mitchell Thomas Duke,1,31,33,From Throw In,102.5,36.7,17.808424972467385,0.18638278922615603,False,Head,Normal,Open Play,False,False,False,6,10,118.8,40.3,118.4,41.7,Saved,0.037495814
1a45230e-3810-4d1d-ac49-c700f4de76ef,3857257,106,792,Australia,33492,Mitchell Thomas Duke,1,40,57,From Throw In,98.3,20.9,28.908476265621477,0.7217587253839679,False,Right Foot,Normal,Open Play,False,False,False,4,10,119.0,38.5,119.0,37.3,Saved,0.010397313
812b08bf-8adb-4c5c-9d28-0da5e8990fcd,3857257,106,792,Australia,5479,Aziz Eraltay Behich,2,46,10,From Corner,100.2,34.1,20.66034849657672,0.28960236915806736,False,Right Foot,Half Volley,Open Play,True,False,False,7,11,118.0,39.5,111.5,39.6,Blocked,0.049681988
0ae4e2c7-07a3-4dc5-986c-ef18f62e62ce,3857257,106,792,Australia,5490,Jackson Irvine,2,47,47,Regular Play,109.6,30.8,13.88524396616783,0.7242500007481468,False,Left Foot,Half Volley,Open Play,True,False,False,4,9,118.7,37.9,120.0,42.8,Off T,0.17342122
af7b07ad-4bd3-483e-b8fd-bcf7015bca7d,3857257,106,776,Denmark,17042,Andreas Skov Olsen,2,51,59,From Throw In,107.2,52.9,18.172781845386243,-0.7892891943440928,False,Left Foot,Normal,Open Play,False,False,False,5,10,116.8,43.3,108.6,51.2,Blocked,0.046983063
6c01e572-4150-44b0-9d2d-b98541158edf,3857257,106,792,Australia,5481,Mathew Leckie,2,59,56,From Counter,105.7,31.5,16.63550420035413,0.5362958123047035,False,Left Foot,Normal,Open Play,False,False,False,1,4,116.1,37.0,120.0,43.5,Goal,0.11353828
0e486fbf-7dd6-4973-9ea8-8e4f2f944670,3857257,106,776,Denmark,17042,Andreas Skov Olsen,2,68,4,From Throw In,103.1,49.3,19.289893727027117,-0.5030703287981322,True,Left Foot,Normal,Open Play,False,False,False,5,9,116.7,42.2,107.1,46.3,Blocked,0.070518844
ac8fae90-e8de-4d6b-9c0a-bc3548f6362c,3857257,106,776,Denmark,8247,Joachim Andersen,2,68,39,From Corner,113.9,52.3,13.729530217745976,-1.1104060352640965,True,Head,Normal,Open Play,False,True,False,7,11,118.3,43.2,120.0,47.1,Off T,0.020115681
68d27c8f-0ae6-4c1b-bce3-c9e2b529193d,3857257,106,776,Denmark,24547,Alexander Hartmann Bah,2,76,24,Regular Play,99.4,54.5,25.191466809219342,-0.6133275845358274,False,Right Foot,Half Volley,Open Play,True,False,False,4,9,117.2,42.0,101.1,53.5,Blocked,0.019515881
570e3c6c-0f7f-4e71-8648-5fccf82c2dfd,3857257,106,776,Denmark,6302,Kasper Dolberg,2,76,25,Regular Play,105.2,39.6,14.805404418657394,0.0270204491872647,False,Left Foot,Backheel,Open Play,True,False,False,4,9,117.0,40.6,116.8,38.4,Saved,0.049264465
8c1f20e1-e71e-4c91-a0a0-17c790d93a68,3857257,106,776,Denmark,27569,Jesper Lindstrøm,2,81,19,Regular Play,97.5,38.2,22.571885167172013,0.07982998571223719,False,Right Foot,Normal,Open Play,False,False,False,5,10,117.9,40.0,103.5,38.7,Blocked,0.048889678
102abc6a-3bd1-4414-a272-22ca02f46b69,3857257,106,792,Australia,33488,Keanu Baccus,2,84,55,From Counter,97.7,47.5,23.527430798963152,-0.32443871996452966,False,Right Foot,Normal,Open Play,False,False,False,1,8,117.1,41.6,100.3,46.8,Blocked,0.035468098
b0746354-fb11-4c00-916e-2ffe9303599d,3857257,106,776,Denmark,24547,Alexander Hartmann Bah,2,87,30,Regular Play,108.6,57.0,20.46851240320117,-0.980083702781398,False,Right Foot,Normal,Open Play,True,False,False,6,9,117.8,42.5,120.0,46.5,Off T,0.03670106
3a1509ee-760a-4695-8f34-4fc753ad490c,3857257,106,776,Denmark,6302,Kasper Dolberg,2,94,11,From Counter,117.6,33.5,6.928924880528005,1.217093180713774,False,Right Foot,Backheel,Open Play,True,False,False,4,10,118.5,35.9,118.4,35.2,Saved,0.08217044
be058790-7bca-4529-9f34-9c75a304f84c,3857257,106,776,Denmark,5732,Andreas Evald Cornelius,2,94,59,From Corner,116.6,51.6,12.088010589009263,-1.2856785916223001,False,Head,Normal,Open Play,False,False,False,9,11,118.6,43.0,120.0,41.0,Off T,0.017447446
e51adb42-5138-49bc-a974-06f3acd44e75,3857258,106,781,Brazil,4320,Neymar da Silva Santos Junior,1,12,53,From Corner,119.2,0.7,39.30814165029937,1.550442903712776,False,Right Foot,Normal,Corner,False,False,False,7,11,117.1,38.1,119.7,38.7,Saved,0.00018
092b9d73-6f23-477b-8896-81d04cff79a6,3857258,106,781,Brazil,4320,Neymar da Silva Santos Junior,1,20,6,Regular Play,91.6,29.2,30.384206423732714,0.36339313349523056,False,Right Foot,Normal,Open Play,False,False,False,7,10,115.6,39.5,104.9,34.5,Blocked,0.020173745
7546be82-8c03-46fd-ad21-e78f97a07c29,3857258,106,781,Brazil,5539,Carlos Henrique Casimiro,1,20,51,Regular Play,84.3,34.2,36.16807984950266,0.16105779114467558,False,Right Foot,Normal,Open Play,False,False,False,7,10,117.8,39.5,117.8,39.9,Saved,0.0075366697
ca5a4b92-e0fa-4c47-acc1-94fbe0c3ebb0,3857258,106,781,Brazil,10595,Raphael Dias Belloli,1,34,7,Regular Play,105.3,49.2,17.341568556506072,-0.5592105622112025,True,Left Foot,Half Volley,Open Play,False,False,False,6,10,117.8,41.9,117.7,41.9,Saved,0.119197816
7cc374f5-fc9a-489c-b979-570d30860a11,3857258,106,786,Serbia,7993,Filip Mladenović,1,36,12,Regular Play,113.6,28.9,12.812884140582874,1.0477780150574774,True,Head,Normal,Open Play,False,True,False,3,8,119.1,38.6,120.0,33.6,Off T,0.026318645
f367d83e-88ae-454c-bf87-ff854c6e880d,3857258,106,781,Brazil,18395,Vinícius José Paixão de Oliveira Júnior,1,40,38,Regular Play,113.2,27.0,14.671059948074644,1.0888580748372705,False,Right Foot,Half Volley,Open Play,False,False,False,3,4,115.0,31.4,120.0,34.3,Off T,0.09814694
28548766-29be-4f89-a4d2-58bf9870a804,3857258,106,781,Brazil,10595,Raphael Dias Belloli,2,45,35,Regular Play,105.9,47.3,15.877657257920635,-0.47773118482366633,False,Left Foot,Normal,Open Play,False,False,False,4,6,109.2,45.2,108.8,45.7,Saved,0.4224228
92a70706-793b-481f-abf9-ff009588364d,3857258,106,781,Brazil,4320,Neymar da Silva Santos Junior,2,49,57,From Free Kick,99.1,27.0,24.613207836444243,0.5564460025648926,False,Right Foot,Normal,Free Kick,False,False,False,8,11,117.7,39.9,107.6,32.5,Blocked,0.06281959
efebf998-5ec2-4fc9-938c-be4ce4ff60f2,3857258,106,781,Brazil,3295,Thiago Emiliano da Silva,2,50,21,From Corner,113.1,34.1,9.078546139112808,0.7074315295659055,False,Head,Normal,Open Play,False,False,False,6,11,118.1,40.2,113.7,34.7,Blocked,0.06673048
acf2f09c-043c-48bc-8e4d-d7ddc04b74ec,3857258,106,781,Brazil,3280,Richarlison de Andrade,2,50,23,From Corner,115.8,29.3,11.494781424629178,1.196751895278962,False,Right Foot,Half Volley,Open Play,False,False,False,6,11,118.5,35.5,116.6,31.1,Blocked,0.0399856
b0f71167-a2f9-4057-ba83-bc31b18835c2,3857258,106,781,Brazil,3063,Danilo Luiz da Silva,2,53,16,Regular Play,95.9,54.2,27.972307734614958,-0.5324490988519008,False,Right Foot,Volley,Open Play,True,False,False,7,10,118.0,42.3,108.0,39.9,Wayward,0.016877638
57c6b4b1-e427-4374-b93e-0af3b1a75a4c,3857258,106,781,Brazil,4320,Neymar da Silva Santos Junior,2,54,39,From Throw In,107.5,38.9,12.548306658669128,0.08777389232722049,False,Left Foot,Half Volley,Open Play,True,False,False,7,11,118.5,39.7,120.0,34.3,Off T,0.11246919
9cde5a33-b4a9-4bbe-8ea2-76d7ef1badfc,3857258,106,781,Brazil,6945,Alex Sandro Lobo Silva,2,59,25,From Free Kick,88.0,32.0,32.984845004941285,0.24497866312686414,False,Left Foot,Normal,Open Play,False,False,False,6,10,118.2,38.5,120.0,36.1,Post,0.021819543
3c39ef38-538e-4e10-af3d-768e0ed2dcd3,3857258,106,781,Brazil,18395,Vinícius José Paixão de Oliveira Júnior,2,59,36,From Free Kick,105.0,20.1,24.920072231034965,0.9248875179992218,False,Right Foot,Normal,Open Play,False,False,False,6,10,118.4,38.5,120.0,49.0,Off T,0.009459062
2fc45c11-a73c-4817-af40-463aab7436f6,3857258,106,781,Brazil,18395,Vinícius José Paixão de Oliveira Júnior,2,61,57,Regular Play,110.0,26.9,16.48059464946578,0.9188002767195014,False,Right Foot,Normal,Open Play,True,False,False,5,10,118.8,38.0,118.8,39.3,Saved,0.07986015
68934afc-100d-4812-b7fe-c67fda03630e,3857258,106,781,Brazil,3280,Richarlison de Andrade,2,61,58,Regular Play,114.5,41.8,5.787054518492114,-0.316286127912154,False,Right Foot,Volley,Open Play,True,False,False,5,10,118.1,38.0,120.0,41.7,Goal,0.568145
7447c2e1-59db-49fe-920f-5afc4391c39f,3857258,106,781,Brazil,18395,Vinícius José Paixão de Oliveira Júnior,2,66,46,Regular Play,109.1,28.2,16.063934760823706,0.8250249856513748,False,Left Foot,Normal,Open Play,False,False,False,3,6,116.9,36.5,120.0,29.1,Off T,0.14253756
f66d659d-5db3-4aea-9094-5002e7dbebb7,3857258,106,786,Serbia,27719,Strahinja Pavlović,2,68,34,From Corner,111.8,38.5,8.336066218546973,0.18092646075412153,True,Head,Normal,Open Play,False,True,False,6,10,119.3,39.2,120.0,42.7,Off T,0.098937765
688ff909-c4de-4082-8d84-0aa37c1105b4,3857258,106,786,Serbia,7145,Darko Lazović,2,69,54,From Corner,95.6,50.9,26.7239592875008,-0.4201240233426299,False,Right Foot,Half Volley,Open Play,True,False,False,7,11,118.1,41.7,120.0,48.9,Off T,0.018288644
f32f451c-8cf3-466b-ae81-a17f6111ab98,3857258,106,781,Brazil,3280,Richarlison de Andrade,2,72,54,From Throw In,107.1,39.6,12.906200060436076,0.030997819882234153,False,Right Foot,Volley,Open Play,False,False,False,4,9,118.4,39.5,120.0,37.0,Goal,0.07569885
ced60082-1f48-48d6-9398-4f1d05993843,3857258,106,781,Brazil,5539,Carlos Henrique Casimiro,2,76,48,Regular Play,86.3,31.2,34.83001579098121,0.2554239656855719,True,Right Foot,Normal,Open Play,True,False,False,6,9,118.2,38.7,87.2,31.4,Blocked,0.010592449
d3542794-660e-4d1f-a9ab-2e36aaf1b7a0,3857258,106,781,Brazil,5539,Carlos Henrique Casimiro,2,80,52,Regular Play,98.1,35.2,22.41985726984006,0.21576619640704212,False,Right Foot,Normal,Open Play,True,False,False,5,10,118.4,40.1,120.0,43.1,Post,0.06218912
4780ef6a-c5b0-4ed1-912e-829dd87523ad,3857258,106,781,Brazil,25104,Rodrygo Silva de Goes,2,81,32,Regular Play,98.8,27.3,24.712952069714376,0.5397255378559609,False,Right Foot,Normal,Open Play,True,False,False,6,9,117.5,38.4,117.4,40.1,Saved,0.03669105
e3a44182-23f4-4163-b36c-372a82466969,3857258,106,781,Brazil,9904,Frederico Rodrigues Santos,2,82,32,Regular Play,95.6,43.5,24.649746449000247,-0.14247077800650496,False,Left Foot,Normal,Open Play,False,False,False,4,5,113.9,40.4,113.3,39.4,Saved,0.088970646
43d2379a-8f8d-438a-9a6b-e6b71031b2de,3857258,106,786,Serbia,5603,Nikola Milenković,2,84,22,From Goal Kick,99.3,59.6,28.50701668010878,-0.7581096536349127,False,Right Foot,Normal,Open Play,False,False,False,6,8,117.2,41.3,106.1,53.2,Blocked,0.011090157
a80ce031-0884-4242-b6f4-6a98d6986ddb,3857258,106,781,Brazil,25104,Rodrygo Silva de Goes,2,86,7,Regular Play,101.5,30.6,20.751144546747295,0.47011303615195965,False,Right Foot,Normal,Open Play,False,False,False,5,11,118.3,39.0,120.0,43.2,Off T,0.051727816
923a721a-ae1a-44c7-8971-547e071e8948,3857258,106,781,Brazil,25363,Antony Matheus dos Santos,2,87,49,Regular Play,99.4,59.1,28.092169727523714,-0.7476327523382418,False,Left Foot,Normal,Open Play,False,False,False,6,10,118.9,40.2,120.0,35.7,Off T,0.009657804
6cc62a4d-3b8e-4ede-aea2-39ba41fa58e0,3857258,106,786,Serbia,5833,Nemanja Radonjić,2,97,3,From Free Kick,93.8,21.5,32.073197533142846,0.6148127871023448,True,Right Foot,Normal,Open Play,False,False,False,7,11,116.5,39.9,99.7,25.5,Blocked,0.008691933
80c4d7fe-0116-4a32-8bd1-d0a5b25c92f5,3857288,106,792,Australia,28370,Fran Karačić,1,5,35,From Free Kick,90.9,41.2,29.124731758421394,-0.04121376265832031,True,Right Foot,Volley,Open Play,True,False,False,7,11,118.7,39.3,91.8,41.1,Blocked,0.015131147
a6e6ba63-713b-4818-877b-c68c596a4828,3857288,106,777,Tunisia,9236,Mohamed Dräger,1,20,20,From Throw In,92.0,42.5,28.111385593741193,-0.08904958263449779,False,Right Foot,Normal,Open Play,False,False,False,6,10,117.4,40.0,120.0,40.4,Off T,0.029703999
9acf82e6-81b3-4f91-968f-024463cca298,3857288,106,792,Australia,33492,Mitchell Thomas Duke,1,22,50,From Throw In,110.1,32.5,12.420144926690675,0.6483319890872604,False,Head,Normal,Open Play,False,False,False,4,8,117.8,37.9,120.0,43.6,Goal,0.04459479
3c840fe1-f196-4050-80bc-a8a6ff2ba02a,3857288,106,792,Australia,33492,Mitchell Thomas Duke,1,26,6,From Free Kick,110.7,34.3,10.907795377618704,0.5498531826765853,False,Head,Normal,Open Play,False,False,False,6,11,119.5,39.8,111.4,34.8,Blocked,0.03948435
5dcb4d82-7944-4872-83f3-6b274d8f26b2,3857288,106,792,Australia,5490,Jackson Irvine,1,33,45,From Corner,114.3,48.2,9.98649087517733,-0.9633517288072486,False,Right Foot,Backheel,Open Play,True,False,False,6,11,119.2,41.3,120.0,47.2,Off T,0.07543106
160eb8c3-7fbc-41db-809f-0b9071f10c68,3857288,106,777,Tunisia,23910,Youssef Msakni,1,37,17,From Counter,102.8,54.8,22.690967365892536,-0.7105383156866812,False,Right Foot,Normal,Open Play,False,False,False,3,7,116.7,42.9,105.9,52.9,Blocked,0.031703874
aae18f45-f89b-49c9-a2a0-142b802d5c59,3857288,106,777,Tunisia,9236,Mohamed Dräger,1,40,6,From Throw In,109.2,48.4,13.682105101189652,-0.6610431688506869,False,Right Foot,Normal,Open Play,True,False,False,4,7,115.9,42.9,114.8,44.3,Blocked,0.21984866
49130d77-3496-41b2-b5c0-855d3f197d7d,3857288,106,792,Australia,33492,Mitchell Thomas Duke,1,43,4,From Free Kick,104.9,40.6,15.111915828246259,-0.039714206833239,True,Head,Normal,Open Play,False,True,False,6,10,117.7,39.3,117.2,39.4,Saved,0.040856346
1146ccdf-7a18-4edb-af66-dc85645a90c2,3857288,106,792,Australia,28370,Fran Karačić,1,43,38,Regular Play,106.4,54.9,20.173497465734588,-0.8309806024547975,False,Left Foot,Half Volley,Open Play,True,False,False,6,9,116.0,44.7,109.0,51.9,Blocked,0.035070673
39ed37fb-f84e-4837-a487-eca044e01163,3857288,106,792,Australia,28370,Fran Karačić,1,45,44,From Corner,87.2,52.2,34.9954282728473,-0.35609509137088524,False,Right Foot,Volley,Open Play,True,False,False,8,11,118.5,41.4,120.0,18.8,Wayward,0.0052714557
c1a70365-5ed5-497e-b133-f287066126a1,3857288,106,777,Tunisia,23910,Youssef Msakni,1,47,16,From Throw In,111.0,45.5,10.547511554864494,-0.5485494024505281,False,Right Foot,Normal,Open Play,True,False,False,5,8,117.4,42.7,120.0,45.2,Off T,0.23484555
8aa0fcc9-cdaa-47ab-b593-ec0343ad1843,3857288,106,792,Australia,33492,Mitchell Thomas Duke,2,56,17,From Throw In,107.3,39.8,12.701574705523724,0.015746729849869044,False,Head,Normal,Open Play,False,False,False,2,7,117.5,39.5,115.1,1.2,Wayward,0.06400663
bafebc5f-4ae9-4de7-8d7a-35d51be103ab,3857288,106,777,Tunisia,5650,Ferjani Sassi,2,60,25,From Throw In,91.2,52.7,31.47586376892618,-0.4153211119295622,False,Right Foot,Normal,Open Play,False,False,False,6,10,117.2,41.1,120.0,47.8,Off T,0.020219443
14545118-82f0-4b64-b0a1-c0e1e51154f0,3857288,106,777,Tunisia,23910,Youssef Msakni,2,65,18,Regular Play,101.8,31.8,19.961963831246667,0.4233107557037198,False,Right Foot,Normal,Open Play,True,False,False,4,9,116.6,38.3,105.8,34.1,Blocked,0.058604978
ad2caade-93ae-4fc8-bc21-a1142c2107d7,3857288,106,777,Tunisia,23910,Youssef Msakni,2,71,22,Regular Play,108.1,25.0,19.147062437878038,0.9001336653864703,False,Left Foot,Normal,Open Play,True,False,False,7,10,116.5,36.6,117.5,36.2,Saved,0.026706748
d730c8b5-b5cc-4c4e-abc5-01e19adf9c13,3857288,106,777,Tunisia,23910,Youssef Msakni,2,71,50,Regular Play,95.6,42.2,24.498979570586208,-0.08992078903525275,False,Right Foot,Normal,Open Play,False,False,False,6,10,116.8,40.0,116.7,41.3,Saved,0.048467197
0eda6921-f9f9-4022-a826-2580bc49d877,3857288,106,792,Australia,3281,Aaron Mooy,2,73,15,From Throw In,95.6,44.1,24.742069436488134,-0.16647758028683812,False,Right Foot,Half Volley,Open Play,True,False,False,5,10,117.9,40.2,120.0,43.7,Off T,0.039191317
14f00f94-3634-430d-8ed2-e689083efd28,3857288,106,777,Tunisia,23910,Youssef Msakni,2,74,6,From Throw In,110.1,38.0,10.100000000000005,0.19933730498232394,True,Head,Normal,Open Play,False,True,False,6,9,118.2,40.6,120.0,35.2,Off T,0.10262261
61cf7eac-d6b7-4e16-a12b-bb40a6b3d717,3857288,106,777,Tunisia,32450,Montassar Omar Talbi,2,83,13,From Throw In,89.6,34.9,30.82482765564149,0.1662153436767506,False,Right Foot,Volley,Open Play,True,False,False,8,11,118.4,40.0,118.2,40.0,Saved,0.012159805
55360232-7d1d-45da-a838-f0804c83a6c3,3857288,106,777,Tunisia,128793,Taha Yassine Khenissi,2,85,32,From Counter,98.4,54.6,26.071440313108898,-0.5943854955870965,False,Right Foot,Normal,Open Play,False,False,False,0,6,117.0,42.9,99.2,54.1,Blocked,0.012915949
48b1fc83-3650-48c6-9961-d637e88cb905,3857288,106,777,Tunisia,3557,Naïm Sliti,2,86,36,Regular Play,109.8,47.4,12.601587201618694,-0.6276294258014942,False,Left Foot,Normal,Open Play,False,False,False,4,9,116.3,43.8,111.5,45.5,Blocked,0.1403044
d7978250-dde0-4c0e-8d55-da044c7b4620,3857288,106,777,Tunisia,3196,Wahbi Khazri,2,87,48,Regular Play,109.9,49.4,13.797463535012508,-0.7495161350442912,False,Left Foot,Normal,Open Play,True,False,False,4,9,116.7,43.8,116.7,43.7,Saved,0.09264534
432729bb-2800-41e7-a98a-89662baf21c1,3857288,106,777,Tunisia,3196,Wahbi Khazri,2,91,46,Regular Play,108.4,24.1,19.68171740473884,0.9405058315549889,False,Right Foot,Normal,Open Play,False,False,False,7,11,118.4,36.7,109.2,25.2,Blocked,0.021421792
d61a5bc5-cdf0-47a7-ad8b-1453b3315a82,3857267,106,787,Senegal,3436,Idrissa Gana Gueye,1,2,43,From Goal Kick,106.9,45.7,14.286357128393504,-0.41040643626408,False,Right Foot,Normal,Open Play,False,False,False,4,6,114.7,42.9,120.0,45.0,Off T,0.21271749
26b97ae4-3213-4621-9403-327bd8d869db,3857267,106,787,Senegal,20611,Boulaye Dia,1,7,47,From Free Kick,109.3,51.9,16.00312469488381,-0.8384456931589193,False,Right Foot,Normal,Open Play,True,False,False,4,7,114.8,46.0,120.0,33.3,Off T,0.16839646
48487024-2b14-4521-a46b-508418babbad,3857267,106,3565,Ecuador,28559,Enner Remberto Valencia Lastra,1,9,51,From Free Kick,86.9,40.9,33.11223338888514,-0.027183634564406315,False,Right Foot,Normal,Free Kick,False,False,False,8,11,118.3,39.5,104.7,40.3,Blocked,0.021615954
9f9cc1fe-f26f-416d-a2bc-c965c1b2aed0,3857267,106,3565,Ecuador,28559,Enner Remberto Valencia Lastra,1,9,58,From Free Kick,95.9,37.7,24.20950226667206,0.09514751601325153,False,Right Foot,Half Volley,Open Play,True,False,False,7,11,118.6,39.9,106.4,39.9,Blocked,0.02803523
e3788f0f-b869-4e30-b752-70b1062457ba,3857267,106,787,Senegal,2941,Ismaïla Sarr,1,10,52,From Corner,99.2,40.2,20.800961516237653,-0.009615088299702652,False,Right Foot,Half Volley,Open Play,False,False,False,8,11,117.3,40.2,104.2,40.6,Blocked,0.042373266
9c6d9302-1de8-4a97-ac5c-52153023503d,3857267,106,787,Senegal,80484,Iliman Ndiaye,1,11,53,From Corner,99.7,52.9,24.052026941611384,-0.5660914625079305,False,Left Foot,Normal,Open Play,False,False,False,6,9,117.3,41.5,120.0,33.7,Off T,0.02889044
c319aceb-f6cd-40e3-8431-557a2619a822,3857267,106,787,Senegal,2941,Ismaïla Sarr,1,23,37,Regular Play,104.1,25.5,21.51882896442091,0.7393780472815936,False,Right Foot,Normal,Open Play,False,False,False,5,8,116.1,36.9,104.8,26.2,Blocked,0.023828069
04b3da1e-5e65-4060-8945-664a3fe004ee,3857267,106,787,Senegal,21026,Pape Gueye,1,24,20,From Corner,93.0,36.3,27.252339349127443,0.13618876164991245,False,Left Foot,Normal,Open Play,False,False,False,7,11,117.3,39.4,105.8,39.5,Blocked,0.025696881
d68c0771-3315-4ef2-8c10-82157b6eeb7e,3857267,106,787,Senegal,8553,Abdou Diallo,1,24,27,From Corner,107.9,41.9,12.248265183282074,-0.1557529807512923,False,Head,Normal,Open Play,False,False,False,7,10,117.3,39.9,118.5,44.7,Wayward,0.035411544
5f66b1e6-4264-46d4-bf52-ec9e834b12c6,3857267,106,787,Senegal,31751,Pathé Ismaël Ciss,1,36,31,From Free Kick,108.1,33.6,13.511846653955192,0.4934401158287296,False,Head,Normal,Open Play,False,False,False,6,11,119.0,39.1,120.0,41.1,Off T,0.03057826
e800e0bb-7fe2-4b0b-a284-d79772a9e828,3857267,106,787,Senegal,2941,Ismaïla Sarr,1,43,41,Other,108.0,40.0,12.0,0.0,False,Right Foot,Normal,Penalty,False,False,False,0,0,,,120.0,43.4,Goal,0.7835
8c2f9c1f-2c84-4d2d-9794-9b87829ede8a,3857267,106,787,Senegal,80484,Iliman Ndiaye,1,46,31,Regular Play,107.3,46.7,14.358969322343443,-0.4854510069005067,False,Left Foot,Half Volley,Open Play,False,False,False,4,8,117.0,41.7,108.0,46.2,Blocked,0.04522632
f357068e-101e-47d5-9cab-b46abeab6fd2,3857267,106,3565,Ecuador,36148,José Adoni Cifuentes Charcopa,2,48,26,From Throw In,93.8,51.3,28.532963393240458,-0.40719274863020555,False,Right Foot,Normal,Open Play,False,False,False,6,11,118.2,41.7,117.7,42.5,Saved,0.025271386
5783c86d-02e9-4d3c-89e8-0b1ea00d2aca,3857267,106,3565,Ecuador,34396,Michael Steveen Estrada Martínez,2,56,59,Regular Play,106.7,38.8,13.354025610279468,0.0899819212029234,False,Head,Normal,Open Play,False,False,False,5,10,118.2,39.2,120.0,31.1,Off T,0.042533338
d7dc9e6e-e833-4bca-abe0-16efd35baa2d,3857267,106,3565,Ecuador,30111,Felix Eduardo Torres Caicedo,2,66,57,From Corner,113.7,42.7,6.854195795277516,-0.404891786285084,False,Head,Normal,Open Play,False,False,False,5,11,119.0,40.2,117.0,36.2,Wayward,0.15397952
fe08733c-664e-444f-9053-4753f4d98076,3857267,106,3565,Ecuador,37726,Moisés Isaac Caicedo Corozo,2,66,58,From Corner,117.2,35.6,5.215361924162116,1.0040671092713906,False,Right Foot,Volley,Open Play,True,False,True,5,11,119.5,40.1,120.0,36.9,Goal,0.5894187
7f414cf8-690c-4ce8-bdb4-7de35ddbd88b,3857267,106,787,Senegal,5675,Kalidou Koulibaly,2,69,30,From Free Kick,114.3,46.0,8.275868534480235,-0.8110335719191255,False,Right Foot,Volley,Open Play,True,False,False,5,9,118.6,41.6,120.0,38.2,Goal,0.23427999
4791bb90-e837-4f48-90e2-efede0479473,3857267,106,3565,Ecuador,31152,Gonzalo Jordy Plata Jiménez,2,75,48,From Throw In,107.0,42.8,13.29812016790343,-0.2121437530044754,False,Left Foot,Half Volley,Open Play,False,False,False,5,9,118.3,40.3,117.9,40.6,Saved,0.058988493
2bf8682f-e1ab-414c-8bc1-6980dc46c81c,3857267,106,787,Senegal,20611,Boulaye Dia,2,81,53,From Throw In,101.3,54.6,23.724459951703857,-0.6628915955810121,False,Right Foot,Normal,Open Play,True,False,False,6,9,117.2,42.9,120.0,45.1,Off T,0.04455093
5bfc0320-add5-41f5-8498-58bdb69b0879,3857267,106,787,Senegal,21026,Pape Gueye,2,87,46,From Free Kick,102.6,54.8,22.842942017174586,-0.7048276199336496,False,Right Foot,Normal,Open Play,False,False,False,5,9,116.2,43.5,116.1,44.0,Saved,0.03201506
2e8b83d3-8d70-4882-b24e-efe516fa2d28,3857267,106,3565,Ecuador,40211,Jeremy Leonel Sarmiento Morante,2,88,59,From Throw In,105.3,32.1,16.688319268278637,0.4931296807861497,False,Head,Normal,Open Play,False,False,False,4,10,117.5,38.6,117.3,40.5,Saved,0.02928531
965bcc85-5bae-4710-8ca7-9203417c49df,3857267,106,3565,Ecuador,51969,Jackson Gabriel Porozo Vernaza,2,93,53,From Throw In,105.9,34.3,15.208550226763887,0.38416936439259985,False,Head,Normal,Open Play,False,False,False,7,11,117.6,38.9,120.0,51.5,Off T,0.052534856
5628fb42-180e-4756-8655-b0bffc7ba8f0,3857287,106,783,Uruguay,5255,Matías Vecino Falero,1,12,38,From Throw In,109.5,28.6,15.498709623707386,0.8264709419879023,False,Head,Normal,Open Play,False,False,False,4,8,117.4,36.7,117.3,36.7,Saved,0.052239094
9a92c82b-99ac-46b4-be65-45a79d4650ed,3857287,106,783,Uruguay,6773,Federico Santiago Valverde Dipetta,1,18,45,From Goal Kick,103.9,35.4,16.744252745345186,0.2782996590051115,True,Left Foot,Half Volley,Open Play,False,False,False,4,8,117.9,39.5,120.0,43.8,Off T,0.05187739
ded873ac-89f3-4ae4-9b4f-96f0ce726233,3857287,106,791,South Korea,29966,Ui-Jo Hwang,1,33,36,From Throw In,108.9,42.7,11.423659658795858,-0.23860932250820133,False,Right Foot,Normal,Open Play,True,False,False,7,10,118.5,40.9,120.0,38.2,Off T,0.323128
57bb672a-cc1c-485e-9daf-ec52fd44a58a,3857287,106,791,South Korea,23763,In-Beom Hwang,1,38,40,From Throw In,89.7,57.6,35.04069063246328,-0.526225641987218,False,Right Foot,Normal,Open Play,False,False,False,5,9,118.3,40.4,120.0,36.5,Off T,0.007071261
5d9a7dee-a394-45bd-a788-6791bcb46e98,3857287,106,783,Uruguay,5249,Diego Roberto Godín Leal,1,42,50,From Corner,110.0,40.4,10.007996802557443,-0.0399786871232899,True,Head,Normal,Open Play,False,True,False,7,11,119.1,40.0,120.0,36.0,Post,0.054689027
5a203b40-fbdc-43d6-aaaf-39d78a9a2626,3857287,106,783,Uruguay,5259,José María Giménez de Vargas,1,45,10,From Free Kick,103.5,35.9,17.00176461429813,0.24355213057098948,False,Head,Normal,Open Play,False,False,False,7,10,118.7,38.9,120.0,50.1,Off T,0.046385217
b1309c1c-2272-43ac-a0a6-c9f358d70c18,3857287,106,791,South Korea,43565,Min Jae Kim,2,52,7,From Corner,111.5,46.1,10.462313319720453,-0.6224717045470757,False,Other,Normal,Open Play,False,False,False,7,11,118.5,41.2,116.9,38.6,Wayward,0.046898182
f9af0c77-987d-4a7e-9e86-a8474d6cc36a,3857287,106,783,Uruguay,5260,Rodrigo Bentancur Colmán,2,54,21,From Free Kick,101.3,38.3,18.777113729218346,0.09065988720074525,False,Right Foot,Normal,Open Play,False,False,False,7,11,118.7,40.5,103.9,38.5,Blocked,0.052523207
9d6785c3-3d7a-4124-83c6-700dcd524042,3857287,106,783,Uruguay,6773,Federico Santiago Valverde Dipetta,2,68,9,Regular Play,90.5,27.4,32.078185734233784,0.4036637885396797,False,Right Foot,Half Volley,Open Play,True,False,False,7,10,118.3,40.2,109.0,78.9,Wayward,0.014167523
637d7f05-74eb-4c8d-8217-53a8f5495e80,3857287,106,783,Uruguay,4319,Edinson Roberto Cavani Gómez,2,68,37,From Throw In,106.6,47.5,15.356106277308715,-0.510261049193416,False,Right Foot,Normal,Open Play,False,False,False,5,10,118.4,41.6,107.6,47.0,Blocked,0.03804607
108530c5-bc45-44f6-a676-961004913a8c,3857287,106,791,South Korea,22740,Kang-In Lee,2,74,42,From Goal Kick,94.5,54.2,29.187154708878357,-0.5080968401671542,False,Left Foot,Normal,Open Play,False,False,False,5,9,118.4,40.1,95.6,53.5,Blocked,0.023162797
70853b88-685a-4922-98d8-b3ba00afab40,3857287,106,791,South Korea,40542,Gue-Sung Cho,2,76,51,From Throw In,93.4,42.0,26.675082005497185,-0.07504676359644055,False,Left Foot,Half Volley,Open Play,False,False,False,3,8,116.5,41.6,120.0,46.6,Off T,0.036145955
35c7d57e-4ece-4607-acd1-6fc535aca1e8,3857287,106,783,Uruguay,32478,Darwin Gabriel Núñez Ribeiro,2,80,43,Regular Play,100.6,28.3,22.655021518418387,0.5426905031793986,False,Right Foot,Normal,Open Play,False,False,False,4,9,118.3,38.3,120.0,46.3,Off T,0.028178101
52fadd3f-9f6a-4697-a1e2-4c86fb7c27c4,3857287,106,783,Uruguay,4319,Edinson Roberto Cavani Gómez,2,86,56,Regular Play,110.5,39.7,9.504735661763561,0.03156845648777777,False,Head,Normal,Open Play,False,False,False,6,9,119.0,39.6,120.0,33.7,Off T,0.06689449
b43973c6-dec2-486a-97e0-d932042e7295,3857287,106,783,Uruguay,6773,Federico Santiago Valverde Dipetta,2,88,58,Regular Play,95.7,22.6,29.887288267756908,0.6214163465967601,False,Right Foot,Normal,Open Play,False,False,False,5,10,118.2,40.0,119.9,36.1,Post,0.012294213
c2770548-8c9d-474a-8cd7-6114ce4f76e1,3857287,106,791,South Korea,3083,Heung-Min Son,2,89,54,From Goal Kick,93.8,36.6,26.419689627245816,0.12904979573425654,False,Left Foot,Normal,Open Play,False,False,False,3,8,118.3,39.8,120.0,46.1,Off T,0.0335565
0ada1c14-4a75-4b1b-98b2-bd91c1f22dbd,3857287,106,791,South Korea,23763,In-Beom Hwang,2,93,6,From Throw In,94.9,26.7,28.40598528479517,0.48726526400575676,False,Left Foot,Normal,Open Play,False,False,False,4,8,117.3,38.8,120.0,31.4,Off T,0.023029828
dd62c1c2-00a9-4b33-a516-6094ca80e218,3869486,106,780,Portugal,12041,João Félix Sequeira,1,3,59,From Free Kick,106.8,44.2,13.852075656738238,-0.30805278102377653,False,Head,Diving Header,Open Play,False,False,False,5,9,116.4,41.1,118.1,42.9,Saved,0.0989785
9f344f5d-4d72-4cf2-8eac-ed7c83a87f65,3869486,106,788,Morocco,6301,Youssef En-Nesyri,1,5,56,From Corner,112.7,39.4,7.324616030891992,0.08200744552618583,False,Head,Normal,Open Play,False,False,False,7,11,118.8,40.1,120.0,38.1,Off T,0.117904566
acc5950a-c4d0-4ca7-8f0d-61a7de6ac0e8,3869486,106,780,Portugal,5209,Raphaël Adelino José Guerreiro,1,12,26,From Free Kick,105.6,23.6,21.824756585125986,0.8502421909506548,False,Left Foot,Volley,Open Play,True,False,False,6,9,118.5,37.4,114.0,34.9,Blocked,0.019215545
9cf778f8-eb3d-4bc5-ab35-0f3a147db977,3869486,106,788,Morocco,5237,Hakim Ziyech,1,17,49,Regular Play,96.1,60.9,31.749330701606926,-0.7185337033339988,False,Left Foot,Normal,Open Play,False,False,False,5,9,116.8,42.7,120.0,47.8,Off T,0.008206696
9e674fd1-9541-42e1-921f-a8ccbed1d7c6,3869486,106,788,Morocco,6301,Youssef En-Nesyri,1,25,21,From Free Kick,106.7,39.8,13.301503674397114,0.015036460658861604,False,Head,Normal,Open Play,False,False,False,6,11,116.5,40.4,120.0,48.7,Off T,0.043849364
646d8725-6259-4863-92b3-0ea602d4bdd4,3869486,106,780,Portugal,12041,João Félix Sequeira,1,30,9,Regular Play,100.9,27.7,22.717834403833475,0.5721309205557776,False,Right Foot,Half Volley,Open Play,False,False,False,6,11,117.7,37.9,104.5,29.9,Blocked,0.027014187
971e3e9c-a536-4987-be86-fed114271c3e,3869486,106,788,Morocco,23774,Selim Amallah,1,34,2,Regular Play,108.7,31.3,14.261135999632005,0.6561231593493053,False,Left Foot,Half Volley,Open Play,True,False,False,6,10,118.7,36.3,120.0,37.0,Off T,0.06053267
9000f0f2-73ed-4a71-917d-2d525af7ba80,3869486,106,788,Morocco,3625,Sofiane Boufal,1,34,56,Regular Play,97.0,27.8,26.03536056980967,0.48769795368614743,False,Right Foot,Normal,Open Play,False,False,False,6,11,118.2,38.2,117.3,38.6,Saved,0.03503226
60fd64f6-2fc4-4e42-8df5-c9e199fa7690,3869486,106,780,Portugal,12041,João Félix Sequeira,1,38,46,From Free Kick,102.2,35.4,18.384776310850235,0.2528940650955977,False,Right Foot,Half Volley,Open Play,True,False,False,6,11,117.9,39.4,120.0,36.8,Off T,0.060545366
b5cf82d9-5c1a-49ac-af0d-2fada2d6f0e5,3869486,106,788,Morocco,6301,Youssef En-Nesyri,1,41,36,From Free Kick,112.6,39.7,7.406078584514216,0.04051835247834652,True,Head,Normal,Open Play,False,True,False,5,8,113.9,40.3,120.0,42.7,Goal,0.20030825
7c951da3-8d74-432e-8fd4-2a6807a7ff24,3869486,106,780,Portugal,5204,Bruno Miguel Borges Fernandes,1,44,23,From Throw In,108.0,62.3,25.323704310388713,-1.0771224090590963,False,Right Foot,Half Volley,Open Play,True,False,False,5,8,117.9,43.0,120.0,39.1,Post,0.0067060287
1b7f0b8c-83a1-4f81-a6d2-469a14a2beda,3869486,106,788,Morocco,31295,Yahia Attiyat allah,1,46,58,From Counter,107.6,26.3,18.478365728602736,0.8351654641475147,False,Left Foot,Normal,Open Play,True,False,False,3,6,118.4,36.9,120.0,35.0,Off T,0.082217455
3b8ce4f0-d61d-4dda-9c67-8c240bdbbc47,3869486,106,788,Morocco,46258,Azzedine Ounahi,2,55,0,Regular Play,93.4,44.2,26.929537686339877,-0.1566018769820155,False,Right Foot,Normal,Open Play,True,False,False,4,8,117.1,41.4,120.0,48.3,Off T,0.032880384
4d09313e-118e-459a-9ee8-01dc7a56f08f,3869486,106,780,Portugal,38803,Gonçalo Matias Ramos,2,57,28,From Goal Kick,108.7,40.0,11.299999999999997,0.0,False,Head,Normal,Open Play,False,False,False,6,11,118.2,40.7,120.0,46.8,Off T,0.10594022
13d33a38-98fb-4bd9-8a7f-c77928e25cba,3869486,106,780,Portugal,12041,João Félix Sequeira,2,60,14,Regular Play,109.7,29.4,14.780054127099804,0.7997512446712692,True,Head,Normal,Open Play,False,True,False,6,11,117.5,37.5,110.4,29.7,Blocked,0.026895314
8fd3af63-509c-463b-88d2-fa1c6eabb793,3869486,106,780,Portugal,5204,Bruno Miguel Borges Fernandes,2,63,4,From Throw In,101.0,35.5,19.525624189766635,0.23255694180490905,True,Right Foot,Normal,Open Play,False,False,False,6,9,115.7,37.8,120.0,37.5,Off T,0.057325892
66863928-254c-403c-8dc7-ffbd0b98fce5,3869486,106,780,Portugal,3193,Bernardo Mota Veiga de Carvalho e Silva,2,70,44,From Free Kick,109.8,35.9,10.993179703798173,0.38219556469493515,False,Right Foot,Normal,Open Play,True,False,False,8,11,119.1,38.8,114.5,55.7,Wayward,0.10927713
d3101e93-d011-401a-af9c-5a1c560c72ec,3869486,106,780,Portugal,12041,João Félix Sequeira,2,81,59,Regular Play,102.0,57.1,24.8276056034407,-0.7597627548757708,False,Left Foot,Normal,Open Play,True,False,False,5,11,118.2,42.5,117.4,40.8,Saved,0.025960794
d4278a80-ee3d-4ef1-9255-cf9dc4ce1580,3869486,106,780,Portugal,5207,Cristiano Ronaldo dos Santos Aveiro,2,90,24,From Free Kick,101.8,53.7,22.780035118497956,-0.6452570332397162,True,Right Foot,Normal,Open Play,True,False,False,1,7,113.5,45.0,113.4,46.4,Saved,0.05699573
69bc4e3c-2854-42c1-89ba-e159f7515567,3869486,106,788,Morocco,21736,Zakaria Aboukhlal,2,95,20,Regular Play,101.1,45.9,19.799494943053478,-0.30258357281313325,False,Right Foot,Lob,Open Play,False,False,False,0,3,105.9,44.3,106.0,44.3,Saved,0.39109123
d7d80857-d613-45c5-8c49-59d19af73f1d,3869486,106,780,Portugal,20016,Kléper Laveran Lima Ferreira,2,96,40,From Throw In,114.1,44.5,7.420242583635663,-0.6515871859228571,True,Head,Normal,Open Play,False,True,False,7,10,118.3,40.7,120.0,45.2,Off T,0.14926605
616b0bce-d5cc-4417-98c4-b831cfbe9a4d,3857260,106,794,Mexico,28825,Luis Gerardo Chávez Magallón,1,1,9,From Throw In,91.7,51.5,30.54734030975528,-0.3859774471439752,False,Left Foot,Normal,Open Play,True,False,False,7,10,118.0,41.0,120.0,46.6,Off T,0.021919996
9dd15d0d-0ff7-4b3a-a352-dbfc2bd33ced,3857260,106,799,Saudi Arabia,51469,Saleh Khalid Al Shehri,1,2,8,From Throw In,92.9,41.7,27.15326867984773,-0.06264853661723212,False,Left Foot,Volley,Open Play,False,False,False,5,8,117.0,40.7,117.0,41.5,Saved,0.02182735
51808f65-639f-4dbd-bd51-3b8dde23358a,3857260,106,794,Mexico,26301,Ernesto Alexis Vega Rojas,1,2,37,From Keeper,101.6,38.9,18.432851108821993,0.05971154080638948,False,Right Foot,Normal,Open Play,True,False,False,4,8,105.8,39.3,105.0,39.5,Saved,0.3665275
03393099-8769-4c00-a967-28016d84004c,3857260,106,799,Saudi Arabia,5713,Mohammed Kanoo,1,7,41,From Goal Kick,113.0,54.1,15.7419820861288,-1.1099896192422674,False,Right Foot,Half Volley,Open Play,False,False,False,4,7,118.1,44.1,120.0,36.8,Off T,0.047937077
7486f25f-0e69-48b8-b2db-b2dc4b1d4e4f,3857260,106,799,Saudi Arabia,5713,Mohammed Kanoo,1,12,58,From Free Kick,96.3,33.5,24.575190741884388,0.2676795999299396,False,Right Foot,Normal,Free Kick,False,False,False,6,11,118.8,41.0,120.0,37.0,Off T,0.073429175
095adc8d-612d-445a-9a9a-33100ece166c,3857260,106,794,Mexico,28825,Luis Gerardo Chávez Magallón,1,22,21,Regular Play,92.7,40.4,27.30293024567143,-0.014650966281393327,False,Left Foot,Volley,Open Play,True,False,False,7,10,118.9,39.2,118.5,39.2,Saved,0.01981399
22eb252a-6f77-44e7-bfc6-c588e4d70047,3857260,106,794,Mexico,26280,Orbelín Pineda Alvarado,1,24,27,From Free Kick,104.0,44.6,16.648123017325407,-0.27994982252379125,False,Right Foot,Normal,Open Play,True,False,False,6,8,118.8,41.9,118.6,38.8,Saved,0.0489465
ab1e8f1e-1ba7-43b8-9ec8-d4cef015196f,3857260,106,794,Mexico,26280,Orbelín Pineda Alvarado,1,26,25,Regular Play,115.8,34.5,6.9202601107183845,0.9186249150378264,False,Head,Diving Header,Open Play,False,False,False,6,10,117.9,39.5,116.0,35.9,Wayward,0.30787364
1ff25ece-af3b-4ddc-9f6a-2dfa451f2457,3857260,106,794,Mexico,28825,Luis Gerardo Chávez Magallón,1,34,17,From Free Kick,89.6,28.9,32.36309626719916,0.350090960578677,False,Left Foot,Normal,Open Play,False,False,False,8,11,117.9,39.1,93.2,30.6,Blocked,0.016814427
c9efc2ae-9415-4450-b2f9-8d2129cfbbfb,3857260,106,794,Mexico,5576,Jesús Daniel Gallardo Vasconcelos,1,35,8,From Corner,106.8,43.3,13.606248564538282,-0.2449786631268639,False,Right Foot,Half Volley,Open Play,True,False,False,8,11,119.1,41.1,120.0,48.2,Off T,0.06430086
130647bc-a86f-4957-8a47-b1bed49ccc23,3857260,106,794,Mexico,28825,Luis Gerardo Chávez Magallón,1,40,28,From Free Kick,84.6,49.2,36.5759483814159,-0.25426221604731064,False,Left Foot,Normal,Free Kick,False,False,False,9,11,117.7,40.3,102.0,44.6,Blocked,0.0066389865
ba1c3a07-2b3e-4cc0-8855-35916883577f,3857260,106,794,Mexico,26280,Orbelín Pineda Alvarado,1,40,39,From Free Kick,102.0,45.2,18.73606148580859,-0.2812322019182954,False,Left Foot,Normal,Open Play,False,False,False,7,11,119.3,41.6,105.7,44.0,Blocked,0.062194254
5d1252dc-6973-4d50-92d7-96e24270ba67,3857260,106,794,Mexico,26301,Ernesto Alexis Vega Rojas,1,44,7,From Free Kick,106.1,29.3,17.54137964927503,0.6560432105167283,False,Right Foot,Normal,Open Play,False,False,False,6,8,117.7,37.7,107.9,30.9,Blocked,0.04950449
b9e33c42-7a2d-4523-a949-4458dca9e994,3857260,106,794,Mexico,28825,Luis Gerardo Chávez Magallón,1,44,16,From Free Kick,92.9,30.0,28.886155853626487,0.35350329597136687,False,Left Foot,Half Volley,Open Play,False,False,False,6,11,118.5,38.0,106.0,36.7,Blocked,0.015146091
c51da087-962c-49bd-ba82-dae979275207,3857260,106,799,Saudi Arabia,51096,Ali Al Hassan,1,50,12,Regular Play,110.1,45.6,11.37409337046255,-0.5147840917489065,False,Head,Diving Header,Open Play,False,False,False,5,9,118.8,42.5,120.0,31.7,Off T,0.10154356
20a35c76-24ef-4b8c-ac38-e769dff6c717,3857260,106,794,Mexico,28825,Luis Gerardo Chávez Magallón,2,46,12,Regular Play,85.5,41.2,34.52086325687699,-0.03476859185608244,False,Left Foot,Normal,Open Play,False,False,False,6,10,118.2,39.2,117.9,37.5,Saved,0.018109906
9795941f-ce89-44a3-a415-72d00a9f647f,3857260,106,794,Mexico,5571,Hirving Rodrigo Lozano Bahena,2,46,17,Regular Play,102.7,19.2,27.054204848784597,0.8770045718488947,False,Right Foot,Normal,Open Play,False,False,False,7,10,118.5,37.7,104.0,20.7,Blocked,0.0068189544
22c0ff6e-ca12-495e-a6d9-cf1bb00e53a9,3857260,106,794,Mexico,26400,Henry Josué Martín Mex,2,46,52,From Corner,116.7,40.2,3.3060550509633053,-0.060532019782108044,False,Left Foot,Volley,Open Play,True,False,False,7,11,118.7,39.1,120.0,41.0,Goal,0.28809994
9be85ecf-e236-4acb-b8a7-2ab06dfce27c,3857260,106,799,Saudi Arabia,57620,Sultan Abdullah Salim Al Ghannam,2,49,14,From Free Kick,115.8,46.7,7.90759128938769,-1.010856529680508,False,Right Foot,Volley,Open Play,True,False,False,6,11,119.2,41.4,120.0,45.8,Off T,0.21450256
2243dac2-e1c3-47a3-87b7-5b398c68cf07,3857260,106,794,Mexico,28825,Luis Gerardo Chávez Magallón,2,51,56,From Free Kick,86.7,41.3,33.3253657144224,-0.039019224716819394,False,Left Foot,Normal,Free Kick,False,False,False,8,11,118.0,40.8,120.0,43.2,Goal,0.024289701
96b42342-137b-42fb-9b1b-c65116b5f82b,3857260,106,799,Saudi Arabia,57620,Sultan Abdullah Salim Al Ghannam,2,54,5,From Throw In,114.8,52.4,13.446189051177289,-1.1737168815699142,False,Head,Normal,Open Play,False,False,False,5,9,118.9,43.6,120.0,45.6,Off T,0.030311959
8ecf26a1-e5ac-4d39-83cd-fac7b2180cc7,3857260,106,794,Mexico,26400,Henry Josué Martín Mex,2,58,56,From Corner,112.0,40.0,8.0,0.0,True,Head,Normal,Open Play,False,True,False,8,11,119.1,39.8,116.9,55.8,Wayward,0.09122391
3032ab92-3280-4112-a204-1c261c9fcb94,3857260,106,799,Saudi Arabia,51094,Abdulelah Al Amri,2,61,53,From Free Kick,109.1,45.1,12.034118164618468,-0.4376311755404329,False,Head,Normal,Open Play,False,False,False,6,10,119.4,41.3,120.0,40.1,Off T,0.037819926
869d6aa5-aea8-41cd-9ea1-df338f224d12,3857260,106,794,Mexico,5571,Hirving Rodrigo Lozano Bahena,2,66,1,From Counter,97.5,31.3,24.12343259156955,0.3689595462058564,False,Right Foot,Normal,Open Play,False,False,False,3,6,117.5,38.3,118.3,36.4,Saved,0.05300886
bf5afa36-dd18-41bf-8a1d-55c33ba25080,3857260,106,799,Saudi Arabia,51099,Firas Tariq Nasser Al Albirakan,2,66,25,From Keeper,101.4,25.4,23.645718428502015,0.6654941780324246,False,Left Foot,Half Volley,Open Play,True,False,False,2,7,115.9,36.2,102.3,26.1,Blocked,0.013105479
d4989c31-a99c-4b7a-923f-e4d99d9cd5f5,3857260,106,794,Mexico,26400,Henry Josué Martín Mex,2,69,31,From Free Kick,108.8,34.9,12.30650234632083,0.4272999879817855,False,Left Foot,Volley,Open Play,True,False,False,6,10,115.3,37.7,120.0,37.9,Off T,0.22500646
0cfe0a06-b98d-41fb-bef1-59897be64d13,3857260,106,794,Mexico,28825,Luis Gerardo Chávez Magallón,2,72,3,From Free Kick,87.3,40.5,32.703822406562814,-0.015289328403638417,False,Left Foot,Normal,Free Kick,False,False,False,7,11,117.9,41.2,118.2,37.5,Saved,0.027150616
f15011a0-0b1c-4fb9-b9ee-34fb7c2dae92,3857260,106,794,Mexico,26280,Orbelín Pineda Alvarado,2,75,39,From Free Kick,100.5,32.9,20.752349264601346,0.3491826956149911,False,Right Foot,Normal,Open Play,False,False,False,3,6,117.1,38.8,120.0,45.9,Off T,0.08600338
e71b9a71-7816-4177-8508-43ae8e9d3c3e,3857260,106,794,Mexico,15452,Carlos Uriel Antuna Romero,2,77,12,From Counter,109.4,35.9,11.365298060323799,0.3690689673674728,False,Right Foot,Normal,Open Play,True,False,False,2,5,115.2,26.8,111.0,36.5,Blocked,0.26870292
1a46cbf8-c9bc-4843-b51c-0ee17fd7550d,3857260,106,794,Mexico,5567,Edson Omar Álvarez Velázquez,2,77,46,Regular Play,85.8,42.8,34.3144284521832,-0.08168915159247671,False,Right Foot,Half Volley,Open Play,False,False,False,7,10,118.6,41.1,118.7,42.4,Saved,0.013687578
dc08ca78-5b25-46f2-aa36-6ff048f91962,3857260,106,799,Saudi Arabia,5187,Salem Mohammed Al Dawsari,2,80,0,From Throw In,89.2,40.3,30.801461004309516,-0.00973995172967627,False,Right Foot,Normal,Open Play,False,False,False,8,11,118.3,40.4,120.0,43.6,Off T,0.019886926
985881d4-d210-4854-81c2-591279f9cb21,3857260,106,794,Mexico,28825,Luis Gerardo Chávez Magallón,2,82,14,From Free Kick,101.0,46.0,19.924858845171276,-0.30587887140485215,False,Left Foot,Normal,Open Play,True,False,False,7,11,118.8,40.7,107.6,43.3,Blocked,0.057560198
689017e8-2675-49f0-88fe-5ee9a6a7f5a6,3857260,106,794,Mexico,26318,Rogelio Gabriel Funes Mori,2,88,12,From Counter,98.8,37.4,21.358838919754046,0.122032118352999,False,Right Foot,Normal,Open Play,True,False,False,5,8,117.7,39.4,103.1,38.0,Blocked,0.06664524
ad9940c8-30cc-47f4-b706-e2d09b1d78eb,3857260,106,794,Mexico,5571,Hirving Rodrigo Lozano Bahena,2,91,25,From Free Kick,92.9,31.8,28.31342437784592,0.29382485500402983,False,Right Foot,Normal,Free Kick,False,False,False,8,11,118.8,40.7,118.9,41.7,Saved,0.05359905
658c3cfe-5c38-47b7-8ec5-b5d9ea44f27d,3857260,106,794,Mexico,5571,Hirving Rodrigo Lozano Bahena,2,93,10,From Free Kick,101.9,28.3,21.5522620622523,0.5738465350647163,False,Right Foot,Normal,Open Play,False,False,False,7,10,117.5,39.4,120.0,48.3,Off T,0.06253588
1d0a8857-a8ba-461f-9e98-de32270f52c7,3857260,106,799,Saudi Arabia,5187,Salem Mohammed Al Dawsari,2,94,40,Regular Play,110.9,45.2,10.48093507278811,-0.5191461142465235,False,Right Foot,Normal,Open Play,False,False,False,2,7,115.0,43.0,120.0,42.6,Goal,0.51574713
cc1e60c8-7b5a-4615-8e9f-b4e9a2df5c5c,3857264,106,789,Poland,11737,Krystian Bielik,1,4,2,From Throw In,100.7,41.3,19.343732835210474,-0.06725592157660065,False,Left Foot,Normal,Open Play,True,False,False,6,10,118.5,38.4,107.7,39.4,Blocked,0.061495427
e84b2adc-a5c5-467d-9e62-bfb5ab86943d,3857264,106,779,Argentina,5503,Lionel Andrés Messi Cuccittini,1,6,30,Regular Play,99.0,37.7,21.12557691519926,0.10908900499998143,False,Right Foot,Normal,Open Play,False,False,False,6,10,116.8,38.9,116.7,37.9,Saved,0.050872557
00eb4001-cfd4-4f22-afb6-97c51d5de77a,3857264,106,779,Argentina,2995,Ángel Fabián Di María Hernández,1,8,53,Regular Play,94.3,40.5,25.70486335306998,-0.019452798826660962,False,Left Foot,Normal,Open Play,False,False,False,6,10,116.8,39.7,103.7,41.2,Blocked,0.034158513
732e9df5-bb7b-4708-bf2e-0d1e2cbd521f,3857264,106,779,Argentina,5503,Lionel Andrés Messi Cuccittini,1,9,53,Regular Play,111.7,25.8,16.447796204963144,1.0418466050690778,False,Left Foot,Normal,Open Play,False,False,False,4,8,118.8,36.1,118.9,35.9,Saved,0.053250678
6403c129-bef8-44e0-aff0-bca5706954d7,3857264,106,779,Argentina,19597,Marcos Javier Acuña,1,16,9,From Throw In,107.0,27.9,17.759786034747155,0.7495569447079967,False,Right Foot,Half Volley,Open Play,False,False,False,5,9,118.3,37.8,120.0,43.3,Off T,0.05141401
f9738d78-8285-4130-97be-720dbb5e0cc1,3857264,106,789,Poland,3034,Kamil Glik,1,21,36,From Corner,105.9,43.5,14.52790418470606,-0.24330921559601038,False,Right Foot,Backheel,Open Play,True,False,False,8,11,117.0,39.8,115.9,46.6,Wayward,0.06557972
20451d34-d1ee-433b-b247-a21b1f214d9c,3857264,106,779,Argentina,29560,Julián Álvarez,1,27,54,Regular Play,110.8,47.7,11.99708297879114,-0.6968727446734324,False,Right Foot,Normal,Open Play,True,False,False,5,9,117.1,43.4,114.7,41.0,Blocked,0.1493578
2683f1ce-b2e0-4790-a27b-a63ad2743594,3857264,106,779,Argentina,19597,Marcos Javier Acuña,1,27,59,Regular Play,102.9,22.5,24.467529503405117,0.7969583420528582,False,Left Foot,Normal,Open Play,False,False,False,5,10,118.4,37.6,120.0,46.0,Off T,0.024708062
530b01f6-fd0d-4c7d-96c6-2d4443005a6d,3857264,106,779,Argentina,2995,Ángel Fabián Di María Hernández,1,32,17,From Corner,119.6,79.2,39.202040763205176,-1.5605925993009422,False,Left Foot,Normal,Corner,False,False,False,7,11,118.2,40.7,119.5,40.7,Saved,0.00018
995af604-9298-401b-9c5e-5507dac7b0e0,3857264,106,779,Argentina,38718,Enzo Fernandez,1,34,23,From Corner,91.6,39.7,28.40158446284292,0.010562987403053267,False,Right Foot,Normal,Open Play,False,False,False,8,11,118.0,39.2,120.0,44.7,Off T,0.024548035
ce3c5309-f67c-45f6-9ff3-354a958dc5f7,3857264,106,779,Argentina,29560,Julián Álvarez,1,35,10,Regular Play,110.4,27.6,15.681836627130123,0.9119902906774207,False,Left Foot,Normal,Open Play,False,False,False,2,9,114.3,32.1,114.2,32.0,Saved,0.19083758
bbf37035-eac8-4277-8e3a-39c6acf669e1,3857264,106,779,Argentina,5503,Lionel Andrés Messi Cuccittini,1,38,24,Other,108.1,40.1,11.900420160649796,-0.008403163547647103,False,Left Foot,Normal,Penalty,False,False,False,0,0,,,119.7,42.8,Saved,0.7835
8b91032f-be4a-447e-82c2-11e12d18aeaa,3857264,106,779,Argentina,29560,Julián Álvarez,1,42,9,Regular Play,102.4,27.0,21.88058500132023,0.6361886248752143,False,Right Foot,Normal,Open Play,False,False,False,5,10,118.7,38.8,118.4,38.6,Saved,0.03720347
79ac9bb8-7580-4f2f-86e4-03ddd04bc6a1,3857264,106,779,Argentina,7797,Rodrigo Javier De Paul,1,42,10,Regular Play,112.2,40.3,7.805767098754609,-0.038442590021187634,False,Other,Normal,Open Play,False,False,False,4,10,118.6,39.3,117.8,39.5,Saved,0.3152717
35801dfe-a2f0-4877-aaba-a022e4a8d356,3857264,106,779,Argentina,2995,Ángel Fabián Di María Hernández,1,43,16,Regular Play,106.7,58.4,22.70352395554487,-0.9449145398992381,False,Left Foot,Normal,Open Play,False,False,False,6,10,118.9,43.4,118.8,43.6,Saved,0.010134568
7a106f3b-d45b-4e5a-b272-eab6712a7aa9,3857264,106,779,Argentina,27886,Alexis Mac Allister,2,45,53,From Kick Off,106.0,46.7,15.520631430454111,-0.446358265642598,False,Right Foot,Normal,Open Play,True,False,False,5,10,118.0,42.1,119.9,35.8,Goal,0.107545994
12475fe7-5f96-4551-8b24-4099dcb63911,3857264,106,789,Poland,3034,Kamil Glik,2,49,0,From Free Kick,108.8,43.5,11.73413822996815,-0.3028848683749713,True,Head,Normal,Open Play,False,True,False,5,11,117.7,40.7,120.0,34.0,Off T,0.04381306
04959693-8bcc-4b30-84df-f926adc8e114,3857264,106,789,Poland,28453,Michał Skóraś,2,52,13,From Free Kick,101.1,56.9,25.35389516425435,-0.7295902522210106,False,Left Foot,Normal,Open Play,False,False,False,6,10,117.4,41.8,102.3,56.0,Blocked,0.026707038
4e1e525e-379b-4e7e-ade8-5e5e7d25775b,3857264,106,779,Argentina,5503,Lionel Andrés Messi Cuccittini,2,52,42,Regular Play,105.8,28.4,18.33575741549828,0.6849620513485973,False,Left Foot,Normal,Open Play,False,False,False,3,8,117.8,36.1,120.0,26.1,Wayward,0.06119443
30d12bdd-f6fe-4a11-aa23-0d06df56b410,3857264,106,779,Argentina,5503,Lionel Andrés Messi Cuccittini,2,55,41,Regular Play,109.4,50.7,15.061540425866138,-0.7900929645849439,True,Left Foot,Normal,Open Play,False,False,False,5,9,117.3,43.4,109.4,44.3,Wayward,0.058334265
0d3c66d5-64b8-4fd7-8955-ad27a86d6ec1,3857264,106,779,Argentina,29560,Julián Álvarez,2,55,42,Regular Play,107.7,41.5,12.391125856838027,-0.1213520005707637,False,Left Foot,Normal,Open Play,False,False,False,6,10,117.8,41.5,110.4,41.4,Blocked,0.15200824
7c0f9533-8699-4dff-b7e1-afcdc7dbe87e,3857264,106,779,Argentina,27886,Alexis Mac Allister,2,60,38,From Throw In,106.0,46.0,15.231546211727817,-0.40489178628508343,False,Left Foot,Normal,Open Play,True,False,False,3,9,118.0,40.2,118.0,42.0,Saved,0.13009955
13ac6bf1-8ac2-4f2c-a084-f02bfe5e953f,3857264,106,779,Argentina,5503,Lionel Andrés Messi Cuccittini,2,63,23,From Counter,107.2,25.9,19.04337155022713,0.8336877307038464,False,Left Foot,Normal,Open Play,False,False,False,2,8,117.5,35.9,108.1,26.7,Blocked,0.023947677
9cd13a7d-13be-4553-a2e1-b4bab349e413,3857264,106,779,Argentina,29560,Julián Álvarez,2,66,57,From Free Kick,106.0,33.5,15.435349040433131,0.4346702151492448,False,Right Foot,Normal,Open Play,False,False,False,6,9,116.0,38.3,120.0,43.3,Goal,0.10054177
f75ddc65-a309-4ace-8d33-b1d6e87f86a0,3857264,106,779,Argentina,5503,Lionel Andrés Messi Cuccittini,2,70,36,Regular Play,106.5,35.1,14.36175476743702,0.3481761196564603,False,Left Foot,Normal,Open Play,True,False,False,5,9,117.8,37.5,117.4,38.7,Saved,0.13232325
b4da499b-ab6d-417f-8525-ff3d2be5a8d0,3857264,106,779,Argentina,29560,Julián Álvarez,2,72,44,From Throw In,106.1,52.6,18.760863519571807,-0.7363808552952915,False,Right Foot,Normal,Open Play,False,False,False,2,5,112.7,46.8,120.0,44.7,Off T,0.18145993
325be693-18e2-4620-81c8-81ea1752639e,3857264,106,779,Argentina,11456,Lautaro Javier Martínez,2,85,2,From Free Kick,109.4,52.2,16.161683080669537,-0.8554587460359041,False,Right Foot,Normal,Open Play,False,False,False,2,5,115.9,47.0,120.0,32.9,Off T,0.17955275
4a3d578a-c71a-4102-8e73-00bbcfce4ca0,3857264,106,779,Argentina,5507,Nicolás Alejandro Tagliafico,2,91,58,From Throw In,108.2,30.2,15.338839591051206,0.6930688286658495,False,Left Foot,Lob,Open Play,True,False,False,5,10,111.3,33.3,111.3,33.0,Saved,0.22421487
7ae9c5f3-5dab-42f3-96d4-08afbfc9ec73,3857289,106,794,Mexico,26368,César Jasib Montes Castro,1,9,14,From Free Kick,107.6,38.6,12.478781991845203,0.11242713083018997,True,Left Foot,Volley,Open Play,True,False,False,6,11,117.2,39.8,120.0,49.2,Off T,0.0988946
38bd31c7-218f-4373-a732-7b05947ebadb,3857289,106,779,Argentina,11456,Lautaro Javier Martínez,1,39,59,From Corner,112.7,39.5,7.317103251970684,0.06838634359050348,True,Head,Normal,Open Play,False,True,False,8,11,118.9,40.0,120.0,47.9,Off T,0.13799548
386194e2-f332-4e3d-8962-7fddd86558c6,3857289,106,794,Mexico,26301,Ernesto Alexis Vega Rojas,1,44,17,From Free Kick,92.4,35.8,27.917736297916413,0.1510153429213595,False,Right Foot,Normal,Free Kick,False,False,False,8,11,118.2,40.4,118.3,37.2,Saved,0.05948228
b92a7d35-3e47-48f3-925c-abb6989e7cc6,3857289,106,794,Mexico,26301,Ernesto Alexis Vega Rojas,1,49,14,From Throw In,92.8,23.0,32.07553584899246,0.5585993153435624,False,Right Foot,Half Volley,Open Play,False,False,False,6,9,116.8,37.4,120.0,44.9,Off T,0.0077116457
ec065036-3267-4763-ba54-8754d13eed39,3857289,106,794,Mexico,5571,Hirving Rodrigo Lozano Bahena,2,47,14,From Free Kick,93.5,36.8,26.692508312258703,0.12017286279524628,False,Right Foot,Normal,Open Play,False,False,False,2,6,116.3,40.7,95.0,36.9,Blocked,0.040303126
ea768ca3-bacd-4f68-98d2-15b40db162f8,3857289,106,779,Argentina,5503,Lionel Andrés Messi Cuccittini,2,50,59,From Free Kick,94.8,41.9,25.27152547829276,-0.07525444175164615,False,Left Foot,Normal,Free Kick,False,False,False,8,11,118.6,38.3,120.0,41.6,Off T,0.067327775
70e7f361-0036-4d20-a401-2e4afbd31e5a,3857289,106,779,Argentina,5503,Lionel Andrés Messi Cuccittini,2,63,32,From Goal Kick,94.9,37.4,25.234302050978144,0.1032175334912801,False,Left Foot,Normal,Open Play,False,False,False,6,10,117.1,39.4,120.0,43.7,Goal,0.033919714
2e74ba6a-04dc-42e1-89f4-2370b22fb66c,3857289,106,779,Argentina,29201,Nahuel Molina Lucero,2,69,39,From Throw In,101.5,49.2,20.66131651178114,-0.4614831102165757,False,Right Foot,Half Volley,Open Play,True,False,False,6,9,117.8,41.9,120.0,43.7,Off T,0.050896797
459d3411-945a-436f-b6eb-f7701b89cff7,3857289,106,779,Argentina,38718,Enzo Fernandez,2,86,39,From Corner,106.5,22.8,21.865269264292174,0.905340831985539,False,Right Foot,Normal,Open Play,False,False,False,7,10,117.9,36.7,120.0,43.1,Goal,0.035064373
da4dd724-c729-4200-935c-84741b3d8d1b,3869254,106,773,Switzerland,5545,Breel-Donald Embolo,1,4,56,Regular Play,104.1,27.2,20.41200627082013,0.6778013764329243,False,Left Foot,Normal,Open Play,False,False,False,6,8,117.7,37.3,107.7,30.2,Blocked,0.06137733
4702956b-c7d2-4b36-848c-4057f688bba0,3869254,106,780,Portugal,38803,Gonçalo Matias Ramos,1,16,43,From Throw In,111.3,27.5,15.229576487873851,0.9627599739943431,False,Left Foot,Normal,Open Play,False,False,False,5,10,119.1,36.7,120.0,36.4,Goal,0.10102074
3e9b1782-21f4-4684-a2b4-7fcb434e81d2,3869254,106,780,Portugal,11184,Otávio Edmilson da Silva Monteiro,1,21,3,From Free Kick,101.4,36.8,18.873261509341724,0.17037511066261618,False,Right Foot,Half Volley,Open Play,True,False,False,6,9,118.1,39.1,118.0,38.6,Saved,0.032515083
d3210de8-2efb-482c-b44b-f983e5cdf53b,3869254,106,780,Portugal,38803,Gonçalo Matias Ramos,1,21,54,Regular Play,100.7,32.2,20.81657993043045,0.3840746046089354,False,Right Foot,Normal,Open Play,True,False,False,1,7,117.0,38.7,116.8,38.0,Saved,0.072023906
171eaf4b-d43f-41e0-bdcd-599702a496ec,3869254,106,773,Switzerland,3533,Xherdan Shaqiri,1,29,38,From Free Kick,87.2,46.1,33.36240399012037,-0.1838749258355281,False,Left Foot,Normal,Free Kick,False,False,False,8,11,118.0,40.1,118.9,43.9,Saved,0.023890225
92f8ddc9-eb11-486b-b917-e6adc5ddcb84,3869254,106,780,Portugal,20016,Kléper Laveran Lima Ferreira,1,32,35,From Corner,114.3,40.0,5.700000000000003,0.0,True,Head,Normal,Open Play,False,True,False,8,11,119.4,39.8,120.0,38.9,Goal,0.12779379
5ffa5b27-1e0e-410e-8950-32d831432910,3869254,106,773,Switzerland,6983,Remo Freuler,1,37,32,From Throw In,115.9,44.0,5.72800139664787,-0.7730531115532245,False,Head,Normal,Open Play,False,False,False,5,9,117.2,43.2,116.9,43.1,Saved,0.2948616
c46ab3f1-2c95-44e7-80d3-a63693f56e70,3869254,106,773,Switzerland,5537,Fabian Lukas Schär,1,37,36,From Throw In,99.9,53.7,24.324884377936925,-0.5982645010141165,False,Right Foot,Volley,Open Play,False,False,False,6,10,116.4,41.6,120.0,46.3,Off T,0.024413843
6e8ce1fe-2cc7-499d-a137-df556d0ce758,3869254,106,780,Portugal,38803,Gonçalo Matias Ramos,1,42,11,Regular Play,107.5,33.4,14.135416513141735,0.4857958854403141,False,Left Foot,Normal,Open Play,True,False,False,1,5,115.3,37.8,115.1,39.1,Saved,0.31703457
73b29321-0a25-4f7f-b226-23cc581db422,3869254,106,780,Portugal,5209,Raphaël Adelino José Guerreiro,1,47,18,From Corner,96.0,25.0,28.30194339616981,0.5585993153435624,False,Left Foot,Normal,Open Play,False,False,False,6,10,118.1,37.9,120.0,37.2,Off T,0.021823613
4232fdf4-5a2b-47bf-ae3b-0f5fdeea3684,3869254,106,780,Portugal,38803,Gonçalo Matias Ramos,2,48,11,From Corner,114.4,35.1,7.441102068914249,0.7188299996216249,True,Head,Normal,Open Play,False,True,False,6,11,119.2,38.5,115.4,44.8,Wayward,0.09938955
37c91977-3d8e-42a7-8368-806c40c8e9fc,3869254,106,780,Portugal,38803,Gonçalo Matias Ramos,2,50,5,Regular Play,115.8,44.4,6.08276253029822,-0.8086497862079107,False,Left Foot,Normal,Open Play,True,False,False,5,9,118.7,43.4,120.0,42.9,Goal,0.5086819
86b9f4b6-512c-426b-aa0a-9d2295994d50,3869254,106,780,Portugal,12041,João Félix Sequeira,2,52,32,From Counter,103.5,26.4,21.382469455140114,0.6893491068132354,True,Left Foot,Normal,Open Play,False,False,False,4,7,117.1,37.9,107.4,29.9,Blocked,0.043932665
0fccbaee-00d4-4124-af20-9740849940b4,3869254,106,780,Portugal,20016,Kléper Laveran Lima Ferreira,2,53,20,From Corner,110.8,35.6,10.19803902718557,0.4461055489434034,True,Head,Normal,Open Play,False,True,False,6,11,119.0,39.5,114.3,33.6,Wayward,0.05800441
4ed9fca8-dccc-4c44-ba66-76783239ad29,3869254,106,780,Portugal,5209,Raphaël Adelino José Guerreiro,2,54,55,From Free Kick,110.9,32.4,11.85622199522259,0.6958181893838121,True,Left Foot,Normal,Open Play,False,False,False,4,6,115.7,37.8,120.0,41.6,Goal,0.35848966
2b86a444-5696-4c2d-ba7f-837ec9756684,3869254,106,773,Switzerland,5549,Manuel Obafemi Akanji,2,57,5,From Corner,118.7,35.4,4.780167361086849,1.295370223098862,False,Right Foot,Volley,Open Play,True,False,True,8,11,118.3,41.8,120.0,38.6,Goal,0.6688656
9cc86132-6a78-440a-b926-2926ddd6946f,3869254,106,773,Switzerland,3533,Xherdan Shaqiri,2,65,21,From Throw In,101.7,63.9,30.10149497948565,-0.9173287705954052,False,Left Foot,Normal,Open Play,False,False,False,8,11,117.2,41.5,120.0,9.6,Wayward,0.007870479
ec8bd928-b9e8-44ae-b2a1-3e12b7d38a87,3869254,106,780,Portugal,38803,Gonçalo Matias Ramos,2,66,12,From Goal Kick,112.6,45.8,9.40212741883453,-0.664774494817345,True,Right Foot,Lob,Open Play,False,False,False,3,7,114.2,44.4,120.0,37.0,Goal,0.46699882
624cffee-e13c-4020-8af2-efcf3760783c,3869254,106,773,Switzerland,5538,Denis Lemi Zakaria Lako Lado,2,70,10,From Throw In,97.5,36.4,22.786180022109892,0.15865526218640147,False,Right Foot,Normal,Open Play,False,False,False,7,11,116.5,38.2,100.4,37.0,Blocked,0.04188712
a05207c2-0497-47a5-8b62-242766a4266d,3869254,106,780,Portugal,5207,Cristiano Ronaldo dos Santos Aveiro,2,75,51,From Free Kick,88.9,44.9,31.483646548644895,-0.15627162600326872,False,Right Foot,Normal,Free Kick,False,False,False,7,11,118.5,40.3,99.9,44.2,Blocked,0.028790973
8a9e1974-0ef0-4911-b167-4dd9d77bdc8d,3869254,106,773,Switzerland,5545,Breel-Donald Embolo,2,79,35,Regular Play,102.1,39.2,17.917868176767016,0.044663016010020956,True,Right Foot,Overhead Kick,Open Play,False,False,False,5,10,117.6,40.0,102.9,39.1,Blocked,0.032889098
47d48ad1-0bec-4db0-89fa-69f2064e2eee,3869254,106,773,Switzerland,3500,Granit Xhaka,2,80,12,From Corner,113.2,34.5,8.745856161634489,0.6800980338334003,True,Head,Normal,Open Play,False,True,False,8,11,118.7,39.0,120.0,37.6,Off T,0.0836758
5df2ae77-2cbb-4d69-8bb4-36c4f4d8aea5,3869254,106,773,Switzerland,29006,Noah Okafor,2,84,57,Regular Play,108.4,23.1,20.49804868761902,0.9692627493613981,False,Right Foot,Normal,Open Play,False,False,False,6,10,117.9,37.5,108.9,23.7,Blocked,0.032096077
b454f46a-01f5-4f67-9b6b-994573c64ca9,3869254,106,780,Portugal,18360,Rafael Alexandre Conceição Leão,2,91,12,From Free Kick,105.0,21.7,23.661994844053197,0.884174755465111,True,Right Foot,Normal,Open Play,False,False,False,4,6,117.9,37.1,120.0,42.5,Goal,0.010257767
3d1a05c1-c580-458e-bbce-636412e359fb,3869254,106,780,Portugal,5206,Rúben Santos Gato Alves Dias,2,93,45,From Corner,108.0,41.9,12.149485585818027,-0.15702977597173176,False,Head,Normal,Open Play,False,False,False,4,11,118.4,40.9,109.1,41.4,Blocked,0.03750256
eca22731-e62f-4c63-98c5-55f4f5357216,3869118,106,768,England,3244,John Stones,1,20,25,From Corner,113.5,45.4,8.450443775329198,-0.6932231258409863,False,Other,Normal,Open Play,False,False,False,7,11,119.0,40.9,120.0,46.5,Off T,0.08366814
b1746c86-d6a4-4310-bdf8-bb5e795948c2,3869118,106,787,Senegal,20611,Boulaye Dia,1,21,59,Regular Play,108.6,42.7,11.715374513859988,-0.23255694180490916,False,Right Foot,Volley,Open Play,True,False,False,3,6,117.9,41.1,109.4,42.5,Blocked,0.05336251
aa2725c3-bc6b-4f5b-9865-2cd84124cb40,3869118,106,787,Senegal,2941,Ismaïla Sarr,1,22,0,Regular Play,115.7,40.5,4.3289721643826695,-0.1157592177208108,False,Right Foot,Half Volley,Open Play,True,False,False,2,6,117.1,40.7,120.0,42.3,Off T,0.629174
21b0a72e-9edd-405b-a6aa-edf3c20ff8e3,3869118,106,787,Senegal,20611,Boulaye Dia,1,31,1,From Free Kick,112.8,28.9,13.23064624271997,0.9953716762596115,False,Left Foot,Normal,Open Play,True,False,False,4,9,118.5,36.5,118.1,37.3,Saved,0.0358749
8dd1ce3c-8097-412a-9951-4939e15903f3,3869118,106,768,England,3532,Jordan Brian Henderson,1,38,0,From Goal Kick,107.6,38.0,12.56025477448607,0.1599131231582192,False,Left Foot,Normal,Open Play,True,False,False,3,6,115.9,36.9,120.0,42.3,Goal,0.13174866
95d72a08-3916-4d54-85b4-e3777d7f9163,3869118,106,768,England,10955,Harry Kane,1,40,39,From Goal Kick,110.0,39.3,10.024470060806207,0.06988600163464279,False,Right Foot,Normal,Open Play,True,False,False,4,9,118.9,41.3,120.0,37.9,Off T,0.18422936
4d429090-9143-4daa-ac16-ed3c8963ad7b,3869118,106,768,England,10955,Harry Kane,1,47,17,Regular Play,104.3,50.7,18.999473676920637,-0.5982212259578857,True,Right Foot,Normal,Open Play,False,False,False,3,7,112.3,46.0,120.0,39.2,Goal,0.20664306
2c5975d3-1c82-4dd5-9645-651ae8eb5b8f,3869118,106,787,Senegal,50498,Pape Matar Sarr,2,49,10,Regular Play,92.8,35.2,27.620282402611313,0.17467219900823958,False,Left Foot,Half Volley,Open Play,True,False,False,6,10,117.4,38.9,120.0,48.8,Off T,0.018660808
3ad6ec4f-2f39-41df-ade5-a91827872206,3869118,106,768,England,22084,Bukayo Saka,2,53,40,Regular Play,107.7,53.4,18.18928255869373,-0.8281736114077407,False,Right Foot,Normal,Open Play,False,False,False,4,8,116.6,44.0,120.0,46.9,Off T,0.03518777
60b34d82-7a7b-4b3a-ba28-7ec704a0941a,3869118,106,768,England,10955,Harry Kane,2,55,45,From Goal Kick,90.5,27.1,32.19720484762614,0.4122326005891252,False,Right Foot,Normal,Open Play,False,False,False,5,11,116.9,38.4,117.0,37.7,Saved,0.015214441
541395bf-9398-4670-887e-e79c1a8ba223,3869118,106,768,England,22084,Bukayo Saka,2,56,43,Regular Play,111.0,35.9,9.889893831583835,0.4274643130152256,True,Left Foot,Normal,Open Play,True,False,False,4,7,114.2,37.2,120.0,41.0,Goal,0.21738943
acf5fa91-3fee-4042-85a7-97dfc596d6d9,3869118,106,787,Senegal,50498,Pape Matar Sarr,2,68,25,From Free Kick,89.0,36.2,31.232034836046147,0.12197215553002101,False,Right Foot,Normal,Open Play,False,False,False,6,10,117.9,39.7,90.7,36.4,Blocked,0.013223637
64294436-c0e0-4e75-a6de-abd93a212c4e,3869118,106,787,Senegal,50498,Pape Matar Sarr,2,73,18,From Free Kick,87.8,49.9,33.68753478662397,-0.2982806862819184,False,Right Foot,Normal,Free Kick,False,False,False,8,11,118.8,39.8,120.0,44.5,Off T,0.021199826
f04052f9-712a-4992-a561-b3a46bb0d53b,3869118,106,787,Senegal,2941,Ismaïla Sarr,2,83,38,Regular Play,111.6,39.3,8.429116205154612,0.08314123188844151,False,Head,Normal,Open Play,False,False,False,4,10,118.0,40.2,120.0,37.9,Off T,0.107544675
1cf6fa6b-f9f5-46ae-af7f-af287afdfdcd,3869118,106,787,Senegal,21026,Pape Gueye,2,86,12,From Throw In,96.7,52.4,26.394128134871206,-0.4890658622598818,False,Left Foot,Normal,Open Play,False,False,False,5,11,117.5,42.2,103.6,48.3,Blocked,0.027956013
eea1e7de-b4fb-4e1a-81bf-43a79ad5d467,3869118,106,787,Senegal,50498,Pape Matar Sarr,2,88,51,From Free Kick,93.1,38.3,26.953663943887115,0.06311309361502021,False,Right Foot,Normal,Open Play,True,False,False,4,11,118.7,40.6,120.0,41.8,Off T,0.032847784
9c16738b-cf6c-4669-a694-276a322ff6d8,3869118,106,768,England,3318,Marcus Rashford,2,90,23,From Goal Kick,117.8,45.9,6.296824596572466,-1.2138843904432257,True,Right Foot,Half Volley,Open Play,True,False,False,5,9,119.1,42.7,120.0,44.5,Off T,0.1459426
8ea7d7fe-7f86-4c68-be76-1dbe52730c60,3869118,106,787,Senegal,88123,Cheikh Ahmadou Bamba Mbacke Dieng,2,92,22,From Free Kick,94.0,54.7,29.867875719575373,-0.5145780397089641,False,Right Foot,Normal,Free Kick,False,False,False,7,11,119.0,40.2,102.5,51.1,Blocked,0.03296228
50d88cc2-208f-4272-9156-ea9f0049c8bc,3869519,106,785,Croatia,3471,Dejan Lovren,1,15,52,From Corner,115.0,27.7,13.277424449041312,1.1846956024504316,True,Head,Normal,Open Play,False,True,False,6,11,118.3,36.7,120.0,33.5,Off T,0.014029023
e0e3e4da-8a23-4e2c-b4d2-b7bef8feb9fe,3869519,106,779,Argentina,38718,Enzo Fernandez,1,24,35,From Throw In,93.1,36.9,27.07803537925158,0.11473550198902231,False,Right Foot,Normal,Open Play,False,False,False,7,11,118.5,39.9,118.5,42.9,Saved,0.027808638
7c8c6f80-da85-4be8-a5cf-34f58c51a82e,3869519,106,785,Croatia,5474,Ivan Perišić,1,30,33,From Throw In,106.9,23.2,21.30375553746334,0.9085180824091799,False,Right Foot,Lob,Open Play,False,False,False,6,9,118.2,36.6,120.0,38.9,Off T,0.034139045
09340406-31db-4236-8bf0-11900a1f269b,3869519,106,779,Argentina,5503,Lionel Andrés Messi Cuccittini,1,33,27,Other,108.0,40.0,12.0,0.0,False,Left Foot,Normal,Penalty,False,False,False,0,0,,,120.0,42.3,Goal,0.7835
dcc38d2c-1610-4362-bb0c-2fd6aa28c5bf,3869519,106,779,Argentina,29560,Julián Álvarez,1,38,26,From Counter,112.7,37.4,7.7491935064237465,0.34215588508318057,False,Right Foot,Volley,Open Play,False,False,False,3,7,114.9,38.5,120.0,36.8,Goal,0.36172354
0c16abd3-e136-40dd-8dd5-37d9587c4f41,3869519,106,779,Argentina,7797,Rodrigo Javier De Paul,1,40,49,Regular Play,95.6,51.4,26.931765630942213,-0.43707579145683856,False,Right Foot,Normal,Open Play,False,False,False,5,10,117.5,42.1,104.4,47.3,Blocked,0.027667157
bd13c135-d873-447b-9433-76e78e8f0bf4,3869519,106,779,Argentina,27886,Alexis Mac Allister,1,41,53,From Corner,113.5,32.8,9.700000000000003,0.8364486591584585,False,Head,Normal,Open Play,False,False,False,6,11,119.2,37.3,118.3,38.2,Saved,0.0684051
3ad82358-d787-4d98-b0e2-0e349b05e17b,3869519,106,785,Croatia,5463,Luka Modrić,1,44,48,From Throw In,92.9,46.3,27.822652641328066,-0.22841522595653777,False,Right Foot,Normal,Open Play,False,False,False,7,10,117.5,40.1,101.4,43.9,Blocked,0.026162526
ac624dbe-5398-41b5-98c7-1fafe57fde8c,3869519,106,785,Croatia,11603,Mario Pašalić,1,44,53,From Throw In,119.4,45.8,5.830951894845297,-1.4677147182721972,False,Right Foot,Half Volley,Open Play,True,False,False,6,10,119.2,44.0,120.0,45.0,Off T,0.07864248
c9b5444c-548d-4936-af96-3f376dc1cdc6,3869519,106,779,Argentina,16308,Leandro Daniel Paredes,2,48,26,Regular Play,85.0,44.8,35.32760959929217,-0.13629262969557304,False,Right Foot,Normal,Open Play,False,False,False,7,10,118.3,41.0,117.6,40.9,Saved,0.014370957
a78187f3-3fb7-4c35-9d65-aef9e119c5b2,3869519,106,779,Argentina,5503,Lionel Andrés Messi Cuccittini,2,57,5,Regular Play,112.7,30.1,12.30040649734796,0.9354251201815562,True,Left Foot,Normal,Open Play,False,False,False,5,7,117.4,35.4,117.5,34.5,Saved,0.10581502
9129598e-2e12-425b-b2df-d1a8842360a9,3869519,106,785,Croatia,16527,Mislav Oršić,2,57,35,From Free Kick,98.4,22.8,27.6115917686757,0.6724785026448459,False,Right Foot,Normal,Open Play,False,False,False,5,8,117.5,37.0,101.0,24.6,Blocked,0.021008598
a45cedf5-7079-4551-b949-3c2fb3e87ced,3869519,106,785,Croatia,3471,Dejan Lovren,2,61,47,From Free Kick,112.7,40.1,7.300684899377589,-0.013697773372865988,True,Head,Normal,Open Play,False,True,False,6,10,118.8,40.9,113.3,40.4,Blocked,0.09374543
60dc7f46-0b61-4198-ae9d-c11c096367dc,3869519,106,779,Argentina,29560,Julián Álvarez,2,68,46,From Throw In,113.3,45.4,8.605230967266365,-0.6783706903480737,False,Right Foot,Normal,Open Play,True,False,False,4,7,119.1,42.7,120.0,40.3,Goal,0.33366448
a6005746-15eb-4174-8219-636c9527c20a,3869519,106,785,Croatia,5474,Ivan Perišić,2,72,14,From Free Kick,82.3,43.9,37.90118731649446,-0.10308160852270018,False,Left Foot,Normal,Free Kick,False,False,False,8,11,118.0,40.3,118.2,43.0,Saved,0.00752127
0b6069ca-0918-46e8-a488-4352f631492c,3869519,106,785,Croatia,5474,Ivan Perišić,2,74,54,From Throw In,85.8,21.3,38.97858386344994,0.5003704723462283,False,Left Foot,Normal,Open Play,False,False,False,8,10,117.1,39.7,120.0,39.2,Off T,0.0058680973
01404c8b-76a5-4187-907c-eef491c0f621,3869519,106,785,Croatia,16527,Mislav Oršić,2,77,39,Regular Play,108.0,21.9,21.71658352503911,0.9853479961087062,False,Right Foot,Normal,Open Play,False,False,False,4,9,117.5,37.0,120.0,46.7,Off T,0.011610668
7eb91d56-2d0f-48ba-8df3-e418d4b13f34,3869519,106,779,Argentina,27886,Alexis Mac Allister,2,82,12,From Free Kick,107.1,46.7,14.536161804272824,-0.47903101078140126,False,Right Foot,Volley,Open Play,True,False,False,4,10,116.9,41.8,120.0,44.6,Off T,0.14140838
94203fde-cbb9-49b4-962f-3181068dd3c5,3869519,106,785,Croatia,28914,Lovro Majer,2,88,23,From Throw In,96.0,35.4,24.436857408431223,0.18937004997584472,False,Left Foot,Half Volley,Open Play,False,False,False,4,9,117.9,39.9,117.7,41.9,Saved,0.044770177
eaa7a5c6-53c3-4da4-bc61-fea93e29c0d9,3869519,106,785,Croatia,3441,Nikola Vlašić,2,92,51,From Corner,103.6,52.3,20.500000000000004,-0.6435011087932841,False,Left Foot,Normal,Open Play,False,False,False,6,10,117.5,42.4,120.0,30.8,Off T,0.049129687
3dabf30e-401c-49ad-8976-4b124b1b7a6c,3869519,106,785,Croatia,3471,Dejan Lovren,2,94,53,Regular Play,89.3,36.5,30.898867293154943,0.11351639851494923,False,Left Foot,Normal,Open Play,False,False,False,7,10,118.3,39.9,120.0,40.2,Off T,0.02342664
18d5acc3-d2c4-4a3f-b3de-3d8714000f03,3869354,106,768,England,4354,Philip Foden,1,3,17,Regular Play,100.2,40.0,19.799999999999997,0.0,False,Left Foot,Half Volley,Open Play,False,False,False,4,9,117.1,40.7,101.6,40.1,Blocked,0.022691524
76a926ab-d769-4f19-97da-d7d329d90325,3869354,106,771,France,3604,Olivier Giroud,1,10,35,Regular Play,110.3,38.2,9.865596788841517,0.18347995714974055,False,Head,Diving Header,Open Play,False,False,False,4,8,119.1,40.4,118.2,40.1,Saved,0.21537142
392c7c17-aff2-48c8-becc-d23b5bf60640,3869354,106,771,France,10481,Aurélien Djani Tchouaméni,1,16,22,Regular Play,92.5,43.5,27.721832551258224,-0.12659212727997207,False,Right Foot,Normal,Open Play,False,False,False,7,10,118.9,40.6,120.0,36.5,Goal,0.027870113
7bc4f065-24a9-4401-ac37-90aedc8f7b86,3869354,106,768,England,3382,Luke Shaw,1,20,8,From Free Kick,98.0,53.2,25.656188337319325,-0.5404195002705843,False,Left Foot,Normal,Free Kick,False,False,False,7,11,118.2,39.7,118.5,41.3,Saved,0.05589417
c60b4259-2ba3-4496-927f-331d9c2ec9d1,3869354,106,768,England,10955,Harry Kane,1,21,29,From Throw In,113.6,52.2,13.776792079435625,-1.0876706619775627,False,Right Foot,Normal,Open Play,True,False,False,4,8,114.5,50.2,114.4,50.3,Saved,0.07522586
7698af86-50b1-41d3-a751-88cbb32b875d,3869354,106,768,England,30714,Jude Bellingham,1,21,33,From Throw In,117.3,35.7,5.077400909914441,1.0101093318120902,True,Head,Normal,Open Play,False,True,False,4,8,118.1,42.6,118.1,36.1,Blocked,0.21807538
f7fdf23a-a5e9-4e7f-ba8d-40bc6379b9b0,3869354,106,768,England,10955,Harry Kane,1,28,30,From Throw In,96.7,57.1,28.901557051480808,-0.6331208587945442,False,Right Foot,Normal,Open Play,False,False,False,7,10,118.8,40.8,119.6,43.2,Saved,0.018916143
b9ca208b-744a-482c-acbb-a25025ebb258,3869354,106,771,France,3009,Kylian Mbappé Lottin,1,38,45,From Free Kick,107.9,32.9,14.029255147726122,0.5306398609615538,False,Left Foot,Half Volley,Open Play,True,False,False,6,11,119.0,37.4,120.0,40.1,Off T,0.06798863
1005a0cd-efda-4b12-92a0-edec3f740581,3869354,106,768,England,30714,Jude Bellingham,2,46,36,From Corner,101.1,48.0,20.523401277566062,-0.40041324936916056,False,Right Foot,Half Volley,Open Play,True,False,False,8,11,119.2,41.6,118.5,42.0,Saved,0.046397094
faf2becb-95e5-4cc5-b77e-208679268e05,3869354,106,768,England,3336,Harry Maguire,2,47,13,From Corner,116.2,30.9,9.86154146165801,1.1752251760520902,True,Head,Normal,Open Play,False,True,False,6,10,117.2,32.0,117.4,34.9,Blocked,0.048588943
974d20e3-92b3-4061-9d97-e56ced377069,3869354,106,768,England,3532,Jordan Brian Henderson,2,51,1,From Free Kick,101.1,56.4,25.02338905903835,-0.7146946848483569,False,Right Foot,Half Volley,Open Play,True,False,False,5,9,117.9,41.7,113.2,45.5,Blocked,0.017202334
b740db70-9fad-40ed-8069-5e3d26521a44,3869354,106,768,England,10955,Harry Kane,2,53,27,Other,108.1,40.1,11.900420160649796,-0.008403163547647103,False,Right Foot,Normal,Penalty,False,False,False,0,0,,,120.0,36.4,Goal,0.7835
ec185754-71a2-488f-8471-b5f591b88c6e,3869354,106,771,France,3026,Adrien Rabiot,2,54,44,From Kick Off,95.6,43.2,24.608941464435244,-0.13040330788913349,False,Left Foot,Half Volley,Open Play,True,False,False,4,6,114.1,41.3,114.4,42.5,Saved,0.06667264
0f19d3a0-282b-4673-9ecc-d23599dd565e,3869354,106,768,England,22084,Bukayo Saka,2,59,35,Regular Play,103.2,47.6,18.439088914585774,-0.42483216291934256,True,Right Foot,Normal,Open Play,False,False,False,4,8,116.9,41.6,116.6,40.1,Saved,0.07073746
9747c65f-740c-42bb-87a9-a309a35acf08,3869354,106,771,France,5477,Ousmane Dembélé,2,60,8,From Keeper,99.5,53.8,24.71214276423637,-0.5924919112110012,False,Left Foot,Normal,Open Play,False,False,False,4,9,118.7,41.5,107.9,46.7,Blocked,0.030820057
c53fbe0a-5479-4e5a-8637-6c83b7e68786,3869354,106,768,England,10955,Harry Kane,2,61,6,Regular Play,99.1,53.8,25.044959572736392,-0.5835729536720763,False,Left Foot,Normal,Open Play,False,False,False,5,10,117.9,42.6,117.9,43.9,Saved,0.029508974
4bba88e2-fa9e-4890-ae65-0fbbd71e2932,3869354,106,768,England,3336,Harry Maguire,2,69,23,From Free Kick,109.1,35.0,11.992080720208655,0.43007813505586234,False,Head,Normal,Open Play,False,False,False,6,10,118.5,39.3,120.0,36.1,Post,0.07199757
e61a35ea-0d71-406b-8c76-afbc917d2053,3869354,106,768,England,3382,Luke Shaw,2,70,31,Regular Play,108.4,21.7,21.666794871415565,1.005837018927685,False,Left Foot,Normal,Open Play,False,False,False,4,8,118.4,37.2,108.8,22.3,Blocked,0.006951497
5d1c07dc-1575-42b8-9181-03137e531a0c,3869354,106,771,France,3604,Olivier Giroud,2,74,53,Regular Play,112.9,47.0,9.970456358662823,-0.778306083723129,True,Head,Normal,Open Play,False,True,False,1,8,118.8,41.2,120.0,48.3,Off T,0.075690374
9f12f011-03e2-4c02-b566-28808c4dbaba,3869354,106,771,France,3604,Olivier Giroud,2,76,23,Regular Play,111.3,40.5,8.71435597161374,-0.05740811463679962,False,Left Foot,Volley,Open Play,True,False,False,4,8,119.0,40.5,119.0,39.3,Saved,0.20829616
2effbf64-b445-4aa5-a87e-7ff2f38c90ee,3869354,106,771,France,3604,Olivier Giroud,2,77,10,From Corner,114.7,36.4,6.407027391856537,0.5966603958773151,True,Head,Normal,Open Play,False,True,False,6,10,119.2,39.2,120.0,37.4,Goal,0.14665264
7559464d-104b-4f53-b4f6-1f71e069fb0d,3869354,106,768,England,10955,Harry Kane,2,83,35,Other,108.1,40.1,11.900420160649796,-0.008403163547647103,False,Right Foot,Normal,Penalty,False,False,False,0,1,119.7,40.1,120.0,38.7,Off T,0.7835
800fd9ae-eb95-4060-8058-645983307dfa,3869354,106,768,England,7843,Mason Mount,2,88,0,Regular Play,89.5,44.7,30.86000648088072,-0.15289569449030538,False,Right Foot,Normal,Open Play,False,False,False,5,10,118.7,39.7,120.0,45.0,Off T,0.024138648
6887a63b-4883-47d6-b1b5-d978edfda31e,3869354,106,768,England,3318,Marcus Rashford,2,100,5,From Free Kick,97.5,34.1,23.2606964642076,0.25644844167162933,False,Right Foot,Normal,Free Kick,False,False,False,7,11,118.9,41.0,120.0,43.4,Off T,0.07922588
763a44ab-1e89-44d5-bf6f-ce1831d8823d,3869552,106,771,France,3009,Kylian Mbappé Lottin,1,4,37,From Throw In,108.5,47.3,13.621306838919677,-0.5656030918734157,True,Left Foot,Normal,Open Play,False,False,False,5,9,116.8,42.6,112.6,43.9,Blocked,0.09459595
f4d06d6c-d7fb-41e4-b25e-1cb9a106f88b,3869552,106,771,France,6704,Theo Bernard François Hernández,1,4,40,From Throw In,115.7,31.5,9.525754563287885,1.1024539166065956,False,Left Foot,Half Volley,Open Play,True,False,False,5,9,116.8,34.0,120.0,38.9,Goal,0.0979349
b4b2bbe9-bd6b-4445-b010-245913557fde,3869552,106,788,Morocco,46258,Azzedine Ounahi,1,9,38,Regular Play,95.5,26.2,28.119210515233178,0.5129706303344187,False,Right Foot,Normal,Open Play,False,False,False,5,9,117.6,38.4,117.2,41.5,Saved,0.01924696
b235bbd6-6653-40c2-83d3-296d8d5326ce,3869552,106,788,Morocco,5237,Hakim Ziyech,1,16,1,Regular Play,106.4,54.6,19.952944644838762,-0.8208443036561633,False,Right Foot,Normal,Open Play,False,False,False,3,7,118.0,43.3,120.0,50.1,Off T,0.06111174
5e15d155-92bc-4aa6-8a04-66314d372114,3869552,106,771,France,3604,Olivier Giroud,1,16,32,From Goal Kick,105.4,26.8,19.68247951859724,0.7350809589359703,False,Left Foot,Normal,Open Play,False,False,False,2,5,115.9,36.1,120.0,36.2,Post,0.09802507
1c9d37cc-5b3a-4acc-9ef9-2ed4adad4eb7,3869552,106,788,Morocco,5245,Achraf Hakimi Mouh,1,25,27,From Throw In,95.3,53.3,28.05316381444346,-0.49394136891958107,False,Right Foot,Normal,Open Play,False,False,False,5,9,117.4,41.7,99.4,51.7,Blocked,0.020597277
feec1a47-a09f-40a8-b376-83235a04f754,3869552,106,771,France,10481,Aurélien Djani Tchouaméni,1,32,23,Regular Play,96.0,32.9,25.02818411311536,0.2876297944089092,False,Right Foot,Normal,Open Play,True,False,False,3,7,115.3,38.8,110.2,38.0,Blocked,0.040336993
a07f2606-64d3-4c92-b6f4-adf7f1673d18,3869552,106,771,France,3604,Olivier Giroud,1,34,5,From Corner,111.9,44.5,9.266067126888295,-0.5070985043923373,True,Head,Normal,Open Play,False,True,False,5,9,118.8,40.8,112.6,44.2,Blocked,0.060999498
7bae38bb-77db-4a42-af8f-687966177c19,3869552,106,771,France,11990,Youssouf Fofana,1,34,7,From Corner,104.3,46.5,16.992351220475644,-0.39252765593280053,False,Left Foot,Half Volley,Open Play,True,False,False,5,9,117.5,41.2,120.0,33.5,Off T,0.061363008
dbfeff49-55fe-4d47-aa30-1cb0084570bd,3869552,106,771,France,3009,Kylian Mbappé Lottin,1,35,10,From Counter,111.7,30.9,12.31665539016173,0.8313428192055683,False,Right Foot,Normal,Open Play,False,False,False,2,4,114.3,33.3,115.9,38.1,Blocked,0.15100354
65cfdd1e-7a29-4830-8194-a0869a13510b,3869552,106,771,France,3604,Olivier Giroud,1,35,14,From Counter,105.8,42.5,14.418391033676402,-0.1742704312516329,False,Left Foot,Normal,Open Play,True,False,False,3,7,113.5,39.6,120.0,35.0,Off T,0.2635025
f2b4da14-ccc5-47a3-b75f-2a3de3acc811,3869552,106,771,France,5485,Raphaël Varane,1,39,33,From Corner,113.7,47.9,10.1044544632553,-0.8976009783947029,False,Right Foot,Volley,Open Play,True,False,False,4,10,118.4,41.3,120.0,44.9,Off T,0.07554505
90d7ee1b-aa71-4292-ba17-0bcd15e6e03a,3869552,106,788,Morocco,7459,Jawad El Yamiq,1,43,53,From Corner,107.2,33.9,14.179210133149164,0.44472242396093953,False,Right Foot,Overhead Kick,Open Play,True,False,False,6,10,119.5,39.9,119.3,36.2,Saved to Post,0.06408756
d6e456e8-96e3-48a2-9ff7-b6ad878a74de,3869552,106,788,Morocco,3625,Sofiane Boufal,1,43,59,From Corner,96.7,37.2,23.467637290532675,0.11959815938954385,False,Right Foot,Half Volley,Open Play,True,False,False,8,11,118.1,38.3,120.0,31.4,Off T,0.035300843
da101356-1fad-432f-8d79-c86a952bf48f,3869552,106,771,France,4445,Jules Koundé,2,46,56,From Throw In,94.0,50.6,28.077749197540747,-0.38712003729616434,True,Right Foot,Half Volley,Open Play,False,False,False,5,10,115.6,41.9,109.3,43.2,Blocked,0.01766911
7aaedea3-0cdf-4082-8ea9-efbb40703b91,3869552,106,788,Morocco,31295,Yahia Attiyat allah,2,52,40,From Throw In,109.8,35.1,11.315917991926243,0.4478386494612324,False,Right Foot,Half Volley,Open Play,True,False,False,5,9,118.6,40.0,110.4,53.5,Wayward,0.24936919
cb9682c8-3388-4616-b615-7568171b4fd3,3869552,106,788,Morocco,5234,Sofyan Amrabat,2,53,8,From Throw In,92.5,36.0,27.789386463180506,0.14444157837464397,False,Right Foot,Normal,Open Play,False,False,False,7,11,117.4,39.8,120.0,33.5,Off T,0.020691318
fab43625-d55e-46b5-b7d6-5fcf6079868f,3869552,106,771,France,2972,Marcus Thuram,2,70,57,From Free Kick,114.5,45.5,7.7781745930520225,-0.7853981633974483,True,Head,Normal,Open Play,False,True,False,8,11,117.0,41.8,120.0,46.9,Off T,0.115658596
49890194-c2bc-4ebc-8448-540dcc8c7427,3869552,106,771,France,11990,Youssouf Fofana,2,73,31,Regular Play,111.6,27.3,15.226621424334423,0.986436694381208,False,Left Foot,Normal,Open Play,False,False,False,3,8,118.2,36.9,120.0,35.0,Off T,0.040043775
7abc91eb-f3a4-42e0-b49f-70afcab2871c,3869552,106,771,France,3009,Kylian Mbappé Lottin,2,78,48,From Goal Kick,107.2,29.8,16.36704005005181,0.6728325475937632,True,Right Foot,Normal,Open Play,False,False,False,3,8,116.5,36.7,107.9,30.3,Blocked,0.033641826
0502086f-c98a-47b2-83c0-dfb26991cbb4,3869552,106,771,France,22097,Randal Kolo Muani,2,78,49,From Goal Kick,115.6,43.8,5.8137767414994554,-0.712357598094328,False,Right Foot,Normal,Open Play,True,False,True,3,8,115.7,39.4,120.0,42.5,Goal,0.8521293
9f07925f-2297-4a73-87b4-4f90f4c588fa,3869552,106,788,Morocco,21736,Zakaria Aboukhlal,2,85,38,From Throw In,107.1,41.0,12.938701635017331,-0.0773646594279732,True,Head,Normal,Open Play,False,True,False,4,10,118.5,39.7,111.2,47.5,Wayward,0.024939176
13ef0ed6-37e7-4075-8e53-7d3d9df97a65,3869552,106,788,Morocco,149714,Abdessamad Ezzalzouli,2,92,42,From Throw In,106.9,32.9,14.900335566691103,0.4966686348850512,False,Right Foot,Normal,Open Play,False,False,False,6,10,117.0,38.6,107.8,33.5,Blocked,0.05950738
a2444b31-3332-4440-9302-e5a00e0dc734,3869552,106,788,Morocco,46258,Azzedine Ounahi,2,92,46,From Throw In,103.0,48.2,18.874321179846444,-0.4494305574713175,False,Right Foot,Normal,Open Play,False,False,False,7,10,117.4,41.5,104.0,47.9,Blocked,0.06379096
90a79133-0c36-4de1-9633-4720d9c723f3,3869552,106,788,Morocco,46258,Azzedine Ounahi,2,93,7,From Corner,98.1,48.0,23.315445524372898,-0.35023674089995127,False,Left Foot,Normal,Open Play,False,False,False,8,11,117.6,40.9,103.8,45.4,Blocked,0.03807111
8a956831-bebc-48e3-b7fc-31f0b0fe2f95,3869552,106,788,Morocco,46258,Azzedine Ounahi,2,93,35,From Corner,108.6,44.6,12.293087488503453,-0.38352751595699175,False,Right Foot,Half Volley,Open Play,False,False,False,3,9,118.1,41.4,110.7,44.0,Blocked,0.067406826
a7a84a01-7131-47ca-89fa-aa853dc9ce89,3869552,106,788,Morocco,59493,Abderrazak Hamdallah,2,93,35,From Corner,115.9,37.4,4.8548944375753385,0.5651494400067602,False,Other,Normal,Open Play,False,False,False,3,9,119.0,40.1,118.7,38.6,Blocked,0.50624365
91d32b30-deb2-4808-b61a-9e5b3cf011e0,3869420,106,781,Brazil,18395,Vinícius José Paixão de Oliveira Júnior,1,4,6,From Free Kick,98.8,20.8,28.60209782515961,0.7359335947958568,False,Right Foot,Normal,Open Play,False,False,False,5,9,118.3,37.6,117.3,39.4,Saved,0.008460451
ed5123ad-72ae-4ad6-856b-8dcb64c0d111,3869420,106,785,Croatia,5474,Ivan Perišić,1,12,4,From Throw In,112.2,43.2,8.430895563343196,-0.3893167218331413,False,Right Foot,Half Volley,Open Play,True,False,False,2,8,117.6,42.6,120.0,26.5,Off T,0.19016835
55011084-7b91-4c32-82e1-5fc3c5b3bbf0,3869420,106,785,Croatia,5460,Andrej Kramarić,1,18,26,Regular Play,99.5,27.0,24.27447218787671,0.5651494400067594,False,Right Foot,Normal,Open Play,False,False,False,4,9,118.1,37.7,101.8,28.7,Blocked,0.026674595
cf483844-b37b-4523-a73a-2524f994aabd,3869420,106,781,Brazil,18395,Vinícius José Paixão de Oliveira Júnior,1,19,51,Regular Play,103.0,34.8,17.77751388693031,0.29684467337640313,False,Right Foot,Normal,Open Play,True,False,False,5,10,117.5,38.0,108.2,36.9,Blocked,0.06970771
c8c7ae41-22c0-4874-8528-8881dd62272d,3869420,106,781,Brazil,4320,Neymar da Silva Santos Junior,1,20,4,Regular Play,107.2,24.9,19.79520143873257,0.8676494518839316,False,Right Foot,Normal,Open Play,False,False,False,6,9,117.4,36.1,116.6,35.9,Saved,0.025347186
cc0a9f11-c3bd-4c0a-9228-6f2969228b9b,3869420,106,781,Brazil,5539,Carlos Henrique Casimiro,1,22,37,Regular Play,96.4,49.8,25.55386467836127,-0.39358702636235066,False,Right Foot,Normal,Open Play,True,False,False,6,9,118.6,40.1,99.7,48.6,Blocked,0.030699778
a2ed5d94-16b5-4f43-b74f-00e91c2c87b6,3869420,106,785,Croatia,5474,Ivan Perišić,1,29,27,Regular Play,100.8,20.7,27.2237029075767,0.7879955601537487,False,Right Foot,Normal,Open Play,False,False,False,5,10,117.6,37.5,120.0,49.8,Off T,0.012010745
8a499618-5f13-46f2-b31a-2844c2731c1b,3869420,106,781,Brazil,4320,Neymar da Silva Santos Junior,1,41,33,From Free Kick,100.9,17.2,29.74306641891518,0.8734751893594291,False,Right Foot,Normal,Free Kick,False,False,False,7,11,118.9,39.6,118.7,36.9,Saved,0.008240742
aaad1164-4276-46de-9312-bb3a537ba954,3869420,106,785,Croatia,5474,Ivan Perišić,2,50,3,From Corner,111.9,41.4,8.220097323024826,-0.17114860541618196,True,Head,Normal,Open Play,False,True,False,6,11,118.3,40.2,118.5,29.4,Wayward,0.11005159
b65e77c7-0984-4355-8249-7b3f4fd4ef90,3869420,106,781,Brazil,4320,Neymar da Silva Santos Junior,2,54,19,From Goal Kick,112.6,29.0,13.257450735341244,0.978609647245254,False,Left Foot,Normal,Open Play,True,False,False,3,7,116.7,35.2,116.7,34.5,Saved,0.16692519
d87edf8c-6487-45f5-b61b-01a8501ffbe3,3869420,106,781,Brazil,5539,Carlos Henrique Casimiro,2,65,8,From Free Kick,89.1,28.8,32.8671568590896,0.34773123270828904,False,Right Foot,Normal,Free Kick,False,False,False,9,11,116.7,40.6,97.2,31.0,Blocked,0.026057322
c3bbb04a-8355-4957-b170-cb044732cba6,3869420,106,781,Brazil,22600,Lucas Tolentino Coelho de Lima,2,65,31,From Throw In,111.6,34.5,10.040418317978594,0.5797155004436785,False,Left Foot,Half Volley,Open Play,True,False,False,4,8,115.4,36.6,115.3,36.2,Saved,0.26807922
c88153f6-df99-4728-9cd7-143f8f1767fe,3869420,106,781,Brazil,13620,Éder Gabriel Militão,2,66,7,From Corner,101.4,53.7,23.100865784641055,-0.6348433164635374,False,Right Foot,Normal,Open Play,False,False,False,6,9,117.8,42.1,102.5,52.8,Blocked,0.04353941
7714adc2-7d48-488c-a24e-3c3d42000383,3869420,106,785,Croatia,5460,Andrej Kramarić,2,70,58,From Free Kick,101.2,57.3,25.54858117391257,-0.7438708049458901,False,Left Foot,Normal,Open Play,False,False,False,5,9,116.5,43.4,102.4,56.2,Blocked,0.030721588
954528be-3534-4e74-a39a-2bb679489f01,3869420,106,781,Brazil,4320,Neymar da Silva Santos Junior,2,75,47,Regular Play,114.1,28.2,13.192801067248762,1.1071487177940902,False,Left Foot,Normal,Open Play,True,False,False,2,8,115.0,31.9,115.6,31.2,Saved,0.12963046
b53fd07e-2317-4726-809e-3624bfdb518c,3869420,106,781,Brazil,22600,Lucas Tolentino Coelho de Lima,2,79,47,From Throw In,104.6,32.8,17.000000000000007,0.43733789174788396,False,Left Foot,Normal,Open Play,True,False,False,6,9,118.2,37.5,117.3,37.2,Saved,0.092192985
0bb6e24e-6f18-49af-ac19-ff2d55ac0fc7,3869420,106,781,Brazil,3280,Richarlison de Andrade,2,81,53,Regular Play,109.4,41.0,10.647065323364926,-0.09406123462798638,True,Head,Normal,Open Play,False,True,False,5,9,118.9,39.5,120.0,40.1,Off T,0.067200735
c1af8308-ebe0-4d70-8f7a-16874cf0268f,3869420,106,785,Croatia,3441,Nikola Vlašić,2,84,20,From Throw In,107.0,54.2,19.25201288177421,-0.8294872207955203,False,Right Foot,Normal,Open Play,False,False,False,5,10,117.5,42.2,108.5,52.6,Blocked,0.026884926
e0c9f75d-bd01-45b2-bbe4-00c26aeafa20,3869420,106,781,Brazil,13620,Éder Gabriel Militão,2,85,22,Regular Play,102.5,50.1,20.205444810743465,-0.5234432025921467,False,Right Foot,Normal,Open Play,True,False,False,6,10,118.4,42.2,103.6,49.7,Blocked,0.04975106
b43d9cd5-f92f-448e-9fc1-967b658adfda,3869420,106,781,Brazil,13620,Éder Gabriel Militão,2,85,24,Regular Play,104.7,46.8,16.743058263053374,-0.418224329579229,False,Left Foot,Half Volley,Open Play,True,False,False,6,10,118.2,42.1,105.5,46.2,Blocked,0.06132018
112b45ad-b869-4eb6-a4b8-a6c45cd44514,3869420,106,781,Brazil,25363,Antony Matheus dos Santos,2,93,36,From Free Kick,94.6,56.8,30.453242848668847,-0.5843596324136882,False,Left Foot,Normal,Open Play,False,False,False,5,10,117.7,41.8,118.1,43.6,Saved,0.013999131
b85a7aad-d825-414a-bc3b-836ff6fbff82,3869420,106,781,Brazil,25305,Pedro Guilherme Abreu dos Santos,3,91,16,From Corner,112.9,49.4,11.780067911519012,-0.9238996453133531,False,Head,Normal,Open Play,False,False,False,8,11,119.1,41.7,113.0,12.6,Wayward,0.057022728
a94997f3-a132-441d-89ec-527bca207787,3869420,106,781,Brazil,25305,Pedro Guilherme Abreu dos Santos,3,100,41,From Free Kick,107.2,38.8,12.856126943990555,0.0934767811585897,False,Right Foot,Volley,Open Play,True,False,False,2,8,118.6,39.7,117.5,39.1,Saved,0.113875866
2000e5bd-3c2d-43cf-a845-1761b52b4e82,3869420,106,785,Croatia,5469,Marcelo Brozović,3,102,19,Regular Play,103.7,46.4,17.511424842085233,-0.37414379064919573,False,Right Foot,Normal,Open Play,True,False,False,2,6,116.9,41.1,120.0,42.5,Off T,0.12467693
2c539757-15dd-44cc-a405-90f69b10bb5a,3869420,106,781,Brazil,3063,Danilo Luiz da Silva,3,104,8,From Throw In,96.9,22.6,28.92006224059692,0.6455757946132551,False,Right Foot,Normal,Open Play,False,False,False,6,10,118.0,37.6,120.0,47.6,Off T,0.0154907415
657ac0ef-2a18-4f8b-8515-604fc2b75326,3869420,106,781,Brazil,4320,Neymar da Silva Santos Junior,3,105,35,From Throw In,116.5,47.2,8.005623023850177,-1.11832143723283,False,Right Foot,Normal,Open Play,False,False,False,5,9,113.6,44.7,120.0,41.4,Goal,0.4674385
52e701c5-1af2-4efb-a1ef-9c46652472d7,3869420,106,785,Croatia,7693,Bruno Petković,4,116,2,Regular Play,103.2,38.6,16.85823241030921,0.08314123188844116,False,Left Foot,Normal,Open Play,True,False,False,5,7,118.2,39.6,120.0,37.2,Goal,0.09977819
35169461-baba-4e96-9af0-7be390f73bc0,3869420,106,785,Croatia,28914,Lovro Majer,4,119,45,From Free Kick,91.5,55.0,32.20636583037583,-0.4844779290370232,False,Left Foot,Normal,Open Play,False,False,False,7,10,117.1,39.8,120.0,31.5,Off T,0.01192189
3dd7d256-6e97-47b6-a7bf-ce13448396cf,3869420,106,781,Brazil,5539,Carlos Henrique Casimiro,4,121,19,From Free Kick,114.0,31.0,10.816653826391969,0.982793723247329,False,Left Foot,Half Volley,Open Play,True,False,False,7,10,118.7,37.5,118.0,37.5,Saved,0.10135116
fa03f25f-dc8f-4856-a012-e9cf31849764,3869420,106,785,Croatia,3441,Nikola Vlašić,5,120,3,Other,108.0,40.0,12.0,0.0,False,Right Foot,Normal,Penalty,False,False,False,0,0,,,120.0,39.4,Goal,0.7835
1a8b0d93-8f46-429b-8ea1-7b3f13022d9d,3869420,106,781,Brazil,25104,Rodrygo Silva de Goes,5,120,47,Other,107.9,40.0,12.099999999999994,0.0,False,Right Foot,Normal,Penalty,False,False,False,0,0,,,118.8,41.9,Saved,0.7835
4a430e36-8be9-4094-9013-735af6467c0e,3869420,106,785,Croatia,28914,Lovro Majer,5,121,38,Other,108.0,40.0,12.0,0.0,False,Left Foot,Normal,Penalty,False,False,False,0,0,,,120.0,40.1,Goal,0.7835
500ba99c-981c-4a0e-bec4-344b2155097c,3869420,106,781,Brazil,5539,Carlos Henrique Casimiro,5,122,17,Other,108.0,40.0,12.0,0.0,False,Right Foot,Normal,Penalty,False,False,False,0,0,,,120.0,36.5,Goal,0.7835
cddfb07e-935a-4003-8ff0-418c07b68f41,3869420,106,785,Croatia,5463,Luka Modrić,5,123,6,Other,108.0,40.0,12.0,0.0,False,Right Foot,Normal,Penalty,False,False,False,0,0,,,120.0,36.9,Goal,0.7835
3c1331c5-42da-4d2b-b84a-b2491a65cced,3869420,106,781,Brazil,25305,Pedro Guilherme Abreu dos Santos,5,123,49,Other,108.0,40.0,12.0,0.0,False,Right Foot,Normal,Penalty,False,False,False,0,0,,,120.0,38.5,Goal,0.7835
ae27b88d-c7af-4e24-aca8-86dc9d87604a,3869420,106,785,Croatia,16527,Mislav Oršić,5,124,34,Other,108.0,40.0,12.0,0.0,False,Right Foot,Normal,Penalty,False,False,False,0,0,,,120.0,36.5,Goal,0.7835
6aedc217-7451-4396-8020-13fd92494c3b,3869420,106,781,Brazil,4372,Marcos Aoás Corrêa,5,125,22,Other,108.0,40.0,12.0,0.0,False,Right Foot,Normal,Penalty,False,False,False,0,1,119.1,40.0,120.0,35.9,Post,0.7835
c18b1cdc-ca6e-484b-9ad3-ae2bc7cc6dff,3869220,106,788,Morocco,5245,Achraf Hakimi Mouh,1,11,4,From Free Kick,93.4,27.5,29.39064477006246,0.4392993014494115,False,Right Foot,Normal,Free Kick,False,False,False,8,11,119.1,41.4,120.0,36.8,Off T,0.041958537
b7fc04f3-2906-42ab-926a-b63ea28d71cf,3869220,106,772,Spain,5719,Marco Asensio Willemsen,1,25,57,Regular Play,115.0,25.0,15.811388300841896,1.2490457723982544,False,Left Foot,Half Volley,Open Play,False,False,False,2,4,116.8,32.2,120.0,35.8,Off T,0.025564773
9c4da7a8-5924-4b37-8764-59b14fbbf2db,3869220,106,788,Morocco,15890,Noussair Mazraoui,1,32,18,From Throw In,89.4,37.7,30.686316168611697,0.07502233044554618,False,Left Foot,Normal,Open Play,False,False,False,6,9,117.7,39.8,117.2,38.3,Saved,0.023416335
0c769fb4-29c5-40a3-9727-14c52f352640,3869220,106,788,Morocco,12149,Nayef Aguerd,1,41,52,From Free Kick,113.2,43.7,7.741446893184761,-0.49831579421030636,False,Head,Normal,Open Play,False,False,False,5,10,118.5,38.5,120.0,43.7,Off T,0.25141555
a588c52c-2204-412b-8ca7-5f9a5d06b218,3869220,106,772,Spain,16532,Daniel Olmo Carvajal,2,54,0,From Free Kick,110.2,12.6,29.099828178186893,1.227310065556462,False,Right Foot,Normal,Open Play,True,False,False,8,11,119.4,39.3,119.1,38.5,Saved,0.0073576192
f33a5a8d-7585-4055-8d75-a6c8a4b5dfec,3869220,106,772,Spain,16532,Daniel Olmo Carvajal,2,77,37,Regular Play,97.2,31.3,24.403483357914293,0.36452600240693456,False,Right Foot,Half Volley,Open Play,True,False,False,6,10,115.5,38.4,120.0,50.0,Off T,0.031760626
58d48914-c17f-454c-a663-8fb983b47949,3869220,106,772,Spain,3477,Álvaro Borja Morata Martín,2,81,0,From Corner,118.8,50.9,10.965856099730653,-1.4611461546259863,False,Right Foot,Normal,Open Play,True,False,False,5,7,118.9,43.7,118.4,0.1,Wayward,0.017266534
ed193a27-8e08-4224-8608-0818f2c4c558,3869220,106,788,Morocco,296254,Walid Cheddira,2,85,5,From Free Kick,110.6,40.8,9.433981132056608,-0.0849017934497216,False,Right Foot,Half Volley,Open Play,True,False,False,4,9,118.8,39.9,119.0,45.8,Saved Off Target,0.119254045
6907dd5a-f968-44ed-be9e-fa0dce83d74d,3869220,106,772,Spain,3477,Álvaro Borja Morata Martín,2,90,20,From Free Kick,115.3,51.1,12.054044964243333,-1.1702618114091106,False,Head,Normal,Open Play,False,False,False,6,11,119.4,44.0,120.0,37.7,Off T,0.049165204
d07f9ed6-ff50-4f64-8a79-4702889c0d40,3869220,106,772,Spain,4353,Aymeric Laporte,2,95,0,From Corner,107.7,38.8,12.358397954427586,0.09725319825156603,False,Head,Normal,Open Play,False,False,False,7,11,118.6,39.6,108.5,38.7,Blocked,0.04145577
966b275d-bde3-4aea-8b11-412b60a91021,3869220,106,772,Spain,39161,Alejandro Balde Martínez,3,99,56,From Throw In,112.5,28.9,13.396268137059666,0.9765826229944629,False,Left Foot,Normal,Open Play,False,False,False,4,8,118.9,37.0,113.4,29.9,Blocked,0.077706024
405b81d7-6eec-43ca-91b2-a06f2e2dd008,3869220,106,772,Spain,6765,Rodrigo Hernández Cascante,3,102,51,Regular Play,79.9,46.8,40.672472263190485,-0.16797809589491614,False,Right Foot,Normal,Open Play,False,False,False,8,11,118.8,40.4,120.0,37.2,Off T,0.0056476467
6ece6c28-0fbd-48c5-9e57-5136be5695ec,3869220,106,788,Morocco,296254,Walid Cheddira,3,103,35,From Goal Kick,109.7,47.1,12.509996003196802,-0.6035224216699946,True,Left Foot,Normal,Open Play,False,False,False,4,9,116.6,42.5,116.3,42.3,Saved,0.1301347
487e6618-8287-4346-9221-ec6bd1666314,3869220,106,772,Spain,6840,Marcos Llorente Moreno,3,106,9,From Corner,100.3,53.3,23.769307941124413,-0.5938368430683219,False,Right Foot,Half Volley,Open Play,True,False,False,8,10,113.6,45.9,109.5,46.2,Blocked,0.024551911
e7a34ed0-521e-4440-9ee5-a8134e0f7dd0,3869220,106,788,Morocco,3634,Abdelhamid Sabiri,4,105,1,From Kick Off,59.6,39.7,60.400745028517655,0.004966846573500851,False,Right Foot,Lob,Open Play,True,False,False,6,11,114.7,39.5,120.0,51.1,Off T,0.004195439
990bd967-1e5e-4380-baf7-13af7ddde792,3869220,106,772,Spain,5203,Sergio Busquets i Burgos,4,120,46,Regular Play,102.6,47.1,18.792817777012583,-0.3874232628487857,False,Left Foot,Normal,Open Play,False,False,False,6,11,115.2,41.8,103.9,46.8,Blocked,0.0709334
b3de284b-d1cf-4fed-970c-400550d89daa,3869220,106,772,Spain,6583,Carlos Soler Barragán,4,121,22,Regular Play,104.3,44.4,16.30490723677998,-0.27324494215625855,False,Head,Normal,Open Play,False,False,False,5,10,116.7,40.8,111.6,40.4,Blocked,0.039505202
79542497-53b6-4d25-8a88-d0c18a6d453a,3869220,106,772,Spain,6720,Pablo Sarabia García,4,122,22,From Corner,117.8,48.1,8.39344982709732,-1.3055892093430714,False,Right Foot,Volley,Open Play,True,False,False,5,8,119.3,43.1,120.0,36.1,Post,0.10407615
07875275-5ae1-4193-a471-8f88db7f9887,3869220,106,788,Morocco,3634,Abdelhamid Sabiri,5,120,7,Other,108.0,40.0,12.0,0.0,False,Right Foot,Normal,Penalty,False,False,False,0,0,,,120.0,43.0,Goal,0.7835
f8d211fa-5374-4310-a982-8699c7335255,3869220,106,772,Spain,6720,Pablo Sarabia García,5,121,0,Other,108.0,40.0,12.0,0.0,False,Left Foot,Normal,Penalty,False,False,False,0,1,119.5,40.3,120.0,44.0,Post,0.7835
f6e7d4d9-0029-4c12-adb3-0a4805479609,3869220,106,788,Morocco,5237,Hakim Ziyech,5,121,51,Other,108.0,40.0,12.0,0.0,False,Left Foot,Normal,Penalty,False,False,False,0,0,,,120.0,40.0,Goal,0.7835
243c4452-6d54-401b-a681-4449fd9da7c6,3869220,106,772,Spain,6583,Carlos Soler Barragán,5,122,44,Other,108.0,40.0,12.0,0.0,False,Right Foot,Normal,Penalty,False,False,False,0,0,,,119.4,42.7,Saved,0.7835
1ca8275a-6f22-45e8-802a-445717e96337,3869220,106,788,Morocco,67700,Badr Banoun,5,123,36,Other,108.0,40.0,12.0,0.0,False,Right Foot,Normal,Penalty,False,False,False,0,0,,,119.3,37.2,Saved,0.7835
2dbf7685-1e38-42ea-9033-edf9f79d57f1,3869220,106,772,Spain,5203,Sergio Busquets i Burgos,5,124,31,Other,108.0,40.0,12.0,0.0,False,Right Foot,Normal,Penalty,False,False,False,0,0,,,119.6,37.3,Saved,0.7835
08590ee6-ef11-4025-8648-2a8496c30c1f,3869220,106,788,Morocco,5245,Achraf Hakimi Mouh,5,125,36,Other,108.0,40.0,12.0,0.0,False,Right Foot,Normal,Penalty,False,False,False,0,0,,,120.0,40.1,Goal,0.7835
3e282518-80cc-4cba-a8bf-f978a3bdc68b,3869219,106,778,Japan,37215,Shogo Taniguchi,1,2,9,From Corner,112.6,38.8,7.496665925596531,0.16076274062583495,True,Head,Normal,Open Play,False,True,False,7,11,118.8,39.6,120.0,34.3,Off T,0.11361285
d2902ca7-330f-40ca-bdcc-80ebce314510,3869219,106,785,Croatia,5474,Ivan Perišić,1,7,31,From Goal Kick,116.7,29.0,11.484337159801605,1.2793395323170298,False,Right Foot,Normal,Open Play,False,False,False,2,7,119.0,35.8,118.8,35.6,Saved,0.05943511
05b85723-782e-406a-8111-015340f46439,3869219,106,785,Croatia,5460,Andrej Kramarić,1,7,34,From Goal Kick,114.5,38.3,5.756735185849703,0.2997760700999801,True,Left Foot,Half Volley,Open Play,False,False,False,3,7,119.4,39.4,115.2,38.4,Blocked,0.17775308
84a3ecd6-bec2-4e73-96a2-682de9882869,3869219,106,785,Croatia,33018,Joško Gvardiol,1,23,47,From Free Kick,101.1,43.6,19.239802493788762,-0.18822150530477078,False,Left Foot,Normal,Open Play,True,False,False,6,10,118.6,40.1,120.0,34.3,Off T,0.061746918
edc46c5b-cc9d-4a0d-b880-d880335d6f27,3869219,106,778,Japan,9411,Daichi Kamada,1,40,7,Regular Play,114.1,28.8,12.658988901172165,1.0859504801880133,False,Right Foot,Normal,Open Play,False,False,False,6,9,116.2,34.2,117.3,80.0,Wayward,0.08994952
a17c568a-4df5-4c2f-81e2-4cc89d924ae8,3869219,106,778,Japan,30628,Daizen Maeda,1,42,54,From Corner,113.5,44.3,7.7935871073594845,-0.584443899709351,True,Left Foot,Half Volley,Open Play,True,False,False,5,9,118.9,38.7,120.0,41.3,Goal,0.45874894
97734f34-6e02-4e86-b03d-c9d858dd8c92,3869219,106,778,Japan,9411,Daichi Kamada,2,45,27,From Counter,94.7,38.3,25.357050301641944,0.0670928226993519,False,Right Foot,Normal,Open Play,False,False,False,4,8,118.7,39.3,120.0,42.6,Off T,0.03904812
f37a0c66-833e-4fe3-ac62-b3841656a294,3869219,106,785,Croatia,5456,Mateo Kovačić,2,48,13,From Throw In,100.1,47.1,21.12865353021816,-0.34270557048558287,False,Right Foot,Volley,Open Play,True,False,False,6,11,118.9,41.3,120.0,34.3,Off T,0.02993381
5552d4ee-1ebc-4ec4-9f36-6a0524b2cb44,3869219,106,778,Japan,37221,Hidemasa Morita,2,49,22,Regular Play,98.2,36.8,22.033610689126736,0.14574812670843748,False,Right Foot,Half Volley,Open Play,True,False,False,5,9,117.0,39.7,109.0,35.4,Wayward,0.041140273
5ce4d362-ebd6-4ea8-8544-e47d5f5f2454,3869219,106,785,Croatia,5474,Ivan Perišić,2,54,54,Regular Play,106.0,34.1,15.192432326655268,0.39884173045761395,False,Head,Normal,Open Play,False,False,False,7,11,119.2,39.6,120.0,43.7,Goal,0.02684295
74935b33-b8d3-4ab4-919d-9a9ed80a3bcd,3869219,106,778,Japan,23721,Wataru Endo,2,56,56,From Throw In,94.4,52.9,28.666531007430944,-0.46676772368086655,False,Right Foot,Normal,Open Play,False,False,False,5,10,119.1,41.7,119.2,41.7,Saved,0.019910807
ddddef93-1105-425d-99f4-011605e72ad4,3869219,106,778,Japan,23721,Wataru Endo,2,59,48,Regular Play,90.0,41.9,30.060106453570654,-0.06324885753307317,True,Right Foot,Normal,Open Play,False,False,False,7,11,118.6,40.2,91.1,41.8,Blocked,0.020528734
cda7fa73-f09c-46df-8e56-f4b6baa17185,3869219,106,778,Japan,37221,Hidemasa Morita,2,59,49,Regular Play,97.8,36.3,22.506221362103418,0.16514867741462694,False,Right Foot,Normal,Open Play,True,False,False,6,10,118.4,39.3,99.7,36.6,Blocked,0.052081473
bb569056-5824-4a84-9bf7-098df409c1fb,3869219,106,778,Japan,8361,Ritsu Doan,2,59,52,Regular Play,100.4,43.7,19.94617757867406,-0.1865798557476334,False,Left Foot,Normal,Open Play,False,False,False,6,9,118.9,41.2,118.5,42.0,Saved,0.056113943
45501bff-d6b1-4cb6-a6b3-458e422a236a,3869219,106,785,Croatia,5463,Luka Modrić,2,62,13,Regular Play,96.3,48.9,25.316002844051035,-0.3592329910883036,False,Right Foot,Half Volley,Open Play,False,False,False,5,10,118.7,40.6,118.0,38.1,Saved,0.031055314
31749268-4467-46db-b470-7e9125d6d734,3869219,106,785,Croatia,5474,Ivan Perišić,2,65,32,Regular Play,95.5,48.2,25.83582783655287,-0.32297454399348,False,Left Foot,Normal,Open Play,False,False,False,6,10,117.9,41.1,97.0,47.9,Blocked,0.018378427
c0055f4a-4e53-4244-a1b0-af09963873fd,3869219,106,785,Croatia,5460,Andrej Kramarić,2,65,52,Regular Play,98.9,23.8,26.601691675530706,0.6547788261316799,False,Right Foot,Normal,Open Play,False,False,False,7,10,118.5,37.3,101.5,26.1,Blocked,0.018472007
605589a6-a83f-4533-b88f-a8e775efa581,3869219,106,785,Croatia,8654,Ante Budimir,2,65,53,Regular Play,109.5,45.1,11.673045875006233,-0.4521538622857757,False,Head,Normal,Open Play,False,False,False,6,10,119.2,40.8,120.0,45.1,Off T,0.10111922
3e14ff6c-b675-4433-b70b-f1362675d101,3869219,106,785,Croatia,11603,Mario Pašalić,2,73,43,From Free Kick,107.5,44.5,13.285330255586423,-0.34555558058171215,False,Head,Normal,Open Play,False,False,False,5,11,118.9,40.5,120.0,31.7,Off T,0.035465226
a99de16f-d5a2-4386-82e7-51dca208bd8c,3869219,106,785,Croatia,5474,Ivan Perišić,2,76,37,From Throw In,98.1,30.4,23.911712611187017,0.41312883227840136,False,Left Foot,Normal,Open Play,False,False,False,2,8,116.0,38.5,99.9,30.9,Blocked,0.030077945
78a794a1-c48c-4699-904a-5ca28cb9cc15,3869219,106,785,Croatia,11603,Mario Pašalić,2,85,42,From Throw In,110.5,42.8,9.904039579888602,-0.2866212422254523,True,Head,Normal,Open Play,False,True,False,3,8,119.5,39.7,120.0,49.5,Off T,0.052599985
0ac4b920-e24a-478f-902c-d3793cf26db0,3869219,106,778,Japan,37215,Shogo Taniguchi,3,91,35,From Corner,114.6,49.3,10.754068997360953,-1.0447299077981325,False,Head,Normal,Open Play,False,False,False,6,11,119.0,41.1,120.0,46.7,Off T,0.0608747
23c0f102-912d-4b11-93b7-08f61a961924,3869219,106,785,Croatia,5474,Ivan Perišić,3,100,24,From Throw In,107.2,34.1,14.094325099131208,0.4319122354723482,False,Right Foot,Half Volley,Open Play,True,False,False,5,11,119.3,40.1,108.3,34.3,Blocked,0.07439702
9373957f-01f1-44d3-a2af-6a412ae43caf,3869219,106,785,Croatia,11127,Borna Barišić,3,100,26,From Throw In,95.1,31.3,26.376125568399925,0.33613805078556774,False,Left Foot,Volley,Open Play,True,False,False,6,11,119.2,39.4,97.3,31.9,Blocked,0.015196718
e1912d47-5dce-4b37-8d31-b6e9482be999,3869219,106,778,Japan,37211,Kaoru Mitoma,3,104,5,From Throw In,99.8,34.6,20.909328061896204,0.261218534614535,False,Right Foot,Normal,Open Play,False,False,False,3,8,118.6,39.1,117.9,38.9,Saved,0.054134306
142a9ff0-352e-46d8-9bef-e8c1372b8f37,3869219,106,778,Japan,23721,Wataru Endo,3,104,9,From Throw In,95.7,37.1,24.4724334711528,0.11877978621987091,False,Right Foot,Volley,Open Play,True,False,False,4,9,118.6,39.4,101.9,36.9,Blocked,0.02615668
f68691b4-7768-4512-9505-335fcb58785c,3869219,106,778,Japan,8776,Takumi Minamino,3,104,20,From Throw In,102.6,40.3,17.402586014727817,-0.017239671194529526,False,Right Foot,Volley,Open Play,True,False,False,6,11,119.3,40.1,104.2,40.4,Blocked,0.03667642
8aafb6ab-26fa-4ccb-87b7-a9c4e9aae35b,3869219,106,785,Croatia,22041,Marko Livaja,4,113,42,From Throw In,112.8,47.7,10.541821474489126,-0.8189426229591267,True,Head,Normal,Open Play,False,True,False,6,11,119.2,41.7,118.9,40.3,Saved,0.047236525
69de8840-7050-44c6-a13a-aac71b5f6cef,3869219,106,785,Croatia,16527,Mislav Oršić,4,120,10,From Throw In,106.8,19.7,24.214252001662164,0.9942479760115368,False,Right Foot,Normal,Open Play,False,False,False,5,10,118.6,36.4,110.9,27.0,Blocked,0.009676031
5e58555c-4442-4907-8029-0dbd3d58d2a3,3869219,106,785,Croatia,28914,Lovro Majer,4,120,18,From Throw In,99.8,33.0,21.378493866500513,0.33358432149979306,False,Right Foot,Normal,Open Play,True,False,False,5,9,117.9,37.9,120.0,34.3,Off T,0.06501122
7e8a4838-4396-44cb-af8e-51df3abdd7b8,3869219,106,778,Japan,8776,Takumi Minamino,5,120,4,Other,108.1,40.1,11.900420160649796,-0.008403163547647103,False,Right Foot,Normal,Penalty,False,False,False,0,0,,,119.1,41.9,Saved,0.7835
a082197d-6235-4da0-92fc-a1aa9379bc0d,3869219,106,785,Croatia,3441,Nikola Vlašić,5,120,43,Other,108.1,40.1,11.900420160649796,-0.008403163547647103,False,Right Foot,Normal,Penalty,False,False,False,0,0,,,120.0,36.8,Goal,0.7835
bccd6f5b-3d78-448c-bde8-793467426a12,3869219,106,778,Japan,37211,Kaoru Mitoma,5,121,13,Other,108.1,40.1,11.900420160649796,-0.008403163547647103,False,Right Foot,Normal,Penalty,False,False,False,0,0,,,118.9,37.5,Saved,0.7835
54be1e85-59c1-43cd-8da4-26db10dcd2b7,3869219,106,785,Croatia,5469,Marcelo Brozović,5,121,52,Other,108.1,40.1,11.900420160649796,-0.008403163547647103,False,Right Foot,Normal,Penalty,False,False,False,0,0,,,120.0,39.9,Goal,0.7835
2e48e56e-491c-4194-865d-be0b40fafb69,3869219,106,778,Japan,8949,Takuma Asano,5,122,33,Other,108.1,40.1,11.900420160649796,-0.008403163547647103,False,Right Foot,Normal,Penalty,False,False,False,0,0,,,120.0,41.9,Goal,0.7835
f33dea9d-c828-4298-9983-d63a2db7557b,3869219,106,785,Croatia,22041,Marko Livaja,5,123,13,Other,108.1,40.1,11.900420160649796,-0.008403163547647103,False,Right Foot,Normal,Penalty,False,False,False,0,1,119.6,39.9,120.0,36.1,Post,0.7835
2cdf3402-4fcf-45ef-9d91-8474453e45ad,3869219,106,778,Japan,3300,Maya Yoshida,5,123,50,Other,108.1,40.1,11.900420160649796,-0.008403163547647103,False,Right Foot,Normal,Penalty,False,False,False,0,0,,,118.9,37.5,Saved,0.7835
d38acc97-e85e-43e6-9798-dac321842497,3869219,106,785,Croatia,11603,Mario Pašalić,5,124,28,Other,108.1,40.1,11.900420160649796,-0.008403163547647103,False,Right Foot,Normal,Penalty,False,False,False,0,0,,,120.0,36.5,Goal,0.7835
d1ec79ed-46cc-4c51-8fac-aeb33943dc28,3869253,106,781,Brazil,4320,Neymar da Silva Santos Junior,1,6,39,From Free Kick,111.3,44.4,9.749358953285084,-0.4682347327902031,False,Right Foot,Normal,Open Play,True,False,False,5,9,119.4,43.2,111.4,32.9,Wayward,0.083826184
44854e05-f6c8-4c2a-a7ef-9dc2ae4c7f09,3869253,106,781,Brazil,18395,Vinícius José Paixão de Oliveira Júnior,1,6,41,From Free Kick,110.0,29.9,14.213022197970425,0.7903732467283024,False,Right Foot,Normal,Open Play,False,False,False,4,9,114.3,34.8,120.0,41.7,Goal,0.13057186
ba9547df-81eb-4cc8-acc3-63ebec6f2c39,3869253,106,781,Brazil,4320,Neymar da Silva Santos Junior,1,12,18,Other,108.0,40.0,12.0,0.0,False,Right Foot,Normal,Penalty,False,False,False,0,0,,,120.0,42.3,Goal,0.7835
a19eb2c7-c412-4481-bf03-a3080127d8d1,3869253,106,791,South Korea,5620,Hee-Chan Hwang,1,16,15,Regular Play,90.4,28.0,31.939943644283403,0.38515750636347423,False,Right Foot,Normal,Open Play,False,False,False,6,11,117.8,40.1,117.9,42.1,Saved,0.016991004
ad60d052-a0ce-4bfe-8290-d557e0cb3a11,3869253,106,791,South Korea,23763,In-Beom Hwang,1,16,40,From Corner,91.7,46.4,29.01465147128257,-0.2224072462167426,False,Left Foot,Normal,Open Play,False,False,False,8,10,117.5,40.9,120.0,42.9,Off T,0.026666574
7f42485f-775b-45fb-932e-39c8eb885b90,3869253,106,791,South Korea,5620,Hee-Chan Hwang,1,24,57,From Corner,82.7,33.0,37.95115281516492,0.18550981467540772,False,Right Foot,Normal,Open Play,False,False,False,7,9,117.4,40.1,117.3,42.0,Saved,0.0058221314
35028f1d-c785-47f4-88d5-a82cc91ceb62,3869253,106,781,Brazil,3280,Richarlison de Andrade,1,28,13,From Corner,110.7,43.3,9.868130522039113,-0.3409789534963492,False,Left Foot,Normal,Open Play,False,False,False,6,9,117.0,41.5,120.0,37.4,Goal,0.5379008
bc4fd99a-0a91-4d45-b46d-10786f668f0a,3869253,106,781,Brazil,10595,Raphael Dias Belloli,1,30,19,Regular Play,94.7,30.7,26.95514793133215,0.35225751877526695,False,Left Foot,Normal,Open Play,False,False,False,7,10,117.9,39.7,120.0,42.0,Off T,0.02589997
95582d85-7eed-4aeb-bbe6-2b1a429b6295,3869253,106,791,South Korea,5620,Hee-Chan Hwang,1,31,37,From Goal Kick,119.3,30.8,9.226592003551474,1.4948556905290016,False,Right Foot,Normal,Open Play,False,False,False,5,8,119.4,34.4,119.5,34.1,Saved,0.017834108
d2740e3a-0982-4c1f-81ec-54f12ed1bcd4,3869253,106,781,Brazil,5539,Carlos Henrique Casimiro,1,33,37,From Throw In,93.6,43.2,26.593232221751464,-0.1206236685801028,False,Right Foot,Normal,Open Play,True,False,False,7,10,118.0,41.4,120.0,31.5,Off T,0.029429397
75e1dbd2-f601-4261-992d-106488c7219b,3869253,106,781,Brazil,22600,Lucas Tolentino Coelho de Lima,1,35,45,From Throw In,110.0,44.8,11.092339699089637,-0.4475199751571696,True,Right Foot,Volley,Open Play,True,False,False,4,7,118.9,40.2,120.0,37.3,Goal,0.08633457
afbe9884-329f-4721-a822-ccba6d081310,3869253,106,781,Brazil,22600,Lucas Tolentino Coelho de Lima,1,45,14,Regular Play,112.0,49.2,12.191800523302538,-0.8550527371260167,False,Left Foot,Normal,Open Play,True,False,False,5,9,117.6,43.8,117.1,44.2,Saved,0.2577265
08678f16-67ff-4ff5-905e-d9cc75db1d2d,3869253,106,781,Brazil,3280,Richarlison de Andrade,1,48,8,From Counter,110.3,51.6,15.121177202850316,-0.8743645721154781,False,Right Foot,Normal,Open Play,False,False,False,2,6,114.8,47.1,114.2,46.3,Saved,0.2681848
b2459e0f-b8bd-4069-a41c-daf9dc5b3f8f,3869253,106,781,Brazil,4320,Neymar da Silva Santos Junior,1,48,9,From Counter,111.4,42.3,8.902246907382422,-0.26132598062250223,True,Other,Normal,Open Play,False,False,False,2,6,114.2,48.2,120.0,45.0,Off T,0.26870713
40ede36e-9124-4cb3-9065-f0a66eb450dd,3869253,106,781,Brazil,10595,Raphael Dias Belloli,2,45,23,From Kick Off,104.3,51.7,19.580091930325562,-0.6404367670059468,False,Left Foot,Normal,Open Play,False,False,False,3,7,116.8,42.5,116.5,41.4,Saved,0.04634087
34f546bf-8be7-4a35-9e42-bfd908c2f766,3869253,106,791,South Korea,3083,Heung-Min Son,2,46,16,Regular Play,105.3,27.9,19.039432764659775,0.6886858954934112,False,Right Foot,Normal,Open Play,False,False,False,3,5,113.3,34.6,112.9,34.9,Saved,0.1490943
087430be-d99a-4344-b82c-58aeae623cf1,3869253,106,781,Brazil,10595,Raphael Dias Belloli,2,53,52,From Throw In,110.4,50.6,14.301048912579802,-0.83486273199904,False,Left Foot,Normal,Open Play,False,False,False,6,10,118.5,42.6,118.0,41.4,Saved,0.080992505
c1a1f95e-48fa-4cf7-af57-c2bbb640af4c,3869253,106,781,Brazil,18395,Vinícius José Paixão de Oliveira Júnior,2,53,59,From Throw In,110.4,26.8,16.32176461048253,0.9420000403794639,True,Right Foot,Normal,Open Play,False,False,False,6,9,118.9,37.9,120.0,32.5,Off T,0.05640157
2679ed63-ee3c-478e-b615-367b96b18164,3869253,106,781,Brazil,10595,Raphael Dias Belloli,2,57,0,From Free Kick,91.0,34.0,29.614185789921695,0.20401797959254858,False,Left Foot,Normal,Free Kick,False,False,False,7,10,119.0,40.4,100.8,34.8,Blocked,0.04321825
51025cec-c9df-439b-9017-d52381d11adc,3869253,106,781,Brazil,10595,Raphael Dias Belloli,2,61,39,Regular Play,114.6,51.1,12.343824366864594,-1.1180178549713604,False,Right Foot,Normal,Open Play,False,False,False,4,9,118.3,44.2,117.9,44.1,Saved,0.16284284
1e78d87e-7adf-4d14-8311-7ce4b0f783ed,3869253,106,791,South Korea,5620,Hee-Chan Hwang,2,67,34,Regular Play,106.8,51.7,17.638877515306923,-0.7252299122424386,False,Right Foot,Half Volley,Open Play,True,False,False,5,9,117.1,42.7,116.4,42.1,Saved,0.04724954
92e9b5f4-c7e1-4758-91bb-ee3ed2fd7c3c,3869253,106,791,South Korea,23264,Seung-Ho Paik,2,75,47,From Free Kick,93.7,39.8,26.300760445279902,0.0076044161536934635,False,Left Foot,Half Volley,Open Play,False,False,False,8,11,117.8,40.2,120.0,43.4,Goal,0.023081098
1ea14c9e-dd01-4af6-868c-584633f0088c,3869253,106,781,Brazil,4324,Daniel Alves da Silva,2,88,28,From Free Kick,111.1,53.1,15.837297749300546,-0.9740373796219511,False,Right Foot,Overhead Kick,Open Play,True,False,False,5,9,119.0,40.6,116.2,45.0,Blocked,0.027839905
3b3d795f-7050-4264-8752-0722213c0713,3869253,106,781,Brazil,11493,Gleison Bremer Silva Nascimento,2,89,3,From Corner,116.1,41.0,4.026164427839484,-0.25100268664303427,False,Head,Normal,Open Play,False,False,False,7,11,116.8,40.1,116.7,40.3,Saved,0.34439024
6e8aca58-362d-4573-b02c-809f8438cacb,3869253,106,791,South Korea,5620,Hee-Chan Hwang,2,89,49,From Goal Kick,112.9,53.6,15.341773039645709,-1.0896577903234415,False,Right Foot,Half Volley,Open Play,False,False,False,2,5,117.9,44.4,120.0,45.9,Off T,0.058088522
f592c88a-4f84-4c9e-9bfb-da5bef69f00c,3869253,106,781,Brazil,4324,Daniel Alves da Silva,2,92,41,From Throw In,88.4,46.1,32.18338080438411,-0.19069243050859566,False,Right Foot,Normal,Open Play,False,False,False,9,10,117.4,40.3,120.0,32.4,Off T,0.027316706
31fad68d-426e-4288-89c0-71ba4c143506,3869152,106,771,France,5485,Raphaël Varane,1,3,12,From Corner,114.3,40.0,5.700000000000003,0.0,True,Head,Normal,Open Play,False,True,False,7,11,117.8,40.0,120.0,47.8,Off T,0.1462742
7cd0dae7-40fb-46a6-95f2-a3969d1cc578,3869152,106,771,France,5477,Ousmane Dembélé,1,10,1,From Corner,116.0,51.8,12.459534501738014,-1.243969673864956,False,Right Foot,Normal,Open Play,False,False,False,3,10,118.5,44.2,116.3,50.9,Blocked,0.040392082
69bb74b1-68af-4b20-a197-0c46604b417b,3869152,106,771,France,10481,Aurélien Djani Tchouaméni,1,12,5,From Free Kick,87.8,30.9,33.46117152760794,0.2754261036960354,False,Right Foot,Normal,Open Play,False,False,False,7,10,117.9,38.0,117.7,37.0,Saved,0.017185243
bffd8808-bde3-4471-b4ec-a2f2d980107b,3869152,106,771,France,5477,Ousmane Dembélé,1,16,5,From Free Kick,99.2,46.7,21.8524598157736,-0.3116206548833587,False,Left Foot,Normal,Open Play,False,False,False,4,7,115.1,41.9,114.6,41.5,Saved,0.07651916
189cd753-a975-4179-b545-89a4e9fc2e38,3869152,106,789,Poland,5668,Robert Lewandowski,1,20,9,Regular Play,92.5,43.3,27.69729228643118,-0.11942892601833835,False,Left Foot,Normal,Open Play,False,False,False,4,8,117.7,40.9,120.0,45.8,Off T,0.03323787
aaa15453-3b82-4a91-9257-54793d844cb1,3869152,106,771,France,4445,Jules Koundé,1,21,22,From Goal Kick,94.5,56.1,30.157254516948324,-0.5631687035765569,False,Right Foot,Normal,Open Play,False,False,False,4,10,117.6,41.3,117.2,41.1,Saved,0.01624438
87b6c4e5-8879-49ac-bb0d-d732354d78e0,3869152,106,789,Poland,7979,Przemysław Frankowski,1,24,4,Regular Play,109.5,24.7,18.55640051303054,0.9693416199346235,False,Right Foot,Normal,Open Play,True,False,False,4,9,118.1,36.8,111.8,28.0,Blocked,0.043646414
03ad5797-0787-4b37-9f9e-9c91d1d19bf0,3869152,106,789,Poland,5668,Robert Lewandowski,1,32,21,From Free Kick,94.8,26.6,28.54119829299394,0.4887207234215711,False,Right Foot,Normal,Free Kick,False,False,False,6,10,118.1,39.7,103.6,31.1,Blocked,0.042642463
44377d04-8e4c-4a86-8fa7-02f89b98ad81,3869152,106,789,Poland,4734,Matty Cash,1,33,57,Regular Play,99.1,56.2,26.44333564435471,-0.6593847955782725,False,Right Foot,Normal,Open Play,True,False,False,6,9,117.0,41.2,120.0,6.9,Wayward,0.023505978
982df7d3-5406-4586-bedd-ce5132be5608,3869152,106,771,France,3009,Kylian Mbappé Lottin,1,34,52,From Goal Kick,111.5,24.9,17.328012003689288,1.0580924999431158,False,Left Foot,Normal,Open Play,False,False,False,4,10,118.2,36.3,118.8,35.5,Saved,0.047962468
e042d4ce-1bdb-44d2-a0db-36924a2cec20,3869152,106,771,France,3604,Olivier Giroud,1,35,31,From Corner,105.2,44.5,15.469001260585634,-0.29517194766377935,False,Left Foot,Half Volley,Open Play,True,False,False,8,11,119.2,40.5,117.8,45.2,Wayward,0.046657436
cd7ccad2-865a-456d-b56b-e0150001b529,3869152,106,789,Poland,5660,Piotr Zieliński,1,37,8,From Throw In,106.6,41.6,13.495184326269877,-0.11884034456776525,False,Right Foot,Normal,Open Play,True,False,False,5,9,117.2,40.4,117.2,41.4,Saved,0.13905574
61add723-da40-461f-b9a1-d8d4878c2f61,3869152,106,789,Poland,5660,Piotr Zieliński,1,37,9,From Throw In,111.4,43.9,9.442986815621415,-0.4257510691619679,False,Left Foot,Half Volley,Open Play,True,False,False,7,9,117.4,41.2,115.5,42.7,Blocked,0.2098723
8d35767c-57ec-4a24-81c1-3f2a3f3dcc78,3869152,106,789,Poland,31955,Jakub Kamiński,1,37,10,From Throw In,114.1,50.5,12.044085685513869,-1.0588591504876923,False,Right Foot,Half Volley,Open Play,True,False,False,7,9,119.0,43.5,119.0,40.8,Blocked,0.07224382
3dfb5a79-95c5-4e66-88fb-ddf16a823d7b,3869152,106,771,France,3604,Olivier Giroud,1,43,28,From Throw In,105.6,32.3,16.3294213002176,0.49103801747566866,False,Left Foot,Normal,Open Play,False,False,False,4,10,114.7,36.7,120.0,43.2,Goal,0.28635955
a3db0203-805f-47e3-a481-cc660770e431,3869152,106,789,Poland,31955,Jakub Kamiński,1,45,24,From Throw In,108.8,51.7,16.196604582442585,-0.8072287559017326,False,Right Foot,Half Volley,Open Play,False,False,False,5,10,118.1,42.1,110.0,50.6,Blocked,0.03898995
527eca36-6d4e-43e0-ba5a-ab3313ad6128,3869152,106,771,France,5487,Antoine Griezmann,2,47,38,From Free Kick,106.9,63.2,26.64301034042512,-1.056771210613033,False,Left Foot,Normal,Free Kick,False,False,False,9,11,119.6,41.7,118.9,42.5,Saved,0.008752431
9caab947-e53e-460b-84d5-a5b7f974f3e7,3869152,106,771,France,6704,Theo Bernard François Hernández,2,47,41,From Free Kick,98.0,38.5,22.051077071199945,0.06807645825799948,False,Right Foot,Volley,Open Play,True,False,False,7,11,118.0,40.6,120.0,60.5,Off T,0.032634486
f814b114-cf7e-454e-8c60-8d301b5a49c9,3869152,106,771,France,3009,Kylian Mbappé Lottin,2,55,53,From Throw In,102.0,26.7,22.380571931923456,0.6363519901994704,False,Right Foot,Normal,Open Play,False,False,False,5,8,118.0,37.7,105.0,28.3,Blocked,0.02943752
6501acc8-ffc7-4246-82e8-43e7a8cf7c47,3869152,106,771,France,3009,Kylian Mbappé Lottin,2,62,41,Regular Play,110.2,26.3,16.84428686528462,0.949856709796727,False,Right Foot,Normal,Open Play,True,False,False,6,10,118.3,36.4,110.6,53.7,Wayward,0.054253228
7591bf5f-3557-4f9a-b967-485aebef76d4,3869152,106,771,France,3604,Olivier Giroud,2,65,8,Regular Play,115.8,46.8,7.992496481075233,-1.0175020014726035,True,Left Foot,Volley,Open Play,True,False,False,4,8,118.5,43.0,120.0,44.8,Off T,0.12365263
510bb5aa-f782-4a22-be23-8274be45b104,3869152,106,789,Poland,3034,Kamil Glik,2,70,58,From Free Kick,114.0,32.0,10.0,0.9272952180016122,True,Head,Normal,Open Play,False,True,False,7,11,118.7,39.1,120.0,41.8,Off T,0.041239407
c5b96634-9e00-4135-a499-bdfc1c58b06a,3869152,106,771,France,3009,Kylian Mbappé Lottin,2,73,56,Regular Play,104.8,28.6,19.0,0.6435011087932843,False,Right Foot,Normal,Open Play,False,False,False,2,7,117.6,38.6,120.0,37.3,Goal,0.08738103
3b650254-e765-40a1-819e-9b67473829f3,3869152,106,771,France,6704,Theo Bernard François Hernández,2,80,58,From Free Kick,105.0,33.4,16.387800340497197,0.414506874584786,False,Right Foot,Normal,Open Play,False,False,False,7,11,117.7,38.3,120.0,44.9,Off T,0.069959894
2d38130f-3d62-4369-8a2b-ec7866353b92,3869152,106,771,France,3009,Kylian Mbappé Lottin,2,90,5,Regular Play,106.2,25.2,20.23561217260303,0.8203489599281012,False,Right Foot,Normal,Open Play,False,False,False,4,10,118.0,37.2,120.0,42.6,Goal,0.042708755
5dc61ca6-7468-40cf-b756-0517d2693285,3869152,106,789,Poland,5668,Robert Lewandowski,2,91,50,From Kick Off,105.6,48.7,16.82408987137195,-0.5434775947130434,True,Right Foot,Half Volley,Open Play,True,False,False,3,8,117.5,42.3,120.0,28.0,Wayward,0.061160102
bbc46428-10c1-4bec-8eef-51410db15dba,3869152,106,789,Poland,5668,Robert Lewandowski,2,93,41,Regular Play,113.0,40.0,7.0,0.0,True,Head,Normal,Open Play,False,True,False,4,10,118.3,40.7,113.9,39.6,Blocked,0.10443308
36c25c99-7fd8-41f4-9467-18c23d474d37,3869152,106,789,Poland,5668,Robert Lewandowski,2,98,36,Other,108.0,40.0,12.0,0.0,False,Right Foot,Normal,Penalty,False,False,False,0,0,,,120.0,37.4,Goal,0.7835
7320c2cf-86b3-40f2-a3a7-ff0a4b95a712,3869117,106,1839,United States,8246,Christian Pulisic,1,2,10,From Throw In,107.1,34.9,13.871553626036276,0.37649033444652286,False,Left Foot,Half Volley,Open Play,True,False,False,6,11,114.1,37.8,114.1,38.0,Saved,0.3196895
05907c05-0a6c-4aa7-a62a-1f1a70bebba7,3869117,106,941,Netherlands,2988,Memphis Depay,1,9,31,Regular Play,104.9,43.7,15.546703830716009,-0.2402985100907715,False,Right Foot,Normal,Open Play,True,False,False,4,8,117.3,41.9,120.0,36.4,Goal,0.16183718
1661bfea-a0ca-487c-90c5-a6cccc12dfde,3869117,106,941,Netherlands,3311,Daley Blind,1,17,4,Regular Play,103.6,30.6,18.902909828912588,0.5204584494511492,False,Left Foot,Normal,Open Play,True,False,False,3,7,116.7,39.3,120.0,34.8,Off T,0.07337185
a2da4447-6ffd-458f-8921-05c19d401904,3869117,106,941,Netherlands,2988,Memphis Depay,1,20,20,From Free Kick,106.1,62.1,26.107853224652544,-1.0093549565780036,False,Right Foot,Half Volley,Open Play,True,False,False,2,5,117.4,43.6,120.0,30.5,Off T,0.008920797
f23c54d4-ea5f-427b-8c32-704a95e25dac,3869117,106,1839,United States,3377,Timothy Weah,1,42,7,Regular Play,97.5,53.3,26.136947029062135,-0.5338579146505696,False,Right Foot,Half Volley,Open Play,False,False,False,7,11,118.4,43.2,118.3,43.5,Saved,0.028368456
317f2710-2fd6-4c1f-8a57-cdef4724252c,3869117,106,1839,United States,21881,Sergino Dest,1,43,58,Regular Play,105.2,46.2,16.04618334682737,-0.3967086628912141,False,Right Foot,Normal,Open Play,False,False,False,5,8,116.3,42.5,107.3,44.9,Blocked,0.07418261
5566d71a-983c-4f30-9ddb-85d7b8815ba1,3869117,106,941,Netherlands,3311,Daley Blind,1,45,36,From Throw In,107.6,38.5,12.49039631076613,0.12038282080055929,False,Right Foot,Normal,Open Play,True,False,False,6,10,118.2,41.6,120.0,37.7,Goal,0.2502288
eb91d23f-4d01-43a8-96d3-52827bf9909d,3869117,106,1839,United States,8526,Weston McKennie,2,48,45,From Corner,109.1,36.5,11.44814395437095,0.31070128031727323,True,Head,Normal,Open Play,False,True,False,6,10,118.9,39.1,113.5,36.2,Wayward,0.03899759
f66c01cb-afab-4614-9ab0-849827654257,3869117,106,1839,United States,18242,Tim Ream,2,48,46,From Corner,116.5,37.1,4.545327270945403,0.6919213822388586,False,Left Foot,Half Volley,Open Play,False,False,False,6,10,118.2,37.6,118.0,37.9,Saved,0.2582279
bde8a681-2dfa-431a-9637-223cc85dfd10,3869117,106,1839,United States,8526,Weston McKennie,2,48,55,From Corner,108.4,37.0,11.981652640600121,0.25307565216460237,True,Head,Normal,Open Play,False,True,False,7,10,117.9,40.1,115.2,39.9,Wayward,0.06857926
ca601f63-190e-473c-9a0e-e40451f4ad17,3869117,106,1839,United States,21881,Sergino Dest,2,50,49,From Free Kick,100.9,57.3,25.770137756713673,-0.7359878629892156,False,Left Foot,Normal,Open Play,False,False,False,5,9,117.1,42.6,117.0,0.1,Wayward,0.01609117
d9a576ef-06ad-4b8e-b19b-579c5da93422,3869117,106,1839,United States,8246,Christian Pulisic,2,52,0,From Throw In,98.4,27.3,25.0569351677335,0.5315217200337243,False,Right Foot,Normal,Open Play,False,False,False,5,7,116.4,37.9,116.4,38.1,Saved,0.040512722
7c9f51b5-7c05-4ba0-ae27-d0c4639b0709,3869117,106,1839,United States,8526,Weston McKennie,2,53,0,Regular Play,102.1,35.0,18.585209172888,0.27238694150880116,False,Left Foot,Half Volley,Open Play,False,False,False,5,9,118.4,38.5,120.0,41.3,Off T,0.053084504
51847ed7-8369-40a5-a442-862b9063b95f,3869117,106,941,Netherlands,20750,Cody Mathès Gakpo,2,60,39,Regular Play,100.0,50.7,22.68237200999931,-0.49125400602491676,False,Left Foot,Normal,Open Play,False,False,False,4,10,117.7,40.3,105.1,47.7,Blocked,0.053106464
a1545633-330a-4c29-bdc4-e7a8d2720acc,3869117,106,941,Netherlands,2988,Memphis Depay,2,60,42,Regular Play,98.6,47.0,22.515772249692,-0.3161326359716867,False,Right Foot,Normal,Open Play,True,False,False,4,10,117.2,40.4,117.2,40.1,Saved,0.046333984
d415f694-86d8-436d-a82c-7c16076856ff,3869117,106,1839,United States,3377,Timothy Weah,2,62,41,Regular Play,99.1,51.0,23.618001608942283,-0.4844779290370231,False,Left Foot,Normal,Open Play,False,False,False,5,7,116.8,42.2,108.2,44.7,Blocked,0.04334448
ef5c7933-4077-49df-9152-d32b29d5bb12,3869117,106,941,Netherlands,3669,Virgil van Dijk,2,70,10,From Corner,111.8,41.3,8.302409288875129,-0.15722805097656853,True,Head,Normal,Open Play,False,True,False,7,11,119.1,40.8,120.0,43.4,Off T,0.08036702
44a6397c-cfd0-4cf2-9c47-95f359b3f407,3869117,106,941,Netherlands,7891,Teun Koopmeiners,2,70,52,Regular Play,94.5,37.8,25.59472601924076,0.08606140528809982,False,Left Foot,Normal,Open Play,False,False,False,5,9,117.7,39.2,117.8,37.7,Saved,0.04472613
c6711069-7423-4428-a2b8-beff1ad14b24,3869117,106,941,Netherlands,2988,Memphis Depay,2,70,54,Regular Play,113.1,34.4,8.886506625215564,0.6817707034005763,False,Head,Diving Header,Open Play,False,False,False,1,5,117.8,37.1,117.2,37.3,Saved,0.27671057
f8946626-b0a1-496c-aabd-a8671df0b23b,3869117,106,1839,United States,34339,Giovanni Reyna,2,73,13,Regular Play,98.9,49.9,23.30708046924796,-0.4387007701125834,False,Left Foot,Normal,Open Play,False,False,False,4,9,117.1,41.7,120.0,18.8,Off T,0.042619057
b3f6d8e7-d124-4d9b-8b69-096b7958f406,3869117,106,1839,United States,22008,Haji Wright,2,74,14,Regular Play,115.2,55.6,16.321764610482532,-1.2722973952087175,False,Right Foot,Normal,Open Play,False,False,False,2,7,114.5,50.7,118.9,44.3,Blocked,0.046546377
ca879c6e-6742-4d2b-8b98-5e9b726ee77e,3869117,106,1839,United States,22008,Haji Wright,2,75,20,From Corner,115.1,45.2,7.1449282711585065,-0.8150924030043575,False,Right Foot,Normal,Open Play,True,False,False,5,10,118.4,43.9,120.0,37.0,Goal,0.3636808
bdba3968-9315-4a2c-b26a-fa83134c1f6b,3869117,106,941,Netherlands,8259,Steven Bergwijn,2,77,21,Regular Play,109.5,32.8,12.731457104353769,0.6010737544977495,False,Right Foot,Normal,Open Play,True,False,False,2,6,112.0,34.2,120.0,34.6,Off T,0.25042096
e534d589-ffb5-42c2-a449-541547acec89,3869117,106,1839,United States,8246,Christian Pulisic,2,78,7,From Goal Kick,99.5,25.3,25.22578046364473,0.622092801867421,False,Left Foot,Normal,Open Play,False,False,False,6,10,117.3,37.6,117.3,37.6,Saved,0.031073315
4a9d3012-73c3-4a0f-a16c-831cb874e455,3869117,106,941,Netherlands,8125,Denzel Dumfries,2,80,28,From Keeper,113.5,44.3,7.7935871073594845,-0.584443899709351,False,Left Foot,Volley,Open Play,True,False,False,5,9,118.5,41.6,120.0,36.7,Goal,0.23592436
228c6b1b-5058-4b75-b47e-e5d961102ba9,3869117,106,1839,United States,12524,Walker Zimmerman,2,85,25,From Corner,107.2,43.0,13.146862743635834,-0.23021958727684377,False,Right Foot,Volley,Open Play,False,False,False,7,11,118.1,39.8,120.0,34.5,Off T,0.05674074
67f52955-48b3-418c-976f-a34575324c1d,3869117,106,1839,United States,34339,Giovanni Reyna,2,88,48,Regular Play,103.1,51.4,20.385534086699817,-0.5934447266917618,False,Left Foot,Normal,Open Play,False,False,False,5,10,117.2,42.3,104.0,50.9,Blocked,0.043403003
ca8ff3c0-c049-435d-830a-3979bf1181e5,3869117,106,1839,United States,38792,Yunus Dimoara Musah,2,93,29,From Throw In,103.9,44.2,16.638810053606594,-0.25518239062081866,False,Right Foot,Half Volley,Open Play,True,False,False,7,9,117.7,41.0,106.6,44.4,Blocked,0.054460905
1bb42f2e-3d37-4dfc-834a-ad4bce817151,3869117,106,1839,United States,22008,Haji Wright,2,94,7,From Throw In,111.3,40.2,8.702298546935749,-0.0229844574414524,True,Head,Normal,Open Play,False,True,False,7,11,118.8,41.0,107.6,26.3,Wayward,0.072495155
83c26e08-1d4a-43a2-97d5-bf73b5097609,3857270,106,783,Uruguay,7104,Mathías Olivera Miramontes,1,2,2,Regular Play,98.2,27.8,24.981593223811803,0.510208914268277,False,Left Foot,Normal,Open Play,False,False,False,5,8,117.1,37.9,120.0,35.2,Off T,0.039672486
fe514d01-352d-487e-98b3-4954d3f99b92,3857270,106,780,Portugal,5214,William Silva de Carvalho,1,2,59,From Throw In,104.9,30.5,17.839843048636943,0.5615701919269327,False,Right Foot,Volley,Open Play,True,False,False,5,9,117.7,38.8,120.0,43.1,Off T,0.048683427
930439d2-1691-46c7-943f-c82865db84e1,3857270,106,780,Portugal,5204,Bruno Miguel Borges Fernandes,1,7,17,From Free Kick,90.8,53.9,32.33960420289649,-0.44428626653575604,False,Right Foot,Normal,Open Play,False,False,False,5,9,118.1,39.9,120.0,33.7,Off T,0.014580331
6755e0bf-513c-4970-9cc9-35a2b733a9a9,3857270,106,783,Uruguay,5259,José María Giménez de Vargas,1,11,6,From Corner,109.4,37.1,10.989540481748993,0.267050133578449,False,Head,Normal,Open Play,False,False,False,7,11,119.2,38.8,120.0,39.0,Off T,0.050594334
4bdae77f-3456-4555-b1b2-a461597030ea,3857270,106,780,Portugal,12041,João Félix Sequeira,1,15,31,Regular Play,101.0,30.9,21.06679852279411,0.4466641040891896,False,Right Foot,Normal,Open Play,False,False,False,3,9,116.5,37.9,102.1,31.4,Blocked,0.033737455
39f5eb65-6b14-49cd-b17d-beb9ec7ece4a,3857270,106,780,Portugal,5207,Cristiano Ronaldo dos Santos Aveiro,1,17,45,From Free Kick,96.0,23.4,29.181500989496755,0.6051112002597729,False,Right Foot,Normal,Free Kick,False,False,False,8,11,118.4,39.2,102.8,27.3,Blocked,0.026755862
78c4ff87-5e72-4821-999a-3f3f16b77541,3857270,106,780,Portugal,9927,Rúben Diogo Da Silva Neves,1,19,49,Regular Play,92.4,50.0,29.35574901105403,-0.347606859755902,False,Right Foot,Half Volley,Open Play,True,False,False,7,10,117.0,41.5,108.8,41.8,Blocked,0.015326656
8fcf0dcd-e70c-4c64-9252-3a1e37ef27a9,3857270,106,783,Uruguay,5260,Rodrigo Bentancur Colmán,1,31,57,From Throw In,106.8,41.3,13.263860674780931,-0.098168278523231,False,Right Foot,Normal,Open Play,False,False,False,4,7,110.9,41.6,110.3,41.7,Saved,0.49410823
8f37923f-c3a2-4edd-8ba8-a0debba61c74,3857270,106,780,Portugal,5207,Cristiano Ronaldo dos Santos Aveiro,1,34,9,From Keeper,99.4,24.7,25.660280590827526,0.638824603523968,False,Left Foot,Normal,Open Play,False,False,False,6,9,116.9,37.8,102.1,26.3,Blocked,0.029249214
93d932bd-5fba-4294-a009-c455ba251e7b,3857270,106,780,Portugal,12041,João Félix Sequeira,1,34,15,From Keeper,91.6,31.8,29.560108254199616,0.28108775586989926,False,Right Foot,Normal,Open Play,False,False,False,6,10,116.5,38.8,93.1,32.5,Blocked,0.022321237
31dd30cb-85ad-43a1-9029-8fc7de744a5c,3857270,106,783,Uruguay,5260,Rodrigo Bentancur Colmán,1,35,8,From Goal Kick,108.4,29.5,15.646405337968202,0.735665450361812,False,Right Foot,Normal,Open Play,True,False,False,4,8,117.7,36.5,113.2,31.8,Wayward,0.07433986
10193db8-4be2-4ca5-b747-14e2b2f3613b,3857270,106,780,Portugal,5204,Bruno Miguel Borges Fernandes,1,36,45,From Throw In,93.1,33.0,27.795863001533164,0.2545769721992516,False,Right Foot,Normal,Open Play,False,False,False,4,9,117.1,39.5,98.2,34.5,Blocked,0.028039778
689210c6-bc57-4202-827a-971cfe04dc53,3857270,106,780,Portugal,12041,João Félix Sequeira,2,51,38,Other,107.9,27.1,17.68671818060094,0.8173872474367636,False,Left Foot,Normal,Open Play,False,False,False,3,8,118.2,36.9,120.0,35.0,Off T,0.036293734
c581c62f-6666-485f-af07-90b4f81274ac,3857270,106,780,Portugal,5204,Bruno Miguel Borges Fernandes,2,53,40,Regular Play,99.4,14.6,32.703516630478745,0.8893697153221067,False,Right Foot,Normal,Open Play,False,False,False,7,11,118.2,38.5,120.0,42.3,Goal,0.0077694156
ab8120da-7880-44e5-9988-5d6b5c63aaf7,3857270,106,780,Portugal,5207,Cristiano Ronaldo dos Santos Aveiro,2,56,10,Regular Play,84.9,19.1,40.851193373021545,0.537060990647965,True,Right Foot,Normal,Open Play,False,False,False,7,11,117.7,38.9,91.8,23.2,Wayward,0.007159395
4cf5dfeb-c75e-419a-9934-d574545fa59b,3857270,106,783,Uruguay,4319,Edinson Roberto Cavani Gómez,2,57,25,Regular Play,102.9,39.7,17.102631376487064,0.017542060057402328,False,Right Foot,Volley,Open Play,True,False,False,2,6,116.5,40.5,120.0,25.2,Off T,0.07401822
fc35d3ba-9f4e-473f-91e8-7c2fc357149c,3857270,106,783,Uruguay,32478,Darwin Gabriel Núñez Ribeiro,2,59,10,Regular Play,92.8,43.6,27.43720102342803,-0.13158814145792067,False,Right Foot,Normal,Open Play,False,False,False,5,10,117.4,39.9,115.6,40.2,Saved,0.03092143
34eba09f-f80e-4bf8-b56d-3bceab8a5eed,3857270,106,783,Uruguay,7104,Mathías Olivera Miramontes,2,64,40,From Throw In,108.1,33.8,13.418271125595881,0.48031273271474684,True,Head,Normal,Open Play,False,True,False,4,9,118.3,40.5,115.2,39.0,Blocked,0.041303303
a19d546a-977c-4d03-acf0-1160c58a6a2e,3857270,106,783,Uruguay,6297,Maximiliano Gómez González,2,74,16,From Throw In,99.2,43.2,21.044714300745447,-0.15264932839526532,False,Right Foot,Normal,Open Play,True,False,False,7,10,118.8,40.3,120.0,44.0,Post,0.047642853
5edd2407-3d38-414d-9f92-61718d6c29d7,3857270,106,783,Uruguay,5246,Luis Alberto Suárez Díaz,2,77,14,From Free Kick,115.6,34.0,7.440430095095313,0.9380474917927129,False,Left Foot,Half Volley,Open Play,False,False,False,7,11,118.9,37.1,120.0,35.5,Off T,0.088375136
02866454-5edb-4c28-88c2-61ccdc0d2343,3857270,106,783,Uruguay,5258,Giorgian Daniel De Arrascaeta Benedetti,2,78,9,Regular Play,109.3,50.0,14.645477117526765,-0.7515946197039931,False,Right Foot,Normal,Open Play,True,False,False,4,5,113.9,45.9,113.8,45.8,Saved,0.2560759
764b23bf-288e-458f-8cd8-6d77176339ee,3857270,106,780,Portugal,18360,Rafael Alexandre Conceição Leão,2,82,41,Regular Play,95.3,49.1,26.322993750711568,-0.3529903878269105,False,Right Foot,Normal,Open Play,False,False,False,5,7,117.8,41.9,120.0,34.0,Off T,0.026902085
3df430b3-eaa6-4b63-9246-1f86d8249d55,3857270,106,783,Uruguay,6773,Federico Santiago Valverde Dipetta,2,85,49,From Free Kick,88.2,44.5,32.116818024206566,-0.14057605140955787,False,Right Foot,Normal,Open Play,False,False,False,8,11,118.5,39.7,120.0,40.3,Off T,0.019629322
09a6971a-da8c-48d3-a477-04deeca2fa0b,3857270,106,780,Portugal,5204,Bruno Miguel Borges Fernandes,2,92,19,Other,108.0,40.0,12.0,0.0,False,Right Foot,Normal,Penalty,False,False,False,0,0,,,120.0,38.2,Goal,0.7835
8b462570-c65a-43b6-bcc0-6a66482197aa,3857270,106,780,Portugal,5204,Bruno Miguel Borges Fernandes,2,97,19,From Throw In,117.7,50.0,10.261091559868277,-1.344727938801013,False,Right Foot,Volley,Open Play,True,False,False,5,6,118.6,43.6,119.3,44.4,Saved,0.032710962
9d75837e-1eac-4fe2-b041-be893874af5d,3857270,106,780,Portugal,5204,Bruno Miguel Borges Fernandes,2,98,15,Regular Play,100.6,35.0,20.033971149025852,0.2522424578898182,False,Right Foot,Half Volley,Open Play,False,False,False,5,9,116.0,40.0,120.0,36.1,Post,0.100704454
2284e99e-d852-4ffb-b591-5394dc256fbf,3857263,106,772,Spain,16532,Daniel Olmo Carvajal,1,6,25,Regular Play,100.5,26.1,23.94702486740263,0.6192786125014607,False,Right Foot,Normal,Open Play,False,False,False,5,9,117.8,38.2,117.7,38.9,Saved to Post,0.032144632
4251ef51-9c14-48bb-8c40-87573ee1b95a,3857263,106,772,Spain,5211,Jordi Alba Ramos,1,21,14,Regular Play,96.6,23.3,28.748043411682826,0.6198451188394749,False,Right Foot,Normal,Open Play,False,False,False,4,9,118.3,37.3,120.0,35.0,Off T,0.021667236
336e0700-24b0-4b74-8951-a7cd6e753a32,3857263,106,770,Germany,8400,Serge Gnabry,1,24,11,Regular Play,102.8,56.6,23.903974564912843,-0.7676485483409506,False,Left Foot,Normal,Open Play,False,False,False,5,9,118.1,42.9,120.0,33.3,Off T,0.028963488
d4387d56-b0d2-4802-ab81-1cec0d06c404,3857263,106,772,Spain,6748,Ferrán Torres García,1,25,58,Regular Play,102.8,46.4,18.35211159512714,-0.3562196553961501,False,Left Foot,Normal,Open Play,False,False,False,2,7,114.9,41.7,104.0,45.8,Blocked,0.068952255
cb0085ed-03ed-4c6f-8d8d-0b449f6f1723,3857263,106,770,Germany,3167,Antonio Rüdiger,1,29,40,From Free Kick,89.6,25.9,33.51074454559314,0.4342835549461845,False,Right Foot,Normal,Open Play,False,False,False,7,11,117.5,39.6,120.0,46.9,Off T,0.0065071667
a21bf591-0552-4c0e-8cb5-f284ab8ff959,3857263,106,772,Spain,6748,Ferrán Torres García,1,35,4,From Corner,109.8,54.6,17.810109488714552,-0.9609903253476285,False,Right Foot,Normal,Open Play,False,False,False,4,9,118.5,43.7,110.3,53.9,Blocked,0.04777013
26d7107b-7657-4f16-bb7c-530047ec4536,3857263,106,770,Germany,3167,Antonio Rüdiger,1,44,35,From Free Kick,113.7,60.2,21.159631376751346,-1.2684753151405466,False,Right Foot,Half Volley,Open Play,False,False,False,6,11,118.5,43.9,118.5,44.3,Saved,0.008851705
39497546-4a78-43e1-98dc-71bf9514b702,3857263,106,770,Germany,5579,Joshua Kimmich,2,55,53,Regular Play,105.8,40.6,14.212670403551899,-0.04222840211300199,False,Right Foot,Normal,Open Play,True,False,False,5,8,116.6,39.5,116.3,37.8,Saved,0.09558376
2036573c-cac2-4454-b43b-c33364286c4a,3857263,106,772,Spain,16532,Daniel Olmo Carvajal,2,58,0,From Throw In,85.8,31.1,35.33907186104355,0.2545871525958795,False,Right Foot,Normal,Open Play,False,False,False,4,10,118.6,39.1,118.1,38.3,Saved,0.0118638035
72e972ee-22e9-4eef-aaa9-04ebd7e55f92,3857263,106,772,Spain,3477,Álvaro Borja Morata Martín,2,61,33,From Goal Kick,113.2,34.3,8.872992730753248,0.6976242710702284,False,Right Foot,Normal,Open Play,True,False,False,3,8,117.5,37.2,120.0,37.3,Goal,0.31874228
8c96fe53-dd90-4244-972c-7ef0006f8eef,3857263,106,770,Germany,6324,Leon Goretzka,2,63,24,Regular Play,96.2,39.7,23.801890681204295,0.012604374487651558,False,Right Foot,Normal,Open Play,False,False,False,7,9,119.1,40.6,107.4,38.8,Blocked,0.036448006
3c8af726-ad43-4564-b646-fcd43e243ac2,3857263,106,772,Spain,5719,Marco Asensio Willemsen,2,64,26,From Free Kick,101.7,45.4,19.08009433938941,-0.2869387529307695,False,Left Foot,Normal,Open Play,True,False,False,4,6,117.7,40.7,120.0,39.4,Off T,0.13836038
356a0535-9459-4bce-9296-544c9ca1cedd,3857263,106,770,Germany,8546,Niclas Füllkrug,2,72,0,Regular Play,111.2,41.5,8.926925562588721,-0.1688319020111208,False,Right Foot,Normal,Open Play,True,False,False,5,9,117.9,42.0,111.5,40.7,Wayward,0.3730103
db268ae9-4dfd-43fc-901e-71cd25f5cff6,3857263,106,770,Germany,39565,Jamal Musiala,2,72,43,From Throw In,110.1,50.1,14.142842712835357,-0.7953978300841134,False,Right Foot,Normal,Open Play,True,False,False,5,9,115.9,43.9,115.7,43.9,Saved,0.28996226
f13161cf-dd08-44ae-acf0-da55ad0eca29,3857263,106,770,Germany,8400,Serge Gnabry,2,72,50,From Throw In,104.9,23.6,22.29282395749807,0.8266445983202717,False,Right Foot,Volley,Open Play,False,False,False,7,9,117.5,36.9,107.4,26.0,Blocked,0.024480116
49ae6e10-133f-409a-9382-00895530b314,3857263,106,770,Germany,8546,Niclas Füllkrug,2,73,17,From Corner,111.3,42.8,9.139474820797966,-0.3113703043979015,False,Head,Normal,Open Play,False,False,False,7,11,119.1,41.1,120.0,46.2,Off T,0.065169856
a02febea-2c60-41f1-914d-dc065dd50ac7,3857263,106,770,Germany,5579,Joshua Kimmich,2,80,18,From Free Kick,98.9,25.7,25.489213404889522,0.5956194312174926,False,Right Foot,Normal,Free Kick,False,False,False,9,11,118.1,40.2,107.3,30.6,Blocked,0.053563386
38d1ccce-102b-41a6-9661-a4f872c615e3,3857263,106,770,Germany,8546,Niclas Füllkrug,2,82,25,From Counter,110.8,51.9,15.041608956491324,-0.9126686015789847,False,Right Foot,Normal,Open Play,False,False,False,5,9,116.9,43.9,120.0,36.8,Goal,0.16441207
bf78a9e4-d988-4952-bf81-8e3041a32d08,3857259,106,786,Serbia,4269,Aleksandar Mitrović,1,5,38,Regular Play,110.4,33.0,11.881077392223311,0.6300339095459154,False,Head,Normal,Open Play,False,False,False,5,9,118.0,37.8,120.0,37.0,Off T,0.06545554
01bf09c6-4c72-4f5b-8a73-dbbb8d04a621,3857259,106,786,Serbia,4269,Aleksandar Mitrović,1,10,2,Regular Play,114.4,54.2,15.264337522473749,-1.1951560913218318,False,Left Foot,Normal,Open Play,False,False,False,5,10,118.6,43.7,120.0,36.1,Post,0.016927462
aa3c0719-bc7d-4fd2-99c8-f4459948daa2,3857259,106,786,Serbia,5591,Filip Kostić,1,10,14,Regular Play,108.2,21.4,22.027255843613386,1.0054598660310137,False,Left Foot,Normal,Open Play,False,False,False,6,8,117.9,36.8,120.0,34.6,Off T,0.012009094
44397978-2451-4fdf-8afa-3a3bec0e5a6e,3857259,106,2722,Cameroon,7472,Nicolas Alexis Julio N'Koulou Ndoubena,1,15,11,From Free Kick,95.9,33.9,24.860008045050986,0.2479054840378052,False,Left Foot,Normal,Open Play,True,False,False,6,10,116.9,40.5,120.0,47.8,Off T,0.046143826
882044f7-fc57-4263-b17f-86b5f41d22b4,3857259,106,786,Serbia,4269,Aleksandar Mitrović,1,16,22,From Throw In,108.9,38.6,11.187939935484096,0.12546364154266001,True,Right Foot,Half Volley,Open Play,True,False,False,5,9,116.4,39.1,120.0,35.2,Off T,0.063389905
637fd724-c030-440d-9392-7c718149938b,3857259,106,2722,Cameroon,12623,Pierre Kunde Malong,1,18,37,Regular Play,108.1,60.1,23.358510226467786,-1.0362504741017666,False,Right Foot,Half Volley,Open Play,False,False,False,3,5,118.0,44.2,118.2,44.6,Saved,0.009715966
bc25fef0-6070-4580-8cf5-1f564f632335,3857259,106,2722,Cameroon,12623,Pierre Kunde Malong,1,19,31,From Corner,96.8,50.1,25.303161857759992,-0.410600079239335,False,Right Foot,Normal,Open Play,True,False,False,8,11,118.2,42.0,107.8,44.2,Blocked,0.029523049
3d7ed7d4-5c3a-4cb7-9c81-dc3695e4959a,3857259,106,2722,Cameroon,7472,Nicolas Alexis Julio N'Koulou Ndoubena,1,28,6,From Corner,115.2,33.5,8.080222769206303,0.934720824091146,False,Head,Normal,Open Play,False,False,False,5,11,118.5,38.2,116.1,34.8,Blocked,0.09064111
1b7461e8-f3c3-4c70-94f5-aae1384db51b,3857259,106,2722,Cameroon,7426,Jean-Charles Castelletto,1,28,7,From Corner,118.5,43.2,3.534119409414461,-1.1324597669369392,False,Right Foot,Volley,Open Play,True,False,True,6,11,119.0,37.9,120.0,42.9,Goal,0.8945071
1dab17e3-7088-4ae6-a1a4-dc0ff0dc2e15,3857259,106,2722,Cameroon,12623,Pierre Kunde Malong,1,42,44,Regular Play,103.5,53.8,21.510230124292022,-0.6965239885843404,False,Right Foot,Normal,Open Play,False,False,False,3,5,115.2,44.9,114.7,44.7,Saved,0.0845098
9379dbc4-e5b2-488a-b738-b71548d48ffe,3857259,106,2722,Cameroon,12623,Pierre Kunde Malong,1,42,45,Regular Play,110.5,55.1,17.839843048636947,-1.009226134867964,False,Right Foot,Normal,Open Play,True,False,False,3,5,116.8,44.6,120.0,46.7,Off T,0.056867022
3ba0655f-e4cf-4088-a3e8-0cdbfa517be9,3857259,106,786,Serbia,27719,Strahinja Pavlović,1,45,22,From Free Kick,110.7,42.8,9.712363255150619,-0.2924429874520363,False,Head,Normal,Open Play,False,False,False,6,11,118.0,41.0,120.0,36.3,Goal,0.07892812
52b8141b-59ae-4ae1-8509-7ac620e4c9e1,3857259,106,786,Serbia,5589,Sergej Milinković-Savić,1,47,52,From Throw In,99.6,46.7,21.47207488809594,-0.31733232099577596,False,Left Foot,Normal,Open Play,False,False,False,5,9,116.3,41.4,120.0,43.1,Goal,0.058657028
539076ab-e77c-43d8-a806-44bd955a01c7,3857259,106,786,Serbia,4269,Aleksandar Mitrović,1,50,0,From Throw In,98.4,45.9,22.391292950609166,-0.26664374517476325,False,Right Foot,Normal,Open Play,False,False,False,3,6,113.8,42.3,101.9,45.3,Blocked,0.08318807
c26f8413-c3d6-4706-8573-c93cebb5b8c4,3857259,106,786,Serbia,6687,Saša Lukić,1,51,13,From Corner,103.0,49.6,19.52331938989884,-0.5140635658896273,False,Right Foot,Half Volley,Open Play,True,False,False,7,10,117.1,41.6,114.2,42.5,Blocked,0.039666813
be17203f-f93a-4a28-9704-0d0783b29be2,3857259,106,786,Serbia,4269,Aleksandar Mitrović,2,52,26,Regular Play,113.6,40.2,6.403124237432855,-0.031239833430268694,False,Right Foot,Normal,Open Play,True,False,True,5,6,113.1,46.5,120.0,39.6,Goal,0.8974681
07611981-ab41-4294-b278-a4a321c9253c,3857259,106,2722,Cameroon,11174,Vincent Paté Aboubakar,2,59,40,From Counter,106.5,47.6,15.492256130079957,-0.5127410777364722,False,Left Foot,Normal,Open Play,False,False,False,3,7,116.6,42.2,107.5,46.8,Blocked,0.05176351
da5af003-a708-4d60-9153-f78c6651c5bc,3857259,106,2722,Cameroon,3551,Karl Brillant Toko Ekambi,2,61,53,From Counter,106.4,24.5,20.62062074720351,0.8505977148891025,False,Right Foot,Normal,Open Play,False,False,False,3,6,117.4,36.7,117.2,36.6,Saved,0.02132554
f7980baf-b4e9-4166-8adb-aa7102534006,3857259,106,786,Serbia,5589,Sergej Milinković-Savić,2,62,22,From Keeper,96.4,47.8,24.855582873873622,-0.3192060306261621,True,Right Foot,Lob,Open Play,False,False,False,2,5,109.1,42.8,120.0,40.5,Off T,0.10917903
4768edb7-18f4-45fc-8281-4bb29e43dcfd,3857259,106,2722,Cameroon,11174,Vincent Paté Aboubakar,2,62,52,From Goal Kick,104.4,49.0,18.009997223764355,-0.5232783221319757,False,Right Foot,Lob,Open Play,False,False,False,0,5,107.6,47.3,120.0,38.8,Goal,0.28323865
72d6e126-e852-4621-b7b3-9861affc8b94,3857259,106,2722,Cameroon,3499,Jean-Eric Maxim Choupo-Moting,2,65,25,From Counter,111.0,37.0,9.486832980505138,0.3217505543966422,False,Left Foot,Normal,Open Play,True,False,False,1,4,116.8,39.8,120.0,37.4,Goal,0.46942416
208f73de-8ddb-4e59-9365-e6c3545f8036,3857259,106,786,Serbia,5603,Nikola Milenković,2,69,58,From Corner,110.5,45.7,11.078808600206072,-0.5404195002705844,True,Head,Normal,Open Play,False,True,False,4,9,117.9,41.7,114.9,29.0,Wayward,0.0304652
a63f273c-9a0d-4cfe-89ae-7cbd3d8d0bc1,3857259,106,786,Serbia,4269,Aleksandar Mitrović,2,75,52,From Free Kick,110.1,55.7,18.560711193270592,-1.0081993171568426,False,Right Foot,Normal,Open Play,True,False,False,3,5,113.8,50.0,113.5,49.9,Saved,0.10947208
f7f9e257-3c74-48e2-8e83-6406d92b8ce0,3857259,106,786,Serbia,5589,Sergej Milinković-Savić,2,77,24,Regular Play,95.2,48.2,26.120490041344933,-0.3193292516223965,False,Right Foot,Normal,Open Play,False,False,False,7,10,115.3,42.6,120.0,40.5,Off T,0.032438725
c2960b9b-c6ba-4bb9-b6ae-11b4c1c01ce1,3857259,106,2722,Cameroon,11174,Vincent Paté Aboubakar,2,86,7,From Throw In,94.0,24.8,30.117104774529704,0.5290304710796485,False,Right Foot,Normal,Open Play,False,False,False,4,9,114.8,37.2,114.5,36.7,Saved,0.025639288
504c7171-e418-4884-96bd-892a1e927e5c,3857259,106,786,Serbia,4269,Aleksandar Mitrović,2,88,4,From Keeper,105.1,38.3,14.996666296213975,0.11360272075566034,False,Right Foot,Normal,Open Play,True,False,False,6,8,117.4,40.8,120.0,45.7,Off T,0.1134657
1a3dd69a-682b-43be-aa29-ed4cc4f717e5,3857259,106,2722,Cameroon,3639,Georges-Kévin Nkoudou Mbida,2,94,8,From Free Kick,103.3,13.7,31.154132952146174,1.0050518455360526,False,Right Foot,Normal,Free Kick,False,False,False,8,11,118.8,37.8,118.6,37.1,Saved,0.0070103277
ff453b86-63e4-4e15-a1f3-2513f1f9f4f3,3857259,106,786,Serbia,3512,Marko Grujić,2,94,42,From Throw In,92.3,33.6,28.429737951659,0.22706249160169248,False,Right Foot,Half Volley,Open Play,False,False,False,8,11,116.2,39.5,116.1,39.5,Saved,0.027356416
16191680-1251-4322-8d08-a3c82c9c1d9d,3857283,106,782,Belgium,3457,Michy Batshuayi Tunga,1,4,48,Regular Play,110.0,29.6,14.427751037497146,0.8050034942546529,False,Left Foot,Normal,Open Play,True,False,False,3,7,112.3,32.1,112.1,31.5,Saved,0.13561569
c6fd5faa-3b76-48f2-b3ef-d26a2b4c8888,3857283,106,782,Belgium,3089,Kevin De Bruyne,1,15,51,From Free Kick,95.2,30.1,26.70299608658174,0.37981096693239164,False,Right Foot,Half Volley,Open Play,True,False,False,8,11,118.0,38.2,105.8,37.8,Blocked,0.023734333
9704295d-8af7-4cf8-bded-dfe08956172e,3857283,106,782,Belgium,48347,Amadou Onana,1,16,21,From Corner,114.6,38.6,5.5785302723925465,0.2536740961386422,False,Head,Normal,Open Play,False,False,False,7,11,115.5,39.3,120.0,42.6,Off T,0.22733837
82501a0a-1d39-42bd-8b8a-847d7e85dcb4,3857283,106,782,Belgium,3176,Thomas Meunier,1,18,26,From Throw In,101.1,27.4,22.71497303542314,0.5880026035475675,False,Right Foot,Normal,Open Play,False,False,False,6,9,115.4,36.7,114.9,36.1,Saved,0.050302412
c37984d3-4c45-48d8-a0da-e2cdb7cc48b2,3857283,106,788,Morocco,5237,Hakim Ziyech,1,20,26,From Throw In,88.5,52.0,33.70830758136635,-0.36397895650964407,True,Left Foot,Normal,Open Play,False,False,False,7,11,118.1,40.4,120.0,43.4,Off T,0.010982664
421e0893-978d-4c20-bc0f-300baddee972,3857283,106,788,Morocco,23774,Selim Amallah,1,27,27,From Goal Kick,106.0,49.7,17.032028651925174,-0.6059159966736807,False,Right Foot,Volley,Open Play,True,False,False,5,9,118.7,41.9,120.0,43.9,Off T,0.054105066
41ae724a-0c53-4d8c-a1cd-b6fcbe1b918c,3857283,106,788,Morocco,5245,Achraf Hakimi Mouh,1,34,13,Regular Play,109.4,56.3,19.443507913954203,-0.9942054960302539,True,Right Foot,Normal,Open Play,False,False,False,2,6,118.6,43.7,120.0,45.4,Off T,0.054164495
71c9aaf5-f70c-4073-b471-3f66683ea104,3857283,106,782,Belgium,3089,Kevin De Bruyne,1,34,54,From Goal Kick,94.1,42.1,25.984995670578826,-0.08090409915523063,True,Left Foot,Normal,Open Play,False,False,False,4,9,114.9,39.9,95.0,42.0,Blocked,0.021631707
deb48e4a-e378-47ab-a5d4-c336582719e0,3857283,106,782,Belgium,3089,Kevin De Bruyne,1,38,51,From Free Kick,112.6,6.7,34.11231449198368,1.3521273809209544,False,Right Foot,Normal,Free Kick,False,False,False,8,11,119.2,38.0,120.0,39.3,Off T,0.007375095
597841d0-0851-44f4-bfb0-a2b48076b026,3857283,106,788,Morocco,5237,Hakim Ziyech,2,49,45,Regular Play,95.2,48.1,26.08926982496827,-0.3156900225383319,False,Left Foot,Normal,Open Play,False,False,False,5,8,118.4,40.3,118.3,40.4,Saved,0.02991042
899e757d-7040-4cbc-9999-0f94ee7d48e3,3857283,106,782,Belgium,3621,Eden Hazard,2,51,8,Regular Play,104.9,58.7,24.035390573069538,-0.8915070078796209,False,Right Foot,Normal,Open Play,False,False,False,3,8,117.6,44.2,118.2,44.9,Saved,0.009158539
a29a62aa-1b60-45e7-af3f-c5c42dfcadf1,3857283,106,782,Belgium,48347,Amadou Onana,2,51,52,From Corner,111.4,40.8,8.637129152675667,-0.09275632018814348,True,Head,Normal,Open Play,False,True,False,7,11,119.4,40.7,120.0,31.5,Off T,0.06452631
eb8511c6-2168-44eb-8e9f-0a3eb6277431,3857283,106,788,Morocco,3625,Sofiane Boufal,2,56,11,From Throw In,106.6,22.0,22.440142602042442,0.9308602652867304,False,Right Foot,Normal,Open Play,False,False,False,6,8,118.0,36.8,120.0,45.4,Off T,0.01369968
436fcb00-86e6-45c5-92d1-d396c2cdf615,3857283,106,788,Morocco,15890,Noussair Mazraoui,2,60,50,Regular Play,87.4,35.3,32.937061192522926,0.14318516037521742,False,Right Foot,Normal,Open Play,True,False,False,7,11,117.9,39.6,120.0,31.3,Off T,0.022188112
dfce2641-34c0-414d-867e-cb1f003962a1,3857283,106,782,Belgium,5630,Dries Mertens,2,64,40,Regular Play,97.9,37.7,22.21936092690336,0.1036990829734,False,Right Foot,Normal,Open Play,False,False,False,6,9,116.0,39.7,115.5,39.5,Saved,0.065653466
e8e8db1d-29c3-40cc-a11a-c33e0401ba0c,3857283,106,788,Morocco,46258,Azzedine Ounahi,2,68,26,From Free Kick,87.6,38.2,32.44996147917591,0.055498505245716735,False,Right Foot,Normal,Open Play,False,False,False,6,8,117.7,40.2,120.0,38.8,Off T,0.023304239
b6a989d8-2507-4df8-aaf0-1ff4c094590a,3857283,106,788,Morocco,5219,Romain Saïss,2,72,37,From Free Kick,118.0,36.4,4.118252056394802,1.0636978224025597,False,Other,Normal,Open Play,False,False,True,7,11,118.8,38.8,120.0,38.3,Goal,0.56495196
866011a0-4740-42a2-89c4-32a137220fa5,3857283,106,782,Belgium,3077,Jan Vertonghen,2,81,40,From Corner,109.1,37.6,11.1610931364271,0.21672531372473983,True,Head,Normal,Open Play,False,True,False,5,9,119.6,40.3,120.0,45.4,Off T,0.03727616
7dc143c8-2c30-4d5e-b227-682e509874b1,3857283,106,788,Morocco,59493,Abderrazak Hamdallah,2,90,0,Regular Play,116.6,28.9,11.609048195265625,1.273564018977205,False,Left Foot,Normal,Open Play,False,False,False,2,5,118.3,32.2,118.0,32.0,Saved,0.036752854
517c2f9b-2447-4745-8735-2e502ced8c9a,3857283,106,788,Morocco,21736,Zakaria Aboukhlal,2,91,51,From Goal Kick,110.3,46.8,11.846096403457134,-0.6114175272111864,False,Right Foot,Normal,Open Play,True,False,False,3,7,118.6,42.7,120.0,42.8,Goal,0.18104906
01154885-90ea-4577-9c0d-9bf97721a323,3857286,106,3565,Ecuador,28559,Enner Remberto Valencia Lastra,1,15,49,Other,108.1,40.1,11.900420160649796,-0.008403163547647103,False,Right Foot,Normal,Penalty,False,False,False,0,0,,,120.0,43.4,Goal,0.7835
53852ddf-9980-469d-adbe-f637e3bc965a,3857286,106,3565,Ecuador,12803,Romario Andrés Ibarra Mina,1,28,7,From Throw In,96.5,46.4,24.355902775302745,-0.26589194833825847,True,Right Foot,Normal,Open Play,False,False,False,4,9,118.8,40.9,120.0,48.0,Off T,0.057691004
c3624e59-7177-4509-a421-e1eb8ce13f88,3857286,106,3565,Ecuador,28559,Enner Remberto Valencia Lastra,1,30,44,Regular Play,109.6,38.0,10.590561835898987,0.1899882879187156,False,Head,Normal,Open Play,False,False,False,4,9,118.9,40.2,120.0,36.5,Goal,0.08878088
a86be18c-5fb6-4b0f-b0a3-0665578fc2db,3857286,106,3566,Qatar,124494,Abdelkarim Hassan Al Haj Fadlalla,1,32,40,From Kick Off,88.4,22.4,36.17070637961056,0.5081726178353303,False,Left Foot,Normal,Open Play,False,False,False,6,10,116.0,37.8,120.0,37.1,Off T,0.0062173195
661531f6-17c2-4898-a780-a61b4cbf95a9,3857286,106,3566,Qatar,124495,Almoez Ali Zainalabiddin Abdulla,1,49,51,From Free Kick,113.0,43.7,7.917701686727028,-0.48624263308750526,False,Head,Normal,Open Play,False,False,False,3,9,117.3,40.6,120.0,32.3,Off T,0.21267414
b34357d4-f695-4549-94fe-aafd43d5804a,3857286,106,3565,Ecuador,37737,Angelo Smit Preciado Quiñónez,2,51,26,Regular Play,91.7,61.5,35.54068091638088,-0.6496912379443321,False,Right Foot,Normal,Open Play,False,False,False,4,11,116.9,42.2,120.0,38.8,Off T,0.0066099144
72561b5a-31fa-4104-b454-0e964f411b64,3857286,106,3565,Ecuador,12803,Romario Andrés Ibarra Mina,2,54,46,Regular Play,101.9,32.3,19.66977376585709,0.4022215656621033,False,Right Foot,Normal,Open Play,False,False,False,2,6,114.6,38.7,113.8,39.2,Saved,0.07894745
4046102c-c33a-482e-b738-27f4172bc34e,3857286,106,3566,Qatar,124506,Pedro Miguel Correia,2,61,23,From Throw In,106.5,47.5,15.443445211480501,-0.507098504392337,True,Head,Normal,Open Play,False,True,False,5,8,118.8,40.4,120.0,34.2,Off T,0.030855335
a6a2188e-f3b8-4889-9bd1-3e19c174d5dd,3857286,106,3566,Qatar,40784,Akram Hassan Afif,2,74,36,From Throw In,92.1,23.1,32.61931942882929,0.5446255743104302,False,Right Foot,Normal,Open Play,False,False,False,5,10,115.5,37.8,120.0,39.5,Off T,0.009109482
763dbf96-1701-4db9-9b05-2243c7734160,3857286,106,3566,Qatar,124901,Mohammed Muntari,2,85,28,From Goal Kick,100.2,55.2,24.961570463414354,-0.6547185869823297,False,Right Foot,Half Volley,Open Play,True,False,False,1,4,113.7,42.9,120.0,42.0,Off T,0.045332674
8d9322d1-dee7-4ea0-9402-6122d500dcfe,3857286,106,3565,Ecuador,348757,Kevin José Rodríguez Cortez,2,94,26,From Corner,112.3,37.4,8.127115109311548,0.32564158534328674,False,Head,Normal,Open Play,False,False,False,6,9,119.1,39.0,120.0,30.2,Off T,0.13848205
529aa3ea-3b3d-460c-8e1e-11620dd054e2,3857300,106,779,Argentina,5503,Lionel Andrés Messi Cuccittini,1,1,34,Regular Play,104.5,44.5,16.140012391568973,-0.2825549524695875,False,Left Foot,Normal,Open Play,True,False,False,6,10,118.1,41.4,117.6,40.3,Saved,0.15308252
87e2e8be-e11d-43d6-b9fd-fab92bf1bfb1,3857300,106,779,Argentina,5503,Lionel Andrés Messi Cuccittini,1,9,15,Other,108.0,40.0,12.0,0.0,False,Left Foot,Normal,Penalty,False,False,False,0,0,,,120.0,38.7,Goal,0.7835
1f7cd98b-3a5d-4ead-a143-345ba7b407ba,3857300,106,779,Argentina,7006,Alejandro Darío Gómez,1,20,0,From Throw In,98.4,20.2,29.30187707297947,0.7419472680059176,False,Right Foot,Normal,Open Play,False,False,False,7,10,118.1,37.1,120.0,41.1,Off T,0.011924569
ba082185-bd90-4c92-9df1-3e7d47fb7c64,3857300,106,779,Argentina,11456,Lautaro Javier Martínez,1,41,54,From Free Kick,113.2,33.8,9.202173656261872,0.7392770473829375,False,Head,Normal,Open Play,False,False,False,7,11,118.8,38.1,114.4,35.5,Blocked,0.0877444
994da29b-03e4-4354-94fa-09955eeb2744,3857300,106,779,Argentina,7797,Rodrigo Javier De Paul,1,41,56,From Free Kick,101.1,41.8,18.98552079875609,-0.09495170634275614,False,Right Foot,Half Volley,Open Play,True,False,False,7,11,119.3,39.9,120.0,34.9,Off T,0.050540753
0751ad88-9cbe-4424-8322-cbad542842b4,3857300,106,799,Saudi Arabia,51469,Saleh Khalid Al Shehri,2,47,40,From Free Kick,108.0,29.6,15.879546593023365,0.7140906986121579,False,Left Foot,Normal,Open Play,False,False,False,1,5,116.7,37.2,120.0,43.2,Goal,0.080592275
51e67deb-4f0b-4ed7-8761-62c274c944e5,3857300,106,799,Saudi Arabia,54144,Nawaf Shaker Al Abid,2,52,36,Regular Play,104.9,54.1,20.659622455408034,-0.7511649670880678,False,Left Foot,Normal,Open Play,False,False,False,4,7,117.4,42.9,113.3,44.9,Blocked,0.040064447
07c658a2-5845-4b8b-b6e7-60206fdcac0d,3857300,106,799,Saudi Arabia,5187,Salem Mohammed Al Dawsari,2,52,44,Regular Play,102.4,25.3,22.931419493786244,0.6958549703165597,False,Right Foot,Normal,Open Play,False,False,False,6,9,117.2,37.7,120.0,43.4,Goal,0.03280492
3a9a382c-c6fc-4f96-9b1e-9eae06af8ebb,3857300,106,779,Argentina,27768,Lisandro Martínez,2,62,47,From Corner,111.1,39.9,8.900561780022658,0.011235482257962882,False,Right Foot,Normal,Open Play,True,False,False,7,9,118.9,41.4,115.1,38.3,Blocked,0.33156127
eb0b5b02-374c-4bae-8a81-c2bcdc7841e0,3857300,106,779,Argentina,5507,Nicolás Alejandro Tagliafico,2,62,47,From Corner,116.1,37.2,4.801041553663125,0.6226707887570662,False,Other,Normal,Open Play,False,False,False,7,8,119.4,39.6,119.5,37.5,Saved,0.63619345
bfb9d0d0-5828-4209-9824-c1e973b8995f,3857300,106,779,Argentina,11456,Lautaro Javier Martínez,2,68,35,From Corner,116.5,31.1,9.563472172804184,1.1961151265121204,True,Head,Normal,Open Play,False,True,False,6,11,119.0,39.5,120.0,32.5,Off T,0.077176735
c9eff299-b8d3-4929-b625-8d918de42284,3857300,106,779,Argentina,2995,Ángel Fabián Di María Hernández,2,71,54,From Throw In,111.4,54.4,16.772596698186,-1.0324218134486667,False,Right Foot,Normal,Open Play,False,False,False,6,8,118.1,43.3,118.1,43.3,Saved,0.0639515
770efb1f-3bc8-4381-bac6-a920a9878aa7,3857300,106,779,Argentina,2995,Ángel Fabián Di María Hernández,2,73,37,From Throw In,86.7,57.3,37.52572450999447,-0.4791410056478638,False,Left Foot,Half Volley,Open Play,False,False,False,6,10,104.8,49.6,101.0,49.6,Blocked,0.015201165
64cb4ef6-2e17-4a8f-98e2-6166aba06b6c,3857300,106,779,Argentina,38718,Enzo Fernandez,2,75,19,From Corner,108.2,39.6,11.80677771451635,0.033885329904117495,False,Head,Normal,Open Play,False,False,False,7,11,119.6,40.1,120.0,43.4,Off T,0.036932193
64e98afa-c394-42f2-b191-1dc255c886f5,3857300,106,779,Argentina,5503,Lionel Andrés Messi Cuccittini,2,79,58,From Free Kick,92.8,47.1,28.111385593741197,-0.2553320464113803,False,Left Foot,Normal,Free Kick,False,False,False,8,11,119.3,39.6,120.0,43.7,Off T,0.056788407
6cc65765-9ac9-4604-8875-6547b2ad14d4,3857300,106,779,Argentina,5503,Lionel Andrés Messi Cuccittini,2,83,31,Regular Play,113.6,32.2,10.089598604503552,0.8836721166534569,False,Head,Normal,Open Play,False,False,False,3,5,119.1,38.1,119.0,39.2,Saved,0.077553175
c9b280a8-1525-4aee-8494-096e30768667,3857300,106,779,Argentina,3090,Nicolás Hernán Otamendi,2,90,34,From Corner,109.5,37.8,10.72800074571213,0.20653607310567643,True,Head,Normal,Open Play,False,True,False,7,11,119.4,40.0,110.9,45.0,Wayward,0.048093256
7c0424dd-72c7-4393-af7d-6ff52e56c608,3857300,106,779,Argentina,29560,Julián Álvarez,2,100,3,From Corner,112.5,33.2,10.123734488813897,0.7364861572482534,True,Head,Normal,Open Play,False,True,False,4,8,118.2,37.7,118.3,39.8,Saved,0.061390053
0a7ad118-6c7e-48d9-9567-e3ccf2572d8f,3857299,106,791,South Korea,40542,Gue-Sung Cho,1,3,49,Regular Play,111.9,44.7,9.364827814754522,-0.5257685339891913,True,Left Foot,Normal,Open Play,True,False,False,5,9,118.4,43.7,112.7,44.4,Blocked,0.09163986
63df3171-a209-4ce8-8a45-069cc7ce977b,3857299,106,791,South Korea,22067,Woo-Yeong Jeong,1,7,14,From Corner,96.7,49.1,25.013996082193664,-0.3723402631660269,False,Right Foot,Normal,Open Play,False,False,False,6,11,117.6,40.2,99.5,48.4,Blocked,0.03008143
ef6accb7-1ca3-46b0-9ba9-9c1f3fee82aa,3857299,106,791,South Korea,43565,Min Jae Kim,1,7,49,From Corner,114.5,47.9,9.626006440887103,-0.9626235483471677,False,Head,Normal,Open Play,False,False,False,6,11,119.0,41.2,115.3,38.7,Wayward,0.059008703
48e811c5-297c-4215-ba03-6eeaf12092c4,3857299,106,791,South Korea,23763,In-Beom Hwang,1,7,54,From Corner,95.7,54.9,28.504385627478445,-0.5500461583592532,False,Right Foot,Normal,Open Play,False,False,False,8,11,118.5,40.7,107.1,47.0,Blocked,0.019586006
68826d2d-5f3a-475f-9c22-dcac57cc973a,3857299,106,791,South Korea,40542,Gue-Sung Cho,1,17,10,From Corner,115.4,30.4,10.64518670573701,1.123953858309133,False,Head,Normal,Open Play,False,False,False,6,11,119.2,38.1,115.8,31.4,Blocked,0.055939306
5c00500d-0493-404e-93dc-b05b6beb88d6,3857299,106,4885,Ghana,30519,Mohamed Salisu,1,23,43,From Free Kick,115.5,37.9,4.965883607174055,0.4366271598135416,False,Left Foot,Half Volley,Open Play,True,False,False,5,11,118.7,38.5,120.0,41.6,Goal,0.4040968
0fcd16e1-49bb-45f6-9cd6-90db37fc3cdc,3857299,106,4885,Ghana,17033,Mohammed Kudus,1,33,49,From Goal Kick,113.1,41.8,7.130918594402832,-0.2551823906208178,False,Head,Normal,Open Play,False,False,False,5,8,118.6,40.8,120.0,43.0,Goal,0.20083603
a413b677-d8dd-433b-b63c-b9f430ac398f,3857299,106,791,South Korea,5618,Woo-Young Jung,1,44,49,From Throw In,100.6,20.0,27.8632374285545,0.8006254127745654,False,Right Foot,Normal,Open Play,False,False,False,7,11,118.9,39.7,120.0,45.4,Off T,0.010946972
5af663a8-2568-4c76-9d07-73947450bb72,3857299,106,4885,Ghana,6383,Thomas Teye Partey,1,49,30,From Corner,118.3,36.2,4.162931659299728,1.1501329776618607,True,Head,Normal,Open Play,False,True,False,4,10,119.0,37.1,120.0,34.0,Off T,0.21468838
a70147ae-4681-4c1a-b321-1bb3351dac7d,3857299,106,4885,Ghana,33602,Tariq Lamptey,2,49,38,From Throw In,104.8,52.1,19.428072472584617,-0.6723293713358327,False,Left Foot,Normal,Open Play,False,False,False,5,8,118.1,41.8,120.0,34.7,Off T,0.07450179
2ae2708d-eacc-4b5c-88b6-6af78a8fb7c5,3857299,106,791,South Korea,40542,Gue-Sung Cho,2,52,3,From Throw In,111.6,36.7,9.024965373894798,0.3743336160075834,False,Head,Normal,Open Play,False,False,False,4,8,119.1,37.7,119.0,36.8,Saved,0.07677545
96265fa7-2689-4ba5-bfe3-781c93b4ee60,3857299,106,791,South Korea,40542,Gue-Sung Cho,2,57,19,Regular Play,112.6,38.4,7.570997292299086,0.21293834957939717,False,Head,Normal,Open Play,False,False,False,3,8,118.7,39.1,120.0,40.2,Goal,0.23484395
2345dd7d-8990-4f6a-abaf-f93463247f7e,3857299,106,791,South Korea,40542,Gue-Sung Cho,2,60,7,From Throw In,115.5,43.7,5.825804665451805,-0.6881449651458829,True,Head,Normal,Open Play,False,True,False,4,9,119.4,41.6,120.0,41.6,Goal,0.16237147
9d2721df-3127-484a-baa3-99140a5f540b,3857299,106,4885,Ghana,6393,Iñaki Williams Arthuer,2,67,50,From Free Kick,109.2,32.5,13.148764200486672,0.6069876640464081,False,Right Foot,Normal,Open Play,True,False,False,4,8,118.5,37.1,109.4,47.6,Wayward,0.10557394
483f71ea-2bd4-4de1-8e0e-026bff459fb8,3857299,106,4885,Ghana,17033,Mohammed Kudus,2,67,52,From Free Kick,108.4,48.6,14.440221604947753,-0.6379609992695107,False,Left Foot,Normal,Open Play,True,False,False,4,7,117.7,41.7,120.0,39.8,Goal,0.15416233
c9c496ca-6f87-41f1-8bfa-bffaf64a3b8e,3857299,106,791,South Korea,22740,Kang-In Lee,2,74,34,From Free Kick,90.9,45.4,29.596790366524537,-0.18347995714974089,False,Left Foot,Normal,Free Kick,False,False,False,7,11,119.1,39.8,119.0,43.4,Saved,0.034794893
0337c5e5-aaeb-4704-a6c6-35590a5cb9a0,3857299,106,791,South Korea,3083,Heung-Min Son,2,75,15,From Corner,110.9,29.2,14.122676800097066,0.8706183943695778,False,Right Foot,Normal,Open Play,False,False,False,4,9,118.8,38.0,112.3,31.0,Blocked,0.065267496
ac9db281-af11-4d8c-b1a4-262997862862,3857299,106,791,South Korea,22740,Kang-In Lee,2,75,38,From Corner,114.2,56.1,17.11286066091815,-1.225020820991307,False,Left Foot,Normal,Open Play,False,False,False,5,8,118.7,44.0,114.7,54.8,Blocked,0.011154885
5ca72f53-464c-486a-960f-49ed897eab56,3857299,106,791,South Korea,40538,Jin-Su Kim,2,75,40,From Corner,112.0,30.1,12.7283148923964,0.8911474485187876,False,Left Foot,Volley,Open Play,True,False,False,4,6,118.2,38.1,119.2,42.6,Blocked,0.19109753
711ca1dd-14b6-46cc-a662-9b466102981f,3857299,106,4885,Ghana,31029,Salis Abdul Samed,2,82,30,From Corner,96.1,40.1,23.900209204105312,-0.004184076002074782,False,Right Foot,Volley,Open Play,True,False,False,6,11,119.2,39.9,120.0,34.3,Off T,0.026676558
5fbdbb84-3a38-48dc-b558-0e3fd73dd31e,3857299,106,791,South Korea,40538,Jin-Su Kim,2,83,16,From Goal Kick,107.7,23.5,20.580087463370994,0.9302106616363874,False,Left Foot,Normal,Open Play,False,False,False,4,9,118.6,36.5,120.0,38.4,Off T,0.03964235
cdc5580c-1a34-4ef3-b8e5-3378d4515a80,3857299,106,791,South Korea,40538,Jin-Su Kim,2,85,36,From Free Kick,112.0,33.2,10.499523798725347,0.7044940642422175,True,Head,Normal,Open Play,False,True,False,3,7,118.7,38.0,120.0,21.8,Wayward,0.054534186
f8a8b00d-6a42-40fc-9548-95c6f9fae34d,3857299,106,791,South Korea,3083,Heung-Min Son,2,90,10,From Corner,109.6,28.5,15.505160431288678,0.8355842976715911,False,Right Foot,Normal,Open Play,False,False,False,5,9,118.8,37.5,112.2,31.5,Blocked,0.060233038
df62858c-cec5-41e8-a76c-30125e24472c,3857299,106,791,South Korea,5604,Young-Gwon Kim,2,90,13,From Corner,103.6,37.6,16.574679484080534,0.14531001063570198,False,Left Foot,Normal,Open Play,False,False,False,6,9,116.5,38.7,105.8,38.3,Blocked,0.064945966
471a0a82-25bc-4c8a-92f3-ac88f73ce9cf,3857299,106,791,South Korea,41711,Sang-Ho Na,2,90,53,From Corner,113.0,49.3,11.6400171821179,-0.9255770066340582,True,Head,Normal,Open Play,False,True,False,3,8,118.8,43.0,117.9,44.4,Saved,0.05996953
046008c5-c6f8-47b9-960d-3f434171d7c4,3857299,106,791,South Korea,40542,Gue-Sung Cho,2,93,56,From Corner,111.6,23.1,18.87246671741667,1.1095183816050629,False,Left Foot,Normal,Open Play,True,False,False,5,10,118.8,35.8,118.9,35.7,Saved,0.014336902
feaa29d5-d856-4615-95a3-b1ec96ca52a7,3857299,106,791,South Korea,22740,Kang-In Lee,2,99,45,From Throw In,98.5,56.8,27.285344051340086,-0.6632932454134294,False,Left Foot,Normal,Open Play,False,False,False,7,11,118.8,38.8,120.0,36.9,Off T,0.025138553
91980412-72e0-4c2f-a6a4-a71f3df0160c,3857299,106,791,South Korea,40564,Kyung-Won Kwon,2,100,49,Regular Play,83.8,54.1,38.84906691286163,-0.3714244088474543,False,Left Foot,Normal,Open Play,False,False,False,8,11,118.9,41.2,95.5,51.6,Blocked,0.005484339
fd9914e2-818e-4ec3-a50f-eed48b555d6c,3857293,106,4885,Ghana,3450,Jordan Ayew,1,15,0,From Throw In,101.8,36.6,18.51485889765299,0.18468438008645446,True,Right Foot,Normal,Open Play,False,False,False,3,9,118.0,39.9,117.7,41.0,Saved,0.07146578
df394e83-9c10-4bf0-a601-ae219d001867,3857293,106,4885,Ghana,3347,André Ayew Pelé,1,20,12,Other,108.0,40.0,12.0,0.0,False,Left Foot,Normal,Penalty,False,False,False,0,0,,,119.5,42.3,Saved,0.7835
7e4974ae-87a0-4e07-9b66-8bc81c183b3b,3857293,106,783,Uruguay,32478,Darwin Gabriel Núñez Ribeiro,1,22,15,Regular Play,106.8,29.0,17.182549286994643,0.6947382761967031,False,Right Foot,Lob,Open Play,True,False,False,2,7,108.8,30.4,117.3,40.3,Blocked,0.15781382
33bcc988-17fa-40f3-beee-de011786a584,3857293,106,783,Uruguay,5246,Luis Alberto Suárez Díaz,1,25,28,Regular Play,108.6,33.4,13.172699040060095,0.5247957716501072,False,Right Foot,Normal,Open Play,False,False,False,2,7,116.3,37.5,116.0,37.5,Saved,0.2733873
19a225eb-4436-4a53-a354-3b40dfa6ca31,3857293,106,783,Uruguay,5258,Giorgian Daniel De Arrascaeta Benedetti,1,25,30,Regular Play,118.0,42.7,3.360059523282291,-0.9332475286562044,False,Head,Normal,Open Play,False,False,True,4,7,118.3,40.9,120.0,42.4,Goal,0.71106935
183d8cd9-160e-4670-b300-0bddca8c9624,3857293,106,783,Uruguay,5258,Giorgian Daniel De Arrascaeta Benedetti,1,31,2,From Free Kick,110.8,31.2,12.73106437027164,0.7631795980707291,True,Right Foot,Volley,Open Play,True,False,False,3,7,116.7,36.7,120.0,39.5,Goal,0.16736692
a2932eb1-2fa5-459e-a326-6d9a827b96bf,3857293,106,4885,Ghana,17033,Mohammed Kudus,1,36,13,From Throw In,94.7,45.8,25.956309444911458,-0.22535501423188964,False,Left Foot,Normal,Open Play,False,False,False,3,8,117.4,40.8,100.1,44.2,Blocked,0.041819587
f7048b74-324a-4eec-91fa-b890013750a5,3857293,106,783,Uruguay,5259,José María Giménez de Vargas,1,49,25,From Free Kick,106.5,42.5,13.729530217745982,-0.18311081726248413,True,Head,Normal,Open Play,False,True,False,6,10,119.0,40.7,120.0,43.1,Off T,0.03238874
a043e035-3ed8-4588-b90d-d61f16930743,3857293,106,4885,Ghana,44225,Osman Bukari,2,45,56,From Throw In,104.7,50.8,18.727786842016325,-0.6146629519221655,False,Right Foot,Half Volley,Open Play,False,False,False,5,8,117.6,42.6,120.0,33.2,Off T,0.08441304
38c37b2e-8f35-440c-a6b9-367e310ac01f,3857293,106,783,Uruguay,36288,Facundo Pellistri Rebollo,2,64,30,From Throw In,107.5,33.2,14.229898102235307,0.4982250171589937,False,Right Foot,Normal,Open Play,False,False,False,6,9,116.8,37.7,120.0,35.3,Off T,0.099497445
fc2eb5bf-dd9e-4bef-bf41-8da98599fcfb,3857293,106,783,Uruguay,6773,Federico Santiago Valverde Dipetta,2,69,30,From Throw In,92.5,22.5,32.59601202601324,0.5667292175235064,False,Right Foot,Volley,Open Play,True,False,False,7,10,118.9,38.1,118.8,37.0,Saved,0.0066686436
3346f978-27fc-4507-a755-40bf2c782df2,3857293,106,783,Uruguay,6773,Federico Santiago Valverde Dipetta,2,69,56,From Throw In,93.0,21.1,32.957700162481,0.6107259643892086,False,Right Foot,Normal,Open Play,False,False,False,7,11,118.2,39.1,120.0,35.0,Off T,0.008103582
858b5cc2-2cad-477d-a5a6-00723f56bed7,3857293,106,4885,Ghana,17033,Mohammed Kudus,2,70,46,From Goal Kick,95.7,47.2,25.3442301125917,-0.288055447050626,False,Right Foot,Normal,Open Play,False,False,False,5,9,115.5,41.9,120.0,44.8,Off T,0.04665373
2ebaf0c3-079d-4c48-ac75-a2537a5dbd9e,3857293,106,783,Uruguay,6773,Federico Santiago Valverde Dipetta,2,76,52,Regular Play,59.0,4.0,70.83078426785913,0.53315570550763,False,Right Foot,Normal,Open Play,False,False,False,7,11,111.9,37.9,120.0,38.8,Off T,0.003913026
fcc52260-cff2-442c-ab1f-c2d74b115c2b,3857293,106,4885,Ghana,9286,Antoine Semenyo,2,78,51,From Goal Kick,109.6,28.0,15.87954659302337,0.8567056281827383,False,Left Foot,Normal,Open Play,False,False,False,6,9,117.0,35.9,120.0,45.7,Off T,0.12024433
d7ad833f-d36c-496c-a01a-9ca4deca763f,3857293,106,4885,Ghana,17033,Mohammed Kudus,2,80,50,Regular Play,96.8,42.8,23.36835467036565,-0.12010873556691275,False,Left Foot,Normal,Open Play,False,False,False,5,9,115.8,40.4,115.7,38.7,Saved,0.05586675
b11f4037-6e3a-4bb2-a162-3a3c697fe4cc,3857293,106,4885,Ghana,17033,Mohammed Kudus,2,94,0,Regular Play,108.0,43.6,12.52836781069266,-0.2914567944778672,False,Left Foot,Half Volley,Open Play,False,False,False,4,7,117.5,41.3,112.6,42.9,Blocked,0.10750313
3c8dc524-b91f-4e16-984d-e2e52ab801aa,3857293,106,783,Uruguay,6297,Maximiliano Gómez González,2,94,18,Regular Play,93.0,49.4,28.589508565206224,-0.3350241110808167,False,Right Foot,Normal,Open Play,False,False,False,5,5,116.8,41.1,116.5,39.3,Saved,0.030132728
e55dceaf-a963-4dfa-b39b-9f0b5cf29a0c,3857293,106,4885,Ghana,35658,Kamaldeen Sulemana,2,95,18,From Throw In,99.5,50.6,23.07834482799839,-0.477212668373124,False,Right Foot,Normal,Open Play,False,False,False,4,6,114.7,42.9,114.6,42.3,Saved,0.081227794
358fa0a3-64ba-4ea0-ade1-d0cd7383438f,3857293,106,783,Uruguay,6300,Sebastián Coates Nión,2,96,3,Regular Play,108.8,43.0,11.594826432508597,-0.261713502401205,False,Right Foot,Normal,Open Play,True,False,False,6,6,117.7,41.6,120.0,45.8,Off T,0.103292696
7c01881a-3661-43f9-8958-467bc8901bef,3857293,106,783,Uruguay,28729,Diego Nicolás De La Cruz Arcosa,2,99,30,From Free Kick,91.4,33.9,29.24328982860854,0.21013799556258267,False,Right Foot,Normal,Free Kick,False,False,False,8,10,118.8,40.5,119.1,38.2,Saved,0.0429242
53245b09-b770-4751-8f46-6ebf5a3363e4,3857291,106,772,Spain,16532,Daniel Olmo Carvajal,1,4,25,Regular Play,112.4,45.9,9.621330469326988,-0.6601315920749267,False,Right Foot,Volley,Open Play,True,False,False,5,8,118.0,42.9,120.0,31.4,Off T,0.20824905
62ec4d64-0584-490c-a180-76389b8f22c6,3857291,106,772,Spain,5719,Marco Asensio Willemsen,1,8,9,From Throw In,102.5,40.7,17.513994404475525,-0.0399786871232902,False,Left Foot,Normal,Open Play,True,False,False,5,9,118.5,40.2,120.0,44.9,Off T,0.1501565
893c1dbd-46e9-4020-ab1a-a7d8deb3052d,3857291,106,772,Spain,16532,Daniel Olmo Carvajal,1,10,52,From Throw In,112.3,39.3,7.731752712031086,0.09065988720074544,False,Right Foot,Lob,Open Play,False,False,False,6,9,114.7,39.4,120.0,37.7,Goal,0.48925844
4b230dcf-b3cd-42eb-aa82-b73c0f958617,3857291,106,772,Spain,5719,Marco Asensio Willemsen,1,20,32,Regular Play,105.8,33.4,15.65886330485071,0.4350839511620461,False,Left Foot,Half Volley,Open Play,True,False,False,5,8,118.4,38.8,120.0,41.4,Goal,0.09218961
9d452713-0955-4550-8b33-24a3f61a156a,3857291,106,772,Spain,6748,Ferrán Torres García,1,30,9,Other,108.1,40.1,11.900420160649796,-0.008403163547647103,False,Right Foot,Normal,Penalty,False,False,False,0,0,,,120.0,37.3,Goal,0.7835
5ecc1455-02b5-44a8-87f9-ca943e075e39,3857291,106,772,Spain,5719,Marco Asensio Willemsen,1,42,20,From Free Kick,91.7,29.8,30.08205445111753,0.3459309089764486,False,Left Foot,Normal,Open Play,False,False,False,6,10,118.0,38.7,94.3,30.5,Blocked,0.015886325
a4c6a385-3657-4425-a447-557456a02d42,3857291,106,772,Spain,5719,Marco Asensio Willemsen,1,49,16,Regular Play,110.5,30.5,13.435028842544403,0.7853981633974483,False,Left Foot,Normal,Open Play,False,False,False,3,8,117.5,37.0,120.0,31.6,Off T,0.04809784
544da69f-4257-44bc-921c-a649e8652df2,3857291,106,772,Spain,5719,Marco Asensio Willemsen,2,47,37,From Throw In,100.5,45.7,20.316003544004417,-0.284384776593859,False,Left Foot,Normal,Open Play,False,False,False,4,8,116.9,40.9,120.0,41.2,Off T,0.08547543
50be89b1-5ffc-4c3e-bd91-aad991a0e275,3857291,106,772,Spain,6748,Ferrán Torres García,2,53,41,From Corner,114.7,49.4,10.791200118615164,-1.0573972757115775,False,Left Foot,Normal,Open Play,False,False,False,4,9,117.4,46.6,120.0,38.8,Goal,0.10498973
fe096a2b-219d-46e6-9c88-6b658d27b326,3857291,106,772,Spain,16532,Daniel Olmo Carvajal,2,61,13,From Free Kick,92.0,25.7,31.440260813167566,0.472182252413347,False,Right Foot,Normal,Open Play,False,False,False,5,10,118.1,38.3,120.0,42.4,Off T,0.017297672
c4737974-89fa-40ea-8801-aa89e5dd23f6,3857291,106,772,Spain,3477,Álvaro Borja Morata Martín,2,62,42,From Free Kick,112.0,54.0,16.1245154965971,-1.0516502125483738,False,Right Foot,Normal,Open Play,False,False,False,2,5,118.4,43.9,120.0,45.8,Off T,0.06487478
a46a4299-7032-438f-8a9b-1c741d1f1dce,3857291,106,772,Spain,16532,Daniel Olmo Carvajal,2,69,3,From Free Kick,110.3,29.3,14.442298985964806,0.8343785643211754,False,Head,Normal,Open Play,False,False,False,4,8,119.0,37.4,117.4,39.1,Saved,0.033574425
82066543-74f5-45b6-a293-877eaa14038d,3857291,106,772,Spain,133353,Pablo Martín Páez Gavira,2,73,59,From Free Kick,103.0,45.8,17.962182495454165,-0.3287926915049542,False,Right Foot,Volley,Open Play,True,False,False,4,8,118.6,39.7,120.0,43.2,Goal,0.056229107
ca82e8dd-4c1e-48c7-af8a-69d3a005a3f4,3857291,106,772,Spain,6583,Carlos Soler Barragán,2,89,11,Regular Play,109.7,40.1,10.30048542545447,-0.00970843283410904,False,Right Foot,Normal,Open Play,True,False,False,4,9,113.4,40.2,120.0,42.8,Goal,0.33333436
4257ad0a-57eb-4e8e-9069-23e8bae6a1e9,3857291,106,772,Spain,3477,Álvaro Borja Morata Martín,2,91,57,From Keeper,104.0,36.4,16.4,0.22131444234779138,False,Left Foot,Normal,Open Play,True,False,False,7,10,118.5,38.4,120.0,36.6,Goal,0.16366571
12f7b3ec-aa99-4e9c-a399-9527ce1ae34b,3857291,106,772,Spain,6583,Carlos Soler Barragán,2,95,14,Regular Play,102.5,42.5,17.67766952966369,-0.14189705460416394,False,Right Foot,Normal,Open Play,True,False,False,6,8,118.1,39.7,120.0,46.5,Off T,0.10654532
a7d3eb81-1ace-4398-91fb-48fea103b614,3857291,106,772,Spain,6583,Carlos Soler Barragán,2,97,27,From Free Kick,103.5,16.7,28.55065673500349,0.9546184795495068,False,Right Foot,Normal,Free Kick,False,False,False,9,11,118.6,39.1,112.4,32.4,Blocked,0.008599174
0cca8b6c-e7eb-4dd9-99a7-8a557686cb90,3857281,106,1833,Canada,12365,Alphonso Davies,1,1,8,Regular Play,109.6,36.4,11.00545319375809,0.3332443011116727,True,Head,Normal,Open Play,False,True,False,3,8,118.6,38.9,120.0,40.4,Goal,0.08130363
e823ad07-c3bc-4381-ba75-91912727a627,3857281,106,785,Croatia,22041,Marko Livaja,1,21,32,Regular Play,109.5,36.8,10.97679370308106,0.2958197685389976,False,Right Foot,Normal,Open Play,True,False,False,4,8,115.8,38.4,115.2,38.4,Saved,0.4341785
4c5921b6-75fd-440a-b14f-13345739ef56,3857281,106,785,Croatia,22041,Marko Livaja,1,34,52,From Throw In,109.9,50.0,14.21302219797042,-0.7804230800665946,False,Right Foot,Normal,Open Play,False,False,False,4,6,117.6,43.6,117.2,43.7,Saved,0.24546398
a542a434-0c60-49bd-b185-58fe80506670,3857281,106,785,Croatia,5460,Andrej Kramarić,1,35,53,From Corner,114.1,29.4,12.131364309095662,1.0628971820612263,False,Left Foot,Normal,Open Play,True,False,False,5,10,117.8,35.9,120.0,43.4,Goal,0.14639324
edaf6854-5d65-4194-89b9-a5bb23273915,3857281,106,785,Croatia,22041,Marko Livaja,1,43,32,From Free Kick,101.0,39.1,19.021303845951255,0.04733304076656666,False,Right Foot,Normal,Open Play,False,False,False,5,9,115.7,39.7,120.0,36.9,Goal,0.13916126
5c4e5a19-7cbe-44f4-a27b-8b590e267e1e,3857281,106,785,Croatia,5460,Andrej Kramarić,1,46,25,Regular Play,98.7,33.1,22.389729788454346,0.31327618099367155,False,Left Foot,Normal,Open Play,False,False,False,5,7,118.0,39.0,120.0,36.9,Off T,0.059277993
641dd945-e22d-4614-b142-de0ae99d2ae5,3857281,106,1833,Canada,12770,Jonathan Osorio,2,48,25,Regular Play,98.3,50.1,23.93532953606447,-0.43561756904095966,False,Right Foot,Normal,Open Play,False,False,False,6,10,118.6,41.7,120.0,35.1,Off T,0.03829635
39f5f94d-887f-4684-b128-00ad3bc29d58,3857281,106,785,Croatia,5460,Andrej Kramarić,2,53,44,Regular Play,108.2,42.1,11.985407794480752,-0.1761221738258197,False,Right Foot,Normal,Open Play,True,False,False,4,8,118.7,41.0,118.7,39.5,Saved,0.24875651
abb0663d-e9fc-4795-99c3-a2d32663e9e4,3857281,106,1833,Canada,23640,Jonathan David,2,55,17,From Free Kick,96.4,39.9,23.600211863455797,0.004237262776246776,False,Right Foot,Normal,Open Play,True,False,False,6,9,118.7,40.9,118.9,39.2,Saved,0.052886155
e5689f62-2308-4eef-bd8a-bce2a2c82998,3857281,106,1833,Canada,24024,Tajon Buchanan,2,57,26,From Keeper,99.8,52.9,23.967686580060246,-0.568329216158175,False,Right Foot,Normal,Open Play,False,False,False,4,8,118.6,42.2,102.1,51.6,Blocked,0.023891453
ede02998-ca90-4878-bfcd-7cd738fb99dd,3857281,106,1833,Canada,12365,Alphonso Davies,2,62,33,From Free Kick,101.1,59.8,27.37243138634199,-0.808649786207911,False,Left Foot,Normal,Free Kick,False,False,False,8,11,118.9,40.0,108.0,53.6,Blocked,0.011981465
34382857-95ed-4b41-8b3b-0b372664bf39,3857281,106,785,Croatia,5460,Andrej Kramarić,2,69,36,Regular Play,106.8,47.1,14.988328792764058,-0.4934894936679155,True,Left Foot,Normal,Open Play,False,False,False,4,10,118.4,41.5,120.0,36.6,Goal,0.10933437
e8b357ba-2bab-44d6-83a9-0ff71f4cdb97,3857281,106,785,Croatia,5460,Andrej Kramarić,2,71,5,Regular Play,115.1,46.8,8.381527307120106,-0.946385977168255,False,Left Foot,Half Volley,Open Play,True,False,False,4,9,118.4,43.3,117.6,22.5,Wayward,0.1355834
a600f930-ae69-443e-a2bf-06b65723dadf,3857281,106,1833,Canada,9922,David Junior Hoilett,2,76,16,From Throw In,92.2,33.0,28.667751917442008,0.2466707088894026,False,Right Foot,Normal,Open Play,False,False,False,6,10,118.4,38.9,120.0,29.9,Off T,0.019849088
4d807f3d-c4b5-46f5-b084-dfe743faa70a,3857281,106,785,Croatia,5474,Ivan Perišić,2,77,50,Regular Play,115.3,26.9,13.917614738165447,1.2263224115566131,False,Left Foot,Normal,Open Play,False,False,False,3,7,118.4,36.4,119.2,35.8,Saved,0.031612467
2c4ef280-deb7-4c7b-8e0d-35898a49cd3e,3857281,106,785,Croatia,5469,Marcelo Brozović,2,77,53,Regular Play,110.3,42.6,10.042410069301097,-0.2618852646805191,False,Left Foot,Normal,Open Play,True,False,False,3,7,116.9,40.2,116.9,39.4,Saved,0.30414897
a59ccb02-568d-4752-81b1-59dd9c8cc309,3857281,106,785,Croatia,5474,Ivan Perišić,2,81,53,From Throw In,96.0,26.3,27.634941650019815,0.5186972812425509,False,Left Foot,Normal,Open Play,False,False,False,5,9,117.2,37.9,120.0,49.6,Off T,0.02367336
9e3c349a-de05-4c11-bf45-5242316b2454,3857281,106,785,Croatia,16527,Mislav Oršić,2,89,22,From Throw In,98.2,35.1,22.343902971504328,0.22109612557361538,False,Right Foot,Normal,Open Play,True,False,False,5,7,118.7,39.8,118.1,39.7,Saved,0.045590583
014a8d56-b0f2-4275-8101-200519696fee,3857281,106,1833,Canada,9922,David Junior Hoilett,2,92,4,From Free Kick,98.1,33.5,22.844255295369123,0.28852179242331694,False,Right Foot,Half Volley,Open Play,True,False,False,7,10,118.8,39.2,113.7,35.5,Blocked,0.03737635
40615000-0837-4f62-bc9c-0fdc321eda87,3857281,106,1833,Canada,9922,David Junior Hoilett,2,92,14,From Free Kick,99.5,26.7,24.436448187083162,0.5755174407363733,False,Right Foot,Volley,Open Play,False,False,False,6,11,118.6,37.2,120.0,34.8,Off T,0.02121069
9ce41f6d-4a9a-45d2-891d-d3f49b2da451,3857281,106,785,Croatia,28914,Lovro Majer,2,93,26,Regular Play,109.2,45.4,12.07476707849886,-0.4636476090008061,False,Left Foot,Normal,Open Play,True,False,False,2,2,113.5,40.0,120.0,41.6,Goal,0.68703645
f1ea3de4-8ca4-4ce0-8aeb-e18c3681742d,3857280,106,781,Brazil,9904,Frederico Rodrigues Santos,1,1,35,From Throw In,108.7,38.6,11.386395390991828,0.12326567035889906,False,Left Foot,Normal,Open Play,True,False,False,4,9,117.8,41.3,112.1,32.0,Wayward,0.29454654
9996c5af-1237-4f3c-9178-bedb7fed6d23,3857280,106,781,Brazil,25363,Antony Matheus dos Santos,1,1,45,From Throw In,103.3,25.5,22.11650967037973,0.7150018600912117,False,Left Foot,Normal,Open Play,False,False,False,7,11,118.1,37.9,111.8,37.6,Wayward,0.038875267
287dd539-6bb4-4efe-91ff-7c332bed0e1f,3857280,106,781,Brazil,29976,Gabriel Teodoro Martinelli Silva,1,13,34,From Throw In,111.8,34.5,9.873702446397706,0.5908115849236156,False,Head,Normal,Open Play,False,False,False,3,7,118.6,38.0,118.0,37.9,Saved,0.12449543
97e2dd79-ed15-412c-b0c5-f73564e5d13d,3857280,106,781,Brazil,3202,Gabriel Fernando de Jesus,1,14,11,From Corner,113.4,48.9,11.080162453682703,-0.9327103275260377,False,Head,Normal,Open Play,False,False,False,7,10,119.0,42.5,120.0,52.1,Off T,0.044797283
c773c8ee-4e2a-453c-8930-a4fe66538e0d,3857280,106,781,Brazil,9904,Frederico Rodrigues Santos,1,21,9,From Free Kick,107.6,39.2,12.42577965360726,0.06442683942555329,False,Right Foot,Half Volley,Open Play,True,False,False,6,10,119.4,40.1,108.6,39.4,Blocked,0.083684884
8b8dffd8-a309-49a5-afc2-f0fc51aebfdc,3857280,106,781,Brazil,25104,Rodrygo Silva de Goes,1,29,41,From Free Kick,94.0,42.7,26.13981637272917,-0.1034752576297782,False,Right Foot,Normal,Free Kick,False,False,False,9,11,118.8,38.9,105.2,43.2,Blocked,0.0651609
1c60c5cf-4990-4fb1-b943-93fb8a2bbbe3,3857280,106,781,Brazil,4324,Daniel Alves da Silva,1,33,28,From Free Kick,96.7,29.3,25.639422770413532,0.4305009405076255,False,Right Foot,Normal,Free Kick,False,False,False,7,11,118.9,41.2,120.0,37.3,Off T,0.06485747
50563a15-c15e-4803-a330-dc9fcb5bc2a5,3857280,106,781,Brazil,25363,Antony Matheus dos Santos,1,37,6,Regular Play,105.6,52.3,18.938056922503957,-0.706908060760116,False,Left Foot,Normal,Open Play,False,False,False,4,7,117.0,43.3,116.5,42.8,Saved,0.033440635
12b92f66-7bc0-4d4b-930a-a87d5948536f,3857280,106,781,Brazil,29976,Gabriel Teodoro Martinelli Silva,1,45,55,From Free Kick,101.3,45.2,19.409533739891852,-0.27122263632150045,False,Right Foot,Normal,Open Play,False,False,False,6,8,118.6,41.6,118.1,41.7,Saved,0.047920834
683a768d-dc6f-47fa-96e9-19ed402a34c8,3857280,106,781,Brazil,25104,Rodrygo Silva de Goes,1,46,37,From Corner,107.8,50.0,15.7746632293688,-0.6866215713297855,True,Right Foot,Normal,Open Play,True,False,False,6,9,118.8,41.7,120.0,44.9,Off T,0.06651591
2c4a4dd9-2cbb-409b-a28f-ca391e32ba45,3857280,106,2722,Cameroon,4935,Bryan Mbeumo,1,47,27,From Goal Kick,113.5,47.4,9.849365461794987,-0.8500561098214294,False,Head,Normal,Open Play,False,False,False,5,8,119.3,39.9,118.7,39.1,Saved,0.11827337
ed0f8d00-934b-48c3-aa72-0db55c00964b,3857280,106,2722,Cameroon,11174,Vincent Paté Aboubakar,2,50,11,From Throw In,109.5,54.0,17.5,-0.9272952180016122,False,Right Foot,Normal,Open Play,True,False,False,7,11,118.2,44.0,120.0,31.2,Off T,0.07058843
21326275-2339-4daa-a88a-88218f3e9e05,3857280,106,781,Brazil,3202,Gabriel Fernando de Jesus,2,52,25,From Goal Kick,111.9,36.3,8.90505474435727,0.4284862270457784,False,Right Foot,Normal,Open Play,True,False,False,3,8,113.8,37.2,113.3,37.3,Saved,0.27918908
79b4ee7e-a9d3-4830-8aaa-98c6de71e178,3857280,106,2722,Cameroon,12623,Pierre Kunde Malong,2,53,39,Regular Play,91.8,17.8,35.88983142897163,0.6669082042393105,False,Right Foot,Normal,Open Play,False,False,False,8,10,117.1,37.7,120.0,49.9,Off T,0.006493906
0453837c-6713-4b31-9aa3-2737ce9492bd,3857280,106,781,Brazil,29976,Gabriel Teodoro Martinelli Silva,2,55,29,From Goal Kick,108.9,25.7,18.102486017119304,0.910722149888995,False,Right Foot,Normal,Open Play,False,False,False,4,6,118.6,37.7,118.0,38.3,Saved,0.038835723
a638d5f3-6820-4295-80f9-51ce1021ac4e,3857280,106,781,Brazil,13620,Éder Gabriel Militão,2,56,15,From Corner,105.3,39.2,14.721752613055283,0.05436813647319729,False,Left Foot,Half Volley,Open Play,False,False,False,6,10,116.0,39.7,115.2,39.7,Saved,0.075584605
620c38af-7953-47a7-8b22-948783027911,3857280,106,781,Brazil,25363,Antony Matheus dos Santos,2,57,15,From Free Kick,101.0,51.2,22.055384830013736,-0.5326436072295172,False,Left Foot,Normal,Open Play,False,False,False,4,8,117.0,41.0,116.7,38.7,Saved,0.037848417
8fc63578-225d-4bde-8962-2fe6d3d358d1,3857280,106,781,Brazil,25142,Bruno Guimarães Rodriguez Moura,2,72,12,Regular Play,99.9,37.6,20.2427764894048,0.11884034456776517,True,Right Foot,Normal,Open Play,False,False,False,5,8,117.4,39.2,120.0,44.4,Off T,0.086029716
a6fdb4af-303e-4e8f-9a34-0bd2a5d80d5f,3857280,106,2722,Cameroon,10530,Jules Olivier Ntcham,2,77,41,Regular Play,92.8,35.5,27.569729777420747,0.16395607213627558,False,Right Foot,Normal,Open Play,False,False,False,4,9,117.8,40.1,117.6,37.8,Saved,0.03332142
b63f35bc-2a9d-4ea4-a6a8-22f57b71103d,3857280,106,2722,Cameroon,11174,Vincent Paté Aboubakar,2,79,50,From Corner,104.1,25.5,21.51882896442091,0.7393780472815936,False,Right Foot,Normal,Open Play,False,False,False,7,10,117.0,36.6,104.8,26.1,Blocked,0.042308386
5dd3dbb5-4b85-4137-a861-0a734ceffc55,3857280,106,2722,Cameroon,74588,Christopher Wooh,2,80,16,From Corner,106.3,39.9,13.700364958642528,0.007299140443697304,False,Right Foot,Half Volley,Open Play,True,False,False,7,11,118.7,40.5,109.1,42.1,Wayward,0.05692788
4de99a82-c7f1-40b0-970f-e0ba4f7e5d23,3857280,106,781,Brazil,25142,Bruno Guimarães Rodriguez Moura,2,83,30,Regular Play,114.9,44.0,6.481512169239516,-0.6651026864694947,True,Right Foot,Normal,Open Play,True,False,False,5,8,118.4,42.7,115.5,43.7,Blocked,0.14917652
bcdd0ce2-1488-4be6-a888-ff5adf538d17,3857280,106,781,Brazil,25305,Pedro Guilherme Abreu dos Santos,2,88,4,From Throw In,104.2,47.1,17.321951391226104,-0.42232747185149033,True,Left Foot,Normal,Open Play,False,False,False,8,11,116.6,40.8,120.0,35.2,Off T,0.18481041
2633fa3b-4b17-4b48-a9b4-498388b73b59,3857280,106,2722,Cameroon,11174,Vincent Paté Aboubakar,2,91,48,Regular Play,106.7,40.7,13.31840831330831,-0.05258306161094194,False,Head,Normal,Open Play,False,False,False,3,8,117.9,40.9,120.0,43.6,Goal,0.05544736
0e25dcd5-8d39-44d3-a70b-720d9f257fe3,3857280,106,781,Brazil,25305,Pedro Guilherme Abreu dos Santos,2,95,20,From Throw In,108.8,37.5,11.475626344561768,0.21961412517659976,False,Head,Normal,Open Play,False,False,False,6,9,117.9,39.9,120.0,48.7,Off T,0.07645427
03407139-17ee-4388-8f34-b96cb31838a8,3857280,106,781,Brazil,25142,Bruno Guimarães Rodriguez Moura,2,96,16,Regular Play,112.9,39.8,7.1028163428318996,0.028161566987892846,False,Head,Normal,Open Play,False,False,False,6,10,119.0,39.6,119.3,36.7,Saved,0.17098139
19f55e27-8f8a-428f-adb5-202c0c30f531,3857280,106,781,Brazil,29976,Gabriel Teodoro Martinelli Silva,2,97,10,Regular Play,115.1,36.0,6.325345840347392,0.68461716431278,False,Head,Normal,Open Play,False,False,False,6,9,118.9,37.3,120.0,39.4,Off T,0.1945778
ff1bb3cd-53a0-492e-ae33-0d995c90dc74,3857280,106,781,Brazil,25142,Bruno Guimarães Rodriguez Moura,2,98,29,From Throw In,114.1,35.3,7.54320886625845,0.6726705518070706,False,Right Foot,Half Volley,Open Play,True,False,False,7,9,116.5,36.8,120.0,38.4,Off T,0.22043578
19e5de1d-f23b-48a2-b3d3-b2e5145d86ac,3857279,106,771,France,5477,Ousmane Dembélé,1,1,32,From Corner,95.0,47.8,26.188547115103578,-0.3024292875408868,False,Left Foot,Volley,Open Play,True,False,False,9,11,118.5,40.4,108.1,42.8,Blocked,0.018982504
65a31c80-f38e-4342-82ef-48d175d6b057,3857279,106,792,Australia,33477,Riley McGree,1,2,25,From Throw In,89.5,39.1,30.513275799232044,0.029499636599506145,False,Right Foot,Normal,Open Play,False,False,False,6,9,118.4,41.2,120.0,24.4,Off T,0.030384658
b97a3211-2394-47a1-a8e7-6c27e85778b4,3857279,106,792,Australia,8346,Craig Goodwin,1,8,24,From Throw In,114.2,31.3,10.456098698845567,0.9827937232473293,False,Left Foot,Half Volley,Open Play,True,False,False,4,6,118.6,38.5,120.0,41.3,Goal,0.19147108
b6f462e0-9d81-44ff-aed5-ae9d4fa93799,3857279,106,771,France,6704,Theo Bernard François Hernández,1,12,26,From Corner,92.7,34.0,27.951565251341467,0.21634066137329058,False,Left Foot,Volley,Open Play,True,False,False,9,11,119.0,38.5,105.3,40.4,Wayward,0.017692888
5e9727d4-d5a4-4352-bab9-39a7e81e6d28,3857279,106,792,Australia,33492,Mitchell Thomas Duke,1,21,5,From Throw In,91.1,46.9,29.712287020692305,-0.23436681658474762,False,Right Foot,Normal,Open Play,False,False,False,5,8,118.6,42.5,120.0,44.6,Off T,0.017896876
2761f5d8-8b96-4f81-a56b-19c32dfd38aa,3857279,106,771,France,5487,Antoine Griezmann,1,25,33,From Throw In,112.1,52.7,14.95660389259541,-1.014323159913057,False,Right Foot,Half Volley,Open Play,False,False,False,6,10,117.4,43.4,112.7,51.9,Blocked,0.034694295
bbb77650-9a8f-4ee9-9916-5552003bac24,3857279,106,771,France,3026,Adrien Rabiot,1,26,2,From Corner,111.6,42.0,8.634813257969167,-0.23374318086890128,False,Head,Normal,Open Play,False,False,False,7,10,117.7,41.0,120.0,39.9,Goal,0.16905431
671ff241-1a2e-4224-9633-b5fe7309052c,3857279,106,771,France,3604,Olivier Giroud,1,28,59,From Corner,112.3,39.8,7.702596964660688,0.025968187211556748,True,Head,Normal,Open Play,False,True,False,6,11,117.7,40.1,120.0,43.7,Off T,0.17925091
4b8db9ec-fbb1-485b-b348-d8bb3aecbf07,3857279,106,771,France,3604,Olivier Giroud,1,31,18,Regular Play,110.5,39.2,9.53362470417207,0.08401231180749429,False,Right Foot,Normal,Open Play,True,False,False,2,6,116.7,35.5,120.0,39.4,Goal,0.77927965
c87948a3-d9cd-4b23-b89d-8c0acf5ca713,3857279,106,771,France,3009,Kylian Mbappé Lottin,1,36,3,From Goal Kick,105.0,47.2,16.63850954863446,-0.44751997515717,False,Right Foot,Half Volley,Open Play,True,False,False,5,9,116.9,41.4,106.8,47.0,Blocked,0.08709453
6de83c25-ee0f-4ad3-951d-48b876a1584c,3857279,106,771,France,3604,Olivier Giroud,1,36,5,From Goal Kick,104.5,38.9,15.538983235720412,0.07084895954460985,False,Right Foot,Half Volley,Open Play,True,False,False,6,9,116.9,40.8,120.0,41.6,Off T,0.14067347
76fd24e6-a4f1-4a23-8fe8-6c154da2aafd,3857279,106,771,France,5477,Ousmane Dembélé,1,39,28,From Throw In,106.5,38.2,13.6194713553794,0.13255153229667382,False,Right Foot,Half Volley,Open Play,True,False,False,4,10,118.0,37.8,120.0,49.2,Off T,0.08098688
a164892f-785b-4f0e-a921-80242cc612fd,3857279,106,771,France,5487,Antoine Griezmann,1,41,54,Regular Play,99.5,47.5,21.828879952943073,-0.3507279482482035,False,Left Foot,Normal,Open Play,True,False,False,5,11,117.2,42.2,120.0,45.3,Off T,0.04884043
afced147-4cd3-47fc-aef0-dea4baae4623,3857279,106,771,France,3009,Kylian Mbappé Lottin,1,44,38,Regular Play,112.9,40.2,7.1028163428318996,-0.028161566987892846,False,Right Foot,Volley,Open Play,True,False,False,2,7,116.8,42.9,120.0,42.0,Off T,0.5517509
22e929cb-4cf5-4f43-9765-65e5cfc95e04,3857279,106,792,Australia,5490,Jackson Irvine,1,46,1,From Throw In,110.1,43.4,10.467568963231152,-0.33081375034235017,False,Head,Normal,Open Play,False,False,False,4,8,119.2,40.7,120.0,36.1,Post,0.083539926
d2dc3f87-917b-423e-93ae-202c56c7ed96,3857279,106,771,France,10481,Aurélien Djani Tchouaméni,2,49,11,From Free Kick,96.3,40.8,23.71349826575573,-0.03374246255742182,False,Right Foot,Normal,Open Play,True,False,False,5,10,117.6,40.1,109.8,40.4,Blocked,0.035826564
9db7fdb8-4376-4e40-8b9f-44d13dd02103,3857279,106,771,France,3604,Olivier Giroud,2,49,28,From Free Kick,111.6,44.2,9.391485505499123,-0.4636476090008061,False,Left Foot,Overhead Kick,Open Play,True,False,False,5,8,118.7,39.8,120.0,32.6,Off T,0.07860331
f951c284-4260-4f72-a737-c5cd541fcefa,3857279,106,771,France,3009,Kylian Mbappé Lottin,2,60,12,From Throw In,107.5,31.1,15.344705927452633,0.6187343356271047,False,Right Foot,Normal,Open Play,True,False,False,3,10,116.3,37.1,108.2,31.7,Blocked,0.12751806
711ae41d-8fee-4b6d-9362-4006c7d12b5a,3857279,106,771,France,3009,Kylian Mbappé Lottin,2,62,0,From Corner,109.2,30.1,14.650938536489733,0.7419472680059175,False,Left Foot,Normal,Open Play,False,False,False,4,9,117.8,36.7,110.1,30.8,Blocked,0.07606661
d5ee1b44-3262-48cb-9bf8-7937d005a3a9,3857279,106,771,France,11135,Ibrahima Konaté,2,62,31,From Corner,113.0,40.0,7.0,0.0,True,Head,Normal,Open Play,False,True,False,7,11,119.5,39.0,120.0,50.3,Off T,0.096129
2f831180-2b97-4643-b625-0f0d13fa60f6,3857279,106,771,France,3009,Kylian Mbappé Lottin,2,63,51,From Free Kick,108.0,25.2,19.053608582103287,0.8894981015070477,False,Right Foot,Normal,Open Play,False,False,False,2,8,117.5,36.2,109.0,26.6,Blocked,0.027555656
48579de1-7abd-4835-9042-744ab48ca01e,3857279,106,771,France,5487,Antoine Griezmann,2,66,30,Regular Play,105.3,36.2,15.183214415926559,0.25296571373056825,False,Left Foot,Normal,Open Play,True,False,False,5,9,117.3,36.7,119.8,42.8,Blocked,0.17584424
6c8348cd-2bb3-4d31-8607-972d6148d0e5,3857279,106,771,France,3009,Kylian Mbappé Lottin,2,66,54,Regular Play,115.7,24.7,15.8927656498169,1.296818162063286,False,Left Foot,Normal,Open Play,True,False,False,3,9,118.7,36.0,117.7,49.6,Wayward,0.013371275
ce3204fc-51c4-437e-81e3-ae644e0302b1,3857279,106,771,France,3009,Kylian Mbappé Lottin,2,67,3,Regular Play,113.5,42.2,6.8622153857191055,-0.32635881670676303,True,Head,Normal,Open Play,False,True,False,7,11,118.8,41.1,120.0,37.8,Goal,0.14142905
c9d3d537-8f05-4767-bf73-9a1f1a8a37cf,3857279,106,771,France,3604,Olivier Giroud,2,70,50,From Free Kick,113.5,42.6,7.000714249274856,-0.38050637711236507,False,Head,Normal,Open Play,False,False,False,4,9,119.1,38.4,120.0,42.6,Goal,0.16888039
c47df350-ed33-48d3-8c0f-8ec0d6a2945c,3857279,106,771,France,11135,Ibrahima Konaté,2,89,2,From Corner,112.1,41.4,8.02309167341369,-0.17539422054342227,False,Head,Normal,Open Play,False,False,False,6,11,119.6,40.2,119.6,41.4,Saved,0.07988335
8203b821-9b31-43b1-9de7-0795dfa6c46a,3857279,106,771,France,6704,Theo Bernard François Hernández,2,90,25,From Throw In,112.8,32.1,10.688779163215976,0.8317226140980548,True,Head,Normal,Open Play,False,True,False,2,8,118.5,37.6,118.5,37.6,Saved,0.041087516
18f01ec7-ab9e-40d4-9629-a6507d1843e5,3857262,106,780,Portugal,10868,Ricardo Jorge Luz Horta,1,4,53,From Goal Kick,113.6,47.0,9.484724561103505,-0.8301443948520635,False,Right Foot,Normal,Open Play,True,False,False,4,8,118.5,44.5,120.0,40.6,Goal,0.29158956
c6dfbf3c-fee3-4529-bf1c-88c912c73ca2,3857262,106,780,Portugal,7005,João Pedro Cavaco Cancelo,1,14,4,From Throw In,117.5,20.6,19.56041921841145,1.4426366581524586,False,Right Foot,Normal,Open Play,False,False,False,5,9,119.3,36.0,119.4,36.0,Saved,0.010523141
66fae858-87ec-47a1-b945-f4b5f914a55f,3857262,106,791,South Korea,3083,Heung-Min Son,1,15,21,From Free Kick,108.5,21.6,21.698156603730187,1.0121970114513341,False,Right Foot,Normal,Open Play,False,False,False,6,10,118.6,36.9,109.4,23.2,Blocked,0.011031977
959fabc4-2b98-4a57-a9c1-1999400662dd,3857262,106,791,South Korea,40542,Gue-Sung Cho,1,16,9,From Corner,111.1,32.0,11.967038062946074,0.7321939838539571,False,Head,Normal,Open Play,False,False,False,7,11,118.7,37.7,118.7,38.6,Saved,0.040536147
e696a77e-52b1-4f33-a5f3-476bbfcf4b57,3857262,106,791,South Korea,5604,Young-Gwon Kim,1,26,43,From Corner,116.7,38.0,3.858756276314945,0.5448639154515441,False,Left Foot,Half Volley,Open Play,True,False,False,6,11,118.7,38.2,120.0,42.0,Goal,0.6242964
a7111ecc-4b6f-4e37-a38a-9974da4ce82c,3857262,106,791,South Korea,23763,In-Beom Hwang,1,30,18,From Free Kick,98.2,31.4,23.43501653509124,0.3757520547726106,False,Left Foot,Normal,Open Play,True,False,False,6,10,118.7,38.4,99.7,31.9,Blocked,0.020656463
803986f1-d638-4db9-9f0b-53d248a35855,3857262,106,780,Portugal,16028,José Diogo Dalot Teixeira,1,33,57,Regular Play,92.8,40.0,27.200000000000003,0.0,False,Left Foot,Normal,Open Play,False,False,False,3,7,116.0,40.1,115.7,38.0,Saved,0.036435805
9751faee-145f-490c-8ab7-beb789c269b9,3857262,106,780,Portugal,34639,Vitor Machado Ferreira,1,34,33,From Corner,91.6,45.7,28.966359798911572,-0.19807260781684224,False,Right Foot,Half Volley,Open Play,True,False,False,7,11,118.8,41.6,118.7,41.6,Saved,0.017112639
1ef77461-adfd-4234-9c01-ca847ee4c0ec,3857262,106,780,Portugal,5207,Cristiano Ronaldo dos Santos Aveiro,1,36,40,From Free Kick,110.6,56.3,18.816216410320116,-1.0476950584854332,False,Right Foot,Normal,Open Play,True,False,False,4,8,118.8,43.8,112.4,52.9,Blocked,0.022429451
a121c896-21e3-4dff-97f9-95d7eaa71e53,3857262,106,791,South Korea,3083,Heung-Min Son,1,39,55,From Throw In,94.6,44.2,25.744902408049644,-0.16387153890082656,False,Left Foot,Half Volley,Open Play,False,False,False,5,10,118.7,39.9,118.7,39.4,Saved,0.024709688
e64e7b91-e80f-4a74-a5a8-f43d4623bf01,3857262,106,780,Portugal,40874,Matheus Luiz Nunes,1,40,32,From Keeper,92.6,58.9,33.28618331981004,-0.6038346139703149,False,Right Foot,Normal,Open Play,False,False,False,7,11,118.7,41.3,120.0,39.8,Off T,0.007849269
99afe7c0-0758-48dd-abec-27ff13f6fa09,3857262,106,780,Portugal,34639,Vitor Machado Ferreira,1,41,37,From Throw In,97.8,46.9,23.24758051927125,-0.301345223710104,False,Right Foot,Normal,Open Play,False,False,False,5,10,118.8,41.3,118.7,40.1,Saved,0.03675865
7b4ba0ff-cda2-4f7f-aa46-f96df462c5a7,3857262,106,780,Portugal,5207,Cristiano Ronaldo dos Santos Aveiro,1,41,39,From Throw In,112.7,35.0,8.848163651289456,0.6005411313790078,False,Head,Diving Header,Open Play,False,False,False,2,7,118.2,38.5,120.0,30.2,Off T,0.28873095
9b6dd32d-4993-4f70-8aa8-8c57f1c0742b,3857262,106,780,Portugal,10868,Ricardo Jorge Luz Horta,1,43,40,Regular Play,104.3,43.4,16.063934760823702,-0.21326724284167067,False,Left Foot,Normal,Open Play,False,False,False,5,10,119.0,41.7,119.0,42.3,Saved,0.11468789
835c9bb6-2765-4917-9c82-42ba306613b1,3857262,106,780,Portugal,10868,Ricardo Jorge Luz Horta,1,46,15,From Goal Kick,101.8,45.2,18.92828571212935,-0.27829965900511144,False,Right Foot,Normal,Open Play,False,False,False,4,8,119.0,41.4,104.3,44.5,Blocked,0.052517958
13d00263-c09d-4690-a00f-3abc46a2caff,3857262,106,791,South Korea,3083,Heung-Min Son,2,55,33,Regular Play,104.5,54.7,21.362116000059547,-0.7589142907997178,False,Right Foot,Normal,Open Play,True,False,False,1,6,118.2,44.2,105.5,53.6,Blocked,0.023785131
8522f823-2221-49d3-943e-76c43bd466d5,3857262,106,791,South Korea,5623,Jae-Sung Lee,2,56,13,From Corner,97.9,50.9,24.64183434730458,-0.4582030167025192,False,Left Foot,Volley,Open Play,True,False,False,8,11,119.1,41.4,120.0,51.4,Off T,0.021393217
ae0ccb3a-9cd2-4a1f-a8df-04956bbeefc2,3857262,106,791,South Korea,3083,Heung-Min Son,2,65,35,From Goal Kick,98.1,47.1,23.022163234587673,-0.3135089827587593,False,Left Foot,Normal,Open Play,False,False,False,4,10,118.8,41.7,118.8,42.4,Saved,0.039930075
4c77dbd8-b88d-4091-b74e-a2ee33802cf9,3857262,106,791,South Korea,23763,In-Beom Hwang,2,66,30,Regular Play,98.4,35.1,22.148814866714645,0.22307636101791833,False,Left Foot,Normal,Open Play,False,False,False,5,8,116.8,39.5,116.6,39.6,Saved,0.100738145
cb2ec7b6-f389-4d4e-afd4-cb5ecd549b25,3857262,106,791,South Korea,3083,Heung-Min Son,2,69,50,From Free Kick,111.1,52.8,15.590060936378665,-0.9632232684058738,False,Right Foot,Volley,Open Play,True,False,False,3,8,119.1,43.2,113.5,49.9,Blocked,0.04621987
19f23228-398a-4bcf-969f-7b919096e37b,3857262,106,780,Portugal,18360,Rafael Alexandre Conceição Leão,2,71,22,From Counter,94.1,55.0,29.930085198675936,-0.5249479554870088,False,Right Foot,Normal,Open Play,False,False,False,2,8,117.9,41.8,120.0,30.5,Off T,0.029762346
95738212-ae01-4d5e-a8b8-9cf4a643e477,3857262,106,791,South Korea,22740,Kang-In Lee,2,73,25,From Free Kick,88.0,49.4,33.35206140555633,-0.2857130322547712,False,Left Foot,Normal,Free Kick,False,False,False,5,11,119.3,40.2,120.0,44.7,Off T,0.023724081
c5b9e95f-da7a-4d83-a43a-82e211f8cb5a,3857262,106,780,Portugal,12169,João Maria Lobo Alves Palhinha Gonçalves,2,80,14,From Throw In,88.8,40.2,31.200641019056004,-0.006410168610311685,False,Right Foot,Normal,Open Play,False,False,False,7,9,118.7,39.4,104.4,38.8,Blocked,0.021024177
5d1201c7-4609-40e0-a484-1c939e9b7a9c,3857262,106,780,Portugal,7005,João Pedro Cavaco Cancelo,2,89,41,From Throw In,112.1,25.0,16.953170794869028,1.0860436724900593,False,Left Foot,Normal,Open Play,False,False,False,6,10,118.9,36.1,112.8,26.4,Blocked,0.04430043
9ec02244-15d4-4d47-9f4a-efabc72118a2,3857262,106,791,South Korea,5620,Hee-Chan Hwang,2,90,28,From Counter,108.3,44.6,12.571793825862724,-0.37459802636630835,False,Right Foot,Normal,Open Play,True,False,False,3,9,115.2,42.0,120.0,38.6,Goal,0.42196128
